"species","term","edf","f_stat","p_value","category","is_vegetation","rank","timestamp"
"Australian Magpie","s(log1p(effort_distance_km))",2.12661706167585,111.068100783346,0,"other",FALSE,1,"2026-06-03 10:55:10"
"Australian Magpie","s(lc_trees)",8.54989351039159,97.9273934873972,0,"landscape",FALSE,2,"2026-06-03 10:55:10"
"Australian Magpie","s(LA_cwm)",2.85699310593258,49.8796933570008,0,"vegetation",TRUE,3,"2026-06-03 10:55:10"
"Australian Magpie","s(observer_expertise)",3.38307823294501,39.8725596725577,0,"effort",FALSE,4,"2026-06-03 10:55:10"
"Australian Magpie","s(log(duration_minutes))",1.563957262195,36.7546485298492,0,"other",FALSE,5,"2026-06-03 10:55:10"
"Australian Magpie","s(FEve)",1.97375565208947,34.9112225276391,0,"vegetation",TRUE,6,"2026-06-03 10:55:10"
"Australian Magpie","s(log1p(nightlights))",8.02868809591599,32.5857585361998,0,"other",FALSE,7,"2026-06-03 10:55:10"
"Australian Magpie","s(time_observations_started)",7.1019412302314,29.7072125539713,0,"effort",FALSE,8,"2026-06-03 10:55:10"
"Australian Magpie","s(gini_simpson)",2.92030216493557,28.6582216912293,0,"vegetation",TRUE,9,"2026-06-03 10:55:10"
"Australian Magpie","s(prop_canopy)",1.93218964838552,23.4842416414798,0,"vegetation",TRUE,10,"2026-06-03 10:55:10"
"Australian Magpie","s(log(precip_annual))",6.73814731396913,19.48126464757,0,"other",FALSE,11,"2026-06-03 10:55:10"
"Australian Magpie","s(pielou_evenness)",2.69639869950621,16.8546506463962,0,"vegetation",TRUE,12,"2026-06-03 10:55:10"
"Australian Magpie","s(height_cwm)",1.96077516895599,12.7109764237133,0,"vegetation",TRUE,13,"2026-06-03 10:55:10"
"Australian Magpie","s(water_occ)",7.20352042240884,10.9349904177135,0,"landscape",FALSE,14,"2026-06-03 10:55:10"
"Australian Magpie","s(sp_richness)",1.84960492953294,9.17798370839899,0,"vegetation",TRUE,15,"2026-06-03 10:55:10"
"Australian Magpie","s(cover)",1.62506998579106,8.00359622342146,1.14717513510776e-06,"vegetation",TRUE,16,"2026-06-03 10:55:10"
"Australian Magpie","s(day_of_year)",5.33794056204114,6.15768198149931,0,"effort",FALSE,17,"2026-06-03 10:55:10"
"Australian Magpie","s(temp_annual)",4.67341635646835,5.9230233437882,0,"landscape",FALSE,18,"2026-06-03 10:55:10"
"Australian Magpie","s(wooddensity_cwm)",1.73612725776951,5.02109681983384,0.000125857049706024,"vegetation",TRUE,19,"2026-06-03 10:55:10"
"Australian Magpie","s(FDiv)",0.932738329829826,4.61206760404565,8.6993077651254e-05,"vegetation",TRUE,20,"2026-06-03 10:55:10"
"Australian Magpie","s(FRic)",1.45487824202753,2.11793057309539,0.0112662441483962,"vegetation",TRUE,21,"2026-06-03 10:55:10"
"Australian Magpie","s(elevation)",2.19257051101874,1.06343869680438,0.00311265893624579,"landscape",FALSE,22,"2026-06-03 10:55:10"
"Australian Magpie","s(number_observers)",0.000776204529151678,0.000321762774445753,0.267611894882553,"effort",FALSE,23,"2026-06-03 10:55:10"
"Australian Magpie","s(mean_fhd)",0.000441478528768744,6.95127589019073e-05,0.469096532113759,"vegetation",TRUE,24,"2026-06-03 10:55:10"
"Australian Magpie","protocol_type",1,2.97481834866895e-11,0.999995648245976,"effort",FALSE,25,"2026-06-03 10:55:10"
"Rainbow Lorikeet","s(observer_expertise)",3.15010314448531,99.9907796141266,0,"effort",FALSE,1,"2026-06-03 10:57:13"
"Rainbow Lorikeet","s(time_observations_started)",7.68113993666937,71.437639834816,0,"effort",FALSE,2,"2026-06-03 10:57:13"
"Rainbow Lorikeet","s(height_cwm)",2.97875126583015,64.2180513685976,0,"vegetation",TRUE,3,"2026-06-03 10:57:13"
"Rainbow Lorikeet","s(log(duration_minutes))",2.23842530724777,64.1348971543481,0,"other",FALSE,4,"2026-06-03 10:57:13"
"Rainbow Lorikeet","s(log1p(nightlights))",8.36225181622769,51.5484392780234,0,"other",FALSE,5,"2026-06-03 10:57:13"
"Rainbow Lorikeet","s(day_of_year)",6.11480971227751,44.0745492108881,0,"effort",FALSE,6,"2026-06-03 10:57:13"
"Rainbow Lorikeet","s(log(precip_annual))",6.10365460797643,23.0809554530396,0,"other",FALSE,7,"2026-06-03 10:57:13"
"Rainbow Lorikeet","s(lc_trees)",8.02722942565777,22.9103321959437,0,"landscape",FALSE,8,"2026-06-03 10:57:13"
"Rainbow Lorikeet","s(gini_simpson)",1.9500894476197,22.597411967189,0,"vegetation",TRUE,9,"2026-06-03 10:57:13"
"Rainbow Lorikeet","s(FRic)",1.96216340199761,21.4523150032646,0,"vegetation",TRUE,10,"2026-06-03 10:57:13"
"Rainbow Lorikeet","s(FEve)",2.71059710093152,18.971968489977,0,"vegetation",TRUE,11,"2026-06-03 10:57:13"
"Rainbow Lorikeet","s(mean_fhd)",2.92388487481198,18.7300455362309,0,"vegetation",TRUE,12,"2026-06-03 10:57:13"
"Rainbow Lorikeet","s(cover)",2.87202519207108,16.1457143140502,0,"vegetation",TRUE,13,"2026-06-03 10:57:13"
"Rainbow Lorikeet","s(temp_annual)",6.21365454864431,15.0694760511377,0,"landscape",FALSE,14,"2026-06-03 10:57:13"
"Rainbow Lorikeet","s(elevation)",6.07766155395732,15.0195827404659,0,"landscape",FALSE,15,"2026-06-03 10:57:13"
"Rainbow Lorikeet","s(prop_canopy)",1.92127222047393,11.1079399065636,0,"vegetation",TRUE,16,"2026-06-03 10:57:13"
"Rainbow Lorikeet","s(water_occ)",6.8730999168364,8.98241886194123,0,"landscape",FALSE,17,"2026-06-03 10:57:13"
"Rainbow Lorikeet","s(FDiv)",0.958296178232361,7.62361053622449,9.77028278836833e-07,"vegetation",TRUE,18,"2026-06-03 10:57:13"
"Rainbow Lorikeet","s(log1p(effort_distance_km))",0.951075135200228,6.43527990273604,6.16914520024103e-06,"other",FALSE,19,"2026-06-03 10:57:13"
"Rainbow Lorikeet","s(number_observers)",1.19511914496154,4.3331653495519,0.000205732298686145,"effort",FALSE,20,"2026-06-03 10:57:13"
"Rainbow Lorikeet","s(pielou_evenness)",0.888264220942136,2.64745652544895,0.00203407143381806,"vegetation",TRUE,21,"2026-06-03 10:57:13"
"Rainbow Lorikeet","s(sp_richness)",0.875803157199773,0.616938232427228,0.107318746010489,"vegetation",TRUE,22,"2026-06-03 10:57:13"
"Rainbow Lorikeet","s(wooddensity_cwm)",0.954056766911476,0.528515036042938,0.170894901467271,"vegetation",TRUE,23,"2026-06-03 10:57:13"
"Rainbow Lorikeet","s(LA_cwm)",0.000287470956420754,1.52228724730024e-05,0.806080123248609,"vegetation",TRUE,24,"2026-06-03 10:57:13"
"Rainbow Lorikeet","protocol_type",2,3.00244230225694e-13,0.9999999999997,"effort",FALSE,25,"2026-06-03 10:57:13"
"Magpie-lark","s(lc_trees)",8.1966332501885,94.6139649866978,0,"landscape",FALSE,1,"2026-06-03 10:58:50"
"Magpie-lark","s(log(duration_minutes))",0.995687130049156,75.1981844947244,0,"other",FALSE,2,"2026-06-03 10:58:50"
"Magpie-lark","s(observer_expertise)",3.41752737985026,56.2637824611525,0,"effort",FALSE,3,"2026-06-03 10:58:50"
"Magpie-lark","s(LA_cwm)",2.97756538955441,53.4764909316589,0,"vegetation",TRUE,4,"2026-06-03 10:58:50"
"Magpie-lark","s(mean_fhd)",1.98304968635631,40.5256902467704,0,"vegetation",TRUE,5,"2026-06-03 10:58:50"
"Magpie-lark","s(prop_canopy)",2.86241875245258,37.4892302155551,0,"vegetation",TRUE,6,"2026-06-03 10:58:50"
"Magpie-lark","s(log1p(nightlights))",8.46825616126001,33.6269182032603,0,"other",FALSE,7,"2026-06-03 10:58:50"
"Magpie-lark","s(temp_annual)",7.68423089595308,31.988697487584,0,"landscape",FALSE,8,"2026-06-03 10:58:50"
"Magpie-lark","s(log(precip_annual))",7.33430410000129,31.9460349807141,0,"other",FALSE,9,"2026-06-03 10:58:50"
"Magpie-lark","s(height_cwm)",2.9559055720734,27.7652037221071,0,"vegetation",TRUE,10,"2026-06-03 10:58:50"
"Magpie-lark","s(time_observations_started)",6.70247197482896,23.964989252182,0,"effort",FALSE,11,"2026-06-03 10:58:50"
"Magpie-lark","s(wooddensity_cwm)",1.94104996332878,21.6718833397849,0,"vegetation",TRUE,12,"2026-06-03 10:58:50"
"Magpie-lark","s(water_occ)",7.36814494230527,15.3068670662117,0,"landscape",FALSE,13,"2026-06-03 10:58:50"
"Magpie-lark","s(elevation)",7.17300305739158,15.2818546398329,0,"landscape",FALSE,14,"2026-06-03 10:58:50"
"Magpie-lark","s(FDiv)",2.80342360320572,11.3162915828639,0,"vegetation",TRUE,15,"2026-06-03 10:58:50"
"Magpie-lark","s(log1p(effort_distance_km))",1.85482577533989,10.8898180982906,0,"other",FALSE,16,"2026-06-03 10:58:50"
"Magpie-lark","s(sp_richness)",1.68148273866516,5.66787598415338,1.71024540951414e-05,"vegetation",TRUE,17,"2026-06-03 10:58:50"
"Magpie-lark","s(pielou_evenness)",0.938082278957564,5.03459562784961,1.04293312683801e-05,"vegetation",TRUE,18,"2026-06-03 10:58:50"
"Magpie-lark","s(cover)",1.4597181654135,1.40209408032518,0.0522527566862784,"vegetation",TRUE,19,"2026-06-03 10:58:50"
"Magpie-lark","s(gini_simpson)",1.18096331377908,0.950490997636914,0.0694227828946103,"vegetation",TRUE,20,"2026-06-03 10:58:50"
"Magpie-lark","s(day_of_year)",3.13175550314506,0.931191441062111,0.0431727598713717,"effort",FALSE,21,"2026-06-03 10:58:50"
"Magpie-lark","s(number_observers)",0.532466779167353,0.37950775185481,0.142887259539296,"effort",FALSE,22,"2026-06-03 10:58:50"
"Magpie-lark","s(FEve)",0.00037147600679195,5.48690068255231e-05,0.540333617022724,"vegetation",TRUE,23,"2026-06-03 10:58:50"
"Magpie-lark","s(FRic)",0.000283235330229042,1.35114712497404e-05,0.801172481351479,"vegetation",TRUE,24,"2026-06-03 10:58:50"
"Magpie-lark","protocol_type",1,1.08985915009891e-11,0.999997365978318,"effort",FALSE,25,"2026-06-03 10:58:50"
"Noisy Miner","s(log1p(nightlights))",8.48335127998044,60.5761769025239,0,"other",FALSE,1,"2026-06-03 11:00:36"
"Noisy Miner","s(mean_fhd)",2.9700541565589,50.529005664432,0,"vegetation",TRUE,2,"2026-06-03 11:00:36"
"Noisy Miner","s(temp_annual)",7.91583483486321,47.605135612728,0,"landscape",FALSE,3,"2026-06-03 11:00:36"
"Noisy Miner","s(lc_trees)",8.20839948596542,38.6390917359515,0,"landscape",FALSE,4,"2026-06-03 11:00:36"
"Noisy Miner","s(log1p(effort_distance_km))",1.91400830042157,36.7916577595562,0,"other",FALSE,5,"2026-06-03 11:00:36"
"Noisy Miner","s(elevation)",7.19382895876149,31.9783864197993,0,"landscape",FALSE,6,"2026-06-03 11:00:36"
"Noisy Miner","s(sp_richness)",2.76358492665562,27.9356803389516,0,"vegetation",TRUE,7,"2026-06-03 11:00:36"
"Noisy Miner","s(FEve)",2.70350209587137,24.1508677727543,0,"vegetation",TRUE,8,"2026-06-03 11:00:36"
"Noisy Miner","s(gini_simpson)",2.90690118080032,23.4705976000349,0,"vegetation",TRUE,9,"2026-06-03 11:00:36"
"Noisy Miner","s(wooddensity_cwm)",2.7170439939813,22.2245895393,0,"vegetation",TRUE,10,"2026-06-03 11:00:36"
"Noisy Miner","s(log(duration_minutes))",2.67607297720172,21.7044498514831,0,"other",FALSE,11,"2026-06-03 11:00:36"
"Noisy Miner","s(water_occ)",7.31012910861058,21.0659285385014,0,"landscape",FALSE,12,"2026-06-03 11:00:36"
"Noisy Miner","s(observer_expertise)",3.56633386862265,20.1276371004188,0,"effort",FALSE,13,"2026-06-03 11:00:36"
"Noisy Miner","s(time_observations_started)",7.26870831220328,17.7896766794355,0,"effort",FALSE,14,"2026-06-03 11:00:36"
"Noisy Miner","s(log(precip_annual))",5.96596487477393,16.5459583636988,0,"other",FALSE,15,"2026-06-03 11:00:36"
"Noisy Miner","s(height_cwm)",1.94302701903949,15.9071882061815,0,"vegetation",TRUE,16,"2026-06-03 11:00:36"
"Noisy Miner","s(cover)",1.90414034920977,15.8992151627954,0,"vegetation",TRUE,17,"2026-06-03 11:00:36"
"Noisy Miner","s(FRic)",1.94262678311913,15.5394379184331,0,"vegetation",TRUE,18,"2026-06-03 11:00:36"
"Noisy Miner","s(pielou_evenness)",1.87836171653014,10.9068445874303,0,"vegetation",TRUE,19,"2026-06-03 11:00:36"
"Noisy Miner","s(FDiv)",2.69544007959053,9.77164694883112,1.53253046919488e-07,"vegetation",TRUE,20,"2026-06-03 11:00:36"
"Noisy Miner","s(LA_cwm)",2.51488522946662,9.58250056755164,8.88936868559398e-08,"vegetation",TRUE,21,"2026-06-03 11:00:36"
"Noisy Miner","s(prop_canopy)",1.98346214137835,9.12888147980264,5.52725084368433e-07,"vegetation",TRUE,22,"2026-06-03 11:00:36"
"Noisy Miner","s(day_of_year)",1.9965215826827,0.843084854544888,0.0173166576288133,"effort",FALSE,23,"2026-06-03 11:00:36"
"Noisy Miner","s(number_observers)",0.431796082651786,0.253146199545652,0.184178721786077,"effort",FALSE,24,"2026-06-03 11:00:36"
"Noisy Miner","protocol_type",1,3.61679191024184e-13,0.999999520160654,"effort",FALSE,25,"2026-06-03 11:00:36"
"Welcome Swallow","s(observer_expertise)",3.10724067979877,51.6876739749641,0,"effort",FALSE,1,"2026-06-03 11:03:02"
"Welcome Swallow","s(log(duration_minutes))",2.74005609094244,41.6125969905134,0,"other",FALSE,2,"2026-06-03 11:03:02"
"Welcome Swallow","s(lc_trees)",7.5216564532557,38.2007292148001,0,"landscape",FALSE,3,"2026-06-03 11:03:02"
"Welcome Swallow","s(height_cwm)",1.94185911245327,16.0912149183848,0,"vegetation",TRUE,4,"2026-06-03 11:03:02"
"Welcome Swallow","s(water_occ)",8.42732926308609,16.0313251249702,0,"landscape",FALSE,5,"2026-06-03 11:03:02"
"Welcome Swallow","s(wooddensity_cwm)",2.79300963138804,14.5105940751474,0,"vegetation",TRUE,6,"2026-06-03 11:03:02"
"Welcome Swallow","s(log1p(nightlights))",7.6837792612367,13.954348033414,0,"other",FALSE,7,"2026-06-03 11:03:02"
"Welcome Swallow","s(FDiv)",2.88286015643513,12.1392930382887,0,"vegetation",TRUE,8,"2026-06-03 11:03:02"
"Welcome Swallow","s(mean_fhd)",2.79195669726842,12.111067981227,0,"vegetation",TRUE,9,"2026-06-03 11:03:02"
"Welcome Swallow","s(elevation)",8.27697972878754,10.8641237293817,0,"landscape",FALSE,10,"2026-06-03 11:03:02"
"Welcome Swallow","s(prop_canopy)",1.87516042842825,10.21305345277,0,"vegetation",TRUE,11,"2026-06-03 11:03:02"
"Welcome Swallow","s(sp_richness)",2.84271520452701,10.0990760348773,1.57563125657845e-07,"vegetation",TRUE,12,"2026-06-03 11:03:02"
"Welcome Swallow","s(cover)",2.85373164228952,9.09735588359921,1.47491788271559e-06,"vegetation",TRUE,13,"2026-06-03 11:03:02"
"Welcome Swallow","s(log(precip_annual))",7.63426651349803,7.57536945639217,0,"other",FALSE,14,"2026-06-03 11:03:02"
"Welcome Swallow","s(log1p(effort_distance_km))",0.952525852798669,6.65926104326172,4.51655037680965e-06,"other",FALSE,15,"2026-06-03 11:03:02"
"Welcome Swallow","s(temp_annual)",6.49025562531097,6.55674667380545,0,"landscape",FALSE,16,"2026-06-03 11:03:02"
"Welcome Swallow","s(FEve)",0.917998105586642,3.720188776317,0.000429581205041218,"vegetation",TRUE,17,"2026-06-03 11:03:02"
"Welcome Swallow","s(day_of_year)",3.65994749156173,3.6107444119316,5.39469042104557e-07,"effort",FALSE,18,"2026-06-03 11:03:02"
"Welcome Swallow","s(LA_cwm)",1.63961010774379,2.86162796581877,0.00439425460114906,"vegetation",TRUE,19,"2026-06-03 11:03:02"
"Welcome Swallow","s(time_observations_started)",3.74924599945885,1.85102063778736,0.00176240109859305,"effort",FALSE,20,"2026-06-03 11:03:02"
"Welcome Swallow","s(gini_simpson)",0.840871678055494,1.75989193111824,0.0103980360765397,"vegetation",TRUE,21,"2026-06-03 11:03:02"
"Welcome Swallow","s(FRic)",0.000300835641805584,3.31032986019529e-05,0.627631921146374,"vegetation",TRUE,22,"2026-06-03 11:03:02"
"Welcome Swallow","s(number_observers)",0.000179706017822947,1.71464425867315e-05,0.677751482127736,"effort",FALSE,23,"2026-06-03 11:03:02"
"Welcome Swallow","s(pielou_evenness)",0.000179608933648237,4.79627106866549e-06,0.874167840327228,"vegetation",TRUE,24,"2026-06-03 11:03:02"
"Welcome Swallow","protocol_type",2,5.45192200499738e-13,0.999999999999455,"effort",FALSE,25,"2026-06-03 11:03:02"
"Australian Raven","s(observer_expertise)",0.99732860745602,89.945550439668,0,"effort",FALSE,1,"2026-06-03 11:04:54"
"Australian Raven","s(log(duration_minutes))",0.996462647567649,74.6533689420351,0,"other",FALSE,2,"2026-06-03 11:04:54"
"Australian Raven","s(log(precip_annual))",7.40344033714466,53.0057415653261,0,"other",FALSE,3,"2026-06-03 11:04:54"
"Australian Raven","s(log1p(nightlights))",8.12241453073708,41.481654103888,0,"other",FALSE,4,"2026-06-03 11:04:54"
"Australian Raven","s(log1p(effort_distance_km))",2.3086222154703,31.489991006047,0,"other",FALSE,5,"2026-06-03 11:04:54"
"Australian Raven","s(time_observations_started)",7.23296388459378,25.646340794974,0,"effort",FALSE,6,"2026-06-03 11:04:54"
"Australian Raven","s(water_occ)",7.47791410429976,24.5078573473654,0,"landscape",FALSE,7,"2026-06-03 11:04:54"
"Australian Raven","s(temp_annual)",6.80090471242248,23.8288229858674,0,"landscape",FALSE,8,"2026-06-03 11:04:54"
"Australian Raven","s(FRic)",0.979858832449506,16.1171813395062,0,"vegetation",TRUE,9,"2026-06-03 11:04:54"
"Australian Raven","s(cover)",0.97440718576785,12.6388919395845,0,"vegetation",TRUE,10,"2026-06-03 11:04:54"
"Australian Raven","s(elevation)",7.30136040731379,12.1631701564658,0,"landscape",FALSE,11,"2026-06-03 11:04:54"
"Australian Raven","s(prop_canopy)",2.79974488169956,10.9344227225907,0,"vegetation",TRUE,12,"2026-06-03 11:04:54"
"Australian Raven","s(gini_simpson)",1.86527986412426,7.0346917191936,8.80279265147443e-06,"vegetation",TRUE,13,"2026-06-03 11:04:54"
"Australian Raven","s(lc_trees)",6.81659113473358,6.26316431209952,0,"landscape",FALSE,14,"2026-06-03 11:04:54"
"Australian Raven","s(day_of_year)",5.80989858716887,5.90111215843496,0,"effort",FALSE,15,"2026-06-03 11:04:54"
"Australian Raven","s(FDiv)",1.63830185635072,5.66740035189015,2.25997839921055e-05,"vegetation",TRUE,16,"2026-06-03 11:04:54"
"Australian Raven","s(sp_richness)",0.932725747954225,4.60469927199651,7.68047552867079e-05,"vegetation",TRUE,17,"2026-06-03 11:04:54"
"Australian Raven","s(height_cwm)",1.5794994310733,3.12516973280818,0.00210514347403468,"vegetation",TRUE,18,"2026-06-03 11:04:54"
"Australian Raven","s(wooddensity_cwm)",0.00223153089811209,0.000651140811038719,0.358220242188027,"vegetation",TRUE,19,"2026-06-03 11:04:54"
"Australian Raven","s(pielou_evenness)",0.00163902154458197,0.000481670417972511,0.329024209636465,"vegetation",TRUE,20,"2026-06-03 11:04:54"
"Australian Raven","s(LA_cwm)",0.000697725024896385,0.000119687882957392,0.525448875360598,"vegetation",TRUE,21,"2026-06-03 11:04:54"
"Australian Raven","s(FEve)",0.000302973215599924,6.57675315405459e-05,0.434950022462612,"vegetation",TRUE,22,"2026-06-03 11:04:54"
"Australian Raven","s(number_observers)",0.000270975440959344,1.95332716306676e-05,0.767959735194797,"effort",FALSE,23,"2026-06-03 11:04:54"
"Australian Raven","s(mean_fhd)",0.00025208761456104,2.97107982324911e-06,0.904774323696224,"vegetation",TRUE,24,"2026-06-03 11:04:54"
"Australian Raven","protocol_type",1,4.743209863415e-12,0.999998262318,"effort",FALSE,25,"2026-06-03 11:04:54"
"Superb Fairywren","s(log(duration_minutes))",1.36093267876687,89.6394741319382,0,"other",FALSE,1,"2026-06-03 11:06:51"
"Superb Fairywren","s(observer_expertise)",1.66594991546925,81.2118192196207,0,"effort",FALSE,2,"2026-06-03 11:06:51"
"Superb Fairywren","s(log(precip_annual))",8.24421769361015,52.94307237735,0,"other",FALSE,3,"2026-06-03 11:06:51"
"Superb Fairywren","s(pielou_evenness)",2.9234869338543,45.943143961641,0,"vegetation",TRUE,4,"2026-06-03 11:06:51"
"Superb Fairywren","s(FDiv)",2.96359557862231,35.184406723031,0,"vegetation",TRUE,5,"2026-06-03 11:06:51"
"Superb Fairywren","s(FEve)",2.55280567972246,26.6431290216741,0,"vegetation",TRUE,6,"2026-06-03 11:06:51"
"Superb Fairywren","s(height_cwm)",1.90644048182558,23.3981221577701,0,"vegetation",TRUE,7,"2026-06-03 11:06:51"
"Superb Fairywren","s(log1p(nightlights))",8.64922686453453,23.3117874333384,0,"other",FALSE,8,"2026-06-03 11:06:51"
"Superb Fairywren","s(gini_simpson)",1.88782359817736,19.6869449122021,0,"vegetation",TRUE,9,"2026-06-03 11:06:51"
"Superb Fairywren","s(elevation)",8.24626626244091,19.2708033149323,0,"landscape",FALSE,10,"2026-06-03 11:06:51"
"Superb Fairywren","s(water_occ)",4.00821758366983,18.1975188710228,0,"landscape",FALSE,11,"2026-06-03 11:06:51"
"Superb Fairywren","s(LA_cwm)",2.90477754445971,13.4833189418474,0,"vegetation",TRUE,12,"2026-06-03 11:06:51"
"Superb Fairywren","s(lc_trees)",7.09093889094018,12.3905131833249,0,"landscape",FALSE,13,"2026-06-03 11:06:51"
"Superb Fairywren","s(log1p(effort_distance_km))",1.83472146537197,12.0380147413067,0,"other",FALSE,14,"2026-06-03 11:06:51"
"Superb Fairywren","s(time_observations_started)",6.95044808675017,11.9851896391214,0,"effort",FALSE,15,"2026-06-03 11:06:51"
"Superb Fairywren","s(cover)",1.91896878447799,11.6159394368141,0,"vegetation",TRUE,16,"2026-06-03 11:06:51"
"Superb Fairywren","s(temp_annual)",6.79456318541204,11.5748200493158,0,"landscape",FALSE,17,"2026-06-03 11:06:51"
"Superb Fairywren","s(sp_richness)",1.90837665867906,11.0641249792456,0,"vegetation",TRUE,18,"2026-06-03 11:06:51"
"Superb Fairywren","s(wooddensity_cwm)",2.11036402448582,9.89459429381341,0,"vegetation",TRUE,19,"2026-06-03 11:06:51"
"Superb Fairywren","s(prop_canopy)",2.78680132759032,5.50236116173951,0.000102765824182338,"vegetation",TRUE,20,"2026-06-03 11:06:51"
"Superb Fairywren","s(FRic)",1.82841636799931,4.62943670489423,0.000362252335528224,"vegetation",TRUE,21,"2026-06-03 11:06:51"
"Superb Fairywren","s(day_of_year)",4.68680084018419,2.88852677625651,7.51748922955819e-05,"effort",FALSE,22,"2026-06-03 11:06:51"
"Superb Fairywren","s(number_observers)",1.21619623248348,1.40457718144447,0.0328008312140058,"effort",FALSE,23,"2026-06-03 11:06:51"
"Superb Fairywren","s(mean_fhd)",0.893197244511978,0.994824303051412,0.0454889024096621,"vegetation",TRUE,24,"2026-06-03 11:06:51"
"Superb Fairywren","protocol_type",1,4.0641108685398e-13,0.999999491352578,"effort",FALSE,25,"2026-06-03 11:06:51"
"Willie-wagtail","s(log(duration_minutes))",1.6639788405446,100.007513345949,0,"other",FALSE,1,"2026-06-03 11:08:34"
"Willie-wagtail","s(temp_annual)",7.59094689891481,46.5086467533484,0,"landscape",FALSE,2,"2026-06-03 11:08:34"
"Willie-wagtail","s(lc_trees)",7.46087196481477,46.4602131201424,0,"landscape",FALSE,3,"2026-06-03 11:08:34"
"Willie-wagtail","s(observer_expertise)",1.72604465698752,40.149652085549,0,"effort",FALSE,4,"2026-06-03 11:08:34"
"Willie-wagtail","s(sp_richness)",2.96881818831946,37.8351330041271,0,"vegetation",TRUE,5,"2026-06-03 11:08:34"
"Willie-wagtail","s(log(precip_annual))",7.52135067692753,26.2920332905869,0,"other",FALSE,6,"2026-06-03 11:08:34"
"Willie-wagtail","s(LA_cwm)",2.93587965002285,21.3098380720386,0,"vegetation",TRUE,7,"2026-06-03 11:08:34"
"Willie-wagtail","s(FDiv)",1.95335214151343,20.8695554891806,0,"vegetation",TRUE,8,"2026-06-03 11:08:34"
"Willie-wagtail","s(elevation)",7.25702860995269,18.6975293383868,0,"landscape",FALSE,9,"2026-06-03 11:08:34"
"Willie-wagtail","s(water_occ)",7.68501524523295,18.0731948787661,0,"landscape",FALSE,10,"2026-06-03 11:08:34"
"Willie-wagtail","s(log1p(nightlights))",7.71005016882798,16.3354518240364,0,"other",FALSE,11,"2026-06-03 11:08:34"
"Willie-wagtail","s(pielou_evenness)",2.90480107486402,13.7836555102196,0,"vegetation",TRUE,12,"2026-06-03 11:08:34"
"Willie-wagtail","s(mean_fhd)",1.94149389068394,12.3358156240669,0,"vegetation",TRUE,13,"2026-06-03 11:08:34"
"Willie-wagtail","s(height_cwm)",2.81379643813146,10.1445465964079,7.43126824520601e-08,"vegetation",TRUE,14,"2026-06-03 11:08:34"
"Willie-wagtail","s(prop_canopy)",0.965052298813452,9.196048047882,0,"vegetation",TRUE,15,"2026-06-03 11:08:34"
"Willie-wagtail","s(cover)",1.64070642661298,4.40593067300673,0.000272334447382949,"vegetation",TRUE,16,"2026-06-03 11:08:34"
"Willie-wagtail","s(wooddensity_cwm)",2.25406799315375,4.09337556098296,0.00138473395639926,"vegetation",TRUE,17,"2026-06-03 11:08:34"
"Willie-wagtail","s(day_of_year)",4.54627885719253,4.07876281499511,3.55732360901584e-07,"effort",FALSE,18,"2026-06-03 11:08:34"
"Willie-wagtail","s(time_observations_started)",3.75696284072612,3.35007891086863,5.12866958790603e-06,"effort",FALSE,19,"2026-06-03 11:08:34"
"Willie-wagtail","s(FEve)",1.72316088471309,3.14331334251925,0.00365127379221908,"vegetation",TRUE,20,"2026-06-03 11:08:34"
"Willie-wagtail","s(log1p(effort_distance_km))",0.900879106367205,3.01225538227332,0.00141752448455645,"other",FALSE,21,"2026-06-03 11:08:34"
"Willie-wagtail","s(FRic)",1.43156101205309,1.56334058187534,0.0360608606216297,"vegetation",TRUE,22,"2026-06-03 11:08:34"
"Willie-wagtail","s(gini_simpson)",1.00684779652194,0.582049966119045,0.160316363781916,"vegetation",TRUE,23,"2026-06-03 11:08:34"
"Willie-wagtail","s(number_observers)",0.000304220728262773,3.25273081950572e-05,0.638876941272656,"effort",FALSE,24,"2026-06-03 11:08:34"
"Willie-wagtail","protocol_type",2,3.09614674412668e-13,0.99999999999969,"effort",FALSE,25,"2026-06-03 11:08:34"
"Laughing Kookaburra","s(log(duration_minutes))",0.997770328152655,142.201571839316,0,"other",FALSE,1,"2026-06-03 11:10:48"
"Laughing Kookaburra","s(observer_expertise)",0.994890294240073,47.3845837056912,0,"effort",FALSE,2,"2026-06-03 11:10:48"
"Laughing Kookaburra","s(pielou_evenness)",2.95854059626338,43.0552599768422,0,"vegetation",TRUE,3,"2026-06-03 11:10:48"
"Laughing Kookaburra","s(lc_trees)",6.5229319594101,30.4687185768742,0,"landscape",FALSE,4,"2026-06-03 11:10:48"
"Laughing Kookaburra","s(mean_fhd)",1.96365407897095,25.970034910043,0,"vegetation",TRUE,5,"2026-06-03 11:10:48"
"Laughing Kookaburra","s(log1p(nightlights))",7.03546261097865,22.9387910876926,0,"other",FALSE,6,"2026-06-03 11:10:48"
"Laughing Kookaburra","s(cover)",2.76546596035179,21.1641536109389,0,"vegetation",TRUE,7,"2026-06-03 11:10:48"
"Laughing Kookaburra","s(time_observations_started)",7.18454148481891,19.7665518265009,0,"effort",FALSE,8,"2026-06-03 11:10:48"
"Laughing Kookaburra","s(day_of_year)",6.58959007269611,18.4389537546017,0,"effort",FALSE,9,"2026-06-03 11:10:48"
"Laughing Kookaburra","s(sp_richness)",2.93550513770029,18.1449141257024,0,"vegetation",TRUE,10,"2026-06-03 11:10:48"
"Laughing Kookaburra","s(LA_cwm)",2.4466962496485,17.9654290006724,0,"vegetation",TRUE,11,"2026-06-03 11:10:48"
"Laughing Kookaburra","s(prop_canopy)",2.01722294757144,16.2817751531213,0,"vegetation",TRUE,12,"2026-06-03 11:10:48"
"Laughing Kookaburra","s(log(precip_annual))",6.7215335292672,14.8342297213615,0,"other",FALSE,13,"2026-06-03 11:10:48"
"Laughing Kookaburra","s(log1p(effort_distance_km))",1.0356401890989,10.9920204068294,0,"other",FALSE,14,"2026-06-03 11:10:48"
"Laughing Kookaburra","s(wooddensity_cwm)",1.89806611403393,9.4726470235602,8.77502301932509e-07,"vegetation",TRUE,15,"2026-06-03 11:10:48"
"Laughing Kookaburra","s(temp_annual)",5.67289934123738,8.86452596454501,0,"landscape",FALSE,16,"2026-06-03 11:10:48"
"Laughing Kookaburra","s(height_cwm)",2.43428744992874,7.56166097217949,2.9415872060401e-06,"vegetation",TRUE,17,"2026-06-03 11:10:48"
"Laughing Kookaburra","s(FDiv)",1.42095559359946,5.08571291099872,5.47194827077435e-05,"vegetation",TRUE,18,"2026-06-03 11:10:48"
"Laughing Kookaburra","s(elevation)",5.73134404857958,4.46785839533388,0,"landscape",FALSE,19,"2026-06-03 11:10:48"
"Laughing Kookaburra","s(FEve)",1.68167565871554,4.31503642125723,0.000311787418989629,"vegetation",TRUE,20,"2026-06-03 11:10:48"
"Laughing Kookaburra","s(water_occ)",4.92743112251901,2.69576286784063,4.45158270474533e-05,"landscape",FALSE,21,"2026-06-03 11:10:48"
"Laughing Kookaburra","s(gini_simpson)",1.59349222648789,2.3455623356368,0.00701460175984736,"vegetation",TRUE,22,"2026-06-03 11:10:48"
"Laughing Kookaburra","s(FRic)",0.528687941171713,0.37373150924116,0.136367510490263,"vegetation",TRUE,23,"2026-06-03 11:10:48"
"Laughing Kookaburra","s(number_observers)",0.000313499376722855,1.30611751166874e-05,0.850020278859054,"effort",FALSE,24,"2026-06-03 11:10:48"
"Laughing Kookaburra","protocol_type",1,7.53793321032034e-13,0.999999307275881,"effort",FALSE,25,"2026-06-03 11:10:48"
"Pied Currawong","s(log(duration_minutes))",2.42533320600146,145.638722093044,0,"other",FALSE,1,"2026-06-03 11:12:27"
"Pied Currawong","s(observer_expertise)",3.71403196442534,105.072859194904,0,"effort",FALSE,2,"2026-06-03 11:12:27"
"Pied Currawong","s(log1p(nightlights))",7.93597295541397,87.9829988405656,0,"other",FALSE,3,"2026-06-03 11:12:27"
"Pied Currawong","s(day_of_year)",7.10796903103159,44.5841677007881,0,"effort",FALSE,4,"2026-06-03 11:12:27"
"Pied Currawong","s(time_observations_started)",7.37504036663728,35.9572064773936,0,"effort",FALSE,5,"2026-06-03 11:12:27"
"Pied Currawong","s(FDiv)",2.28491977345867,26.7998406160222,0,"vegetation",TRUE,6,"2026-06-03 11:12:27"
"Pied Currawong","s(FEve)",2.69554119198795,26.6913152709533,0,"vegetation",TRUE,7,"2026-06-03 11:12:27"
"Pied Currawong","s(log(precip_annual))",7.33104262035769,26.5114125451311,0,"other",FALSE,8,"2026-06-03 11:12:27"
"Pied Currawong","s(gini_simpson)",2.78297896919183,22.6581949322002,0,"vegetation",TRUE,9,"2026-06-03 11:12:27"
"Pied Currawong","s(sp_richness)",2.92544132984324,21.2004880592084,0,"vegetation",TRUE,10,"2026-06-03 11:12:27"
"Pied Currawong","s(temp_annual)",8.16957206360025,19.0264935989469,0,"landscape",FALSE,11,"2026-06-03 11:12:27"
"Pied Currawong","s(elevation)",6.14543656937622,17.6433201896149,0,"landscape",FALSE,12,"2026-06-03 11:12:27"
"Pied Currawong","s(log1p(effort_distance_km))",1.94091297631616,16.9720846121718,0,"other",FALSE,13,"2026-06-03 11:12:27"
"Pied Currawong","s(pielou_evenness)",0.980580575333633,15.9289120149811,0,"vegetation",TRUE,14,"2026-06-03 11:12:27"
"Pied Currawong","s(height_cwm)",0.978765551706326,15.2647499843393,0,"vegetation",TRUE,15,"2026-06-03 11:12:27"
"Pied Currawong","s(water_occ)",5.53141090012033,13.1509799332993,0,"landscape",FALSE,16,"2026-06-03 11:12:27"
"Pied Currawong","s(wooddensity_cwm)",1.82597504687732,12.407866332537,0,"vegetation",TRUE,17,"2026-06-03 11:12:27"
"Pied Currawong","s(lc_trees)",6.8683511158961,9.1743361488046,0,"landscape",FALSE,18,"2026-06-03 11:12:27"
"Pied Currawong","s(LA_cwm)",1.65592734553884,3.65441518765778,0.000770514924107291,"vegetation",TRUE,19,"2026-06-03 11:12:27"
"Pied Currawong","s(number_observers)",1.4474447716716,2.61781621490057,0.00479651374541612,"effort",FALSE,20,"2026-06-03 11:12:27"
"Pied Currawong","s(prop_canopy)",1.42003481801287,2.37455938975179,0.00551396983356867,"vegetation",TRUE,21,"2026-06-03 11:12:27"
"Pied Currawong","s(cover)",1.3949082726737,1.40313344577451,0.0407084666657131,"vegetation",TRUE,22,"2026-06-03 11:12:27"
"Pied Currawong","s(FRic)",1.10590417574385,0.969463628008541,0.0655679663596744,"vegetation",TRUE,23,"2026-06-03 11:12:27"
"Pied Currawong","s(mean_fhd)",0.000314462061204707,4.13437063259146e-06,0.916670699566771,"vegetation",TRUE,24,"2026-06-03 11:12:27"
"Pied Currawong","protocol_type",1,8.35755378726029e-11,0.999992705866074,"effort",FALSE,25,"2026-06-03 11:12:27"
"Sulphur-crested Cockatoo","s(log1p(nightlights))",7.5647807032595,95.3851624123415,0,"other",FALSE,1,"2026-06-03 11:14:30"
"Sulphur-crested Cockatoo","s(log(duration_minutes))",1.96949555027479,68.4763077429801,0,"other",FALSE,2,"2026-06-03 11:14:30"
"Sulphur-crested Cockatoo","s(time_observations_started)",7.70499790854035,66.5210876004058,0,"effort",FALSE,3,"2026-06-03 11:14:30"
"Sulphur-crested Cockatoo","s(FEve)",2.90957160421679,63.8339353903712,0,"vegetation",TRUE,4,"2026-06-03 11:14:30"
"Sulphur-crested Cockatoo","s(wooddensity_cwm)",2.92229306793842,63.4038838818072,0,"vegetation",TRUE,5,"2026-06-03 11:14:30"
"Sulphur-crested Cockatoo","s(mean_fhd)",2.82963233720352,54.4861063609609,0,"vegetation",TRUE,6,"2026-06-03 11:14:30"
"Sulphur-crested Cockatoo","s(elevation)",7.63901960952122,46.1509443483436,0,"landscape",FALSE,7,"2026-06-03 11:14:30"
"Sulphur-crested Cockatoo","s(water_occ)",7.86079934302067,42.4951357556429,0,"landscape",FALSE,8,"2026-06-03 11:14:30"
"Sulphur-crested Cockatoo","s(sp_richness)",2.96254071461132,42.1549955937223,0,"vegetation",TRUE,9,"2026-06-03 11:14:30"
"Sulphur-crested Cockatoo","s(log(precip_annual))",7.81186767503508,42.0740765462416,0,"other",FALSE,10,"2026-06-03 11:14:30"
"Sulphur-crested Cockatoo","s(cover)",2.69888850507758,36.7129407519003,0,"vegetation",TRUE,11,"2026-06-03 11:14:30"
"Sulphur-crested Cockatoo","s(prop_canopy)",2.59780930339485,31.4495122862122,0,"vegetation",TRUE,12,"2026-06-03 11:14:30"
"Sulphur-crested Cockatoo","s(observer_expertise)",3.5543465362193,28.503003931777,0,"effort",FALSE,13,"2026-06-03 11:14:30"
"Sulphur-crested Cockatoo","s(temp_annual)",8.18474827711538,21.8777783075181,0,"landscape",FALSE,14,"2026-06-03 11:14:30"
"Sulphur-crested Cockatoo","s(FDiv)",2.93006984445423,20.0681208738627,0,"vegetation",TRUE,15,"2026-06-03 11:14:30"
"Sulphur-crested Cockatoo","s(gini_simpson)",2.88633183745156,18.5902409957924,0,"vegetation",TRUE,16,"2026-06-03 11:14:30"
"Sulphur-crested Cockatoo","s(lc_trees)",5.64956338825838,15.2252201037261,0,"landscape",FALSE,17,"2026-06-03 11:14:30"
"Sulphur-crested Cockatoo","s(pielou_evenness)",2.65703436150427,14.4315056641616,0,"vegetation",TRUE,18,"2026-06-03 11:14:30"
"Sulphur-crested Cockatoo","s(day_of_year)",4.48121258626197,14.1264211619408,0,"effort",FALSE,19,"2026-06-03 11:14:30"
"Sulphur-crested Cockatoo","s(FRic)",1.71793855803858,8.20599544816229,6.7041826223857e-07,"vegetation",TRUE,20,"2026-06-03 11:14:30"
"Sulphur-crested Cockatoo","s(log1p(effort_distance_km))",1.7382933676211,6.31256051670869,1.87714876017653e-05,"other",FALSE,21,"2026-06-03 11:14:30"
"Sulphur-crested Cockatoo","s(number_observers)",1.56979458824531,3.35458861133126,0.00177190218145395,"effort",FALSE,22,"2026-06-03 11:14:30"
"Sulphur-crested Cockatoo","s(LA_cwm)",0.864583870526443,2.12260251875032,0.00467178790410228,"vegetation",TRUE,23,"2026-06-03 11:14:30"
"Sulphur-crested Cockatoo","s(height_cwm)",0.583614975073537,0.466839723903421,0.112670643650699,"vegetation",TRUE,24,"2026-06-03 11:14:30"
"Sulphur-crested Cockatoo","protocol_type",1,5.57106590443042e-13,0.999999404470495,"effort",FALSE,25,"2026-06-03 11:14:30"
"Gray Fantail","s(log(duration_minutes))",2.10860875077428,216.06079182605,0,"other",FALSE,1,"2026-06-03 11:16:30"
"Gray Fantail","s(observer_expertise)",2.63692556962023,184.613044776835,0,"effort",FALSE,2,"2026-06-03 11:16:30"
"Gray Fantail","s(log1p(nightlights))",8.32203800337837,47.1768034108862,0,"other",FALSE,3,"2026-06-03 11:16:30"
"Gray Fantail","s(water_occ)",6.8729570451322,47.1659648341179,0,"landscape",FALSE,4,"2026-06-03 11:16:30"
"Gray Fantail","s(day_of_year)",7.3851023969105,26.2556887092374,0,"effort",FALSE,5,"2026-06-03 11:16:30"
"Gray Fantail","s(temp_annual)",6.57631419217399,25.6131689828616,0,"landscape",FALSE,6,"2026-06-03 11:16:30"
"Gray Fantail","s(log1p(effort_distance_km))",2.16983885298046,25.240059937248,0,"other",FALSE,7,"2026-06-03 11:16:30"
"Gray Fantail","s(LA_cwm)",2.90177534956366,24.6768215677345,0,"vegetation",TRUE,8,"2026-06-03 11:16:30"
"Gray Fantail","s(elevation)",7.64163873126822,17.8190810392674,0,"landscape",FALSE,9,"2026-06-03 11:16:30"
"Gray Fantail","s(FDiv)",2.81301219937655,17.7740201960819,0,"vegetation",TRUE,10,"2026-06-03 11:16:30"
"Gray Fantail","s(FEve)",2.00357329659846,16.5888523202487,0,"vegetation",TRUE,11,"2026-06-03 11:16:30"
"Gray Fantail","s(mean_fhd)",2.72615822557939,11.6143457790258,0,"vegetation",TRUE,12,"2026-06-03 11:16:30"
"Gray Fantail","s(log(precip_annual))",4.74175036102714,11.0680909488583,0,"other",FALSE,13,"2026-06-03 11:16:30"
"Gray Fantail","s(height_cwm)",2.70866960101941,10.3749369166786,0,"vegetation",TRUE,14,"2026-06-03 11:16:30"
"Gray Fantail","s(time_observations_started)",6.42700628495064,8.83435648819899,0,"effort",FALSE,15,"2026-06-03 11:16:30"
"Gray Fantail","s(FRic)",1.71861502752224,8.63949957363328,0,"vegetation",TRUE,16,"2026-06-03 11:16:30"
"Gray Fantail","s(wooddensity_cwm)",2.20552126117233,5.22002900479972,0.000196579069579372,"vegetation",TRUE,17,"2026-06-03 11:16:30"
"Gray Fantail","s(sp_richness)",1.65674256524599,4.1608801846073,0.000252562139457124,"vegetation",TRUE,18,"2026-06-03 11:16:30"
"Gray Fantail","s(pielou_evenness)",1.78813770210781,3.50530751784921,0.00117634876441564,"vegetation",TRUE,19,"2026-06-03 11:16:30"
"Gray Fantail","s(cover)",1.72373620249419,3.35907558921922,0.00237640885735058,"vegetation",TRUE,20,"2026-06-03 11:16:30"
"Gray Fantail","s(lc_trees)",0.618878875459251,0.18031520882333,0.0980081385933428,"landscape",FALSE,21,"2026-06-03 11:16:30"
"Gray Fantail","s(gini_simpson)",0.39405426228231,0.176695892550343,0.212996861594184,"vegetation",TRUE,22,"2026-06-03 11:16:30"
"Gray Fantail","s(number_observers)",0.000551525653788902,7.04771345137629e-05,0.619274009407904,"effort",FALSE,23,"2026-06-03 11:16:30"
"Gray Fantail","s(prop_canopy)",0.000240469371199725,5.43535194790575e-05,0.333476811939305,"vegetation",TRUE,24,"2026-06-03 11:16:30"
"Gray Fantail","protocol_type",1,3.12740210315667e-11,0.999995538036634,"effort",FALSE,25,"2026-06-03 11:16:30"
"Galah","s(lc_trees)",7.49870130439233,74.2856360375287,0,"landscape",FALSE,1,"2026-06-03 11:18:17"
"Galah","s(log(duration_minutes))",2.40042438054774,68.0418682232631,0,"other",FALSE,2,"2026-06-03 11:18:17"
"Galah","s(observer_expertise)",0.993846169784007,39.704500180073,0,"effort",FALSE,3,"2026-06-03 11:18:17"
"Galah","s(log(precip_annual))",7.65536986331168,34.369742011597,0,"other",FALSE,4,"2026-06-03 11:18:17"
"Galah","s(time_observations_started)",6.70704446753039,33.1975570688747,0,"effort",FALSE,5,"2026-06-03 11:18:17"
"Galah","s(LA_cwm)",2.90008138220836,18.5956008569038,0,"vegetation",TRUE,6,"2026-06-03 11:18:17"
"Galah","s(water_occ)",7.1833387394676,15.6740092182782,0,"landscape",FALSE,7,"2026-06-03 11:18:17"
"Galah","s(log1p(nightlights))",7.99942773699805,13.4008416449945,0,"other",FALSE,8,"2026-06-03 11:18:17"
"Galah","s(mean_fhd)",1.93133815408946,10.8314674976646,0,"vegetation",TRUE,9,"2026-06-03 11:18:17"
"Galah","s(temp_annual)",6.8359904238083,6.91115082236662,0,"landscape",FALSE,10,"2026-06-03 11:18:17"
"Galah","s(day_of_year)",3.47852318803392,6.01926624796104,0,"effort",FALSE,11,"2026-06-03 11:18:17"
"Galah","s(elevation)",4.03287769939631,5.42966432236901,0,"landscape",FALSE,12,"2026-06-03 11:18:17"
"Galah","s(log1p(effort_distance_km))",1.71732854109726,4.95835079503392,0.000171729638290374,"other",FALSE,13,"2026-06-03 11:18:17"
"Galah","s(gini_simpson)",2.62005729385577,4.90775636372833,0.000273273100352522,"vegetation",TRUE,14,"2026-06-03 11:18:17"
"Galah","s(FEve)",1.77425416920382,4.70770896302115,0.000221997309056032,"vegetation",TRUE,15,"2026-06-03 11:18:17"
"Galah","s(wooddensity_cwm)",1.73770206469287,4.38826186492431,0.000363121531735233,"vegetation",TRUE,16,"2026-06-03 11:18:17"
"Galah","s(pielou_evenness)",1.55150542245975,3.94007629632254,0.000280394327316635,"vegetation",TRUE,17,"2026-06-03 11:18:17"
"Galah","s(FRic)",1.79798386274279,3.74006199451173,0.0012392552314533,"vegetation",TRUE,18,"2026-06-03 11:18:17"
"Galah","s(FDiv)",2.65174239034008,3.3086937476463,0.00877121609619691,"vegetation",TRUE,19,"2026-06-03 11:18:17"
"Galah","s(prop_canopy)",0.850427484475001,1.89375803730121,0.00630992717028578,"vegetation",TRUE,20,"2026-06-03 11:18:17"
"Galah","s(number_observers)",1.28597029041192,1.36768705265074,0.0410491733302861,"effort",FALSE,21,"2026-06-03 11:18:17"
"Galah","s(sp_richness)",0.0005681801380018,9.61761337573436e-05,0.451617161157158,"vegetation",TRUE,22,"2026-06-03 11:18:17"
"Galah","s(cover)",0.000130695075850563,2.93567362188407e-06,0.922312577857685,"vegetation",TRUE,23,"2026-06-03 11:18:17"
"Galah","s(height_cwm)",0.000193826466156383,2.81713867688512e-06,0.956601933680628,"vegetation",TRUE,24,"2026-06-03 11:18:17"
"Galah","protocol_type",1,3.52356602078695e-13,0.999999526385054,"effort",FALSE,25,"2026-06-03 11:18:17"
"Gray Butcherbird","s(observer_expertise)",3.32128879883549,186.466432646318,0,"effort",FALSE,1,"2026-06-03 11:20:01"
"Gray Butcherbird","s(log(duration_minutes))",2.09808177655448,51.1180381685348,0,"other",FALSE,2,"2026-06-03 11:20:01"
"Gray Butcherbird","s(time_observations_started)",7.15862175435813,49.6323124418209,0,"effort",FALSE,3,"2026-06-03 11:20:01"
"Gray Butcherbird","s(gini_simpson)",2.96910825656987,41.6199354264272,0,"vegetation",TRUE,4,"2026-06-03 11:20:01"
"Gray Butcherbird","s(log1p(nightlights))",7.42597633233178,35.8436947805629,0,"other",FALSE,5,"2026-06-03 11:20:01"
"Gray Butcherbird","s(mean_fhd)",2.68426942821746,22.1700299299027,0,"vegetation",TRUE,6,"2026-06-03 11:20:01"
"Gray Butcherbird","s(lc_trees)",8.31916316483318,21.3237847215232,0,"landscape",FALSE,7,"2026-06-03 11:20:01"
"Gray Butcherbird","s(pielou_evenness)",1.91201861540963,20.9735581188127,0,"vegetation",TRUE,8,"2026-06-03 11:20:01"
"Gray Butcherbird","s(day_of_year)",5.88662809566147,15.9150206840501,0,"effort",FALSE,9,"2026-06-03 11:20:01"
"Gray Butcherbird","s(log1p(effort_distance_km))",1.92189038581917,14.7295358234093,0,"other",FALSE,10,"2026-06-03 11:20:01"
"Gray Butcherbird","s(height_cwm)",2.7017391873904,14.5316489723684,0,"vegetation",TRUE,11,"2026-06-03 11:20:01"
"Gray Butcherbird","s(FEve)",2.64909612318748,14.2162501903857,0,"vegetation",TRUE,12,"2026-06-03 11:20:01"
"Gray Butcherbird","s(sp_richness)",1.93189036601987,13.0625085492036,0,"vegetation",TRUE,13,"2026-06-03 11:20:01"
"Gray Butcherbird","s(cover)",2.30950939781498,9.13720029688765,1.1377110342714e-07,"vegetation",TRUE,14,"2026-06-03 11:20:01"
"Gray Butcherbird","s(FRic)",1.83063723683078,7.59448814826628,2.40060731748759e-06,"vegetation",TRUE,15,"2026-06-03 11:20:01"
"Gray Butcherbird","s(wooddensity_cwm)",2.7227788672585,6.12171360011476,0.000112678884474748,"vegetation",TRUE,16,"2026-06-03 11:20:01"
"Gray Butcherbird","s(LA_cwm)",1.69780225274441,6.01300366996961,1.47760755127013e-05,"vegetation",TRUE,17,"2026-06-03 11:20:01"
"Gray Butcherbird","s(log(precip_annual))",7.31557436628713,5.0481081075509,0,"other",FALSE,18,"2026-06-03 11:20:01"
"Gray Butcherbird","s(water_occ)",6.01857575243404,4.78855715344066,0,"landscape",FALSE,19,"2026-06-03 11:20:01"
"Gray Butcherbird","s(FDiv)",2.36908147310803,4.19424375350974,0.00143209033345748,"vegetation",TRUE,20,"2026-06-03 11:20:01"
"Gray Butcherbird","s(temp_annual)",6.29555621282481,3.9816336424045,1.43356278847762e-07,"landscape",FALSE,21,"2026-06-03 11:20:01"
"Gray Butcherbird","s(elevation)",5.30658821761623,3.12702135809511,6.86598511689951e-06,"landscape",FALSE,22,"2026-06-03 11:20:01"
"Gray Butcherbird","s(number_observers)",1.5707859734652,2.3306003200267,0.0110713849262125,"effort",FALSE,23,"2026-06-03 11:20:01"
"Gray Butcherbird","s(prop_canopy)",0.398010021291417,0.170960468071829,0.170491042123919,"vegetation",TRUE,24,"2026-06-03 11:20:01"
"Gray Butcherbird","protocol_type",1,3.25447592849297e-11,0.999995448288649,"effort",FALSE,25,"2026-06-03 11:20:01"
"Crested Pigeon","s(lc_trees)",6.95507055695861,43.9659533938297,0,"landscape",FALSE,1,"2026-06-03 11:21:41"
"Crested Pigeon","s(temp_annual)",6.81315118662095,25.8497565154682,0,"landscape",FALSE,2,"2026-06-03 11:21:41"
"Crested Pigeon","s(log1p(effort_distance_km))",0.986132877863149,23.4709036780561,0,"other",FALSE,3,"2026-06-03 11:21:41"
"Crested Pigeon","s(pielou_evenness)",2.67651909866103,19.8169034630265,0,"vegetation",TRUE,4,"2026-06-03 11:21:41"
"Crested Pigeon","s(FRic)",1.8317607760889,18.2489310338389,0,"vegetation",TRUE,5,"2026-06-03 11:21:41"
"Crested Pigeon","s(gini_simpson)",2.85852165354429,17.6610344052419,0,"vegetation",TRUE,6,"2026-06-03 11:21:41"
"Crested Pigeon","s(log1p(nightlights))",7.20998944005859,17.0389301829964,0,"other",FALSE,7,"2026-06-03 11:21:41"
"Crested Pigeon","s(LA_cwm)",2.71451533780034,16.4010807183465,0,"vegetation",TRUE,8,"2026-06-03 11:21:41"
"Crested Pigeon","s(time_observations_started)",5.61137213375683,16.3142049964326,0,"effort",FALSE,9,"2026-06-03 11:21:41"
"Crested Pigeon","s(observer_expertise)",2.81936938575561,12.8891067897964,0,"effort",FALSE,10,"2026-06-03 11:21:41"
"Crested Pigeon","s(log(duration_minutes))",1.31567822543405,10.3786960671126,0,"other",FALSE,11,"2026-06-03 11:21:41"
"Crested Pigeon","s(wooddensity_cwm)",2.78723118460838,9.58802001278751,7.28228278790155e-07,"vegetation",TRUE,12,"2026-06-03 11:21:41"
"Crested Pigeon","s(height_cwm)",2.15134944589894,9.48017919343364,4.50944613539228e-07,"vegetation",TRUE,13,"2026-06-03 11:21:41"
"Crested Pigeon","s(FDiv)",2.85407890872374,9.30932568551531,1.03306179144447e-06,"vegetation",TRUE,14,"2026-06-03 11:21:41"
"Crested Pigeon","s(water_occ)",7.31649375085767,7.97672995048495,0,"landscape",FALSE,15,"2026-06-03 11:21:41"
"Crested Pigeon","s(log(precip_annual))",4.02051337125318,6.24935280809572,0,"other",FALSE,16,"2026-06-03 11:21:41"
"Crested Pigeon","s(elevation)",2.12569166688619,2.65321859977414,3.11575170108824e-07,"landscape",FALSE,17,"2026-06-03 11:21:41"
"Crested Pigeon","s(prop_canopy)",0.883176455449069,2.51775725319352,3.24654651914225e-05,"vegetation",TRUE,18,"2026-06-03 11:21:41"
"Crested Pigeon","s(mean_fhd)",1.25967014699916,2.18031629227204,0.00421647380029633,"vegetation",TRUE,19,"2026-06-03 11:21:41"
"Crested Pigeon","s(cover)",1.51939338474445,1.71360369479741,0.028469803792326,"vegetation",TRUE,20,"2026-06-03 11:21:41"
"Crested Pigeon","s(day_of_year)",2.14181702467456,1.17081973788348,0.00413136784380796,"effort",FALSE,21,"2026-06-03 11:21:41"
"Crested Pigeon","s(FEve)",0.000601005312269758,0.00017527326426747,0.351031545510355,"vegetation",TRUE,22,"2026-06-03 11:21:41"
"Crested Pigeon","s(number_observers)",0.00025829763959267,3.98225960874612e-05,0.556917021331053,"effort",FALSE,23,"2026-06-03 11:21:41"
"Crested Pigeon","s(sp_richness)",0.000177714359736265,1.07640962800485e-05,0.804482105405983,"vegetation",TRUE,24,"2026-06-03 11:21:41"
"Crested Pigeon","protocol_type",1,3.58975333695088e-13,0.999999521957483,"effort",FALSE,25,"2026-06-03 11:21:41"
"Red Wattlebird","s(temp_annual)",6.84217381277518,92.9601538486629,0,"landscape",FALSE,1,"2026-06-03 11:23:15"
"Red Wattlebird","s(log(duration_minutes))",2.62771366147411,83.2265904399647,0,"other",FALSE,2,"2026-06-03 11:23:15"
"Red Wattlebird","s(observer_expertise)",1.35888064414329,71.7708769522485,0,"effort",FALSE,3,"2026-06-03 11:23:15"
"Red Wattlebird","s(day_of_year)",5.26316094183166,50.2736528700699,0,"effort",FALSE,4,"2026-06-03 11:23:15"
"Red Wattlebird","s(cover)",2.9134841148875,48.0416218056696,0,"vegetation",TRUE,5,"2026-06-03 11:23:15"
"Red Wattlebird","s(mean_fhd)",1.96062358925211,37.5527267471953,0,"vegetation",TRUE,6,"2026-06-03 11:23:15"
"Red Wattlebird","s(elevation)",6.24679638951423,30.3200173235783,0,"landscape",FALSE,7,"2026-06-03 11:23:15"
"Red Wattlebird","s(water_occ)",7.12140478084262,22.3653195037828,0,"landscape",FALSE,8,"2026-06-03 11:23:15"
"Red Wattlebird","s(time_observations_started)",6.90407412791734,21.2523616698388,0,"effort",FALSE,9,"2026-06-03 11:23:15"
"Red Wattlebird","s(log(precip_annual))",6.24874291278406,16.1004940652794,0,"other",FALSE,10,"2026-06-03 11:23:15"
"Red Wattlebird","s(prop_canopy)",2.60767451190931,15.0480203270203,0,"vegetation",TRUE,11,"2026-06-03 11:23:15"
"Red Wattlebird","s(log1p(nightlights))",6.87403663894242,12.6535116649968,0,"other",FALSE,12,"2026-06-03 11:23:15"
"Red Wattlebird","s(sp_richness)",1.83957836517829,9.41248226801167,0,"vegetation",TRUE,13,"2026-06-03 11:23:15"
"Red Wattlebird","s(FEve)",0.964136385168012,8.93401240051971,0,"vegetation",TRUE,14,"2026-06-03 11:23:15"
"Red Wattlebird","s(height_cwm)",0.964737947676309,8.22611236679719,0,"vegetation",TRUE,15,"2026-06-03 11:23:15"
"Red Wattlebird","s(FRic)",1.82442966363851,4.86610541870203,0.000193662269137085,"vegetation",TRUE,16,"2026-06-03 11:23:15"
"Red Wattlebird","s(LA_cwm)",1.59327195953433,3.99210849985587,0.000338696838763974,"vegetation",TRUE,17,"2026-06-03 11:23:15"
"Red Wattlebird","s(pielou_evenness)",1.87812249770238,3.44424506510991,0.00197736595050246,"vegetation",TRUE,18,"2026-06-03 11:23:15"
"Red Wattlebird","s(log1p(effort_distance_km))",1.37608366968179,1.76022089246929,0.0216355263931229,"other",FALSE,19,"2026-06-03 11:23:15"
"Red Wattlebird","s(wooddensity_cwm)",0.814711123975697,1.46235995982165,0.0161334179959047,"vegetation",TRUE,20,"2026-06-03 11:23:15"
"Red Wattlebird","s(FDiv)",0.414918212046423,0.236380430593311,0.179947311725117,"vegetation",TRUE,21,"2026-06-03 11:23:15"
"Red Wattlebird","s(number_observers)",0.000264881189933726,2.26149775539776e-05,0.7432707412221,"effort",FALSE,22,"2026-06-03 11:23:15"
"Red Wattlebird","s(gini_simpson)",0.000206066841446791,4.81907444479522e-06,0.918030722408571,"vegetation",TRUE,23,"2026-06-03 11:23:15"
"Red Wattlebird","s(lc_trees)",0.000202592269713015,2.53847653262416e-06,0.872304424106808,"landscape",FALSE,24,"2026-06-03 11:23:15"
"Red Wattlebird","protocol_type",1,2.53130718011665e-11,0.999995985729587,"effort",FALSE,25,"2026-06-03 11:23:15"
"Lewin's Honeyeater","s(observer_expertise)",3.22333176297953,186.805806395082,0,"effort",FALSE,1,"2026-06-03 11:24:57"
"Lewin's Honeyeater","s(log(duration_minutes))",1.3480314108845,153.793445846797,0,"other",FALSE,2,"2026-06-03 11:24:57"
"Lewin's Honeyeater","s(log1p(nightlights))",8.81802620497596,53.8298867337641,0,"other",FALSE,3,"2026-06-03 11:24:57"
"Lewin's Honeyeater","s(log(precip_annual))",5.85628684113901,53.5172605456961,0,"other",FALSE,4,"2026-06-03 11:24:57"
"Lewin's Honeyeater","s(lc_trees)",7.71479952658166,47.9533546100603,0,"landscape",FALSE,5,"2026-06-03 11:24:57"
"Lewin's Honeyeater","s(LA_cwm)",1.94585583412573,40.1042584896392,0,"vegetation",TRUE,6,"2026-06-03 11:24:57"
"Lewin's Honeyeater","s(water_occ)",8.80818967683633,34.5324857497112,0,"landscape",FALSE,7,"2026-06-03 11:24:57"
"Lewin's Honeyeater","s(temp_annual)",6.88814203821506,23.3300532723097,0,"landscape",FALSE,8,"2026-06-03 11:24:57"
"Lewin's Honeyeater","s(mean_fhd)",1.82729596122694,19.3566915933241,0,"vegetation",TRUE,9,"2026-06-03 11:24:57"
"Lewin's Honeyeater","s(FDiv)",2.28095589972464,18.3448514948279,0,"vegetation",TRUE,10,"2026-06-03 11:24:57"
"Lewin's Honeyeater","s(time_observations_started)",7.16131532475722,17.7845886352668,0,"effort",FALSE,11,"2026-06-03 11:24:57"
"Lewin's Honeyeater","s(day_of_year)",5.68401770509702,15.3567501702339,0,"effort",FALSE,12,"2026-06-03 11:24:57"
"Lewin's Honeyeater","s(pielou_evenness)",1.70941973748913,9.57445395375431,0,"vegetation",TRUE,13,"2026-06-03 11:24:57"
"Lewin's Honeyeater","s(wooddensity_cwm)",1.90243348695712,8.510655219884,1.37755762019687e-06,"vegetation",TRUE,14,"2026-06-03 11:24:57"
"Lewin's Honeyeater","s(gini_simpson)",1.81201488710643,8.41055672491365,1.02388048817126e-06,"vegetation",TRUE,15,"2026-06-03 11:24:57"
"Lewin's Honeyeater","s(cover)",1.88694469076439,7.89377876004227,2.42181703380417e-06,"vegetation",TRUE,16,"2026-06-03 11:24:57"
"Lewin's Honeyeater","s(elevation)",7.48512060628702,6.8174323052811,0,"landscape",FALSE,17,"2026-06-03 11:24:57"
"Lewin's Honeyeater","s(prop_canopy)",2.3041102066859,6.78322206390391,1.10434004636506e-05,"vegetation",TRUE,18,"2026-06-03 11:24:57"
"Lewin's Honeyeater","s(height_cwm)",1.40681091430936,2.44463237241107,0.0047017175814289,"vegetation",TRUE,19,"2026-06-03 11:24:57"
"Lewin's Honeyeater","s(number_observers)",1.2114798729935,1.52107048486907,0.0249846223694831,"effort",FALSE,20,"2026-06-03 11:24:57"
"Lewin's Honeyeater","s(log1p(effort_distance_km))",1.32004671259983,1.02016525431552,0.0954504044404103,"other",FALSE,21,"2026-06-03 11:24:57"
"Lewin's Honeyeater","s(FEve)",0.641755764260238,0.596943295400666,0.0910495132687301,"vegetation",TRUE,22,"2026-06-03 11:24:57"
"Lewin's Honeyeater","s(sp_richness)",0.0739819921066658,0.0257643382128935,0.300134621688592,"vegetation",TRUE,23,"2026-06-03 11:24:57"
"Lewin's Honeyeater","s(FRic)",0.000233778708763321,4.10906561808332e-06,0.907616381615185,"vegetation",TRUE,24,"2026-06-03 11:24:57"
"Lewin's Honeyeater","protocol_type",1,5.06927436639163e-13,0.999999431923174,"effort",FALSE,25,"2026-06-03 11:24:57"
"Eastern Yellow Robin","s(log(duration_minutes))",2.02615970879577,215.831235431522,0,"other",FALSE,1,"2026-06-03 11:27:02"
"Eastern Yellow Robin","s(observer_expertise)",1.01085071452157,157.897171911275,0,"effort",FALSE,2,"2026-06-03 11:27:02"
"Eastern Yellow Robin","s(log1p(nightlights))",8.94620599878725,53.5842588229863,0,"other",FALSE,3,"2026-06-03 11:27:02"
"Eastern Yellow Robin","s(lc_trees)",8.05886954819983,49.2346374297949,0,"landscape",FALSE,4,"2026-06-03 11:27:02"
"Eastern Yellow Robin","s(water_occ)",8.67263685722344,28.3185088030019,0,"landscape",FALSE,5,"2026-06-03 11:27:02"
"Eastern Yellow Robin","s(log(precip_annual))",7.2167002682044,25.5999024433504,0,"other",FALSE,6,"2026-06-03 11:27:02"
"Eastern Yellow Robin","s(FEve)",2.6805968767465,22.8515246559423,0,"vegetation",TRUE,7,"2026-06-03 11:27:02"
"Eastern Yellow Robin","s(temp_annual)",7.90970828776405,22.4129658536769,0,"landscape",FALSE,8,"2026-06-03 11:27:02"
"Eastern Yellow Robin","s(time_observations_started)",6.97129123192755,15.670362041215,0,"effort",FALSE,9,"2026-06-03 11:27:02"
"Eastern Yellow Robin","s(mean_fhd)",1.83029487534186,13.5283174409533,0,"vegetation",TRUE,10,"2026-06-03 11:27:02"
"Eastern Yellow Robin","s(log1p(effort_distance_km))",1.87172611437104,11.0690493591449,0,"other",FALSE,11,"2026-06-03 11:27:02"
"Eastern Yellow Robin","s(FDiv)",2.57305707833246,9.94686428895873,-2.57818582038993e-08,"vegetation",TRUE,12,"2026-06-03 11:27:02"
"Eastern Yellow Robin","s(elevation)",6.81180929260112,8.60573328037469,0,"landscape",FALSE,13,"2026-06-03 11:27:02"
"Eastern Yellow Robin","s(LA_cwm)",1.81185520789245,6.38047520039139,1.44382591611425e-05,"vegetation",TRUE,14,"2026-06-03 11:27:02"
"Eastern Yellow Robin","s(height_cwm)",0.949198867377366,6.2005259228576,2.14140791132689e-06,"vegetation",TRUE,15,"2026-06-03 11:27:02"
"Eastern Yellow Robin","s(wooddensity_cwm)",1.74344489026791,4.54562806058935,0.000295195020938666,"vegetation",TRUE,16,"2026-06-03 11:27:02"
"Eastern Yellow Robin","s(FRic)",1.67135287298669,4.43528771278031,0.000234022858898175,"vegetation",TRUE,17,"2026-06-03 11:27:02"
"Eastern Yellow Robin","s(prop_canopy)",1.53161232403165,3.99675890729722,0.00015920245019907,"vegetation",TRUE,18,"2026-06-03 11:27:02"
"Eastern Yellow Robin","s(cover)",1.47113745202972,1.83995877134038,0.0202890241385034,"vegetation",TRUE,19,"2026-06-03 11:27:02"
"Eastern Yellow Robin","s(gini_simpson)",0.869044671943763,0.608184599845395,0.109412720632295,"vegetation",TRUE,20,"2026-06-03 11:27:02"
"Eastern Yellow Robin","s(sp_richness)",0.0145499684903191,0.00480838868126593,0.314368601198615,"vegetation",TRUE,21,"2026-06-03 11:27:02"
"Eastern Yellow Robin","s(pielou_evenness)",0.000402038415903075,0.000104851780889204,0.334800462088193,"vegetation",TRUE,22,"2026-06-03 11:27:02"
"Eastern Yellow Robin","s(number_observers)",0.000281742247304353,2.81982965718862e-05,0.684319265018819,"effort",FALSE,23,"2026-06-03 11:27:02"
"Eastern Yellow Robin","s(day_of_year)",0.000274159109008804,1.33303492321408e-05,0.712204325384825,"effort",FALSE,24,"2026-06-03 11:27:02"
"Eastern Yellow Robin","protocol_type",2,3.51550731244774e-13,0.999999999999649,"effort",FALSE,25,"2026-06-03 11:27:02"
"Eastern Whipbird","s(observer_expertise)",3.05910716787885,105.888865243972,0,"effort",FALSE,1,"2026-06-03 11:29:40"
"Eastern Whipbird","s(log(duration_minutes))",2.21142592504327,94.8218375983934,0,"other",FALSE,2,"2026-06-03 11:29:40"
"Eastern Whipbird","s(time_observations_started)",7.47673119378186,59.3506391111655,0,"effort",FALSE,3,"2026-06-03 11:29:40"
"Eastern Whipbird","s(log(precip_annual))",5.62420577337755,53.3906849258419,0,"other",FALSE,4,"2026-06-03 11:29:40"
"Eastern Whipbird","s(day_of_year)",6.63903656149809,36.806364331768,0,"effort",FALSE,5,"2026-06-03 11:29:40"
"Eastern Whipbird","s(log1p(nightlights))",7.81108092202682,32.1051440120758,0,"other",FALSE,6,"2026-06-03 11:29:40"
"Eastern Whipbird","s(lc_trees)",7.50554021923866,29.8327789932733,0,"landscape",FALSE,7,"2026-06-03 11:29:40"
"Eastern Whipbird","s(cover)",1.95449911790077,20.0913956706636,0,"vegetation",TRUE,8,"2026-06-03 11:29:40"
"Eastern Whipbird","s(temp_annual)",7.17924388164379,17.7716532351072,0,"landscape",FALSE,9,"2026-06-03 11:29:40"
"Eastern Whipbird","s(FDiv)",2.8676862029638,17.1448758311893,0,"vegetation",TRUE,10,"2026-06-03 11:29:40"
"Eastern Whipbird","s(elevation)",7.04935985098008,14.613156913653,0,"landscape",FALSE,11,"2026-06-03 11:29:40"
"Eastern Whipbird","s(water_occ)",7.31745797825941,13.0657736270345,0,"landscape",FALSE,12,"2026-06-03 11:29:40"
"Eastern Whipbird","s(gini_simpson)",1.83902322151548,12.8813672713273,0,"vegetation",TRUE,13,"2026-06-03 11:29:40"
"Eastern Whipbird","s(log1p(effort_distance_km))",2.06164782798816,12.6721389083536,0,"other",FALSE,14,"2026-06-03 11:29:40"
"Eastern Whipbird","s(mean_fhd)",1.9270795205435,11.6525399343402,0,"vegetation",TRUE,15,"2026-06-03 11:29:40"
"Eastern Whipbird","s(prop_canopy)",0.964017904508423,8.87635359446602,0,"vegetation",TRUE,16,"2026-06-03 11:29:40"
"Eastern Whipbird","s(pielou_evenness)",1.62626686057546,5.86474096386151,9.58673773499008e-06,"vegetation",TRUE,17,"2026-06-03 11:29:40"
"Eastern Whipbird","s(LA_cwm)",0.946082603226139,5.82814680937261,5.64257598090201e-06,"vegetation",TRUE,18,"2026-06-03 11:29:40"
"Eastern Whipbird","s(FEve)",1.83950938037732,4.92808054347494,0.000232002088408678,"vegetation",TRUE,19,"2026-06-03 11:29:40"
"Eastern Whipbird","s(height_cwm)",1.93962624166775,3.11844085344107,0.00314100535523787,"vegetation",TRUE,20,"2026-06-03 11:29:40"
"Eastern Whipbird","s(number_observers)",0.863344565453848,2.09334479597025,0.00687898636444184,"effort",FALSE,21,"2026-06-03 11:29:40"
"Eastern Whipbird","s(FRic)",1.47840174232671,1.25396928617235,0.048972661140594,"vegetation",TRUE,22,"2026-06-03 11:29:40"
"Eastern Whipbird","s(wooddensity_cwm)",1.16243232700504,1.23235473364035,0.0381362185802786,"vegetation",TRUE,23,"2026-06-03 11:29:40"
"Eastern Whipbird","s(sp_richness)",0.695728358849916,0.417495712588165,0.128912169151677,"vegetation",TRUE,24,"2026-06-03 11:29:40"
"Eastern Whipbird","protocol_type",2,3.431528284133e-13,0.999999999999657,"effort",FALSE,25,"2026-06-03 11:29:40"
"Crimson Rosella","s(temp_annual)",7.43321620091976,134.442568089478,0,"landscape",FALSE,1,"2026-06-03 11:32:02"
"Crimson Rosella","s(log(duration_minutes))",0.997610677237938,132.710735710317,0,"other",FALSE,2,"2026-06-03 11:32:02"
"Crimson Rosella","s(cover)",1.97367413402239,48.9782862289197,0,"vegetation",TRUE,3,"2026-06-03 11:32:02"
"Crimson Rosella","s(log1p(nightlights))",6.96883315344275,47.6001755376508,0,"other",FALSE,4,"2026-06-03 11:32:02"
"Crimson Rosella","s(log(precip_annual))",7.2456734751865,37.4392368278066,0,"other",FALSE,5,"2026-06-03 11:32:02"
"Crimson Rosella","s(FDiv)",2.48574742840619,35.2532670963946,0,"vegetation",TRUE,6,"2026-06-03 11:32:02"
"Crimson Rosella","s(observer_expertise)",2.09954075580875,34.8597786959315,0,"effort",FALSE,7,"2026-06-03 11:32:02"
"Crimson Rosella","s(lc_trees)",8.4761292021976,27.3825520746555,0,"landscape",FALSE,8,"2026-06-03 11:32:02"
"Crimson Rosella","s(water_occ)",7.3665812115201,23.1627231493112,0,"landscape",FALSE,9,"2026-06-03 11:32:02"
"Crimson Rosella","s(gini_simpson)",2.87588100741814,22.6438197891955,0,"vegetation",TRUE,10,"2026-06-03 11:32:02"
"Crimson Rosella","s(height_cwm)",1.91417722450057,19.1261612170655,0,"vegetation",TRUE,11,"2026-06-03 11:32:02"
"Crimson Rosella","s(mean_fhd)",0.982816591178331,18.8905711604772,0,"vegetation",TRUE,12,"2026-06-03 11:32:02"
"Crimson Rosella","s(time_observations_started)",6.09964065315098,18.647243234458,0,"effort",FALSE,13,"2026-06-03 11:32:02"
"Crimson Rosella","s(wooddensity_cwm)",1.89025046047692,18.6173239434709,0,"vegetation",TRUE,14,"2026-06-03 11:32:02"
"Crimson Rosella","s(sp_richness)",2.93854944678934,17.8567479671834,0,"vegetation",TRUE,15,"2026-06-03 11:32:02"
"Crimson Rosella","s(FEve)",2.9110397036543,14.4593131650647,0,"vegetation",TRUE,16,"2026-06-03 11:32:02"
"Crimson Rosella","s(pielou_evenness)",0.977095682420802,14.1743462878219,0,"vegetation",TRUE,17,"2026-06-03 11:32:02"
"Crimson Rosella","s(FRic)",1.88862066328213,10.5626653116961,0,"vegetation",TRUE,18,"2026-06-03 11:32:02"
"Crimson Rosella","s(LA_cwm)",1.83136976619446,5.86401550773429,1.9800375810286e-05,"vegetation",TRUE,19,"2026-06-03 11:32:02"
"Crimson Rosella","s(log1p(effort_distance_km))",1.78646120293826,4.3771087184755,0.000633603090771206,"other",FALSE,20,"2026-06-03 11:32:02"
"Crimson Rosella","s(elevation)",3.864856864156,4.15577172884437,0,"landscape",FALSE,21,"2026-06-03 11:32:02"
"Crimson Rosella","s(day_of_year)",3.07922182444137,3.46216860881007,-3.53010944031951e-07,"effort",FALSE,22,"2026-06-03 11:32:02"
"Crimson Rosella","s(prop_canopy)",0.896108908022642,2.86948549052235,0.00156622173698318,"vegetation",TRUE,23,"2026-06-03 11:32:02"
"Crimson Rosella","s(number_observers)",0.456171907653906,0.279478170443521,0.173865889908712,"effort",FALSE,24,"2026-06-03 11:32:02"
"Crimson Rosella","protocol_type",2,3.17021388026189e-13,0.999999999999683,"effort",FALSE,25,"2026-06-03 11:32:02"
"Black-faced Cuckooshrike","s(log(duration_minutes))",2.58206306484975,121.486609121107,0,"other",FALSE,1,"2026-06-03 11:34:15"
"Black-faced Cuckooshrike","s(observer_expertise)",2.52401408401133,97.1423550399296,0,"effort",FALSE,2,"2026-06-03 11:34:15"
"Black-faced Cuckooshrike","s(day_of_year)",5.64320237946913,20.6700474868419,0,"effort",FALSE,3,"2026-06-03 11:34:15"
"Black-faced Cuckooshrike","s(pielou_evenness)",1.9972731999258,18.9588950713546,0,"vegetation",TRUE,4,"2026-06-03 11:34:15"
"Black-faced Cuckooshrike","s(time_observations_started)",6.8069102456972,13.3594011464318,0,"effort",FALSE,5,"2026-06-03 11:34:15"
"Black-faced Cuckooshrike","s(sp_richness)",1.92707120225187,12.5373395940842,0,"vegetation",TRUE,6,"2026-06-03 11:34:15"
"Black-faced Cuckooshrike","s(gini_simpson)",2.71903716068407,10.9067614016362,0,"vegetation",TRUE,7,"2026-06-03 11:34:15"
"Black-faced Cuckooshrike","s(height_cwm)",2.29451202448593,10.6547339636171,0,"vegetation",TRUE,8,"2026-06-03 11:34:15"
"Black-faced Cuckooshrike","s(water_occ)",6.58319499876057,10.2051292344227,0,"landscape",FALSE,9,"2026-06-03 11:34:15"
"Black-faced Cuckooshrike","s(mean_fhd)",2.40056282883714,9.1156361335164,0,"vegetation",TRUE,10,"2026-06-03 11:34:15"
"Black-faced Cuckooshrike","s(log1p(nightlights))",6.88789097946551,8.20059208187044,0,"other",FALSE,11,"2026-06-03 11:34:15"
"Black-faced Cuckooshrike","s(lc_trees)",6.86507734052462,8.15358691133551,0,"landscape",FALSE,12,"2026-06-03 11:34:15"
"Black-faced Cuckooshrike","s(temp_annual)",4.91576020205214,7.01386041029276,0,"landscape",FALSE,13,"2026-06-03 11:34:15"
"Black-faced Cuckooshrike","s(FEve)",2.10902370764243,6.96108798475551,8.73128699785397e-06,"vegetation",TRUE,14,"2026-06-03 11:34:15"
"Black-faced Cuckooshrike","s(log1p(effort_distance_km))",0.945937831514033,5.81630038779079,1.58033917346811e-05,"other",FALSE,15,"2026-06-03 11:34:15"
"Black-faced Cuckooshrike","s(log(precip_annual))",6.03827696184642,5.66183075339495,0,"other",FALSE,16,"2026-06-03 11:34:15"
"Black-faced Cuckooshrike","s(LA_cwm)",2.28584746734605,4.18471183638286,0.000764008042638764,"vegetation",TRUE,17,"2026-06-03 11:34:15"
"Black-faced Cuckooshrike","s(cover)",1.5694481099225,2.82409473462697,0.00362056082201745,"vegetation",TRUE,18,"2026-06-03 11:34:15"
"Black-faced Cuckooshrike","s(wooddensity_cwm)",1.28668317619975,1.64567857551205,0.018419466694336,"vegetation",TRUE,19,"2026-06-03 11:34:15"
"Black-faced Cuckooshrike","s(prop_canopy)",0.76731872183669,1.09875709185244,0.00825758600604853,"vegetation",TRUE,20,"2026-06-03 11:34:15"
"Black-faced Cuckooshrike","s(FRic)",1.31309430111327,0.927945114893495,0.108438968125775,"vegetation",TRUE,21,"2026-06-03 11:34:15"
"Black-faced Cuckooshrike","s(FDiv)",0.213222435372122,0.090274805826287,0.248947818457115,"vegetation",TRUE,22,"2026-06-03 11:34:15"
"Black-faced Cuckooshrike","s(elevation)",0.433737594852982,0.0850801129170617,0.175025402580073,"landscape",FALSE,23,"2026-06-03 11:34:15"
"Black-faced Cuckooshrike","s(number_observers)",0.000199098612436666,2.07390419139125e-06,0.960082364148819,"effort",FALSE,24,"2026-06-03 11:34:15"
"Black-faced Cuckooshrike","protocol_type",1,3.39784632113727e-13,0.999999534911007,"effort",FALSE,25,"2026-06-03 11:34:15"
"Yellow-faced Honeyeater","s(day_of_year)",7.67986280041224,191.582210817119,0,"effort",FALSE,1,"2026-06-03 11:36:38"
"Yellow-faced Honeyeater","s(observer_expertise)",3.54393794778787,151.908961327114,0,"effort",FALSE,2,"2026-06-03 11:36:38"
"Yellow-faced Honeyeater","s(log(duration_minutes))",1.36151512813329,79.8715167020387,0,"other",FALSE,3,"2026-06-03 11:36:38"
"Yellow-faced Honeyeater","s(log1p(nightlights))",7.8249805993005,49.6574540018792,0,"other",FALSE,4,"2026-06-03 11:36:38"
"Yellow-faced Honeyeater","s(log(precip_annual))",6.75808386575937,37.5730279427223,0,"other",FALSE,5,"2026-06-03 11:36:38"
"Yellow-faced Honeyeater","s(temp_annual)",7.2703732468102,30.6088586134934,0,"landscape",FALSE,6,"2026-06-03 11:36:38"
"Yellow-faced Honeyeater","s(time_observations_started)",6.24249293442566,19.6273677144507,0,"effort",FALSE,7,"2026-06-03 11:36:38"
"Yellow-faced Honeyeater","s(FDiv)",2.91965705618018,18.9434889767573,0,"vegetation",TRUE,8,"2026-06-03 11:36:38"
"Yellow-faced Honeyeater","s(elevation)",7.41903329291064,17.2155883927293,0,"landscape",FALSE,9,"2026-06-03 11:36:38"
"Yellow-faced Honeyeater","s(lc_trees)",5.79086892687009,14.5132412764138,0,"landscape",FALSE,10,"2026-06-03 11:36:38"
"Yellow-faced Honeyeater","s(cover)",2.23391572305502,12.1984018424497,0,"vegetation",TRUE,11,"2026-06-03 11:36:38"
"Yellow-faced Honeyeater","s(LA_cwm)",2.63894151192601,11.8358993692859,0,"vegetation",TRUE,12,"2026-06-03 11:36:38"
"Yellow-faced Honeyeater","s(gini_simpson)",2.61647447014353,9.39810468442397,0,"vegetation",TRUE,13,"2026-06-03 11:36:38"
"Yellow-faced Honeyeater","s(pielou_evenness)",1.82364492662493,7.55623480485116,7.71720135350762e-07,"vegetation",TRUE,14,"2026-06-03 11:36:38"
"Yellow-faced Honeyeater","s(log1p(effort_distance_km))",1.81035524918356,6.32026966536744,2.30157201335235e-05,"other",FALSE,15,"2026-06-03 11:36:38"
"Yellow-faced Honeyeater","s(FRic)",1.83967547401891,5.49214526180718,8.17824520678023e-05,"vegetation",TRUE,16,"2026-06-03 11:36:38"
"Yellow-faced Honeyeater","s(height_cwm)",1.72423239158856,5.36948620185246,5.55697906069463e-05,"vegetation",TRUE,17,"2026-06-03 11:36:38"
"Yellow-faced Honeyeater","s(mean_fhd)",1.64096949942247,4.61374775374832,3.88137320683768e-05,"vegetation",TRUE,18,"2026-06-03 11:36:38"
"Yellow-faced Honeyeater","s(sp_richness)",0.919660757043422,3.80760428042334,0.000167435383468084,"vegetation",TRUE,19,"2026-06-03 11:36:38"
"Yellow-faced Honeyeater","s(number_observers)",1.74624192583189,3.66106639193017,0.00151479238585284,"effort",FALSE,20,"2026-06-03 11:36:38"
"Yellow-faced Honeyeater","s(water_occ)",2.31531632885055,3.23551944451314,0,"landscape",FALSE,21,"2026-06-03 11:36:38"
"Yellow-faced Honeyeater","s(prop_canopy)",0.165209072794717,0.0659206394839981,0.125727988277795,"vegetation",TRUE,22,"2026-06-03 11:36:38"
"Yellow-faced Honeyeater","s(FEve)",0.000818597744374014,0.000242857925888845,0.34565807126411,"vegetation",TRUE,23,"2026-06-03 11:36:38"
"Yellow-faced Honeyeater","s(wooddensity_cwm)",0.000756669969927765,0.000164332151915669,0.453868469368259,"vegetation",TRUE,24,"2026-06-03 11:36:38"
"Yellow-faced Honeyeater","protocol_type",1,8.65731834308271e-12,0.999997652390619,"effort",FALSE,25,"2026-06-03 11:36:38"
"Brown Thornbill","s(observer_expertise)",1.45264394257769,120.040321629433,0,"effort",FALSE,1,"2026-06-03 11:38:38"
"Brown Thornbill","s(log(duration_minutes))",2.43786534923894,102.532639859889,0,"other",FALSE,2,"2026-06-03 11:38:38"
"Brown Thornbill","s(temp_annual)",7.11254033162152,41.5771750061303,0,"landscape",FALSE,3,"2026-06-03 11:38:38"
"Brown Thornbill","s(log(precip_annual))",6.221921698842,32.1944389179791,0,"other",FALSE,4,"2026-06-03 11:38:38"
"Brown Thornbill","s(LA_cwm)",2.74448101396704,26.1604601886463,0,"vegetation",TRUE,5,"2026-06-03 11:38:38"
"Brown Thornbill","s(log1p(nightlights))",8.19769012920546,22.5031771587721,0,"other",FALSE,6,"2026-06-03 11:38:38"
"Brown Thornbill","s(time_observations_started)",6.70313659915926,18.8215468180501,0,"effort",FALSE,7,"2026-06-03 11:38:38"
"Brown Thornbill","s(elevation)",6.48783829398351,15.8942170561554,0,"landscape",FALSE,8,"2026-06-03 11:38:38"
"Brown Thornbill","s(lc_trees)",6.49396742258032,15.8445610212868,0,"landscape",FALSE,9,"2026-06-03 11:38:38"
"Brown Thornbill","s(FDiv)",2.78513509261883,15.7807266834237,0,"vegetation",TRUE,10,"2026-06-03 11:38:38"
"Brown Thornbill","s(height_cwm)",2.78533865145765,12.8069410689716,0,"vegetation",TRUE,11,"2026-06-03 11:38:38"
"Brown Thornbill","s(log1p(effort_distance_km))",1.84847291132479,9.25413924482569,5.7603421255159e-07,"other",FALSE,12,"2026-06-03 11:38:38"
"Brown Thornbill","s(cover)",1.86720881172449,8.12165003300981,1.499578183628e-06,"vegetation",TRUE,13,"2026-06-03 11:38:38"
"Brown Thornbill","s(pielou_evenness)",1.86986170983991,7.55142037694412,2.09599614642286e-06,"vegetation",TRUE,14,"2026-06-03 11:38:38"
"Brown Thornbill","s(FEve)",2.16197559449881,6.94912313180405,1.15995497643739e-05,"vegetation",TRUE,15,"2026-06-03 11:38:38"
"Brown Thornbill","s(wooddensity_cwm)",1.90389740457046,6.18459703635611,2.62513510650431e-05,"vegetation",TRUE,16,"2026-06-03 11:38:38"
"Brown Thornbill","s(mean_fhd)",1.59432294534103,5.49121592601599,1.12628815962523e-05,"vegetation",TRUE,17,"2026-06-03 11:38:38"
"Brown Thornbill","s(FRic)",1.68736082165839,4.51355311518189,0.000186974828277009,"vegetation",TRUE,18,"2026-06-03 11:38:38"
"Brown Thornbill","s(sp_richness)",1.70137193567438,4.35548288538838,0.00023092502341604,"vegetation",TRUE,19,"2026-06-03 11:38:38"
"Brown Thornbill","s(gini_simpson)",1.7018055065058,3.75191970818221,0.000642338350020477,"vegetation",TRUE,20,"2026-06-03 11:38:38"
"Brown Thornbill","s(day_of_year)",3.05711746906626,3.03455194972948,5.19337427462574e-06,"effort",FALSE,21,"2026-06-03 11:38:38"
"Brown Thornbill","s(number_observers)",1.51039667877845,2.61592235176804,0.00583234947137989,"effort",FALSE,22,"2026-06-03 11:38:38"
"Brown Thornbill","s(water_occ)",2.17071094595418,2.16546367983828,1.4692594125898e-05,"landscape",FALSE,23,"2026-06-03 11:38:38"
"Brown Thornbill","s(prop_canopy)",1.51644217571005,1.79504273514309,0.0142490753646517,"vegetation",TRUE,24,"2026-06-03 11:38:38"
"Brown Thornbill","protocol_type",2,1.75847209874191e-10,0.999999999824153,"effort",FALSE,25,"2026-06-03 11:38:38"
"Little Wattlebird","s(log(duration_minutes))",2.64515531927088,101.052139612675,0,"other",FALSE,1,"2026-06-03 11:41:04"
"Little Wattlebird","s(log(precip_annual))",6.97462428324173,55.7463744311983,0,"other",FALSE,2,"2026-06-03 11:41:04"
"Little Wattlebird","s(observer_expertise)",2.8430699665443,51.8967495653117,0,"effort",FALSE,3,"2026-06-03 11:41:04"
"Little Wattlebird","s(elevation)",5.89586656106107,40.2418785808345,0,"landscape",FALSE,4,"2026-06-03 11:41:04"
"Little Wattlebird","s(temp_annual)",5.42570080558334,28.9711747394728,0,"landscape",FALSE,5,"2026-06-03 11:41:04"
"Little Wattlebird","s(mean_fhd)",1.96383986586737,22.5416105783971,0,"vegetation",TRUE,6,"2026-06-03 11:41:04"
"Little Wattlebird","s(gini_simpson)",1.91076541073617,22.2147785565009,0,"vegetation",TRUE,7,"2026-06-03 11:41:04"
"Little Wattlebird","s(log1p(nightlights))",8.46919417325696,19.7962692369555,0,"other",FALSE,8,"2026-06-03 11:41:04"
"Little Wattlebird","s(lc_trees)",7.75042038962426,19.6861167002953,0,"landscape",FALSE,9,"2026-06-03 11:41:04"
"Little Wattlebird","s(time_observations_started)",5.52272352702649,12.2805048959841,0,"effort",FALSE,10,"2026-06-03 11:41:04"
"Little Wattlebird","s(prop_canopy)",2.70094193704348,11.9739229474226,0,"vegetation",TRUE,11,"2026-06-03 11:41:04"
"Little Wattlebird","s(height_cwm)",1.57539743459174,10.9366202098649,0,"vegetation",TRUE,12,"2026-06-03 11:41:04"
"Little Wattlebird","s(water_occ)",5.27269486904087,8.99778653750116,0,"landscape",FALSE,13,"2026-06-03 11:41:04"
"Little Wattlebird","s(FDiv)",1.89944864556632,8.99693831187144,5.62895904887561e-07,"vegetation",TRUE,14,"2026-06-03 11:41:04"
"Little Wattlebird","s(day_of_year)",5.63960877265058,7.81835686474582,0,"effort",FALSE,15,"2026-06-03 11:41:04"
"Little Wattlebird","s(log1p(effort_distance_km))",1.8084508305829,5.7806335016528,6.38946663416018e-05,"other",FALSE,16,"2026-06-03 11:41:04"
"Little Wattlebird","s(pielou_evenness)",1.83732164132093,5.48713565177268,5.46405504512348e-05,"vegetation",TRUE,17,"2026-06-03 11:41:04"
"Little Wattlebird","s(FEve)",1.61518944816625,5.42619844610402,3.43715143901191e-05,"vegetation",TRUE,18,"2026-06-03 11:41:04"
"Little Wattlebird","s(cover)",1.77399924249841,4.56795574347628,0.000368681319737441,"vegetation",TRUE,19,"2026-06-03 11:41:04"
"Little Wattlebird","s(LA_cwm)",1.78804647310605,3.99997733890195,0.000591975291263758,"vegetation",TRUE,20,"2026-06-03 11:41:04"
"Little Wattlebird","s(sp_richness)",1.68436825122629,3.65367049972606,0.000610195953997139,"vegetation",TRUE,21,"2026-06-03 11:41:04"
"Little Wattlebird","s(number_observers)",1.22407668607365,3.30014306714517,0.0010860734741085,"effort",FALSE,22,"2026-06-03 11:41:04"
"Little Wattlebird","s(FRic)",1.01980741555307,1.02597237362668,0.0402859263128671,"vegetation",TRUE,23,"2026-06-03 11:41:04"
"Little Wattlebird","s(wooddensity_cwm)",0.000408223513929678,7.64428955725435e-05,0.461943645615023,"vegetation",TRUE,24,"2026-06-03 11:41:04"
"Little Wattlebird","protocol_type",1,2.98258957826524e-11,0.999995642564855,"effort",FALSE,25,"2026-06-03 11:41:04"
"Silvereye","s(log(duration_minutes))",2.59840606913654,138.553965839815,0,"other",FALSE,1,"2026-06-03 11:43:29"
"Silvereye","s(observer_expertise)",2.80789373219603,100.113763629546,0,"effort",FALSE,2,"2026-06-03 11:43:29"
"Silvereye","s(day_of_year)",6.3778703335562,53.9804583860527,0,"effort",FALSE,3,"2026-06-03 11:43:29"
"Silvereye","s(mean_fhd)",1.95523702569618,23.2524789830174,0,"vegetation",TRUE,4,"2026-06-03 11:43:29"
"Silvereye","s(time_observations_started)",7.10806779524156,18.1861793626559,0,"effort",FALSE,5,"2026-06-03 11:43:29"
"Silvereye","s(log(precip_annual))",6.87686923627778,13.1709159018851,0,"other",FALSE,6,"2026-06-03 11:43:29"
"Silvereye","s(cover)",2.87753653492525,12.0565552453792,0,"vegetation",TRUE,7,"2026-06-03 11:43:29"
"Silvereye","s(prop_canopy)",1.87775011583546,11.9694254770417,0,"vegetation",TRUE,8,"2026-06-03 11:43:29"
"Silvereye","s(temp_annual)",6.45850227242651,8.98191164009991,0,"landscape",FALSE,9,"2026-06-03 11:43:29"
"Silvereye","s(FDiv)",2.77301459287981,8.67206034672991,1.66061225792546e-06,"vegetation",TRUE,10,"2026-06-03 11:43:29"
"Silvereye","s(log1p(nightlights))",5.76462515175424,7.52859953713712,0,"other",FALSE,11,"2026-06-03 11:43:29"
"Silvereye","s(gini_simpson)",2.81578721353182,6.83606200679707,7.0750256551122e-06,"vegetation",TRUE,12,"2026-06-03 11:43:29"
"Silvereye","s(wooddensity_cwm)",1.72902342684489,6.78092277247708,3.84193792513088e-06,"vegetation",TRUE,13,"2026-06-03 11:43:29"
"Silvereye","s(FRic)",1.82543501901052,6.53242037592806,7.34086150200319e-06,"vegetation",TRUE,14,"2026-06-03 11:43:29"
"Silvereye","s(lc_trees)",8.18104869388539,5.87064480458516,0,"landscape",FALSE,15,"2026-06-03 11:43:29"
"Silvereye","s(elevation)",4.31671268065846,5.69684761789323,0,"landscape",FALSE,16,"2026-06-03 11:43:29"
"Silvereye","s(height_cwm)",1.62555663067517,4.253373037173,0.000255374664668406,"vegetation",TRUE,17,"2026-06-03 11:43:29"
"Silvereye","s(LA_cwm)",1.74197264829658,3.27720547602516,0.00231169301933631,"vegetation",TRUE,18,"2026-06-03 11:43:29"
"Silvereye","s(water_occ)",2.24229839305794,2.61271368677879,1.19945038190572e-06,"landscape",FALSE,19,"2026-06-03 11:43:29"
"Silvereye","s(sp_richness)",1.14321091558509,1.03435230335545,0.0492114052956103,"vegetation",TRUE,20,"2026-06-03 11:43:29"
"Silvereye","s(log1p(effort_distance_km))",0.735662759800426,0.926841139123045,0.0497909227464119,"other",FALSE,21,"2026-06-03 11:43:29"
"Silvereye","s(pielou_evenness)",1.22951037460203,0.837092105500996,0.0945818579479066,"vegetation",TRUE,22,"2026-06-03 11:43:29"
"Silvereye","s(number_observers)",0.622961308893047,0.319521142314963,0.208067720030465,"effort",FALSE,23,"2026-06-03 11:43:29"
"Silvereye","s(FEve)",0.000218405601734484,9.4404832286943e-05,0.23826200871381,"vegetation",TRUE,24,"2026-06-03 11:43:29"
"Silvereye","protocol_type",1,1.21456751863116e-12,0.999999120684003,"effort",FALSE,25,"2026-06-03 11:43:29"
"Eastern Rosella","s(log(duration_minutes))",2.06407818023704,53.1248895542135,0,"other",FALSE,1,"2026-06-03 11:45:29"
"Eastern Rosella","s(lc_trees)",7.53452999630411,37.3848984323451,0,"landscape",FALSE,2,"2026-06-03 11:45:29"
"Eastern Rosella","s(log1p(nightlights))",7.07226407995505,34.6391719837372,0,"other",FALSE,3,"2026-06-03 11:45:29"
"Eastern Rosella","s(pielou_evenness)",2.86372300284409,34.3430859485592,0,"vegetation",TRUE,4,"2026-06-03 11:45:29"
"Eastern Rosella","s(LA_cwm)",2.94398785558302,27.9283592308244,0,"vegetation",TRUE,5,"2026-06-03 11:45:29"
"Eastern Rosella","s(water_occ)",4.98528003841482,26.765078836999,0,"landscape",FALSE,6,"2026-06-03 11:45:29"
"Eastern Rosella","s(log(precip_annual))",7.09522060925066,23.6912955539121,0,"other",FALSE,7,"2026-06-03 11:45:29"
"Eastern Rosella","s(observer_expertise)",0.987202037786564,19.1396242643616,0,"effort",FALSE,8,"2026-06-03 11:45:29"
"Eastern Rosella","s(time_observations_started)",6.09516348784971,14.5186645598909,0,"effort",FALSE,9,"2026-06-03 11:45:29"
"Eastern Rosella","s(temp_annual)",6.70672775587052,13.9069333373135,0,"landscape",FALSE,10,"2026-06-03 11:45:29"
"Eastern Rosella","s(cover)",1.81559895032327,11.1704120247691,0,"vegetation",TRUE,11,"2026-06-03 11:45:29"
"Eastern Rosella","s(gini_simpson)",1.87140010750095,11.1591276271892,0,"vegetation",TRUE,12,"2026-06-03 11:45:29"
"Eastern Rosella","s(elevation)",3.76093274591353,7.17081548708593,0,"landscape",FALSE,13,"2026-06-03 11:45:29"
"Eastern Rosella","s(log1p(effort_distance_km))",0.949513656549285,6.2586663466075,8.09767461429356e-06,"other",FALSE,14,"2026-06-03 11:45:29"
"Eastern Rosella","s(wooddensity_cwm)",2.69627738645377,5.9333887733762,0.00015363802381807,"vegetation",TRUE,15,"2026-06-03 11:45:29"
"Eastern Rosella","s(mean_fhd)",1.76850128680374,4.07311798886747,0.00034094959104114,"vegetation",TRUE,16,"2026-06-03 11:45:29"
"Eastern Rosella","s(FDiv)",1.69721364971531,4.00244978888236,0.000479419074408849,"vegetation",TRUE,17,"2026-06-03 11:45:29"
"Eastern Rosella","s(prop_canopy)",1.60517296182288,3.50682707362319,0.000651633243834548,"vegetation",TRUE,18,"2026-06-03 11:45:29"
"Eastern Rosella","s(FRic)",1.67243564580891,3.23048959192894,0.00168917433305138,"vegetation",TRUE,19,"2026-06-03 11:45:29"
"Eastern Rosella","s(sp_richness)",0.801176871394135,1.34134414896346,0.0158976941562496,"vegetation",TRUE,20,"2026-06-03 11:45:29"
"Eastern Rosella","s(day_of_year)",2.20404812340225,1.1444473033635,0.00532254797119724,"effort",FALSE,21,"2026-06-03 11:45:29"
"Eastern Rosella","s(FEve)",0.608320785932211,0.517495585494922,0.0953787160971106,"vegetation",TRUE,22,"2026-06-03 11:45:29"
"Eastern Rosella","s(height_cwm)",0.289031547040926,0.135488899107139,0.218882092788637,"vegetation",TRUE,23,"2026-06-03 11:45:29"
"Eastern Rosella","s(number_observers)",0.000140871966239127,5.76628070724325e-07,0.989571159500182,"effort",FALSE,24,"2026-06-03 11:45:29"
"Eastern Rosella","protocol_type",1,2.59689032476677e-13,0.999999593405953,"effort",FALSE,25,"2026-06-03 11:45:29"
"Eastern Spinebill","s(log(duration_minutes))",0.999816808405164,171.563097310391,0,"other",FALSE,1,"2026-06-03 11:47:26"
"Eastern Spinebill","s(observer_expertise)",2.52576237773841,147.013516019553,0,"effort",FALSE,2,"2026-06-03 11:47:26"
"Eastern Spinebill","s(FRic)",2.84075113165879,36.8815773770173,0,"vegetation",TRUE,3,"2026-06-03 11:47:26"
"Eastern Spinebill","s(lc_trees)",7.62671454815993,36.3998577306079,0,"landscape",FALSE,4,"2026-06-03 11:47:26"
"Eastern Spinebill","s(sp_richness)",2.93772107011574,35.1587375521064,0,"vegetation",TRUE,5,"2026-06-03 11:47:26"
"Eastern Spinebill","s(temp_annual)",5.46742292097145,32.5362183350066,0,"landscape",FALSE,6,"2026-06-03 11:47:26"
"Eastern Spinebill","s(log(precip_annual))",5.04601286276353,27.9918817856679,0,"other",FALSE,7,"2026-06-03 11:47:26"
"Eastern Spinebill","s(day_of_year)",4.6970779758711,23.4146492135512,0,"effort",FALSE,8,"2026-06-03 11:47:26"
"Eastern Spinebill","s(elevation)",7.43330949378576,20.616204321958,0,"landscape",FALSE,9,"2026-06-03 11:47:26"
"Eastern Spinebill","s(time_observations_started)",6.71328230757446,16.8957915833494,0,"effort",FALSE,10,"2026-06-03 11:47:26"
"Eastern Spinebill","s(log1p(nightlights))",7.64330226184033,12.2695822892334,0,"other",FALSE,11,"2026-06-03 11:47:26"
"Eastern Spinebill","s(gini_simpson)",2.79769933103754,11.9396198768812,0,"vegetation",TRUE,12,"2026-06-03 11:47:26"
"Eastern Spinebill","s(mean_fhd)",2.13163270808929,11.7839380250135,0,"vegetation",TRUE,13,"2026-06-03 11:47:26"
"Eastern Spinebill","s(water_occ)",6.57788492928855,10.287976250972,0,"landscape",FALSE,14,"2026-06-03 11:47:26"
"Eastern Spinebill","s(height_cwm)",0.962167092910941,8.43073668555312,0,"vegetation",TRUE,15,"2026-06-03 11:47:26"
"Eastern Spinebill","s(FEve)",1.8775195941876,6.31852953832169,2.03632539615972e-05,"vegetation",TRUE,16,"2026-06-03 11:47:26"
"Eastern Spinebill","s(cover)",2.6897139615108,4.95106694849924,0.00067398863709156,"vegetation",TRUE,17,"2026-06-03 11:47:26"
"Eastern Spinebill","s(prop_canopy)",1.75863382673904,4.62925231437985,5.47591297600514e-05,"vegetation",TRUE,18,"2026-06-03 11:47:26"
"Eastern Spinebill","s(pielou_evenness)",1.50042991926195,2.38979127556123,0.00583103658637341,"vegetation",TRUE,19,"2026-06-03 11:47:26"
"Eastern Spinebill","s(wooddensity_cwm)",1.64762677791146,2.24675834415991,0.0120345377617124,"vegetation",TRUE,20,"2026-06-03 11:47:26"
"Eastern Spinebill","s(log1p(effort_distance_km))",0.813254277053372,1.45025996913927,0.0203459068284905,"other",FALSE,21,"2026-06-03 11:47:26"
"Eastern Spinebill","s(LA_cwm)",0.919627576550264,0.658473564341832,0.09922480480497,"vegetation",TRUE,22,"2026-06-03 11:47:26"
"Eastern Spinebill","s(number_observers)",0.867520168132407,0.593894249713428,0.128989769937346,"effort",FALSE,23,"2026-06-03 11:47:26"
"Eastern Spinebill","s(FDiv)",0.430901677647561,0.252257757307289,0.174349059584963,"vegetation",TRUE,24,"2026-06-03 11:47:26"
"Eastern Spinebill","protocol_type",1,1.72239157089724e-12,0.999998952871144,"effort",FALSE,25,"2026-06-03 11:47:26"
"Gray Shrikethrush","s(observer_expertise)",3.25391293465387,220.008206876063,0,"effort",FALSE,1,"2026-06-03 11:49:06"
"Gray Shrikethrush","s(log(duration_minutes))",2.10332335181534,116.455157885597,0,"other",FALSE,2,"2026-06-03 11:49:06"
"Gray Shrikethrush","s(log1p(nightlights))",5.80118630906885,56.5237895931421,0,"other",FALSE,3,"2026-06-03 11:49:06"
"Gray Shrikethrush","s(time_observations_started)",6.36773507279845,32.3856660321487,0,"effort",FALSE,4,"2026-06-03 11:49:06"
"Gray Shrikethrush","s(FEve)",2.87283290368802,19.2659023548077,0,"vegetation",TRUE,5,"2026-06-03 11:49:06"
"Gray Shrikethrush","s(water_occ)",6.35911053156916,19.132767230273,0,"landscape",FALSE,6,"2026-06-03 11:49:06"
"Gray Shrikethrush","s(gini_simpson)",2.16012822520034,17.2503399711401,0,"vegetation",TRUE,7,"2026-06-03 11:49:06"
"Gray Shrikethrush","s(day_of_year)",5.47767906068692,17.0206012712821,0,"effort",FALSE,8,"2026-06-03 11:49:06"
"Gray Shrikethrush","s(lc_trees)",6.72394994463252,13.2509465367939,0,"landscape",FALSE,9,"2026-06-03 11:49:06"
"Gray Shrikethrush","s(elevation)",7.89218183375213,12.2427465480039,0,"landscape",FALSE,10,"2026-06-03 11:49:06"
"Gray Shrikethrush","s(log(precip_annual))",6.99274537929676,11.6281988085081,0,"other",FALSE,11,"2026-06-03 11:49:06"
"Gray Shrikethrush","s(cover)",2.60767233999633,10.4340344285206,0,"vegetation",TRUE,12,"2026-06-03 11:49:06"
"Gray Shrikethrush","s(temp_annual)",5.16734633383974,7.59916637721638,0,"landscape",FALSE,13,"2026-06-03 11:49:06"
"Gray Shrikethrush","s(log1p(effort_distance_km))",1.83244100362917,7.22219748232678,6.69288626953257e-06,"other",FALSE,14,"2026-06-03 11:49:06"
"Gray Shrikethrush","s(FDiv)",2.0372703278596,5.75900347845489,5.0746523402978e-05,"vegetation",TRUE,15,"2026-06-03 11:49:06"
"Gray Shrikethrush","s(wooddensity_cwm)",1.81054249213423,4.64076658379489,0.000294850991502282,"vegetation",TRUE,16,"2026-06-03 11:49:06"
"Gray Shrikethrush","s(FRic)",1.44548640012259,3.66720927612648,0.000458528310251616,"vegetation",TRUE,17,"2026-06-03 11:49:06"
"Gray Shrikethrush","s(mean_fhd)",1.71372143724475,3.58169634868496,0.00129396785885705,"vegetation",TRUE,18,"2026-06-03 11:49:06"
"Gray Shrikethrush","s(height_cwm)",0.837299180169189,1.71380772660602,0.00896528236760696,"vegetation",TRUE,19,"2026-06-03 11:49:06"
"Gray Shrikethrush","s(number_observers)",1.12428577945362,1.02604493655906,0.0653546661606721,"effort",FALSE,20,"2026-06-03 11:49:06"
"Gray Shrikethrush","s(pielou_evenness)",0.000283907920017532,5.3048398007145e-05,0.469160745519795,"vegetation",TRUE,21,"2026-06-03 11:49:06"
"Gray Shrikethrush","s(sp_richness)",0.00031421461409764,4.51346606892544e-05,0.591619860017819,"vegetation",TRUE,22,"2026-06-03 11:49:06"
"Gray Shrikethrush","s(prop_canopy)",0.000255405238398325,3.28256133552125e-05,0.57576003996415,"vegetation",TRUE,23,"2026-06-03 11:49:06"
"Gray Shrikethrush","s(LA_cwm)",0.000230172469844422,2.3274587448881e-05,0.684196915071648,"vegetation",TRUE,24,"2026-06-03 11:49:06"
"Gray Shrikethrush","protocol_type",1,4.68028524877585e-12,0.999998273882509,"effort",FALSE,25,"2026-06-03 11:49:06"
"White-browed Scrubwren","s(observer_expertise)",3.11466018320746,197.254201853661,0,"effort",FALSE,1,"2026-06-03 11:50:39"
"White-browed Scrubwren","s(log(duration_minutes))",0.997203040734867,108.814470666643,0,"other",FALSE,2,"2026-06-03 11:50:39"
"White-browed Scrubwren","s(log1p(nightlights))",7.65390314150181,60.4941783826038,0,"other",FALSE,3,"2026-06-03 11:50:39"
"White-browed Scrubwren","s(log(precip_annual))",6.17417261748693,26.742120110169,0,"other",FALSE,4,"2026-06-03 11:50:39"
"White-browed Scrubwren","s(lc_trees)",6.84205986632039,24.0306755887578,0,"landscape",FALSE,5,"2026-06-03 11:50:39"
"White-browed Scrubwren","s(cover)",1.94812813093327,23.7502226231693,0,"vegetation",TRUE,6,"2026-06-03 11:50:39"
"White-browed Scrubwren","s(temp_annual)",5.36488076198326,22.1938101024605,0,"landscape",FALSE,7,"2026-06-03 11:50:39"
"White-browed Scrubwren","s(time_observations_started)",7.2459614693995,18.5601279370565,0,"effort",FALSE,8,"2026-06-03 11:50:39"
"White-browed Scrubwren","s(FDiv)",2.89338337327082,16.4584826743109,0,"vegetation",TRUE,9,"2026-06-03 11:50:39"
"White-browed Scrubwren","s(log1p(effort_distance_km))",2.61864821935489,13.9379245280291,0,"other",FALSE,10,"2026-06-03 11:50:39"
"White-browed Scrubwren","s(FRic)",1.91325923261681,10.0249114431021,5.75410427750001e-07,"vegetation",TRUE,11,"2026-06-03 11:50:39"
"White-browed Scrubwren","s(elevation)",6.48630970012312,7.98766465077861,0,"landscape",FALSE,12,"2026-06-03 11:50:39"
"White-browed Scrubwren","s(prop_canopy)",1.81886550481448,6.05781651645449,3.68804215055141e-05,"vegetation",TRUE,13,"2026-06-03 11:50:39"
"White-browed Scrubwren","s(number_observers)",1.66718888117132,5.35975572574433,7.31668727560475e-05,"effort",FALSE,14,"2026-06-03 11:50:39"
"White-browed Scrubwren","s(LA_cwm)",0.939619833725877,5.16841342350817,2.63844503867183e-05,"vegetation",TRUE,15,"2026-06-03 11:50:39"
"White-browed Scrubwren","s(day_of_year)",5.31591169611537,4.5007015534186,-6.85978793324438e-07,"effort",FALSE,16,"2026-06-03 11:50:39"
"White-browed Scrubwren","s(height_cwm)",0.920242299184355,3.83738070482036,0.000223668229764606,"vegetation",TRUE,17,"2026-06-03 11:50:39"
"White-browed Scrubwren","s(water_occ)",1.80137346064906,3.21641661564619,0,"landscape",FALSE,18,"2026-06-03 11:50:39"
"White-browed Scrubwren","s(wooddensity_cwm)",1.66545102210861,3.19549437675168,0.00261267843216872,"vegetation",TRUE,19,"2026-06-03 11:50:39"
"White-browed Scrubwren","s(FEve)",1.75766731950869,3.06092562914011,0.00443333820009417,"vegetation",TRUE,20,"2026-06-03 11:50:39"
"White-browed Scrubwren","s(gini_simpson)",0.70197995892271,0.78484968505623,0.0560084809878523,"vegetation",TRUE,21,"2026-06-03 11:50:39"
"White-browed Scrubwren","s(pielou_evenness)",0.00147393643111668,0.000183705188373757,0.526691415379111,"vegetation",TRUE,22,"2026-06-03 11:50:39"
"White-browed Scrubwren","s(sp_richness)",0.000453211801667579,8.19702869600877e-05,0.537594872683612,"vegetation",TRUE,23,"2026-06-03 11:50:39"
"White-browed Scrubwren","s(mean_fhd)",0.000349902305468809,6.8449328150699e-05,0.439808060483982,"vegetation",TRUE,24,"2026-06-03 11:50:39"
"White-browed Scrubwren","protocol_type",1,1.99500275907121e-10,0.999988730467108,"effort",FALSE,25,"2026-06-03 11:50:39"
"Golden Whistler","s(observer_expertise)",3.03053898205642,208.199660663763,0,"effort",FALSE,1,"2026-06-03 11:52:17"
"Golden Whistler","s(log(duration_minutes))",2.71235528841609,147.235736639375,0,"other",FALSE,2,"2026-06-03 11:52:17"
"Golden Whistler","s(day_of_year)",7.33095363551614,47.0332663739462,0,"effort",FALSE,3,"2026-06-03 11:52:17"
"Golden Whistler","s(log1p(nightlights))",7.96231582981662,22.2289067796214,0,"other",FALSE,4,"2026-06-03 11:52:17"
"Golden Whistler","s(log1p(effort_distance_km))",2.28327218278835,19.1282386169065,0,"other",FALSE,5,"2026-06-03 11:52:17"
"Golden Whistler","s(lc_trees)",7.44048834487107,16.9166844086997,0,"landscape",FALSE,6,"2026-06-03 11:52:17"
"Golden Whistler","s(log(precip_annual))",6.75634108164428,13.9726735300503,0,"other",FALSE,7,"2026-06-03 11:52:17"
"Golden Whistler","s(water_occ)",6.90215301177892,12.2906678977729,0,"landscape",FALSE,8,"2026-06-03 11:52:17"
"Golden Whistler","s(time_observations_started)",5.7046008630067,11.5912463222084,0,"effort",FALSE,9,"2026-06-03 11:52:17"
"Golden Whistler","s(LA_cwm)",1.8284552938046,11.0318385338413,0,"vegetation",TRUE,10,"2026-06-03 11:52:17"
"Golden Whistler","s(elevation)",7.44820344901599,10.251903349025,0,"landscape",FALSE,11,"2026-06-03 11:52:17"
"Golden Whistler","s(temp_annual)",7.61145374728617,9.49723877855827,0,"landscape",FALSE,12,"2026-06-03 11:52:17"
"Golden Whistler","s(sp_richness)",2.82034107267825,8.56062258166466,1.27679508699075e-06,"vegetation",TRUE,13,"2026-06-03 11:52:17"
"Golden Whistler","s(pielou_evenness)",2.80296151892058,7.80799322331214,3.40427767808738e-06,"vegetation",TRUE,14,"2026-06-03 11:52:17"
"Golden Whistler","s(cover)",1.7397551083295,5.66031900399076,3.45395287343342e-05,"vegetation",TRUE,15,"2026-06-03 11:52:17"
"Golden Whistler","s(FDiv)",0.941956033709304,5.36647020918972,2.33018133074525e-05,"vegetation",TRUE,16,"2026-06-03 11:52:17"
"Golden Whistler","s(mean_fhd)",1.63147014330821,5.13184286900405,1.08359506745259e-05,"vegetation",TRUE,17,"2026-06-03 11:52:17"
"Golden Whistler","s(FRic)",1.46346955462115,3.4467712151102,0.000849567434182408,"vegetation",TRUE,18,"2026-06-03 11:52:17"
"Golden Whistler","s(FEve)",1.7433073936486,3.31901290210432,0.00274234299936904,"vegetation",TRUE,19,"2026-06-03 11:52:17"
"Golden Whistler","s(gini_simpson)",1.54045838040376,1.79109674620048,0.022279685948859,"vegetation",TRUE,20,"2026-06-03 11:52:17"
"Golden Whistler","s(prop_canopy)",0.782068375534108,0.413731511176358,0.128787091822927,"vegetation",TRUE,21,"2026-06-03 11:52:17"
"Golden Whistler","s(wooddensity_cwm)",0.236108713298227,0.102728741220997,0.237548002635465,"vegetation",TRUE,22,"2026-06-03 11:52:17"
"Golden Whistler","s(number_observers)",0.000279169169576074,1.53685117442116e-05,0.821920781225172,"effort",FALSE,23,"2026-06-03 11:52:17"
"Golden Whistler","s(height_cwm)",0.000166592231447896,1.29910470811905e-05,0.747623351725135,"vegetation",TRUE,24,"2026-06-03 11:52:17"
"Golden Whistler","protocol_type",1,1.84873247196751e-12,0.999998915146136,"effort",FALSE,25,"2026-06-03 11:52:17"
"White-throated Treecreeper","s(observer_expertise)",3.21966479596463,187.630824566742,0,"effort",FALSE,1,"2026-06-03 11:53:54"
"White-throated Treecreeper","s(log(duration_minutes))",0.996811593668,100.580068125316,0,"other",FALSE,2,"2026-06-03 11:53:54"
"White-throated Treecreeper","s(lc_trees)",6.26923233451093,32.9453734377516,0,"landscape",FALSE,3,"2026-06-03 11:53:54"
"White-throated Treecreeper","s(log1p(nightlights))",8.93160925710805,26.620310988541,0,"other",FALSE,4,"2026-06-03 11:53:54"
"White-throated Treecreeper","s(temp_annual)",7.58113315659476,25.676647248212,0,"landscape",FALSE,5,"2026-06-03 11:53:54"
"White-throated Treecreeper","s(gini_simpson)",2.39449321539572,18.3265052015749,0,"vegetation",TRUE,6,"2026-06-03 11:53:54"
"White-throated Treecreeper","s(FRic)",1.87939958322288,17.9447224845399,0,"vegetation",TRUE,7,"2026-06-03 11:53:54"
"White-throated Treecreeper","s(log(precip_annual))",6.99116101558614,16.6695001264913,0,"other",FALSE,8,"2026-06-03 11:53:54"
"White-throated Treecreeper","s(log1p(effort_distance_km))",1.92008696945957,16.4819259957923,0,"other",FALSE,9,"2026-06-03 11:53:54"
"White-throated Treecreeper","s(sp_richness)",1.93273899750658,15.5562843134973,0,"vegetation",TRUE,10,"2026-06-03 11:53:54"
"White-throated Treecreeper","s(time_observations_started)",6.78197622876669,14.7740073832524,0,"effort",FALSE,11,"2026-06-03 11:53:54"
"White-throated Treecreeper","s(prop_canopy)",1.86256556793682,13.0970631830742,0,"vegetation",TRUE,12,"2026-06-03 11:53:54"
"White-throated Treecreeper","s(pielou_evenness)",2.12262581336747,11.8898150459898,0,"vegetation",TRUE,13,"2026-06-03 11:53:54"
"White-throated Treecreeper","s(height_cwm)",1.91948006600001,11.045598197693,0,"vegetation",TRUE,14,"2026-06-03 11:53:54"
"White-throated Treecreeper","s(water_occ)",6.0418683859051,9.52415476551439,0,"landscape",FALSE,15,"2026-06-03 11:53:54"
"White-throated Treecreeper","s(FEve)",2.77524076151506,7.74174509741858,8.45615182987203e-06,"vegetation",TRUE,16,"2026-06-03 11:53:54"
"White-throated Treecreeper","s(mean_fhd)",1.88518999681958,6.23420958369085,2.50407218710391e-05,"vegetation",TRUE,17,"2026-06-03 11:53:54"
"White-throated Treecreeper","s(day_of_year)",5.63570620234111,6.11498594755747,0,"effort",FALSE,18,"2026-06-03 11:53:54"
"White-throated Treecreeper","s(cover)",0.943495514000066,5.53867738235907,1.69822334747938e-05,"vegetation",TRUE,19,"2026-06-03 11:53:54"
"White-throated Treecreeper","s(FDiv)",2.38981473406667,4.67780627948734,0.000638185627438004,"vegetation",TRUE,20,"2026-06-03 11:53:54"
"White-throated Treecreeper","s(wooddensity_cwm)",1.73413245826996,3.44309930763898,0.00181807154797975,"vegetation",TRUE,21,"2026-06-03 11:53:54"
"White-throated Treecreeper","s(elevation)",5.22018661962364,2.38769888859861,0.000242030598626042,"landscape",FALSE,22,"2026-06-03 11:53:54"
"White-throated Treecreeper","s(LA_cwm)",1.43961673482421,1.60504514382523,0.0300642740684131,"vegetation",TRUE,23,"2026-06-03 11:53:54"
"White-throated Treecreeper","s(number_observers)",1.15476927045549,0.689261051437283,0.1652059426124,"effort",FALSE,24,"2026-06-03 11:53:54"
"White-throated Treecreeper","protocol_type",1,2.86609764782508e-13,0.999999572850701,"effort",FALSE,25,"2026-06-03 11:53:54"
"Spotted Dove","s(observer_expertise)",3.17519677699623,45.2464759600113,0,"effort",FALSE,1,"2026-06-03 11:55:30"
"Spotted Dove","s(FDiv)",2.94721786621733,32.6366749797609,0,"vegetation",TRUE,2,"2026-06-03 11:55:30"
"Spotted Dove","s(log1p(nightlights))",7.9715800349589,30.6695472476533,0,"other",FALSE,3,"2026-06-03 11:55:30"
"Spotted Dove","s(log(duration_minutes))",2.31276306360894,29.9942873481718,0,"other",FALSE,4,"2026-06-03 11:55:30"
"Spotted Dove","s(wooddensity_cwm)",1.3995133345787,21.1369611131552,0,"vegetation",TRUE,5,"2026-06-03 11:55:30"
"Spotted Dove","s(height_cwm)",2.91956134251435,19.0058697563112,0,"vegetation",TRUE,6,"2026-06-03 11:55:30"
"Spotted Dove","s(water_occ)",8.42587373287605,16.3141124942736,0,"landscape",FALSE,7,"2026-06-03 11:55:30"
"Spotted Dove","s(time_observations_started)",5.29057506748046,15.5437981572767,0,"effort",FALSE,8,"2026-06-03 11:55:30"
"Spotted Dove","s(gini_simpson)",2.57580737556772,15.262813619996,0,"vegetation",TRUE,9,"2026-06-03 11:55:30"
"Spotted Dove","s(elevation)",5.57592003289164,15.2463817425789,0,"landscape",FALSE,10,"2026-06-03 11:55:30"
"Spotted Dove","s(log1p(effort_distance_km))",1.87693126627114,14.7607139159123,0,"other",FALSE,11,"2026-06-03 11:55:30"
"Spotted Dove","s(lc_trees)",3.23920136953957,13.4188950673078,0,"landscape",FALSE,12,"2026-06-03 11:55:30"
"Spotted Dove","s(prop_canopy)",1.85210708955771,13.0457696659711,0,"vegetation",TRUE,13,"2026-06-03 11:55:30"
"Spotted Dove","s(temp_annual)",4.24336631028576,12.712158981443,0,"landscape",FALSE,14,"2026-06-03 11:55:30"
"Spotted Dove","s(sp_richness)",0.973763188334685,12.3152054554954,0,"vegetation",TRUE,15,"2026-06-03 11:55:30"
"Spotted Dove","s(pielou_evenness)",0.973425395936979,12.1599621418602,0,"vegetation",TRUE,16,"2026-06-03 11:55:30"
"Spotted Dove","s(FRic)",1.91198456428909,11.4454203040007,0,"vegetation",TRUE,17,"2026-06-03 11:55:30"
"Spotted Dove","s(LA_cwm)",1.80950879872859,9.9962738375463,0,"vegetation",TRUE,18,"2026-06-03 11:55:30"
"Spotted Dove","s(log(precip_annual))",4.84401125789766,6.31917512189178,0,"other",FALSE,19,"2026-06-03 11:55:30"
"Spotted Dove","s(FEve)",1.42660368472456,3.44586169732026,0.00074644138746538,"vegetation",TRUE,20,"2026-06-03 11:55:30"
"Spotted Dove","s(cover)",0.894918435888741,2.83683278173586,0.00155121405498215,"vegetation",TRUE,21,"2026-06-03 11:55:30"
"Spotted Dove","s(mean_fhd)",0.894863632786057,2.83349923598298,0.00106700996259756,"vegetation",TRUE,22,"2026-06-03 11:55:30"
"Spotted Dove","s(number_observers)",0.00149614679699599,0.00045709505408429,0.374182255122919,"effort",FALSE,23,"2026-06-03 11:55:30"
"Spotted Dove","s(day_of_year)",8.67293620205137e-05,2.12214531163483e-06,0.874749695398923,"effort",FALSE,24,"2026-06-03 11:55:30"
"Spotted Dove","protocol_type",1,3.30270253870512e-13,0.99999954146873,"effort",FALSE,25,"2026-06-03 11:55:30"
"Spotted Pardalote","s(observer_expertise)",3.09604121048863,317.540662212337,0,"effort",FALSE,1,"2026-06-03 11:57:10"
"Spotted Pardalote","s(log(duration_minutes))",0.99773949743577,134.627009001722,0,"other",FALSE,2,"2026-06-03 11:57:10"
"Spotted Pardalote","s(day_of_year)",7.156296170237,56.1118631699286,0,"effort",FALSE,3,"2026-06-03 11:57:10"
"Spotted Pardalote","s(temp_annual)",6.82954550695713,28.8382392843492,0,"landscape",FALSE,4,"2026-06-03 11:57:10"
"Spotted Pardalote","s(time_observations_started)",6.6075767414342,26.5149397540704,0,"effort",FALSE,5,"2026-06-03 11:57:10"
"Spotted Pardalote","s(wooddensity_cwm)",2.74905432481081,26.2214651027451,0,"vegetation",TRUE,6,"2026-06-03 11:57:10"
"Spotted Pardalote","s(log(precip_annual))",5.97646610864975,24.0184060849826,0,"other",FALSE,7,"2026-06-03 11:57:10"
"Spotted Pardalote","s(gini_simpson)",2.89965593007412,19.8474967075385,0,"vegetation",TRUE,8,"2026-06-03 11:57:10"
"Spotted Pardalote","s(log1p(nightlights))",7.71267238071946,14.9556325354412,0,"other",FALSE,9,"2026-06-03 11:57:10"
"Spotted Pardalote","s(height_cwm)",1.95296490117446,13.894795611345,0,"vegetation",TRUE,10,"2026-06-03 11:57:10"
"Spotted Pardalote","s(lc_trees)",7.51328073145472,9.91246618306251,0,"landscape",FALSE,11,"2026-06-03 11:57:10"
"Spotted Pardalote","s(cover)",0.966213424216674,9.44538050435377,0,"vegetation",TRUE,12,"2026-06-03 11:57:10"
"Spotted Pardalote","s(elevation)",5.94747470820143,9.24446850521522,0,"landscape",FALSE,13,"2026-06-03 11:57:10"
"Spotted Pardalote","s(mean_fhd)",1.87725561355221,7.22828371467257,3.17472799382656e-06,"vegetation",TRUE,14,"2026-06-03 11:57:10"
"Spotted Pardalote","s(sp_richness)",0.954479516617964,6.95564471314741,1.04059227301612e-06,"vegetation",TRUE,15,"2026-06-03 11:57:10"
"Spotted Pardalote","s(water_occ)",7.07827190587789,6.58164962742516,0,"landscape",FALSE,16,"2026-06-03 11:57:10"
"Spotted Pardalote","s(prop_canopy)",1.74729842241918,5.03445236960142,9.25487612111198e-05,"vegetation",TRUE,17,"2026-06-03 11:57:10"
"Spotted Pardalote","s(FEve)",2.25433076337741,3.58713684815699,0.00266530810393206,"vegetation",TRUE,18,"2026-06-03 11:57:10"
"Spotted Pardalote","s(FRic)",1.74310177667714,3.51952227458934,0.00172369725626453,"vegetation",TRUE,19,"2026-06-03 11:57:10"
"Spotted Pardalote","s(log1p(effort_distance_km))",1.46173198085399,2.06896585407255,0.0144217228857084,"other",FALSE,20,"2026-06-03 11:57:10"
"Spotted Pardalote","s(FDiv)",1.50595734040197,1.43937018090664,0.0494748618963555,"vegetation",TRUE,21,"2026-06-03 11:57:10"
"Spotted Pardalote","s(LA_cwm)",0.00191165796695852,0.000581819941642213,0.349058160798255,"vegetation",TRUE,22,"2026-06-03 11:57:10"
"Spotted Pardalote","s(pielou_evenness)",0.000539038468659059,0.00011393832619857,0.444944922566217,"vegetation",TRUE,23,"2026-06-03 11:57:10"
"Spotted Pardalote","s(number_observers)",0.000252285111929877,1.72726717803547e-05,0.75372575025971,"effort",FALSE,24,"2026-06-03 11:57:10"
"Spotted Pardalote","protocol_type",1,1.15896224392248e-11,0.999997283755645,"effort",FALSE,25,"2026-06-03 11:57:10"
"Little Corella","s(lc_trees)",6.9901540410287,24.8386309922039,0,"landscape",FALSE,1,"2026-06-03 11:58:51"
"Little Corella","s(time_observations_started)",6.29476210724418,23.4500593104669,0,"effort",FALSE,2,"2026-06-03 11:58:51"
"Little Corella","s(gini_simpson)",1.92794672015067,17.5783188619066,0,"vegetation",TRUE,3,"2026-06-03 11:58:51"
"Little Corella","s(log(duration_minutes))",1.86353773354454,14.4372156029509,0,"other",FALSE,4,"2026-06-03 11:58:51"
"Little Corella","s(observer_expertise)",0.983138075301568,14.4044733841146,0,"effort",FALSE,5,"2026-06-03 11:58:51"
"Little Corella","s(log(precip_annual))",7.17881871201643,10.2175582104258,0,"other",FALSE,6,"2026-06-03 11:58:51"
"Little Corella","s(FEve)",1.8659577582736,9.83759350001536,0,"vegetation",TRUE,7,"2026-06-03 11:58:51"
"Little Corella","s(wooddensity_cwm)",1.88579850682166,8.95658623892275,0,"vegetation",TRUE,8,"2026-06-03 11:58:51"
"Little Corella","s(mean_fhd)",1.79047450433615,7.83245356971743,4.46471255854952e-07,"vegetation",TRUE,9,"2026-06-03 11:58:51"
"Little Corella","s(FRic)",2.55123109352916,7.06580558122432,7.09086481487375e-06,"vegetation",TRUE,10,"2026-06-03 11:58:51"
"Little Corella","s(temp_annual)",6.86334534951237,5.4348227622535,0,"landscape",FALSE,11,"2026-06-03 11:58:51"
"Little Corella","s(log1p(nightlights))",6.99585658514024,5.04586481685679,0,"other",FALSE,12,"2026-06-03 11:58:51"
"Little Corella","s(water_occ)",6.33217107968063,4.62775887625661,0,"landscape",FALSE,13,"2026-06-03 11:58:51"
"Little Corella","s(LA_cwm)",1.66036677719617,4.43828980246843,0.000138298699122297,"vegetation",TRUE,14,"2026-06-03 11:58:51"
"Little Corella","s(height_cwm)",2.36614220939765,4.26202682206767,0.00078803671023242,"vegetation",TRUE,15,"2026-06-03 11:58:51"
"Little Corella","s(day_of_year)",4.89148340654853,3.22497155144915,1.93522532214718e-05,"effort",FALSE,16,"2026-06-03 11:58:51"
"Little Corella","s(prop_canopy)",1.70722626241034,3.05541640682125,0.00200161747842942,"vegetation",TRUE,17,"2026-06-03 11:58:51"
"Little Corella","s(log1p(effort_distance_km))",1.17183198927148,1.6537928048542,0.0180414127194923,"other",FALSE,18,"2026-06-03 11:58:51"
"Little Corella","s(sp_richness)",1.38092492686204,1.64615488071957,0.0199340566100958,"vegetation",TRUE,19,"2026-06-03 11:58:51"
"Little Corella","s(cover)",0.74332076616301,0.959283807304322,0.0420842955854845,"vegetation",TRUE,20,"2026-06-03 11:58:51"
"Little Corella","s(elevation)",2.50793484554024,0.819076027571542,0.0190195351634341,"landscape",FALSE,21,"2026-06-03 11:58:51"
"Little Corella","s(pielou_evenness)",0.704399849500553,0.793944882151766,0.0498646940165939,"vegetation",TRUE,22,"2026-06-03 11:58:51"
"Little Corella","s(number_observers)",1.2086551779026,0.784274801175955,0.139108024750866,"effort",FALSE,23,"2026-06-03 11:58:51"
"Little Corella","s(FDiv)",0.000106423933448927,1.38213300777871e-05,0.58309659973503,"vegetation",TRUE,24,"2026-06-03 11:58:51"
"Little Corella","protocol_type",1,5.77603007736518e-13,0.999999393614296,"effort",FALSE,25,"2026-06-03 11:58:51"
"Australian King-Parrot","s(log(duration_minutes))",2.04082806953987,39.0288959023895,0,"other",FALSE,1,"2026-06-03 12:00:55"
"Australian King-Parrot","s(time_observations_started)",6.97736122985224,34.2406973980102,0,"effort",FALSE,2,"2026-06-03 12:00:55"
"Australian King-Parrot","s(observer_expertise)",0.989308618030904,22.9423363430583,0,"effort",FALSE,3,"2026-06-03 12:00:55"
"Australian King-Parrot","s(elevation)",7.50554393460788,20.0487494749089,0,"landscape",FALSE,4,"2026-06-03 12:00:55"
"Australian King-Parrot","s(pielou_evenness)",2.42647135070838,17.2092583055603,0,"vegetation",TRUE,5,"2026-06-03 12:00:55"
"Australian King-Parrot","s(LA_cwm)",2.69403672678435,16.6103115834248,0,"vegetation",TRUE,6,"2026-06-03 12:00:55"
"Australian King-Parrot","s(gini_simpson)",2.92308136001731,16.2323516143128,0,"vegetation",TRUE,7,"2026-06-03 12:00:55"
"Australian King-Parrot","s(FEve)",2.4304292320306,9.55289640854065,1.53743936359696e-07,"vegetation",TRUE,8,"2026-06-03 12:00:55"
"Australian King-Parrot","s(log1p(nightlights))",5.97532025877411,8.75860565034104,0,"other",FALSE,9,"2026-06-03 12:00:55"
"Australian King-Parrot","s(log(precip_annual))",4.7292324753854,8.23593855046789,0,"other",FALSE,10,"2026-06-03 12:00:55"
"Australian King-Parrot","s(water_occ)",6.86520121276596,7.58650185427635,0,"landscape",FALSE,11,"2026-06-03 12:00:55"
"Australian King-Parrot","s(mean_fhd)",1.87469082690463,6.34767409825048,8.16337086961827e-06,"vegetation",TRUE,12,"2026-06-03 12:00:55"
"Australian King-Parrot","s(FDiv)",1.76270647342594,5.77195276784898,3.69651984941655e-05,"vegetation",TRUE,13,"2026-06-03 12:00:55"
"Australian King-Parrot","s(sp_richness)",1.69742014444464,5.00814473773543,6.40327442851252e-05,"vegetation",TRUE,14,"2026-06-03 12:00:55"
"Australian King-Parrot","s(wooddensity_cwm)",1.81070523280828,4.79339175530873,0.000224264443000943,"vegetation",TRUE,15,"2026-06-03 12:00:55"
"Australian King-Parrot","s(cover)",1.74194304819313,4.50659421692516,0.000300647471735749,"vegetation",TRUE,16,"2026-06-03 12:00:55"
"Australian King-Parrot","s(temp_annual)",4.15361099507825,3.7942197136447,0,"landscape",FALSE,17,"2026-06-03 12:00:55"
"Australian King-Parrot","s(height_cwm)",1.63813580362028,3.35901801840586,0.00148233224820171,"vegetation",TRUE,18,"2026-06-03 12:00:55"
"Australian King-Parrot","s(day_of_year)",2.81509282271999,2.9056348560575,4.6754819322814e-06,"effort",FALSE,19,"2026-06-03 12:00:55"
"Australian King-Parrot","s(FRic)",1.44413355823694,2.21507126104292,0.00785148150212012,"vegetation",TRUE,20,"2026-06-03 12:00:55"
"Australian King-Parrot","s(log1p(effort_distance_km))",1.24878771151729,1.2532238404363,0.0483469797199348,"other",FALSE,21,"2026-06-03 12:00:55"
"Australian King-Parrot","s(prop_canopy)",0.651719883012178,0.623498361521699,0.0598974787340993,"vegetation",TRUE,22,"2026-06-03 12:00:55"
"Australian King-Parrot","s(number_observers)",0.000822064100569486,0.000216779226083843,0.375999125486025,"effort",FALSE,23,"2026-06-03 12:00:55"
"Australian King-Parrot","s(lc_trees)",0.000201678081984979,8.36732584713517e-06,0.629705125614937,"landscape",FALSE,24,"2026-06-03 12:00:55"
"Australian King-Parrot","protocol_type",2,6.10275923616914e-11,0.999999999938972,"effort",FALSE,25,"2026-06-03 12:00:55"
"Satin Bowerbird","s(log(duration_minutes))",0.991864296949916,40.1358131498491,0,"other",FALSE,1,"2026-06-03 12:03:03"
"Satin Bowerbird","s(observer_expertise)",2.41895493038151,37.0918045276074,0,"effort",FALSE,2,"2026-06-03 12:03:03"
"Satin Bowerbird","s(log(precip_annual))",5.36338591214595,25.6985688729288,0,"other",FALSE,3,"2026-06-03 12:03:03"
"Satin Bowerbird","s(temp_annual)",6.4228417171423,25.0781004816299,0,"landscape",FALSE,4,"2026-06-03 12:03:03"
"Satin Bowerbird","s(water_occ)",7.43147489815845,23.2786922268658,0,"landscape",FALSE,5,"2026-06-03 12:03:03"
"Satin Bowerbird","s(LA_cwm)",1.94749950941165,21.34817119912,0,"vegetation",TRUE,6,"2026-06-03 12:03:03"
"Satin Bowerbird","s(prop_canopy)",2.71463728553711,14.3436522691931,0,"vegetation",TRUE,7,"2026-06-03 12:03:03"
"Satin Bowerbird","s(height_cwm)",2.13008055357078,13.2952957765764,0,"vegetation",TRUE,8,"2026-06-03 12:03:03"
"Satin Bowerbird","s(time_observations_started)",6.37108574268655,13.2317415922546,0,"effort",FALSE,9,"2026-06-03 12:03:03"
"Satin Bowerbird","s(sp_richness)",2.90517925227647,12.6996189298282,0,"vegetation",TRUE,10,"2026-06-03 12:03:03"
"Satin Bowerbird","s(lc_trees)",7.03525648214184,12.5287451607893,0,"landscape",FALSE,11,"2026-06-03 12:03:03"
"Satin Bowerbird","s(log1p(nightlights))",7.53725363104753,11.0412052310452,0,"other",FALSE,12,"2026-06-03 12:03:03"
"Satin Bowerbird","s(FDiv)",1.84454829110098,10.6223768289992,0,"vegetation",TRUE,13,"2026-06-03 12:03:03"
"Satin Bowerbird","s(FRic)",2.05441188608853,7.97211891620842,1.96036287603008e-06,"vegetation",TRUE,14,"2026-06-03 12:03:03"
"Satin Bowerbird","s(gini_simpson)",2.58673222630846,7.53342762080086,1.88663208589013e-06,"vegetation",TRUE,15,"2026-06-03 12:03:03"
"Satin Bowerbird","s(elevation)",5.7753293557969,3.98224640984735,-5.73234672174294e-07,"landscape",FALSE,16,"2026-06-03 12:03:03"
"Satin Bowerbird","s(log1p(effort_distance_km))",2.12230425262505,3.02637342466539,0.00807779867584535,"other",FALSE,17,"2026-06-03 12:03:03"
"Satin Bowerbird","s(pielou_evenness)",1.61947395018762,3.00882283112646,0.00208123426508244,"vegetation",TRUE,18,"2026-06-03 12:03:03"
"Satin Bowerbird","s(day_of_year)",2.68707542165394,2.6483160248619,1.29189992256196e-05,"effort",FALSE,19,"2026-06-03 12:03:03"
"Satin Bowerbird","s(cover)",1.37246039577749,1.59460000983824,0.0255273756091184,"vegetation",TRUE,20,"2026-06-03 12:03:03"
"Satin Bowerbird","s(FEve)",1.305718715326,1.42427677666799,0.0337184763665539,"vegetation",TRUE,21,"2026-06-03 12:03:03"
"Satin Bowerbird","s(wooddensity_cwm)",0.605617204983089,0.511479455900329,0.100930577633305,"vegetation",TRUE,22,"2026-06-03 12:03:03"
"Satin Bowerbird","s(mean_fhd)",0.000243657721611536,3.73032561987335e-05,0.484748704147626,"vegetation",TRUE,23,"2026-06-03 12:03:03"
"Satin Bowerbird","s(number_observers)",0.000169352774862084,1.22240984047051e-05,0.73471367611301,"effort",FALSE,24,"2026-06-03 12:03:03"
"Satin Bowerbird","protocol_type",1,5.51173622671229e-13,0.999999407649923,"effort",FALSE,25,"2026-06-03 12:03:03"
"Rufous Whistler","s(day_of_year)",7.56980471957313,164.8622213323,0,"effort",FALSE,1,"2026-06-03 12:05:01"
"Rufous Whistler","s(observer_expertise)",2.65942509610937,85.513175471574,0,"effort",FALSE,2,"2026-06-03 12:05:01"
"Rufous Whistler","s(log(duration_minutes))",2.52007812832901,60.410893610766,0,"other",FALSE,3,"2026-06-03 12:05:01"
"Rufous Whistler","s(log1p(nightlights))",6.13173596945942,47.9321514785398,0,"other",FALSE,4,"2026-06-03 12:05:01"
"Rufous Whistler","s(height_cwm)",2.8173180962202,25.6682340816216,0,"vegetation",TRUE,5,"2026-06-03 12:05:01"
"Rufous Whistler","s(water_occ)",7.51392567283852,22.1125264660993,0,"landscape",FALSE,6,"2026-06-03 12:05:01"
"Rufous Whistler","s(FEve)",2.80464536376846,18.6551118169032,0,"vegetation",TRUE,7,"2026-06-03 12:05:01"
"Rufous Whistler","s(FRic)",1.81992380430162,18.5879402837264,0,"vegetation",TRUE,8,"2026-06-03 12:05:01"
"Rufous Whistler","s(cover)",1.67496451607046,12.9096896609758,0,"vegetation",TRUE,9,"2026-06-03 12:05:01"
"Rufous Whistler","s(time_observations_started)",5.35763524187334,12.68373475773,0,"effort",FALSE,10,"2026-06-03 12:05:01"
"Rufous Whistler","s(log(precip_annual))",6.51463096046901,11.0483112312479,0,"other",FALSE,11,"2026-06-03 12:05:01"
"Rufous Whistler","s(gini_simpson)",1.83911869709221,10.0754957443837,0,"vegetation",TRUE,12,"2026-06-03 12:05:01"
"Rufous Whistler","s(lc_trees)",7.98964625201258,9.93327691802301,0,"landscape",FALSE,13,"2026-06-03 12:05:01"
"Rufous Whistler","s(elevation)",5.00154036012034,7.38725247392367,0,"landscape",FALSE,14,"2026-06-03 12:05:01"
"Rufous Whistler","s(sp_richness)",2.03669356359535,6.64836629901283,9.36804700257809e-06,"vegetation",TRUE,15,"2026-06-03 12:05:01"
"Rufous Whistler","s(wooddensity_cwm)",2.54187216877078,6.25282056530696,6.0889502808692e-05,"vegetation",TRUE,16,"2026-06-03 12:05:01"
"Rufous Whistler","s(temp_annual)",6.30842816364778,5.89095471200728,0,"landscape",FALSE,17,"2026-06-03 12:05:01"
"Rufous Whistler","s(log1p(effort_distance_km))",0.942566964360384,5.45417236609928,2.82703014654606e-05,"other",FALSE,18,"2026-06-03 12:05:01"
"Rufous Whistler","s(pielou_evenness)",1.60506272508644,5.08278514504142,3.52138733363816e-05,"vegetation",TRUE,19,"2026-06-03 12:05:01"
"Rufous Whistler","s(number_observers)",1.65039737251174,2.86004232556381,0.00548282629378027,"effort",FALSE,20,"2026-06-03 12:05:01"
"Rufous Whistler","s(FDiv)",1.21473438435681,1.15448753382969,0.0528040734326308,"vegetation",TRUE,21,"2026-06-03 12:05:01"
"Rufous Whistler","s(mean_fhd)",0.448164592139839,0.196477744844318,0.229217423016018,"vegetation",TRUE,22,"2026-06-03 12:05:01"
"Rufous Whistler","s(LA_cwm)",0.000537991236217136,0.000119257619332293,0.443807058002976,"vegetation",TRUE,23,"2026-06-03 12:05:01"
"Rufous Whistler","s(prop_canopy)",0.000164007053892275,1.1327393270796e-05,0.756739433987364,"vegetation",TRUE,24,"2026-06-03 12:05:01"
"Rufous Whistler","protocol_type",2,2.63170666606984e-11,0.999999999973683,"effort",FALSE,25,"2026-06-03 12:05:01"
"Noisy Friarbird","s(log1p(nightlights))",7.5325428554278,65.626106411615,0,"other",FALSE,1,"2026-06-03 12:06:50"
"Noisy Friarbird","s(log(precip_annual))",6.58634945339291,50.6127138352222,0,"other",FALSE,2,"2026-06-03 12:06:50"
"Noisy Friarbird","s(observer_expertise)",2.6211389640565,42.7128445146882,0,"effort",FALSE,3,"2026-06-03 12:06:50"
"Noisy Friarbird","s(log(duration_minutes))",2.47096419408844,38.0090555225694,0,"other",FALSE,4,"2026-06-03 12:06:50"
"Noisy Friarbird","s(temp_annual)",6.93153565922235,23.2694340264954,0,"landscape",FALSE,5,"2026-06-03 12:06:50"
"Noisy Friarbird","s(LA_cwm)",2.8718765956088,19.738911873933,0,"vegetation",TRUE,6,"2026-06-03 12:06:50"
"Noisy Friarbird","s(FRic)",1.91893676296495,16.2656645472101,0,"vegetation",TRUE,7,"2026-06-03 12:06:50"
"Noisy Friarbird","s(lc_trees)",8.21067306342693,14.6796572114666,0,"landscape",FALSE,8,"2026-06-03 12:06:50"
"Noisy Friarbird","s(day_of_year)",6.78641333095117,14.4960831281293,0,"effort",FALSE,9,"2026-06-03 12:06:50"
"Noisy Friarbird","s(time_observations_started)",5.32670181577494,11.220010838852,0,"effort",FALSE,10,"2026-06-03 12:06:50"
"Noisy Friarbird","s(water_occ)",6.67087835790196,10.4302800275465,0,"landscape",FALSE,11,"2026-06-03 12:06:50"
"Noisy Friarbird","s(wooddensity_cwm)",1.91225349363904,10.3313804781446,0,"vegetation",TRUE,12,"2026-06-03 12:06:50"
"Noisy Friarbird","s(height_cwm)",2.45418864541176,9.77198101721797,0,"vegetation",TRUE,13,"2026-06-03 12:06:50"
"Noisy Friarbird","s(FDiv)",1.86298997970035,7.09872428946752,6.88151050276531e-06,"vegetation",TRUE,14,"2026-06-03 12:06:50"
"Noisy Friarbird","s(number_observers)",1.40310575681341,6.61657920709079,6.55464674403916e-06,"effort",FALSE,15,"2026-06-03 12:06:50"
"Noisy Friarbird","s(elevation)",6.60477483061137,5.91711488658918,0,"landscape",FALSE,16,"2026-06-03 12:06:50"
"Noisy Friarbird","s(FEve)",2.72552123572412,5.73187201037932,0.000208069010738443,"vegetation",TRUE,17,"2026-06-03 12:06:50"
"Noisy Friarbird","s(mean_fhd)",1.82989351631061,5.64879928489141,6.39601077212504e-06,"vegetation",TRUE,18,"2026-06-03 12:06:50"
"Noisy Friarbird","s(cover)",1.73474349765134,2.74251515541231,0.00579775639254265,"vegetation",TRUE,19,"2026-06-03 12:06:50"
"Noisy Friarbird","s(sp_richness)",1.65982645168671,2.71842596632399,0.0049207010877893,"vegetation",TRUE,20,"2026-06-03 12:06:50"
"Noisy Friarbird","s(log1p(effort_distance_km))",2.31691272600387,2.68515770657013,0.0173762276074145,"other",FALSE,21,"2026-06-03 12:06:50"
"Noisy Friarbird","s(gini_simpson)",0.836377701536236,1.70184738532872,0.0048572746773542,"vegetation",TRUE,22,"2026-06-03 12:06:50"
"Noisy Friarbird","s(pielou_evenness)",1.40721172812132,1.32076949761887,0.0442316412266072,"vegetation",TRUE,23,"2026-06-03 12:06:50"
"Noisy Friarbird","s(prop_canopy)",0.437858131967692,0.192916252312499,0.201898662594866,"vegetation",TRUE,24,"2026-06-03 12:06:50"
"Noisy Friarbird","protocol_type",2,3.31621460705968e-13,0.999999999999668,"effort",FALSE,25,"2026-06-03 12:06:50"
"Yellow Thornbill","s(observer_expertise)",3.45131180939416,87.9073895052573,0,"effort",FALSE,1,"2026-06-03 12:08:26"
"Yellow Thornbill","s(log(duration_minutes))",0.988484473963245,28.2849186932444,0,"other",FALSE,2,"2026-06-03 12:08:26"
"Yellow Thornbill","s(water_occ)",7.40512891935782,23.2108645219965,0,"landscape",FALSE,3,"2026-06-03 12:08:26"
"Yellow Thornbill","s(pielou_evenness)",2.9011417792884,19.1078190988105,0,"vegetation",TRUE,4,"2026-06-03 12:08:26"
"Yellow Thornbill","s(FEve)",2.43722426646161,14.991525822204,0,"vegetation",TRUE,5,"2026-06-03 12:08:26"
"Yellow Thornbill","s(log(precip_annual))",7.07842879349125,13.5518955904063,0,"other",FALSE,6,"2026-06-03 12:08:26"
"Yellow Thornbill","s(elevation)",5.90719309792682,10.982891619542,0,"landscape",FALSE,7,"2026-06-03 12:08:26"
"Yellow Thornbill","s(lc_trees)",8.0257254324383,10.8801202838881,0,"landscape",FALSE,8,"2026-06-03 12:08:26"
"Yellow Thornbill","s(log1p(nightlights))",8.00679324715487,10.2585734245014,0,"other",FALSE,9,"2026-06-03 12:08:26"
"Yellow Thornbill","s(wooddensity_cwm)",1.85197924755789,9.18085472737529,3.5284562971416e-07,"vegetation",TRUE,10,"2026-06-03 12:08:26"
"Yellow Thornbill","s(LA_cwm)",2.84453073615858,8.98800382421271,1.07879722954785e-06,"vegetation",TRUE,11,"2026-06-03 12:08:26"
"Yellow Thornbill","s(time_observations_started)",6.01653988137416,7.26323967941044,0,"effort",FALSE,12,"2026-06-03 12:08:26"
"Yellow Thornbill","s(prop_canopy)",2.77010851893251,5.65850620153694,7.67576906353096e-05,"vegetation",TRUE,13,"2026-06-03 12:08:26"
"Yellow Thornbill","s(temp_annual)",5.82991150712048,5.64519184284132,0,"landscape",FALSE,14,"2026-06-03 12:08:26"
"Yellow Thornbill","s(day_of_year)",3.08228648050513,4.78006806446229,0,"effort",FALSE,15,"2026-06-03 12:08:26"
"Yellow Thornbill","s(sp_richness)",1.71322198153977,4.39565610004495,0.000336531806447438,"vegetation",TRUE,16,"2026-06-03 12:08:26"
"Yellow Thornbill","s(number_observers)",1.52510988132651,3.1693751251279,0.00207449414291627,"effort",FALSE,17,"2026-06-03 12:08:26"
"Yellow Thornbill","s(mean_fhd)",1.01100500855929,1.81061452636436,0.00876069702938742,"vegetation",TRUE,18,"2026-06-03 12:08:26"
"Yellow Thornbill","s(log1p(effort_distance_km))",0.844022169389925,1.80033116159615,0.0107855520949249,"other",FALSE,19,"2026-06-03 12:08:26"
"Yellow Thornbill","s(cover)",0.820374273843046,1.52051778547873,0.0157072618845699,"vegetation",TRUE,20,"2026-06-03 12:08:26"
"Yellow Thornbill","s(FDiv)",0.899470769985804,0.760050893691095,0.0750135949895885,"vegetation",TRUE,21,"2026-06-03 12:08:26"
"Yellow Thornbill","s(gini_simpson)",0.000178262058479018,5.63337869224386e-05,0.330149190479855,"vegetation",TRUE,22,"2026-06-03 12:08:26"
"Yellow Thornbill","s(FRic)",0.000179197501681805,1.23407063103582e-05,0.738709787496095,"vegetation",TRUE,23,"2026-06-03 12:08:26"
"Yellow Thornbill","s(height_cwm)",0.000174722894924868,8.97385297092997e-06,0.819354015931281,"vegetation",TRUE,24,"2026-06-03 12:08:26"
"Yellow Thornbill","protocol_type",1,3.58976328204394e-13,0.999999521956835,"effort",FALSE,25,"2026-06-03 12:08:26"
"Rock Pigeon","s(log1p(effort_distance_km))",2.78464057886716,24.2229575298039,0,"other",FALSE,1,"2026-06-03 12:09:50"
"Rock Pigeon","s(lc_trees)",6.79324613767713,22.8539642923959,0,"landscape",FALSE,2,"2026-06-03 12:09:50"
"Rock Pigeon","s(log1p(nightlights))",7.4608443485052,19.1399303884381,0,"other",FALSE,3,"2026-06-03 12:09:50"
"Rock Pigeon","s(log(precip_annual))",6.65241272729772,16.1080358958117,0,"other",FALSE,4,"2026-06-03 12:09:50"
"Rock Pigeon","s(water_occ)",5.31364077407595,13.2625439735975,0,"landscape",FALSE,5,"2026-06-03 12:09:50"
"Rock Pigeon","s(elevation)",5.81643949541729,11.5058881319964,0,"landscape",FALSE,6,"2026-06-03 12:09:50"
"Rock Pigeon","s(temp_annual)",7.19029199076005,9.16558641481112,0,"landscape",FALSE,7,"2026-06-03 12:09:50"
"Rock Pigeon","s(wooddensity_cwm)",1.86041575500153,5.62510328271131,6.42281598809413e-05,"vegetation",TRUE,8,"2026-06-03 12:09:50"
"Rock Pigeon","s(FEve)",0.928074228464,4.29110174599344,7.27338069318462e-05,"vegetation",TRUE,9,"2026-06-03 12:09:50"
"Rock Pigeon","s(height_cwm)",1.62635349848695,4.24679109959849,0.000212309674672562,"vegetation",TRUE,10,"2026-06-03 12:09:50"
"Rock Pigeon","s(prop_canopy)",1.67233321922768,3.93704009324443,0.000365459375741062,"vegetation",TRUE,11,"2026-06-03 12:09:50"
"Rock Pigeon","s(time_observations_started)",4.5653846619907,2.74091954154736,9.57684267568482e-05,"effort",FALSE,12,"2026-06-03 12:09:50"
"Rock Pigeon","s(FDiv)",1.53388964483765,2.68235460941938,0.00353721209014157,"vegetation",TRUE,13,"2026-06-03 12:09:50"
"Rock Pigeon","s(gini_simpson)",1.40560087529846,2.32022872448666,0.00271677906302958,"vegetation",TRUE,14,"2026-06-03 12:09:50"
"Rock Pigeon","s(sp_richness)",0.875613526459237,2.31174525004476,0.00139739810160511,"vegetation",TRUE,15,"2026-06-03 12:09:50"
"Rock Pigeon","s(mean_fhd)",0.858493376502071,2.00802623743089,0.00385828825830925,"vegetation",TRUE,16,"2026-06-03 12:09:50"
"Rock Pigeon","s(cover)",0.855055148895137,1.9540167576893,0.00635749147388531,"vegetation",TRUE,17,"2026-06-03 12:09:50"
"Rock Pigeon","s(pielou_evenness)",1.37235880957051,1.72882569164075,0.0114564357841147,"vegetation",TRUE,18,"2026-06-03 12:09:50"
"Rock Pigeon","s(number_observers)",1.22918824730537,1.55548875244392,0.0231187337964971,"effort",FALSE,19,"2026-06-03 12:09:50"
"Rock Pigeon","s(log(duration_minutes))",9.26058054500639e-05,1.41461190061402e-05,0.580423222594747,"other",FALSE,20,"2026-06-03 12:09:50"
"Rock Pigeon","s(observer_expertise)",7.71948748922406e-05,6.31247035286305e-06,0.656582763100019,"effort",FALSE,21,"2026-06-03 12:09:50"
"Rock Pigeon","s(LA_cwm)",1.67114237950767e-05,5.74299582181586e-06,0.273735877658418,"vegetation",TRUE,22,"2026-06-03 12:09:50"
"Rock Pigeon","s(day_of_year)",5.75404956026561e-05,4.12064739581878e-06,0.578273864800743,"effort",FALSE,23,"2026-06-03 12:09:50"
"Rock Pigeon","s(FRic)",5.54021563550936e-05,6.42842375486452e-07,0.942689791644501,"vegetation",TRUE,24,"2026-06-03 12:09:50"
"Rock Pigeon","protocol_type",1,3.91099491489716e-13,0.999999501026074,"effort",FALSE,25,"2026-06-03 12:09:50"
"Pied Butcherbird","s(temp_annual)",5.90359247940865,33.0116440621413,0,"landscape",FALSE,1,"2026-06-03 10:55:05"
"Pied Butcherbird","s(log1p(nightlights))",5.96446294209596,18.8453086467569,0,"other",FALSE,2,"2026-06-03 10:55:05"
"Pied Butcherbird","s(observer_expertise)",2.63798939123391,16.2273005739905,0,"effort",FALSE,3,"2026-06-03 10:55:05"
"Pied Butcherbird","s(log(duration_minutes))",1.87646875344485,14.7791448292137,0,"other",FALSE,4,"2026-06-03 10:55:05"
"Pied Butcherbird","s(elevation)",4.50608493479451,11.8278751961494,0,"landscape",FALSE,5,"2026-06-03 10:55:05"
"Pied Butcherbird","s(sp_richness)",1.88889449258978,11.101300713485,0,"vegetation",TRUE,6,"2026-06-03 10:55:05"
"Pied Butcherbird","s(time_observations_started)",3.88680953075718,10.0255620679919,0,"effort",FALSE,7,"2026-06-03 10:55:05"
"Pied Butcherbird","s(height_cwm)",1.87714893401739,9.05173155911564,6.95557670793434e-07,"vegetation",TRUE,8,"2026-06-03 10:55:05"
"Pied Butcherbird","s(FRic)",1.74560310766305,7.62828988961084,1.34775657645303e-06,"vegetation",TRUE,9,"2026-06-03 10:55:05"
"Pied Butcherbird","s(log(precip_annual))",6.91602450592397,6.50651364687288,0,"other",FALSE,10,"2026-06-03 10:55:05"
"Pied Butcherbird","s(lc_trees)",5.01291872563478,5.91119946534784,0,"landscape",FALSE,11,"2026-06-03 10:55:05"
"Pied Butcherbird","s(water_occ)",5.66004977986074,5.70333295472727,0,"landscape",FALSE,12,"2026-06-03 10:55:05"
"Pied Butcherbird","s(FDiv)",0.935088821833935,4.78771418504945,3.90514486104943e-05,"vegetation",TRUE,13,"2026-06-03 10:55:05"
"Pied Butcherbird","s(LA_cwm)",1.66246981944045,4.51213089713066,0.000132387947467949,"vegetation",TRUE,14,"2026-06-03 10:55:05"
"Pied Butcherbird","s(log1p(effort_distance_km))",0.922288727096719,3.93906763505227,0.000286731061273193,"other",FALSE,15,"2026-06-03 10:55:05"
"Pied Butcherbird","s(day_of_year)",2.94384383544784,2.3518526539448,6.98703831912839e-05,"effort",FALSE,16,"2026-06-03 10:55:05"
"Pied Butcherbird","s(wooddensity_cwm)",1.33600057041556,1.85040949261227,0.0126666975580014,"vegetation",TRUE,17,"2026-06-03 10:55:05"
"Pied Butcherbird","s(pielou_evenness)",1.52798985723149,1.83228437453332,0.0113853202629697,"vegetation",TRUE,18,"2026-06-03 10:55:05"
"Pied Butcherbird","s(cover)",1.32309887827357,1.56048994231613,0.0214680320548331,"vegetation",TRUE,19,"2026-06-03 10:55:05"
"Pied Butcherbird","s(prop_canopy)",1.40905294255191,1.03853059642728,0.0932773609076681,"vegetation",TRUE,20,"2026-06-03 10:55:05"
"Pied Butcherbird","s(number_observers)",1.03870928094216,0.901504684209147,0.0763498627943429,"effort",FALSE,21,"2026-06-03 10:55:05"
"Pied Butcherbird","s(gini_simpson)",0.963432504362607,0.754937275388758,0.0525672436085471,"vegetation",TRUE,22,"2026-06-03 10:55:05"
"Pied Butcherbird","s(mean_fhd)",7.59238181694438e-05,1.10544265374863e-05,0.457301070207516,"vegetation",TRUE,23,"2026-06-03 10:55:05"
"Pied Butcherbird","s(FEve)",7.1139781504666e-05,1.01803807298396e-06,0.940959296479419,"vegetation",TRUE,24,"2026-06-03 10:55:05"
"Pied Butcherbird","protocol_type",1,1.89730443149396e-13,0.999999652461633,"effort",FALSE,25,"2026-06-03 10:55:05"
"Australasian Figbird","s(observer_expertise)",2.06956876179747,34.1396919796422,0,"effort",FALSE,1,"2026-06-03 10:57:01"
"Australasian Figbird","s(log(duration_minutes))",0.983936476800273,20.1644926816822,0,"other",FALSE,2,"2026-06-03 10:57:01"
"Australasian Figbird","s(cover)",2.76272077814204,16.2951986434019,0,"vegetation",TRUE,3,"2026-06-03 10:57:01"
"Australasian Figbird","s(LA_cwm)",2.7356122129696,13.318102624345,0,"vegetation",TRUE,4,"2026-06-03 10:57:01"
"Australasian Figbird","s(temp_annual)",3.68447335850703,11.8040729525611,0,"landscape",FALSE,5,"2026-06-03 10:57:01"
"Australasian Figbird","s(water_occ)",7.17990291888291,7.69911769734408,0,"landscape",FALSE,6,"2026-06-03 10:57:01"
"Australasian Figbird","s(height_cwm)",1.83126015788597,7.3828408185564,2.84096234626219e-06,"vegetation",TRUE,7,"2026-06-03 10:57:01"
"Australasian Figbird","s(mean_fhd)",1.88522874417998,6.7777441678751,4.60775929633783e-06,"vegetation",TRUE,8,"2026-06-03 10:57:01"
"Australasian Figbird","s(log1p(nightlights))",6.40515026617798,6.69456535399192,0,"other",FALSE,9,"2026-06-03 10:57:01"
"Australasian Figbird","s(prop_canopy)",2.22932561827078,6.25811517062577,1.44705306532877e-05,"vegetation",TRUE,10,"2026-06-03 10:57:01"
"Australasian Figbird","s(wooddensity_cwm)",1.86062833214752,5.60676208955622,5.90977997818598e-05,"vegetation",TRUE,11,"2026-06-03 10:57:01"
"Australasian Figbird","s(day_of_year)",4.49821370829733,5.51546023736912,0,"effort",FALSE,12,"2026-06-03 10:57:01"
"Australasian Figbird","s(gini_simpson)",2.56449147296784,5.50080110263668,5.95017606046522e-05,"vegetation",TRUE,13,"2026-06-03 10:57:01"
"Australasian Figbird","s(log(precip_annual))",5.41146825313012,5.40922139279135,0,"other",FALSE,14,"2026-06-03 10:57:01"
"Australasian Figbird","s(sp_richness)",0.934875347112512,4.76350751143492,3.46352924596172e-05,"vegetation",TRUE,15,"2026-06-03 10:57:01"
"Australasian Figbird","s(FRic)",2.06849880784471,4.72264018318248,0.000307332501777502,"vegetation",TRUE,16,"2026-06-03 10:57:01"
"Australasian Figbird","s(time_observations_started)",4.35079326459441,4.53722434395817,0,"effort",FALSE,17,"2026-06-03 10:57:01"
"Australasian Figbird","s(pielou_evenness)",2.02454030578363,3.05809627662422,0.00282581671903492,"vegetation",TRUE,18,"2026-06-03 10:57:01"
"Australasian Figbird","s(number_observers)",0.863627608583763,2.10702528648707,0.00659490159116238,"effort",FALSE,19,"2026-06-03 10:57:01"
"Australasian Figbird","s(lc_trees)",0.947627703230937,1.99593586573779,7.02102236926905e-06,"landscape",FALSE,20,"2026-06-03 10:57:01"
"Australasian Figbird","s(FDiv)",0.541888472519479,0.30605064459251,0.164136624050166,"vegetation",TRUE,21,"2026-06-03 10:57:01"
"Australasian Figbird","s(log1p(effort_distance_km))",0.00061512864521683,0.000180167101950661,0.389556101158646,"other",FALSE,22,"2026-06-03 10:57:01"
"Australasian Figbird","s(FEve)",6.78586362330726e-05,1.1112005070188e-05,0.471535399745813,"vegetation",TRUE,23,"2026-06-03 10:57:01"
"Australasian Figbird","s(elevation)",3.08496937121624e-05,6.58923613783186e-06,0.130282933275776,"landscape",FALSE,24,"2026-06-03 10:57:01"
"Australasian Figbird","protocol_type",1,3.86754538458748e-13,0.999999503805488,"effort",FALSE,25,"2026-06-03 10:57:01"
"White-plumed Honeyeater","s(observer_expertise)",1.94583636626978,45.4937769834971,0,"effort",FALSE,1,"2026-06-03 10:58:51"
"White-plumed Honeyeater","s(sp_richness)",1.95690261488881,40.4179489944322,0,"vegetation",TRUE,2,"2026-06-03 10:58:51"
"White-plumed Honeyeater","s(log(precip_annual))",6.2724874980677,27.9321279984963,0,"other",FALSE,3,"2026-06-03 10:58:51"
"White-plumed Honeyeater","s(log(duration_minutes))",1.28123894031417,26.0734140298545,0,"other",FALSE,4,"2026-06-03 10:58:51"
"White-plumed Honeyeater","s(FRic)",1.88876411148342,22.2632965216219,0,"vegetation",TRUE,5,"2026-06-03 10:58:51"
"White-plumed Honeyeater","s(log1p(nightlights))",8.25858800356678,17.3193524147478,0,"other",FALSE,6,"2026-06-03 10:58:51"
"White-plumed Honeyeater","s(temp_annual)",6.46221063857375,16.3605554223765,0,"landscape",FALSE,7,"2026-06-03 10:58:51"
"White-plumed Honeyeater","s(gini_simpson)",1.91562824212332,13.5555510438053,0,"vegetation",TRUE,8,"2026-06-03 10:58:51"
"White-plumed Honeyeater","s(cover)",1.88859539769287,12.3074055466245,0,"vegetation",TRUE,9,"2026-06-03 10:58:51"
"White-plumed Honeyeater","s(elevation)",7.15409252954008,10.4127769846462,0,"landscape",FALSE,10,"2026-06-03 10:58:51"
"White-plumed Honeyeater","s(FEve)",1.98559116570734,8.51548441431076,6.1329278322475e-07,"vegetation",TRUE,11,"2026-06-03 10:58:51"
"White-plumed Honeyeater","s(lc_trees)",7.46604380675817,6.73491435925215,0,"landscape",FALSE,12,"2026-06-03 10:58:51"
"White-plumed Honeyeater","s(pielou_evenness)",1.84140280797115,6.08924361557157,2.73691392055353e-05,"vegetation",TRUE,13,"2026-06-03 10:58:51"
"White-plumed Honeyeater","s(water_occ)",2.61509074448397,5.83639977656972,0,"landscape",FALSE,14,"2026-06-03 10:58:51"
"White-plumed Honeyeater","s(FDiv)",1.80592845648151,4.52539541175985,0.000300571749803247,"vegetation",TRUE,15,"2026-06-03 10:58:51"
"White-plumed Honeyeater","s(wooddensity_cwm)",0.930661006551008,4.47081001165542,0.000105837387402108,"vegetation",TRUE,16,"2026-06-03 10:58:51"
"White-plumed Honeyeater","s(log1p(effort_distance_km))",1.67591431376752,3.54172444077383,0.00155837497142808,"other",FALSE,17,"2026-06-03 10:58:51"
"White-plumed Honeyeater","s(day_of_year)",3.08669824152324,3.4660281132791,-4.1558724728219e-07,"effort",FALSE,18,"2026-06-03 10:58:51"
"White-plumed Honeyeater","s(time_observations_started)",5.75869361447381,3.1086306611334,0.000111241032698994,"effort",FALSE,19,"2026-06-03 10:58:51"
"White-plumed Honeyeater","s(mean_fhd)",0.874444455947319,2.32017092106869,0.00188186376221944,"vegetation",TRUE,20,"2026-06-03 10:58:51"
"White-plumed Honeyeater","s(height_cwm)",1.1864766928469,1.23777829061771,0.0348557568212349,"vegetation",TRUE,21,"2026-06-03 10:58:51"
"White-plumed Honeyeater","s(number_observers)",0.690883968897228,0.74477762226163,0.0710563747864312,"effort",FALSE,22,"2026-06-03 10:58:51"
"White-plumed Honeyeater","s(prop_canopy)",0.443028841064193,0.213416755669845,0.195299229781491,"vegetation",TRUE,23,"2026-06-03 10:58:51"
"White-plumed Honeyeater","s(LA_cwm)",0.000236209826306599,5.37492836002896e-05,0.401230745639617,"vegetation",TRUE,24,"2026-06-03 10:58:51"
"White-plumed Honeyeater","protocol_type",2,1.46812877543742e-11,0.999999999985319,"effort",FALSE,25,"2026-06-03 10:58:51"
"New Holland Honeyeater","s(temp_annual)",7.75710321489624,84.3486575549975,0,"landscape",FALSE,1,"2026-06-03 11:00:28"
"New Holland Honeyeater","s(log(duration_minutes))",2.48343460695795,83.1626647416015,0,"other",FALSE,2,"2026-06-03 11:00:28"
"New Holland Honeyeater","s(observer_expertise)",3.14639175737041,58.7817976409482,0,"effort",FALSE,3,"2026-06-03 11:00:28"
"New Holland Honeyeater","s(wooddensity_cwm)",2.94023054353157,47.6165244304745,0,"vegetation",TRUE,4,"2026-06-03 11:00:28"
"New Holland Honeyeater","s(cover)",2.94096101710114,42.0872866614379,0,"vegetation",TRUE,5,"2026-06-03 11:00:28"
"New Holland Honeyeater","s(elevation)",7.52890429971932,35.2347198941967,0,"landscape",FALSE,6,"2026-06-03 11:00:28"
"New Holland Honeyeater","s(lc_trees)",7.86053915605204,32.4772619035615,0,"landscape",FALSE,7,"2026-06-03 11:00:28"
"New Holland Honeyeater","s(LA_cwm)",1.96212043341984,31.9302953178741,0,"vegetation",TRUE,8,"2026-06-03 11:00:28"
"New Holland Honeyeater","s(FEve)",1.89243476603113,30.7425245470133,0,"vegetation",TRUE,9,"2026-06-03 11:00:28"
"New Holland Honeyeater","s(log1p(nightlights))",7.73389965194122,29.5595115630607,0,"other",FALSE,10,"2026-06-03 11:00:28"
"New Holland Honeyeater","s(FRic)",1.96490019717121,27.3858251752179,0,"vegetation",TRUE,11,"2026-06-03 11:00:28"
"New Holland Honeyeater","s(mean_fhd)",1.96709260438142,26.8103777139499,0,"vegetation",TRUE,12,"2026-06-03 11:00:28"
"New Holland Honeyeater","s(FDiv)",1.90978708247257,23.6801974163797,0,"vegetation",TRUE,13,"2026-06-03 11:00:28"
"New Holland Honeyeater","s(log(precip_annual))",5.63300718532505,23.4235814275027,0,"other",FALSE,14,"2026-06-03 11:00:28"
"New Holland Honeyeater","s(height_cwm)",2.89836885540039,22.1856649100432,0,"vegetation",TRUE,15,"2026-06-03 11:00:28"
"New Holland Honeyeater","s(water_occ)",6.79417016169919,20.628860213679,0,"landscape",FALSE,16,"2026-06-03 11:00:28"
"New Holland Honeyeater","s(gini_simpson)",2.59661215088293,15.0855584082217,0,"vegetation",TRUE,17,"2026-06-03 11:00:28"
"New Holland Honeyeater","s(prop_canopy)",1.90552769693578,11.9577467882846,0,"vegetation",TRUE,18,"2026-06-03 11:00:28"
"New Holland Honeyeater","s(pielou_evenness)",2.78920813490734,7.76632760853682,6.63969249847796e-06,"vegetation",TRUE,19,"2026-06-03 11:00:28"
"New Holland Honeyeater","s(day_of_year)",5.12036861770938,7.6530456549145,0,"effort",FALSE,20,"2026-06-03 11:00:28"
"New Holland Honeyeater","s(time_observations_started)",5.64555966707084,6.28884713620983,0,"effort",FALSE,21,"2026-06-03 11:00:28"
"New Holland Honeyeater","s(log1p(effort_distance_km))",1.65219883175127,4.76004721975838,0.000172804869861709,"other",FALSE,22,"2026-06-03 11:00:28"
"New Holland Honeyeater","s(number_observers)",1.34016031166702,1.92572932205063,0.0140912683200152,"effort",FALSE,23,"2026-06-03 11:00:28"
"New Holland Honeyeater","s(sp_richness)",0.396238325504425,0.183637042845056,0.218862135722546,"vegetation",TRUE,24,"2026-06-03 11:00:28"
"New Holland Honeyeater","protocol_type",1,4.79765887352316e-11,0.999994473516407,"effort",FALSE,25,"2026-06-03 11:00:28"
"Olive-backed Oriole","s(day_of_year)",6.39363377246611,100.246417114006,0,"effort",FALSE,1,"2026-06-03 11:02:46"
"Olive-backed Oriole","s(observer_expertise)",0.996205406997812,64.3537678416367,0,"effort",FALSE,2,"2026-06-03 11:02:46"
"Olive-backed Oriole","s(log(duration_minutes))",2.2523076252961,45.7502970160102,0,"other",FALSE,3,"2026-06-03 11:02:46"
"Olive-backed Oriole","s(log(precip_annual))",5.89979765278942,19.2026729681344,0,"other",FALSE,4,"2026-06-03 11:02:46"
"Olive-backed Oriole","s(time_observations_started)",6.24712746399832,13.9301817966252,0,"effort",FALSE,5,"2026-06-03 11:02:46"
"Olive-backed Oriole","s(temp_annual)",6.42907700691302,11.2558002821923,0,"landscape",FALSE,6,"2026-06-03 11:02:46"
"Olive-backed Oriole","s(mean_fhd)",1.89887876369225,11.1587774507532,0,"vegetation",TRUE,7,"2026-06-03 11:02:46"
"Olive-backed Oriole","s(LA_cwm)",1.85917253184173,6.99375433551267,3.4343521320146e-06,"vegetation",TRUE,8,"2026-06-03 11:02:46"
"Olive-backed Oriole","s(log1p(nightlights))",7.08971077715047,6.73378307955683,0,"other",FALSE,9,"2026-06-03 11:02:46"
"Olive-backed Oriole","s(lc_trees)",4.72111497290227,5.52335742967462,0,"landscape",FALSE,10,"2026-06-03 11:02:46"
"Olive-backed Oriole","s(cover)",1.6903295112533,4.36546655097427,0.000253368216873273,"vegetation",TRUE,11,"2026-06-03 11:02:46"
"Olive-backed Oriole","s(gini_simpson)",2.23863818681214,3.75567778629428,0.000737430081953372,"vegetation",TRUE,12,"2026-06-03 11:02:46"
"Olive-backed Oriole","s(log1p(effort_distance_km))",1.67617466906323,3.3987737551867,0.00220924010988477,"other",FALSE,13,"2026-06-03 11:02:46"
"Olive-backed Oriole","s(water_occ)",5.79410401774245,3.31315141976689,3.54971415195138e-06,"landscape",FALSE,14,"2026-06-03 11:02:46"
"Olive-backed Oriole","s(FDiv)",1.68433279169378,3.14404661694511,0.00252401813372694,"vegetation",TRUE,15,"2026-06-03 11:02:46"
"Olive-backed Oriole","s(prop_canopy)",2.2082855961864,3.09416074088386,0.00405343864517027,"vegetation",TRUE,16,"2026-06-03 11:02:46"
"Olive-backed Oriole","s(FRic)",1.65667933804525,2.49396279595415,0.00647130653327577,"vegetation",TRUE,17,"2026-06-03 11:02:46"
"Olive-backed Oriole","s(sp_richness)",1.42114582528136,2.18322885614344,0.00536523980273296,"vegetation",TRUE,18,"2026-06-03 11:02:46"
"Olive-backed Oriole","s(height_cwm)",1.56794237226004,1.76573290695006,0.0259137779049532,"vegetation",TRUE,19,"2026-06-03 11:02:46"
"Olive-backed Oriole","s(pielou_evenness)",1.30986213708238,1.27242266868777,0.029390877817683,"vegetation",TRUE,20,"2026-06-03 11:02:46"
"Olive-backed Oriole","s(elevation)",1.77111635047568,0.763671079761875,0.00908558289690564,"landscape",FALSE,21,"2026-06-03 11:02:46"
"Olive-backed Oriole","s(number_observers)",0.000220601674033216,1.78663349413e-05,0.724570469444031,"effort",FALSE,22,"2026-06-03 11:02:46"
"Olive-backed Oriole","s(wooddensity_cwm)",0.00019307220936372,9.81336843553516e-06,0.793068827151546,"vegetation",TRUE,23,"2026-06-03 11:02:46"
"Olive-backed Oriole","s(FEve)",0.000159611529002426,7.39961544176704e-06,0.791632122553263,"vegetation",TRUE,24,"2026-06-03 11:02:46"
"Olive-backed Oriole","protocol_type",2,3.52638895863186e-13,0.999999999999647,"effort",FALSE,25,"2026-06-03 11:02:46"
"Sacred Kingfisher","s(day_of_year)",7.54097491878498,165.566385309548,0,"effort",FALSE,1,"2026-06-03 11:04:37"
"Sacred Kingfisher","s(observer_expertise)",2.50621566622875,48.448822393909,0,"effort",FALSE,2,"2026-06-03 11:04:37"
"Sacred Kingfisher","s(log(duration_minutes))",0.992897273879703,45.7744792452016,0,"other",FALSE,3,"2026-06-03 11:04:37"
"Sacred Kingfisher","s(mean_fhd)",1.97326393955441,28.3689660488493,0,"vegetation",TRUE,4,"2026-06-03 11:04:37"
"Sacred Kingfisher","s(prop_canopy)",2.65549747059823,20.8401396615159,0,"vegetation",TRUE,5,"2026-06-03 11:04:37"
"Sacred Kingfisher","s(cover)",2.84561583108334,20.2234442830105,0,"vegetation",TRUE,6,"2026-06-03 11:04:37"
"Sacred Kingfisher","s(lc_trees)",5.04967986088803,17.6398797071927,0,"landscape",FALSE,7,"2026-06-03 11:04:37"
"Sacred Kingfisher","s(sp_richness)",1.89037652675725,15.3988389491362,0,"vegetation",TRUE,8,"2026-06-03 11:04:37"
"Sacred Kingfisher","s(log(precip_annual))",6.2977375367651,12.3985972687504,0,"other",FALSE,9,"2026-06-03 11:04:37"
"Sacred Kingfisher","s(log1p(nightlights))",7.42592012279445,11.3193621189201,0,"other",FALSE,10,"2026-06-03 11:04:37"
"Sacred Kingfisher","s(LA_cwm)",2.10449588872797,9.47086952250744,0,"vegetation",TRUE,11,"2026-06-03 11:04:37"
"Sacred Kingfisher","s(temp_annual)",5.39210630913802,9.23663787185405,0,"landscape",FALSE,12,"2026-06-03 11:04:37"
"Sacred Kingfisher","s(FRic)",1.68354404728626,7.06265167887658,2.57307761919456e-06,"vegetation",TRUE,13,"2026-06-03 11:04:37"
"Sacred Kingfisher","s(wooddensity_cwm)",2.26717617463753,6.38400149609212,2.71415903362326e-05,"vegetation",TRUE,14,"2026-06-03 11:04:37"
"Sacred Kingfisher","s(time_observations_started)",4.10884121637192,5.45906258828198,0,"effort",FALSE,15,"2026-06-03 11:04:37"
"Sacred Kingfisher","s(height_cwm)",1.81146568369157,4.64442805708381,0.000272810438250892,"vegetation",TRUE,16,"2026-06-03 11:04:37"
"Sacred Kingfisher","s(FEve)",1.78470664614334,3.43917922730598,0.0019643105450734,"vegetation",TRUE,17,"2026-06-03 11:04:37"
"Sacred Kingfisher","s(water_occ)",5.4924449906006,3.04230443901742,1.63604139639117e-05,"landscape",FALSE,18,"2026-06-03 11:04:37"
"Sacred Kingfisher","s(FDiv)",0.790457707455407,1.25683406436986,0.0257452385412114,"vegetation",TRUE,19,"2026-06-03 11:04:37"
"Sacred Kingfisher","s(log1p(effort_distance_km))",0.732920786888737,0.78504640077172,0.0672390321961172,"other",FALSE,20,"2026-06-03 11:04:37"
"Sacred Kingfisher","s(gini_simpson)",0.659927746835007,0.646346864410237,0.0710566063612454,"vegetation",TRUE,21,"2026-06-03 11:04:37"
"Sacred Kingfisher","s(elevation)",1.41898706757175,0.570050521351565,0.0162196426608672,"landscape",FALSE,22,"2026-06-03 11:04:37"
"Sacred Kingfisher","s(number_observers)",0.000177106368221731,1.97363552808235e-05,0.646046615912814,"effort",FALSE,23,"2026-06-03 11:04:37"
"Sacred Kingfisher","s(pielou_evenness)",9.48109954414679e-05,9.22872672181814e-06,0.625266805277164,"vegetation",TRUE,24,"2026-06-03 11:04:37"
"Sacred Kingfisher","protocol_type",2,3.6689254463511e-12,0.999999999996331,"effort",FALSE,25,"2026-06-03 11:04:37"
"Yellow-tailed Black-Cockatoo","s(log(duration_minutes))",2.12368942630964,40.2701930572104,0,"other",FALSE,1,"2026-06-03 11:06:24"
"Yellow-tailed Black-Cockatoo","s(height_cwm)",2.50888946647556,14.0486350711487,0,"vegetation",TRUE,2,"2026-06-03 11:06:24"
"Yellow-tailed Black-Cockatoo","s(day_of_year)",4.35117005319315,10.0445516615553,0,"effort",FALSE,3,"2026-06-03 11:06:24"
"Yellow-tailed Black-Cockatoo","s(wooddensity_cwm)",2.69712929082574,9.62577481255428,2.11873432243159e-07,"vegetation",TRUE,4,"2026-06-03 11:06:24"
"Yellow-tailed Black-Cockatoo","s(temp_annual)",6.75120449890116,9.26288093340108,0,"landscape",FALSE,5,"2026-06-03 11:06:24"
"Yellow-tailed Black-Cockatoo","s(log(precip_annual))",4.74860193032813,9.19107494574918,0,"other",FALSE,6,"2026-06-03 11:06:24"
"Yellow-tailed Black-Cockatoo","s(log1p(nightlights))",4.68886639759758,8.19888663831997,0,"other",FALSE,7,"2026-06-03 11:06:24"
"Yellow-tailed Black-Cockatoo","s(time_observations_started)",5.6837411484371,8.09705409617084,0,"effort",FALSE,8,"2026-06-03 11:06:24"
"Yellow-tailed Black-Cockatoo","s(cover)",2.15861798018727,7.85362464995634,1.3406148446915e-06,"vegetation",TRUE,9,"2026-06-03 11:06:24"
"Yellow-tailed Black-Cockatoo","s(FEve)",1.9238407625243,6.30001866073724,1.27071202022933e-05,"vegetation",TRUE,10,"2026-06-03 11:06:24"
"Yellow-tailed Black-Cockatoo","s(water_occ)",3.38663047035013,5.29448336182477,0,"landscape",FALSE,11,"2026-06-03 11:06:24"
"Yellow-tailed Black-Cockatoo","s(mean_fhd)",1.55519277891444,5.22696982282868,1.6139087286704e-05,"vegetation",TRUE,12,"2026-06-03 11:06:24"
"Yellow-tailed Black-Cockatoo","s(elevation)",3.42697434463684,5.05277440078193,0,"landscape",FALSE,13,"2026-06-03 11:06:24"
"Yellow-tailed Black-Cockatoo","s(FDiv)",2.0248855726322,4.77077488735645,0.000238850042115546,"vegetation",TRUE,14,"2026-06-03 11:06:24"
"Yellow-tailed Black-Cockatoo","s(lc_trees)",2.86720145243426,3.03061665540069,1.35466543094154e-06,"landscape",FALSE,15,"2026-06-03 11:06:24"
"Yellow-tailed Black-Cockatoo","s(FRic)",1.47206689052395,2.47775014388904,0.00605286699566054,"vegetation",TRUE,16,"2026-06-03 11:06:24"
"Yellow-tailed Black-Cockatoo","s(LA_cwm)",0.866730479028052,2.16430716729772,0.0046287116330771,"vegetation",TRUE,17,"2026-06-03 11:06:24"
"Yellow-tailed Black-Cockatoo","s(observer_expertise)",0.882022953181486,1.86551917372353,0.00327707140144895,"effort",FALSE,18,"2026-06-03 11:06:24"
"Yellow-tailed Black-Cockatoo","s(log1p(effort_distance_km))",1.16778308195882,0.831207285818525,0.11145855894333,"other",FALSE,19,"2026-06-03 11:06:24"
"Yellow-tailed Black-Cockatoo","s(prop_canopy)",0.625535962944005,0.556719320429672,0.028152676834312,"vegetation",TRUE,20,"2026-06-03 11:06:24"
"Yellow-tailed Black-Cockatoo","s(number_observers)",0.195186658727825,0.0808106167870061,0.262053565307331,"effort",FALSE,21,"2026-06-03 11:06:24"
"Yellow-tailed Black-Cockatoo","s(sp_richness)",0.000152196712443081,2.73988646510231e-05,0.430494433859813,"vegetation",TRUE,22,"2026-06-03 11:06:24"
"Yellow-tailed Black-Cockatoo","s(pielou_evenness)",0.000146985522519157,2.66565524845318e-05,0.472663936853861,"vegetation",TRUE,23,"2026-06-03 11:06:24"
"Yellow-tailed Black-Cockatoo","s(gini_simpson)",9.44722254355785e-05,1.11093413644369e-05,0.622283075883458,"vegetation",TRUE,24,"2026-06-03 11:06:24"
"Yellow-tailed Black-Cockatoo","protocol_type",1,1.5804574480816e-10,0.999989969429292,"effort",FALSE,25,"2026-06-03 11:06:24"
"Red-rumped Parrot","s(log(precip_annual))",5.45980469523448,20.2972197171498,0,"other",FALSE,1,"2026-06-03 11:08:16"
"Red-rumped Parrot","s(log1p(nightlights))",7.40743480200825,16.442550602262,0,"other",FALSE,2,"2026-06-03 11:08:16"
"Red-rumped Parrot","s(FEve)",2.63864806837513,10.7417191397285,0,"vegetation",TRUE,3,"2026-06-03 11:08:16"
"Red-rumped Parrot","s(sp_richness)",1.87087065964192,10.5948868366983,0,"vegetation",TRUE,4,"2026-06-03 11:08:16"
"Red-rumped Parrot","s(observer_expertise)",1.92683902057792,10.045970878618,0,"effort",FALSE,5,"2026-06-03 11:08:16"
"Red-rumped Parrot","s(lc_trees)",5.58760507089309,9.3215149932601,0,"landscape",FALSE,6,"2026-06-03 11:08:16"
"Red-rumped Parrot","s(height_cwm)",1.78100810229684,8.046373839065,3.26513547754814e-07,"vegetation",TRUE,7,"2026-06-03 11:08:16"
"Red-rumped Parrot","s(cover)",0.956261295817992,7.26489864472429,1.04329197991859e-06,"vegetation",TRUE,8,"2026-06-03 11:08:16"
"Red-rumped Parrot","s(log1p(effort_distance_km))",1.35386794911748,7.26368266756484,1.94675229980845e-06,"other",FALSE,9,"2026-06-03 11:08:16"
"Red-rumped Parrot","s(log(duration_minutes))",1.80793181722604,7.17892435566951,4.7965587045562e-06,"other",FALSE,10,"2026-06-03 11:08:16"
"Red-rumped Parrot","s(temp_annual)",7.01402482706854,7.15776538318582,0,"landscape",FALSE,11,"2026-06-03 11:08:16"
"Red-rumped Parrot","s(elevation)",5.42462228428153,6.02512365187477,0,"landscape",FALSE,12,"2026-06-03 11:08:16"
"Red-rumped Parrot","s(LA_cwm)",1.45461350282813,2.65294478048002,0.00288788102466331,"vegetation",TRUE,13,"2026-06-03 11:08:16"
"Red-rumped Parrot","s(FRic)",1.45220469931495,2.08433318138804,0.0115939455740179,"vegetation",TRUE,14,"2026-06-03 11:08:16"
"Red-rumped Parrot","s(prop_canopy)",1.43763687254043,2.04573328648595,0.0110541675635674,"vegetation",TRUE,15,"2026-06-03 11:08:16"
"Red-rumped Parrot","s(time_observations_started)",3.20948084653105,2.01280698544802,0.000397610390572734,"effort",FALSE,16,"2026-06-03 11:08:16"
"Red-rumped Parrot","s(gini_simpson)",1.34235611495326,1.98164020066989,0.00381783380803147,"vegetation",TRUE,17,"2026-06-03 11:08:16"
"Red-rumped Parrot","s(day_of_year)",3.01648594878514,1.41369365170746,0.0042585665546705,"effort",FALSE,18,"2026-06-03 11:08:16"
"Red-rumped Parrot","s(number_observers)",0.613374824452904,0.359595456010512,0.166047672320562,"effort",FALSE,19,"2026-06-03 11:08:16"
"Red-rumped Parrot","s(pielou_evenness)",0.578495821558879,0.33024098285707,0.130506532333849,"vegetation",TRUE,20,"2026-06-03 11:08:16"
"Red-rumped Parrot","s(FDiv)",0.0271256841047085,0.00928769408073594,0.291263823094525,"vegetation",TRUE,21,"2026-06-03 11:08:16"
"Red-rumped Parrot","s(wooddensity_cwm)",3.76876939301109e-05,1.41123248275417e-06,0.834511153741917,"vegetation",TRUE,22,"2026-06-03 11:08:16"
"Red-rumped Parrot","s(mean_fhd)",3.9404132258502e-05,1.03703475237088e-06,0.839500683783103,"vegetation",TRUE,23,"2026-06-03 11:08:16"
"Red-rumped Parrot","s(water_occ)",1.35488476462828e-05,2.15851514204889e-07,0.786689088864787,"landscape",FALSE,24,"2026-06-03 11:08:16"
"Red-rumped Parrot","protocol_type",3,1.01915738988641e-11,1,"effort",FALSE,25,"2026-06-03 11:08:16"
"Pacific Koel","s(day_of_year)",5.98630607273922,64.824704476764,0,"effort",FALSE,1,"2026-06-03 11:10:44"
"Pacific Koel","s(observer_expertise)",0.992824485387416,34.3763352707644,0,"effort",FALSE,2,"2026-06-03 11:10:44"
"Pacific Koel","s(log(duration_minutes))",1.93084139418324,29.2114903593723,0,"other",FALSE,3,"2026-06-03 11:10:44"
"Pacific Koel","s(time_observations_started)",5.64934171497477,24.6839827586463,0,"effort",FALSE,4,"2026-06-03 11:10:44"
"Pacific Koel","s(height_cwm)",2.84678114973748,11.6493224299386,0,"vegetation",TRUE,5,"2026-06-03 11:10:44"
"Pacific Koel","s(log(precip_annual))",5.84894561856742,8.90363131745289,0,"other",FALSE,6,"2026-06-03 11:10:44"
"Pacific Koel","s(log1p(nightlights))",6.0548143431959,7.77155135420542,0,"other",FALSE,7,"2026-06-03 11:10:44"
"Pacific Koel","s(lc_trees)",3.77464150775828,6.95378524740866,0,"landscape",FALSE,8,"2026-06-03 11:10:44"
"Pacific Koel","s(FEve)",1.72213066465952,6.74900517978781,2.52452778359835e-06,"vegetation",TRUE,9,"2026-06-03 11:10:44"
"Pacific Koel","s(sp_richness)",1.75545389474416,5.66725939786579,1.06477537726857e-05,"vegetation",TRUE,10,"2026-06-03 11:10:44"
"Pacific Koel","s(wooddensity_cwm)",1.83052428074881,5.28867906727958,5.24724451314018e-05,"vegetation",TRUE,11,"2026-06-03 11:10:44"
"Pacific Koel","s(pielou_evenness)",1.46934689314265,4.68645155365099,6.18431947490006e-05,"vegetation",TRUE,12,"2026-06-03 11:10:44"
"Pacific Koel","s(elevation)",5.38014426968189,4.64820754574378,0,"landscape",FALSE,13,"2026-06-03 11:10:44"
"Pacific Koel","s(mean_fhd)",1.67259551741809,4.25021111164543,0.000234389472094754,"vegetation",TRUE,14,"2026-06-03 11:10:44"
"Pacific Koel","s(number_observers)",1.38055817998119,2.38132763797582,0.0061789822029874,"effort",FALSE,15,"2026-06-03 11:10:44"
"Pacific Koel","s(cover)",1.63384785908802,2.21103202764582,0.0132264051510591,"vegetation",TRUE,16,"2026-06-03 11:10:44"
"Pacific Koel","s(LA_cwm)",1.58576344515723,1.80097362874216,0.023397988372275,"vegetation",TRUE,17,"2026-06-03 11:10:44"
"Pacific Koel","s(FRic)",1.19716537605376,1.58652792904082,0.0138926271854517,"vegetation",TRUE,18,"2026-06-03 11:10:44"
"Pacific Koel","s(FDiv)",0.268645725985478,0.112405232999162,0.254199761488568,"vegetation",TRUE,19,"2026-06-03 11:10:44"
"Pacific Koel","s(water_occ)",0.330872813940996,0.0470953297791977,0.247017211461985,"landscape",FALSE,20,"2026-06-03 11:10:44"
"Pacific Koel","s(prop_canopy)",0.0024001767619322,0.000136389919480663,0.732713017742032,"vegetation",TRUE,21,"2026-06-03 11:10:44"
"Pacific Koel","s(log1p(effort_distance_km))",0.000232825616482999,4.5378476720345e-05,0.502020743604998,"other",FALSE,22,"2026-06-03 11:10:44"
"Pacific Koel","s(gini_simpson)",0.000124387539143525,1.74425690887329e-05,0.498579604945182,"vegetation",TRUE,23,"2026-06-03 11:10:44"
"Pacific Koel","s(temp_annual)",0.000195719872349601,1.21384582303328e-05,0.473131021885826,"landscape",FALSE,24,"2026-06-03 11:10:44"
"Pacific Koel","protocol_type",2,9.47370531410625e-12,0.999999999990526,"effort",FALSE,25,"2026-06-03 11:10:44"
"Striated Pardalote","s(observer_expertise)",1.76597205433539,44.5811975283319,0,"effort",FALSE,1,"2026-06-03 11:12:31"
"Striated Pardalote","s(log(precip_annual))",6.89815888918436,36.1692477665061,0,"other",FALSE,2,"2026-06-03 11:12:31"
"Striated Pardalote","s(log(duration_minutes))",0.990122353607191,33.1451477584796,0,"other",FALSE,3,"2026-06-03 11:12:31"
"Striated Pardalote","s(temp_annual)",7.50541582468851,30.9440967979622,0,"landscape",FALSE,4,"2026-06-03 11:12:31"
"Striated Pardalote","s(time_observations_started)",4.83330759851051,13.8504718983793,0,"effort",FALSE,5,"2026-06-03 11:12:31"
"Striated Pardalote","s(log1p(nightlights))",4.84165879213617,10.4405460797711,0,"other",FALSE,6,"2026-06-03 11:12:31"
"Striated Pardalote","s(gini_simpson)",2.75528575201649,10.3952576896411,0,"vegetation",TRUE,7,"2026-06-03 11:12:31"
"Striated Pardalote","s(day_of_year)",4.63925104350807,9.32944328797562,0,"effort",FALSE,8,"2026-06-03 11:12:31"
"Striated Pardalote","s(FDiv)",1.08661864121373,6.80759521965149,1.72247675100934e-06,"vegetation",TRUE,9,"2026-06-03 11:12:31"
"Striated Pardalote","s(cover)",1.80439978785179,4.8820767200351,0.00019589310974566,"vegetation",TRUE,10,"2026-06-03 11:12:31"
"Striated Pardalote","s(wooddensity_cwm)",1.3979599965575,3.34680440562984,0.00102141201456041,"vegetation",TRUE,11,"2026-06-03 11:12:31"
"Striated Pardalote","s(pielou_evenness)",1.12799336639957,2.87485127867028,0.00165523744689011,"vegetation",TRUE,12,"2026-06-03 11:12:31"
"Striated Pardalote","s(FEve)",0.847763814041727,1.85560056596611,0.0076889891954538,"vegetation",TRUE,13,"2026-06-03 11:12:31"
"Striated Pardalote","s(height_cwm)",1.48156648723702,1.54666303337309,0.0341360313443261,"vegetation",TRUE,14,"2026-06-03 11:12:31"
"Striated Pardalote","s(water_occ)",1.50226946716895,0.715768331268838,0.0106859948065956,"landscape",FALSE,15,"2026-06-03 11:12:31"
"Striated Pardalote","s(lc_trees)",0.613912235886347,0.11043737449068,0.170869611993643,"landscape",FALSE,16,"2026-06-03 11:12:31"
"Striated Pardalote","s(prop_canopy)",0.0497954353894923,0.0172578453855568,0.306292533080571,"vegetation",TRUE,17,"2026-06-03 11:12:31"
"Striated Pardalote","s(number_observers)",0.000200833184629101,3.96119549764739e-05,0.461427696118354,"effort",FALSE,18,"2026-06-03 11:12:31"
"Striated Pardalote","s(sp_richness)",0.000133994931555746,1.9294823180968e-05,0.515134608862431,"vegetation",TRUE,19,"2026-06-03 11:12:31"
"Striated Pardalote","s(log1p(effort_distance_km))",0.000109738349404251,1.33572189504789e-05,0.598702616943438,"other",FALSE,20,"2026-06-03 11:12:31"
"Striated Pardalote","s(LA_cwm)",9.91668070591625e-05,1.27117132027398e-05,0.552243148882023,"vegetation",TRUE,21,"2026-06-03 11:12:31"
"Striated Pardalote","s(FRic)",8.8005580991674e-05,6.32714392544043e-06,0.708931573554119,"vegetation",TRUE,22,"2026-06-03 11:12:31"
"Striated Pardalote","s(elevation)",5.92820307807251e-05,5.50541279404498e-06,0.359846067761738,"landscape",FALSE,23,"2026-06-03 11:12:31"
"Striated Pardalote","s(mean_fhd)",9.60557297628012e-05,1.6607813262201e-06,0.940071004024146,"vegetation",TRUE,24,"2026-06-03 11:12:31"
"Striated Pardalote","protocol_type",1,2.96970579328013e-13,0.999999565198573,"effort",FALSE,25,"2026-06-03 11:12:31"
"Torresian Crow","s(temp_annual)",5.46185030187489,36.4342984262206,0,"landscape",FALSE,1,"2026-06-03 11:14:43"
"Torresian Crow","s(elevation)",6.24736618308696,22.122575600167,0,"landscape",FALSE,2,"2026-06-03 11:14:43"
"Torresian Crow","s(log(duration_minutes))",0.98291777053978,19.075729049413,0,"other",FALSE,3,"2026-06-03 11:14:43"
"Torresian Crow","s(prop_canopy)",2.28990842330872,17.91041306534,0,"vegetation",TRUE,4,"2026-06-03 11:14:43"
"Torresian Crow","s(observer_expertise)",2.59128269903391,15.9456835063579,0,"effort",FALSE,5,"2026-06-03 11:14:43"
"Torresian Crow","s(lc_trees)",0.993232176386372,15.7965699466758,0,"landscape",FALSE,6,"2026-06-03 11:14:43"
"Torresian Crow","s(log(precip_annual))",6.88788321164135,13.2952719681476,0,"other",FALSE,7,"2026-06-03 11:14:43"
"Torresian Crow","s(pielou_evenness)",1.89833064054368,10.5849066672761,0,"vegetation",TRUE,8,"2026-06-03 11:14:43"
"Torresian Crow","s(log1p(nightlights))",1.64569627258066,9.5871233480763,0,"other",FALSE,9,"2026-06-03 11:14:43"
"Torresian Crow","s(sp_richness)",1.87417814079104,8.03321843459326,5.00981413464885e-07,"vegetation",TRUE,10,"2026-06-03 11:14:43"
"Torresian Crow","s(wooddensity_cwm)",0.918259168246731,3.71002968663404,0.000314401018346899,"vegetation",TRUE,11,"2026-06-03 11:14:43"
"Torresian Crow","s(LA_cwm)",1.59567402259799,3.4673148931875,0.00073799462176849,"vegetation",TRUE,12,"2026-06-03 11:14:43"
"Torresian Crow","s(time_observations_started)",2.73773621027857,2.95571664365676,3.47265948374975e-06,"effort",FALSE,13,"2026-06-03 11:14:43"
"Torresian Crow","s(cover)",0.873422399266248,2.2987195193239,0.00345159656058058,"vegetation",TRUE,14,"2026-06-03 11:14:43"
"Torresian Crow","s(FEve)",0.863285842226801,2.09144298791616,0.00460468742547948,"vegetation",TRUE,15,"2026-06-03 11:14:43"
"Torresian Crow","s(gini_simpson)",1.24267510181964,1.30764901861033,0.0280412407262215,"vegetation",TRUE,16,"2026-06-03 11:14:43"
"Torresian Crow","s(day_of_year)",2.45429374384274,1.19033706336392,0.00609067993458501,"effort",FALSE,17,"2026-06-03 11:14:43"
"Torresian Crow","s(water_occ)",0.907978787800238,1.09570452081523,0.000677029338336133,"landscape",FALSE,18,"2026-06-03 11:14:43"
"Torresian Crow","s(log1p(effort_distance_km))",0.73216142149402,0.906316362426588,0.0511407349602855,"other",FALSE,19,"2026-06-03 11:14:43"
"Torresian Crow","s(height_cwm)",0.291396395825422,0.124092343878827,0.228103612417236,"vegetation",TRUE,20,"2026-06-03 11:14:43"
"Torresian Crow","s(number_observers)",0.132327491832505,0.0484419183463434,0.319957327733897,"effort",FALSE,21,"2026-06-03 11:14:43"
"Torresian Crow","s(mean_fhd)",0.000157052227018572,3.44283762313246e-05,0.381793700737497,"vegetation",TRUE,22,"2026-06-03 11:14:43"
"Torresian Crow","s(FRic)",2.56814421779398e-05,1.79650778243819e-05,0.10081992699635,"vegetation",TRUE,23,"2026-06-03 11:14:43"
"Torresian Crow","s(FDiv)",4.57791812899794e-05,4.40618848118455e-06,0.634639008636387,"vegetation",TRUE,24,"2026-06-03 11:14:43"
"Torresian Crow","protocol_type",2,3.34750011409995e-13,0.999999999999665,"effort",FALSE,25,"2026-06-03 11:14:43"
"Brown Gerygone","s(observer_expertise)",2.40773124058024,118.174798064134,0,"effort",FALSE,1,"2026-06-03 11:16:46"
"Brown Gerygone","s(log(duration_minutes))",0.993957914763933,50.3739288868297,0,"other",FALSE,2,"2026-06-03 11:16:46"
"Brown Gerygone","s(log1p(nightlights))",7.73180503452588,32.5083448651631,0,"other",FALSE,3,"2026-06-03 11:16:46"
"Brown Gerygone","s(mean_fhd)",0.989563224385679,31.2413722460633,0,"vegetation",TRUE,4,"2026-06-03 11:16:46"
"Brown Gerygone","s(log(precip_annual))",4.90506064471053,31.077444327092,0,"other",FALSE,5,"2026-06-03 11:16:46"
"Brown Gerygone","s(cover)",2.89046986638322,29.6859552751066,0,"vegetation",TRUE,6,"2026-06-03 11:16:46"
"Brown Gerygone","s(pielou_evenness)",2.94505592196138,24.4531679190381,0,"vegetation",TRUE,7,"2026-06-03 11:16:46"
"Brown Gerygone","s(height_cwm)",1.87690955271212,14.202901282455,0,"vegetation",TRUE,8,"2026-06-03 11:16:46"
"Brown Gerygone","s(temp_annual)",7.60624890907218,12.0103876277595,0,"landscape",FALSE,9,"2026-06-03 11:16:46"
"Brown Gerygone","s(time_observations_started)",6.58101757816091,10.3504733662783,0,"effort",FALSE,10,"2026-06-03 11:16:46"
"Brown Gerygone","s(lc_trees)",5.03608632801935,8.28608224916338,0,"landscape",FALSE,11,"2026-06-03 11:16:46"
"Brown Gerygone","s(wooddensity_cwm)",1.86243585867516,7.50316422044604,2.73851451559892e-06,"vegetation",TRUE,12,"2026-06-03 11:16:46"
"Brown Gerygone","s(sp_richness)",2.81452563316005,6.77829639320088,2.73473051309869e-05,"vegetation",TRUE,13,"2026-06-03 11:16:46"
"Brown Gerygone","s(gini_simpson)",2.68977986969931,5.65178602155215,0.000173995312494291,"vegetation",TRUE,14,"2026-06-03 11:16:46"
"Brown Gerygone","s(elevation)",5.35711605098617,5.15683819612857,0,"landscape",FALSE,15,"2026-06-03 11:16:46"
"Brown Gerygone","s(prop_canopy)",0.925907551518155,4.1400115817518,0.000154469365804211,"vegetation",TRUE,16,"2026-06-03 11:16:46"
"Brown Gerygone","s(log1p(effort_distance_km))",1.1876306362315,3.71165569262265,0.000600652984386052,"other",FALSE,17,"2026-06-03 11:16:46"
"Brown Gerygone","s(day_of_year)",3.08329014544657,3.61629390090095,1.84982008155643e-06,"effort",FALSE,18,"2026-06-03 11:16:46"
"Brown Gerygone","s(FRic)",1.36756951772842,3.49619559064947,0.000732881335455238,"vegetation",TRUE,19,"2026-06-03 11:16:46"
"Brown Gerygone","s(water_occ)",4.24398983950859,3.12995364259554,3.69307192860102e-06,"landscape",FALSE,20,"2026-06-03 11:16:46"
"Brown Gerygone","s(LA_cwm)",1.75615308320901,2.27486934734742,0.0102059781104775,"vegetation",TRUE,21,"2026-06-03 11:16:46"
"Brown Gerygone","s(FDiv)",0.72570919814774,0.485523591163286,0.127505442273844,"vegetation",TRUE,22,"2026-06-03 11:16:46"
"Brown Gerygone","s(FEve)",0.00022438219606237,7.29478092944851e-05,0.302469405430663,"vegetation",TRUE,23,"2026-06-03 11:16:46"
"Brown Gerygone","s(number_observers)",0.000110830499072199,3.8962147197572e-06,0.869494367449867,"effort",FALSE,24,"2026-06-03 11:16:46"
"Brown Gerygone","protocol_type",1,1.02500548771695e-12,0.999999192212153,"effort",FALSE,25,"2026-06-03 11:16:46"
"Bar-shouldered Dove","s(log(duration_minutes))",2.0664407602363,38.5766424769795,0,"other",FALSE,1,"2026-06-03 11:18:29"
"Bar-shouldered Dove","s(prop_canopy)",2.52199998836914,33.7685598404202,0,"vegetation",TRUE,2,"2026-06-03 11:18:29"
"Bar-shouldered Dove","s(mean_fhd)",2.89321320587477,29.229452295872,0,"vegetation",TRUE,3,"2026-06-03 11:18:29"
"Bar-shouldered Dove","s(temp_annual)",5.42655209779056,23.2989615402111,0,"landscape",FALSE,4,"2026-06-03 11:18:29"
"Bar-shouldered Dove","s(log1p(nightlights))",6.07550210666456,23.2676663820177,0,"other",FALSE,5,"2026-06-03 11:18:29"
"Bar-shouldered Dove","s(sp_richness)",1.91308977519565,21.7461184859242,0,"vegetation",TRUE,6,"2026-06-03 11:18:29"
"Bar-shouldered Dove","s(log(precip_annual))",8.35469639140723,16.6260580786376,0,"other",FALSE,7,"2026-06-03 11:18:29"
"Bar-shouldered Dove","s(time_observations_started)",6.19140062148633,16.3865235073569,0,"effort",FALSE,8,"2026-06-03 11:18:29"
"Bar-shouldered Dove","s(observer_expertise)",2.44890844795405,15.8649259694138,0,"effort",FALSE,9,"2026-06-03 11:18:29"
"Bar-shouldered Dove","s(FDiv)",1.84806119356865,9.92481961935808,0,"vegetation",TRUE,10,"2026-06-03 11:18:29"
"Bar-shouldered Dove","s(wooddensity_cwm)",2.34350821550197,7.73980646606381,2.50503597465368e-06,"vegetation",TRUE,11,"2026-06-03 11:18:29"
"Bar-shouldered Dove","s(water_occ)",6.80740068559829,7.57470883315442,0,"landscape",FALSE,12,"2026-06-03 11:18:29"
"Bar-shouldered Dove","s(elevation)",5.24681067037225,7.26369550568357,0,"landscape",FALSE,13,"2026-06-03 11:18:29"
"Bar-shouldered Dove","s(lc_trees)",6.57822689643347,5.7695820820449,0,"landscape",FALSE,14,"2026-06-03 11:18:29"
"Bar-shouldered Dove","s(height_cwm)",2.56917593795617,4.91437037041425,0.000362560440357651,"vegetation",TRUE,15,"2026-06-03 11:18:29"
"Bar-shouldered Dove","s(FEve)",1.49555920355303,2.40479230727036,0.00684530906325731,"vegetation",TRUE,16,"2026-06-03 11:18:29"
"Bar-shouldered Dove","s(number_observers)",0.840664169192772,1.75659683217458,0.0119641915313633,"effort",FALSE,17,"2026-06-03 11:18:29"
"Bar-shouldered Dove","s(cover)",1.29369726052227,1.49464060276045,0.0263330870291094,"vegetation",TRUE,18,"2026-06-03 11:18:29"
"Bar-shouldered Dove","s(LA_cwm)",1.26012475216193,1.48223163303973,0.0222752125928463,"vegetation",TRUE,19,"2026-06-03 11:18:29"
"Bar-shouldered Dove","s(day_of_year)",1.6877661619018,0.579129278123343,0.0428868580864938,"effort",FALSE,20,"2026-06-03 11:18:29"
"Bar-shouldered Dove","s(gini_simpson)",0.000545929740844105,0.000167972036052455,0.338510025238246,"vegetation",TRUE,21,"2026-06-03 11:18:29"
"Bar-shouldered Dove","s(pielou_evenness)",6.65322177645562e-05,1.15446115653697e-05,0.48147855061819,"vegetation",TRUE,22,"2026-06-03 11:18:29"
"Bar-shouldered Dove","s(FRic)",7.91577488509194e-05,5.96229889935283e-06,0.735251996695443,"vegetation",TRUE,23,"2026-06-03 11:18:29"
"Bar-shouldered Dove","s(log1p(effort_distance_km))",0.000102515767943224,3.12254390325342e-06,0.89386528877832,"other",FALSE,24,"2026-06-03 11:18:29"
"Bar-shouldered Dove","protocol_type",1,3.77655760361654e-13,0.999999509676959,"effort",FALSE,25,"2026-06-03 11:18:29"
"Eurasian Blackbird","s(log(duration_minutes))",1.95562041339632,42.228415378789,0,"other",FALSE,1,"2026-06-03 11:20:11"
"Eurasian Blackbird","s(observer_expertise)",0.991298080394353,28.3670406220292,0,"effort",FALSE,2,"2026-06-03 11:20:11"
"Eurasian Blackbird","s(lc_trees)",7.27079787818224,26.6335754320067,0,"landscape",FALSE,3,"2026-06-03 11:20:11"
"Eurasian Blackbird","s(prop_canopy)",0.986988282173099,25.1455904851926,0,"vegetation",TRUE,4,"2026-06-03 11:20:11"
"Eurasian Blackbird","s(log1p(nightlights))",7.40259977770179,21.8606191593322,0,"other",FALSE,5,"2026-06-03 11:20:11"
"Eurasian Blackbird","s(elevation)",8.73480150120511,18.0749661566724,0,"landscape",FALSE,6,"2026-06-03 11:20:11"
"Eurasian Blackbird","s(temp_annual)",6.4837585879658,18.0746762673826,0,"landscape",FALSE,7,"2026-06-03 11:20:11"
"Eurasian Blackbird","s(LA_cwm)",2.53640473017516,17.1661539220251,0,"vegetation",TRUE,8,"2026-06-03 11:20:11"
"Eurasian Blackbird","s(day_of_year)",5.78685418554159,16.4491786321138,0,"effort",FALSE,9,"2026-06-03 11:20:11"
"Eurasian Blackbird","s(sp_richness)",2.35012089926666,13.3869481502707,0,"vegetation",TRUE,10,"2026-06-03 11:20:11"
"Eurasian Blackbird","s(FRic)",1.94595092328162,13.3746378032141,0,"vegetation",TRUE,11,"2026-06-03 11:20:11"
"Eurasian Blackbird","s(gini_simpson)",1.88460902806059,11.8531458689488,0,"vegetation",TRUE,12,"2026-06-03 11:20:11"
"Eurasian Blackbird","s(wooddensity_cwm)",1.92771638577375,10.8846638576005,0,"vegetation",TRUE,13,"2026-06-03 11:20:11"
"Eurasian Blackbird","s(time_observations_started)",5.16973103068392,7.86563598619142,0,"effort",FALSE,14,"2026-06-03 11:20:11"
"Eurasian Blackbird","s(water_occ)",6.07480024464241,7.27231115846681,0,"landscape",FALSE,15,"2026-06-03 11:20:11"
"Eurasian Blackbird","s(height_cwm)",2.6736770791666,6.61988250444308,2.26006616893537e-05,"vegetation",TRUE,16,"2026-06-03 11:20:11"
"Eurasian Blackbird","s(pielou_evenness)",1.99259499552069,5.54998361407104,1.53939750591192e-05,"vegetation",TRUE,17,"2026-06-03 11:20:11"
"Eurasian Blackbird","s(log1p(effort_distance_km))",1.82604423323573,5.53463397944651,0.000103475466380454,"other",FALSE,18,"2026-06-03 11:20:11"
"Eurasian Blackbird","s(log(precip_annual))",5.08484038803514,5.33124539781389,0,"other",FALSE,19,"2026-06-03 11:20:11"
"Eurasian Blackbird","s(FEve)",0.99605140378519,1.09056382870556,0.0357398303547398,"vegetation",TRUE,20,"2026-06-03 11:20:11"
"Eurasian Blackbird","s(number_observers)",0.456486020367371,0.279782252962158,0.173539388859005,"effort",FALSE,21,"2026-06-03 11:20:11"
"Eurasian Blackbird","s(mean_fhd)",0.000254846582978394,6.32401059642977e-05,0.372043143416235,"vegetation",TRUE,22,"2026-06-03 11:20:11"
"Eurasian Blackbird","s(cover)",0.000107114065235678,3.54068574462519e-05,0.330270923010903,"vegetation",TRUE,23,"2026-06-03 11:20:11"
"Eurasian Blackbird","s(FDiv)",1.76357024667159e-05,1.24425906034028e-05,0.104375889107792,"vegetation",TRUE,24,"2026-06-03 11:20:11"
"Eurasian Blackbird","protocol_type",2,1.82739056796715e-11,0.999999999981726,"effort",FALSE,25,"2026-06-03 11:20:11"
"House Sparrow","s(lc_trees)",7.08415022524647,26.5627994528936,0,"landscape",FALSE,1,"2026-06-03 11:21:44"
"House Sparrow","s(LA_cwm)",2.83780731307586,18.3675224062005,0,"vegetation",TRUE,2,"2026-06-03 11:21:44"
"House Sparrow","s(log1p(effort_distance_km))",2.86577356034092,17.4063887688167,0,"other",FALSE,3,"2026-06-03 11:21:44"
"House Sparrow","s(log1p(nightlights))",6.77987875664568,16.6521942565083,0,"other",FALSE,4,"2026-06-03 11:21:44"
"House Sparrow","s(log(duration_minutes))",1.841614110625,11.7008295752485,0,"other",FALSE,5,"2026-06-03 11:21:44"
"House Sparrow","s(height_cwm)",2.66156575814572,10.8438214784856,0,"vegetation",TRUE,6,"2026-06-03 11:21:44"
"House Sparrow","s(prop_canopy)",1.77859411611411,8.42270219628255,3.9945222407578e-07,"vegetation",TRUE,7,"2026-06-03 11:21:44"
"House Sparrow","s(observer_expertise)",2.98788662079264,7.58360554677521,3.32726505569703e-07,"effort",FALSE,8,"2026-06-03 11:21:44"
"House Sparrow","s(time_observations_started)",6.61803436060026,7.333573958944,0,"effort",FALSE,9,"2026-06-03 11:21:44"
"House Sparrow","s(FRic)",1.8731850461091,6.57852361972037,9.15217627661669e-06,"vegetation",TRUE,10,"2026-06-03 11:21:44"
"House Sparrow","s(gini_simpson)",2.76286783520239,5.95800774405275,2.86169423093785e-05,"vegetation",TRUE,11,"2026-06-03 11:21:44"
"House Sparrow","s(wooddensity_cwm)",2.68897799701478,5.11493395823791,0.000342860993522764,"vegetation",TRUE,12,"2026-06-03 11:21:44"
"House Sparrow","s(cover)",1.21381223482413,4.92111259640102,5.54748887868772e-05,"vegetation",TRUE,13,"2026-06-03 11:21:44"
"House Sparrow","s(day_of_year)",3.68374060433015,4.47460458769955,0,"effort",FALSE,14,"2026-06-03 11:21:44"
"House Sparrow","s(log(precip_annual))",3.54916970325628,4.24999485799971,0,"other",FALSE,15,"2026-06-03 11:21:44"
"House Sparrow","s(number_observers)",1.76647828495854,4.23820511398365,0.000682239883212699,"effort",FALSE,16,"2026-06-03 11:21:44"
"House Sparrow","s(temp_annual)",5.9142607871225,2.80064432442953,2.12927228525617e-05,"landscape",FALSE,17,"2026-06-03 11:21:44"
"House Sparrow","s(water_occ)",2.01638691238747,1.68558561985156,0.000105620162785147,"landscape",FALSE,18,"2026-06-03 11:21:44"
"House Sparrow","s(elevation)",3.10118364625573,1.63708333966541,0.000361139801431154,"landscape",FALSE,19,"2026-06-03 11:21:44"
"House Sparrow","s(FDiv)",1.15096274417218,0.825910733575162,0.100806366464169,"vegetation",TRUE,20,"2026-06-03 11:21:44"
"House Sparrow","s(pielou_evenness)",0.797688830387533,0.580177870393949,0.089735608977847,"vegetation",TRUE,21,"2026-06-03 11:21:44"
"House Sparrow","s(FEve)",0.000105130606556204,2.20257156866861e-05,0.397465419700099,"vegetation",TRUE,22,"2026-06-03 11:21:44"
"House Sparrow","s(sp_richness)",8.83235973811999e-05,1.11867243532018e-05,0.578048201846687,"vegetation",TRUE,23,"2026-06-03 11:21:44"
"House Sparrow","s(mean_fhd)",4.04691685097646e-05,5.03254256230455e-06,0.553873852020671,"vegetation",TRUE,24,"2026-06-03 11:21:44"
"House Sparrow","protocol_type",2,4.63751543431116e-13,0.999999999999536,"effort",FALSE,25,"2026-06-03 11:21:44"
"Striated Thornbill","s(observer_expertise)",2.3237982313621,99.7738630403492,0,"effort",FALSE,1,"2026-06-03 11:23:10"
"Striated Thornbill","s(pielou_evenness)",2.93615876274965,30.4708068364205,0,"vegetation",TRUE,2,"2026-06-03 11:23:10"
"Striated Thornbill","s(gini_simpson)",0.993968657300957,23.9119944979199,0,"vegetation",TRUE,3,"2026-06-03 11:23:10"
"Striated Thornbill","s(temp_annual)",7.19028718823831,19.5367027583208,0,"landscape",FALSE,4,"2026-06-03 11:23:10"
"Striated Thornbill","s(log(duration_minutes))",0.982790379414994,18.8577997086285,0,"other",FALSE,5,"2026-06-03 11:23:10"
"Striated Thornbill","s(prop_canopy)",1.92021898364778,17.7521356809213,0,"vegetation",TRUE,6,"2026-06-03 11:23:10"
"Striated Thornbill","s(wooddensity_cwm)",1.89905797653301,15.4619079699782,0,"vegetation",TRUE,7,"2026-06-03 11:23:10"
"Striated Thornbill","s(log1p(nightlights))",7.12078140242862,14.2813936011628,0,"other",FALSE,8,"2026-06-03 11:23:10"
"Striated Thornbill","s(sp_richness)",2.16075337029155,12.1724018876092,0,"vegetation",TRUE,9,"2026-06-03 11:23:10"
"Striated Thornbill","s(log(precip_annual))",6.16437773206092,10.7488476613374,0,"other",FALSE,10,"2026-06-03 11:23:10"
"Striated Thornbill","s(cover)",1.86898705531739,7.3626921806958,4.2936008761707e-06,"vegetation",TRUE,11,"2026-06-03 11:23:10"
"Striated Thornbill","s(day_of_year)",3.37552392870129,5.99244483091487,0,"effort",FALSE,12,"2026-06-03 11:23:10"
"Striated Thornbill","s(time_observations_started)",5.14475982174007,5.88744463389746,0,"effort",FALSE,13,"2026-06-03 11:23:10"
"Striated Thornbill","s(height_cwm)",1.70750136071955,4.88231675665056,9.60874266280332e-05,"vegetation",TRUE,14,"2026-06-03 11:23:10"
"Striated Thornbill","s(lc_trees)",4.42759378799787,3.7047730179048,0,"landscape",FALSE,15,"2026-06-03 11:23:10"
"Striated Thornbill","s(FRic)",1.44701680112087,3.50229137760483,0.000550734971384692,"vegetation",TRUE,16,"2026-06-03 11:23:10"
"Striated Thornbill","s(log1p(effort_distance_km))",1.52757038551394,3.09430248337213,0.00225373870136003,"other",FALSE,17,"2026-06-03 11:23:10"
"Striated Thornbill","s(elevation)",3.7562517291823,2.93614063290134,3.63218058907488e-06,"landscape",FALSE,18,"2026-06-03 11:23:10"
"Striated Thornbill","s(water_occ)",2.00019437766778,2.13564514003852,1.47094322109353e-05,"landscape",FALSE,19,"2026-06-03 11:23:10"
"Striated Thornbill","s(LA_cwm)",1.38433422690113,1.83245467276209,0.0137516462359646,"vegetation",TRUE,20,"2026-06-03 11:23:10"
"Striated Thornbill","s(FDiv)",0.00023143731451177,3.68071708967146e-05,0.527045629484807,"vegetation",TRUE,21,"2026-06-03 11:23:10"
"Striated Thornbill","s(number_observers)",9.92839386055456e-05,8.11693211916019e-06,0.680242524124414,"effort",FALSE,22,"2026-06-03 11:23:10"
"Striated Thornbill","s(FEve)",9.91898640481499e-05,4.45217509095124e-06,0.796636594118842,"vegetation",TRUE,23,"2026-06-03 11:23:10"
"Striated Thornbill","s(mean_fhd)",6.51694858516695e-05,2.08491730977768e-06,0.831836331254144,"vegetation",TRUE,24,"2026-06-03 11:23:10"
"Striated Thornbill","protocol_type",2,1.66937380383258e-09,0.999999998330626,"effort",FALSE,25,"2026-06-03 11:23:10"
"Australian Reed Warbler","s(day_of_year)",5.74107016529646,36.8975997778163,0,"effort",FALSE,1,"2026-06-03 11:24:47"
"Australian Reed Warbler","s(FRic)",1.95062817121347,27.597580080967,0,"vegetation",TRUE,2,"2026-06-03 11:24:47"
"Australian Reed Warbler","s(sp_richness)",2.58935488229191,27.0713602964508,0,"vegetation",TRUE,3,"2026-06-03 11:24:47"
"Australian Reed Warbler","s(observer_expertise)",0.990199402246013,24.113238369741,0,"effort",FALSE,4,"2026-06-03 11:24:47"
"Australian Reed Warbler","s(log(duration_minutes))",1.88901932875755,21.974214651992,0,"other",FALSE,5,"2026-06-03 11:24:47"
"Australian Reed Warbler","s(log1p(nightlights))",8.52454122704309,18.6163876772778,0,"other",FALSE,6,"2026-06-03 11:24:47"
"Australian Reed Warbler","s(LA_cwm)",2.79244029654915,13.4714190239672,0,"vegetation",TRUE,7,"2026-06-03 11:24:47"
"Australian Reed Warbler","s(lc_trees)",5.29920662412157,13.4278940525918,0,"landscape",FALSE,8,"2026-06-03 11:24:47"
"Australian Reed Warbler","s(log(precip_annual))",7.46691588344947,11.9697733315858,0,"other",FALSE,9,"2026-06-03 11:24:47"
"Australian Reed Warbler","s(pielou_evenness)",2.55995206186514,10.3820308135691,0,"vegetation",TRUE,10,"2026-06-03 11:24:47"
"Australian Reed Warbler","s(prop_canopy)",1.91489215045773,10.2112820594723,0,"vegetation",TRUE,11,"2026-06-03 11:24:47"
"Australian Reed Warbler","s(gini_simpson)",1.91114496660542,8.77269249367465,0,"vegetation",TRUE,12,"2026-06-03 11:24:47"
"Australian Reed Warbler","s(elevation)",7.76436641669646,8.09461531544382,0,"landscape",FALSE,13,"2026-06-03 11:24:47"
"Australian Reed Warbler","s(mean_fhd)",1.91650346817777,8.0274077126509,1.40000446124944e-06,"vegetation",TRUE,14,"2026-06-03 11:24:47"
"Australian Reed Warbler","s(height_cwm)",1.58487349049529,7.92300439540638,9.83978520441298e-07,"vegetation",TRUE,15,"2026-06-03 11:24:47"
"Australian Reed Warbler","s(water_occ)",4.2269442933735,6.97934889165213,0,"landscape",FALSE,16,"2026-06-03 11:24:47"
"Australian Reed Warbler","s(wooddensity_cwm)",1.86946831117421,5.50124102239019,7.96321700671232e-05,"vegetation",TRUE,17,"2026-06-03 11:24:47"
"Australian Reed Warbler","s(cover)",0.918647540842339,3.75960528907969,0.000336648328782774,"vegetation",TRUE,18,"2026-06-03 11:24:47"
"Australian Reed Warbler","s(time_observations_started)",4.11328464127858,1.87342552043222,0.00230543248359494,"effort",FALSE,19,"2026-06-03 11:24:47"
"Australian Reed Warbler","s(FEve)",0.79237088316334,1.27149169237606,0.0238136065166219,"vegetation",TRUE,20,"2026-06-03 11:24:47"
"Australian Reed Warbler","s(temp_annual)",1.62825347071809,0.890701645353307,0.00319973108313332,"landscape",FALSE,21,"2026-06-03 11:24:47"
"Australian Reed Warbler","s(log1p(effort_distance_km))",9.50069490310997e-05,1.63595932099361e-05,0.541207923104791,"other",FALSE,22,"2026-06-03 11:24:47"
"Australian Reed Warbler","s(FDiv)",1.46650006735669e-05,1.28250045542141e-06,0.66107662253205,"vegetation",TRUE,23,"2026-06-03 11:24:47"
"Australian Reed Warbler","s(number_observers)",2.77362294377143e-05,1.0806436862398e-07,0.98761429769879,"effort",FALSE,24,"2026-06-03 11:24:47"
"Australian Reed Warbler","protocol_type",3,1.02585825981979e-11,1,"effort",FALSE,25,"2026-06-03 11:24:47"
"Fan-tailed Cuckoo","s(log(duration_minutes))",2.38851070288655,80.6854538818645,0,"other",FALSE,1,"2026-06-03 11:26:36"
"Fan-tailed Cuckoo","s(observer_expertise)",2.59235961916426,65.7113875071693,0,"effort",FALSE,2,"2026-06-03 11:26:36"
"Fan-tailed Cuckoo","s(day_of_year)",6.88554191998564,55.8439833177062,0,"effort",FALSE,3,"2026-06-03 11:26:36"
"Fan-tailed Cuckoo","s(lc_trees)",7.30146680511231,9.75533499163785,0,"landscape",FALSE,4,"2026-06-03 11:26:36"
"Fan-tailed Cuckoo","s(time_observations_started)",4.95415869316622,9.43373420177371,0,"effort",FALSE,5,"2026-06-03 11:26:36"
"Fan-tailed Cuckoo","s(temp_annual)",5.7035863409959,7.58446474578642,0,"landscape",FALSE,6,"2026-06-03 11:26:36"
"Fan-tailed Cuckoo","s(log(precip_annual))",6.09338180202291,7.15718190837204,0,"other",FALSE,7,"2026-06-03 11:26:36"
"Fan-tailed Cuckoo","s(elevation)",5.56960310198749,6.94188426229622,0,"landscape",FALSE,8,"2026-06-03 11:26:36"
"Fan-tailed Cuckoo","s(FRic)",0.951211372975141,6.4758498483519,1.08137072807324e-06,"vegetation",TRUE,9,"2026-06-03 11:26:36"
"Fan-tailed Cuckoo","s(log1p(nightlights))",3.58637950516046,5.68893266761858,0,"other",FALSE,10,"2026-06-03 11:26:36"
"Fan-tailed Cuckoo","s(FEve)",1.93467511661081,5.47658600700022,8.74086675484165e-05,"vegetation",TRUE,11,"2026-06-03 11:26:36"
"Fan-tailed Cuckoo","s(wooddensity_cwm)",1.7345581328976,5.42068185498637,3.16595119418395e-05,"vegetation",TRUE,12,"2026-06-03 11:26:36"
"Fan-tailed Cuckoo","s(water_occ)",2.8570253969419,3.81850545529586,0,"landscape",FALSE,13,"2026-06-03 11:26:36"
"Fan-tailed Cuckoo","s(cover)",0.913391004034108,3.49232799613553,0.000385520236029002,"vegetation",TRUE,14,"2026-06-03 11:26:36"
"Fan-tailed Cuckoo","s(FDiv)",1.79353663836094,3.10510455560932,0.00366441706935239,"vegetation",TRUE,15,"2026-06-03 11:26:36"
"Fan-tailed Cuckoo","s(sp_richness)",1.4881252369395,2.33409597446381,0.00634645224005803,"vegetation",TRUE,16,"2026-06-03 11:26:36"
"Fan-tailed Cuckoo","s(prop_canopy)",0.857778433479336,2.00866686121497,0.00649992981590353,"vegetation",TRUE,17,"2026-06-03 11:26:36"
"Fan-tailed Cuckoo","s(height_cwm)",1.12265845755108,1.18182651978234,0.0334259392769372,"vegetation",TRUE,18,"2026-06-03 11:26:36"
"Fan-tailed Cuckoo","s(log1p(effort_distance_km))",0.651953739426533,0.584788818459904,0.095888184612968,"other",FALSE,19,"2026-06-03 11:26:36"
"Fan-tailed Cuckoo","s(pielou_evenness)",0.2736655553051,0.12556647352149,0.22444130303441,"vegetation",TRUE,20,"2026-06-03 11:26:36"
"Fan-tailed Cuckoo","s(LA_cwm)",0.000304536426756005,5.63860006791279e-05,0.504667377697879,"vegetation",TRUE,21,"2026-06-03 11:26:36"
"Fan-tailed Cuckoo","s(number_observers)",0.000111595027726179,8.7659664534185e-06,0.740094417427897,"effort",FALSE,22,"2026-06-03 11:26:36"
"Fan-tailed Cuckoo","s(gini_simpson)",0.000132946302190785,5.15235774120597e-06,0.866209929983425,"vegetation",TRUE,23,"2026-06-03 11:26:36"
"Fan-tailed Cuckoo","s(mean_fhd)",8.90758187281331e-05,2.76987686232943e-06,0.809008392638049,"vegetation",TRUE,24,"2026-06-03 11:26:36"
"Fan-tailed Cuckoo","protocol_type",1,2.94709767492829e-11,0.999995668567969,"effort",FALSE,25,"2026-06-03 11:26:36"
"Variegated Fairywren","s(log(duration_minutes))",1.79451343370388,55.757704581933,0,"other",FALSE,1,"2026-06-03 11:29:09"
"Variegated Fairywren","s(observer_expertise)",1.33583198000522,45.259739653536,0,"effort",FALSE,2,"2026-06-03 11:29:09"
"Variegated Fairywren","s(height_cwm)",2.72374942265541,22.3250893629637,0,"vegetation",TRUE,3,"2026-06-03 11:29:09"
"Variegated Fairywren","s(log(precip_annual))",5.90521583108077,20.1619228703645,0,"other",FALSE,4,"2026-06-03 11:29:09"
"Variegated Fairywren","s(gini_simpson)",1.88863898343394,16.6245137420316,0,"vegetation",TRUE,5,"2026-06-03 11:29:09"
"Variegated Fairywren","s(log1p(nightlights))",7.15273083960759,13.6545838195429,0,"other",FALSE,6,"2026-06-03 11:29:09"
"Variegated Fairywren","s(pielou_evenness)",1.8229459797234,13.1457573766484,0,"vegetation",TRUE,7,"2026-06-03 11:29:09"
"Variegated Fairywren","s(sp_richness)",2.71233091038144,11.3289296947739,0,"vegetation",TRUE,8,"2026-06-03 11:29:09"
"Variegated Fairywren","s(lc_trees)",5.91845221915898,8.68380490657397,0,"landscape",FALSE,9,"2026-06-03 11:29:09"
"Variegated Fairywren","s(log1p(effort_distance_km))",2.0657305658384,5.48497684708576,0.000106940156990198,"other",FALSE,10,"2026-06-03 11:29:09"
"Variegated Fairywren","s(elevation)",4.58461322899128,5.46366576042444,0,"landscape",FALSE,11,"2026-06-03 11:29:09"
"Variegated Fairywren","s(temp_annual)",6.16030422346588,4.75409495621639,0,"landscape",FALSE,12,"2026-06-03 11:29:09"
"Variegated Fairywren","s(FRic)",1.56921796136914,4.28819592476366,0.000184099475528554,"vegetation",TRUE,13,"2026-06-03 11:29:09"
"Variegated Fairywren","s(time_observations_started)",5.87176891590478,3.83944075174204,4.30859838418396e-06,"effort",FALSE,14,"2026-06-03 11:29:09"
"Variegated Fairywren","s(wooddensity_cwm)",1.77607239274381,3.49212527359446,0.00193244153550942,"vegetation",TRUE,15,"2026-06-03 11:29:09"
"Variegated Fairywren","s(water_occ)",4.47264061045728,3.30856152008061,2.80685466813591e-06,"landscape",FALSE,16,"2026-06-03 11:29:09"
"Variegated Fairywren","s(prop_canopy)",0.899065617541709,2.96400173728883,0.000437913375194832,"vegetation",TRUE,17,"2026-06-03 11:29:09"
"Variegated Fairywren","s(LA_cwm)",1.60123486205089,2.52576856183136,0.00544342759077909,"vegetation",TRUE,18,"2026-06-03 11:29:09"
"Variegated Fairywren","s(day_of_year)",2.63615078328578,2.26791046217746,5.90790196526303e-05,"effort",FALSE,19,"2026-06-03 11:29:09"
"Variegated Fairywren","s(FDiv)",1.32074453385738,1.90868317527781,0.0103697396633218,"vegetation",TRUE,20,"2026-06-03 11:29:09"
"Variegated Fairywren","s(mean_fhd)",0.689264172504526,0.739204930533582,0.0542394757333553,"vegetation",TRUE,21,"2026-06-03 11:29:09"
"Variegated Fairywren","s(FEve)",0.928924221934733,0.599955109079155,0.125181684722084,"vegetation",TRUE,22,"2026-06-03 11:29:09"
"Variegated Fairywren","s(cover)",0.000531672007034251,0.000174223803483048,0.293938811210893,"vegetation",TRUE,23,"2026-06-03 11:29:09"
"Variegated Fairywren","s(number_observers)",0.000139156190249254,3.18713246954678e-06,0.921409598805684,"effort",FALSE,24,"2026-06-03 11:29:09"
"Variegated Fairywren","protocol_type",1,4.32885895404942e-13,0.999999475046381,"effort",FALSE,25,"2026-06-03 11:29:09"
"Yellow-rumped Thornbill","s(log(precip_annual))",6.3388878825716,19.5194634036059,0,"other",FALSE,1,"2026-06-03 11:31:34"
"Yellow-rumped Thornbill","s(log(duration_minutes))",1.88075009022618,17.7992663930719,0,"other",FALSE,2,"2026-06-03 11:31:34"
"Yellow-rumped Thornbill","s(lc_trees)",6.14993232413274,11.0818493833016,0,"landscape",FALSE,3,"2026-06-03 11:31:34"
"Yellow-rumped Thornbill","s(observer_expertise)",2.02922360780254,9.37712041231051,0,"effort",FALSE,4,"2026-06-03 11:31:34"
"Yellow-rumped Thornbill","s(wooddensity_cwm)",2.740373107615,6.60842179209553,4.16235708993185e-05,"vegetation",TRUE,5,"2026-06-03 11:31:34"
"Yellow-rumped Thornbill","s(water_occ)",2.78450664108863,5.49824023405815,0,"landscape",FALSE,6,"2026-06-03 11:31:34"
"Yellow-rumped Thornbill","s(elevation)",3.76108892863291,4.75244744180506,0,"landscape",FALSE,7,"2026-06-03 11:31:34"
"Yellow-rumped Thornbill","s(log1p(nightlights))",4.825630294805,4.71024015823063,0,"other",FALSE,8,"2026-06-03 11:31:34"
"Yellow-rumped Thornbill","s(FDiv)",0.927807746658134,4.28131729971004,9.22025041174557e-05,"vegetation",TRUE,9,"2026-06-03 11:31:34"
"Yellow-rumped Thornbill","s(cover)",1.71503939750988,3.48715196064313,0.00114236185352135,"vegetation",TRUE,10,"2026-06-03 11:31:34"
"Yellow-rumped Thornbill","s(day_of_year)",2.45924297089986,1.73150518948613,0.000500713090812455,"effort",FALSE,11,"2026-06-03 11:31:34"
"Yellow-rumped Thornbill","s(pielou_evenness)",1.55890165505536,1.5629432475842,0.0415386911592629,"vegetation",TRUE,12,"2026-06-03 11:31:34"
"Yellow-rumped Thornbill","s(temp_annual)",2.76262713137105,1.03514234977013,0.00763214304385107,"landscape",FALSE,13,"2026-06-03 11:31:34"
"Yellow-rumped Thornbill","s(prop_canopy)",0.647857636987273,0.407052393826071,0.132228749154258,"vegetation",TRUE,14,"2026-06-03 11:31:34"
"Yellow-rumped Thornbill","s(height_cwm)",0.609061008694816,0.340440770271745,0.160313292347804,"vegetation",TRUE,15,"2026-06-03 11:31:34"
"Yellow-rumped Thornbill","s(FRic)",0.215653089021703,0.0916375377549876,0.243127542370715,"vegetation",TRUE,16,"2026-06-03 11:31:34"
"Yellow-rumped Thornbill","s(number_observers)",0.0522788982305061,0.0183767115723292,0.302005173452185,"effort",FALSE,17,"2026-06-03 11:31:34"
"Yellow-rumped Thornbill","s(sp_richness)",0.000193029717358997,5.35809848034608e-05,0.333568540832743,"vegetation",TRUE,18,"2026-06-03 11:31:34"
"Yellow-rumped Thornbill","s(LA_cwm)",0.00013063381430562,2.80114431071225e-05,0.440811996331405,"vegetation",TRUE,19,"2026-06-03 11:31:34"
"Yellow-rumped Thornbill","s(time_observations_started)",0.000179309400765505,1.92529633290008e-05,0.387872434824182,"effort",FALSE,20,"2026-06-03 11:31:34"
"Yellow-rumped Thornbill","s(FEve)",6.73289513614708e-05,8.45457336886384e-06,0.542268710430358,"vegetation",TRUE,21,"2026-06-03 11:31:34"
"Yellow-rumped Thornbill","s(gini_simpson)",5.54904036963714e-05,8.26206441616265e-06,0.553483957538194,"vegetation",TRUE,22,"2026-06-03 11:31:34"
"Yellow-rumped Thornbill","s(mean_fhd)",5.01676186853882e-05,1.6068276518637e-06,0.833860668966334,"vegetation",TRUE,23,"2026-06-03 11:31:34"
"Yellow-rumped Thornbill","s(log1p(effort_distance_km))",3.8064573129798e-05,3.29484656950995e-07,0.96882757135663,"other",FALSE,24,"2026-06-03 11:31:34"
"Yellow-rumped Thornbill","protocol_type",3,2.62919544502141e-11,1,"effort",FALSE,25,"2026-06-03 11:31:34"
"White-bellied Sea-Eagle","s(log(duration_minutes))",0.994493846747965,58.8631362754304,0,"other",FALSE,1,"2026-06-03 11:34:11"
"White-bellied Sea-Eagle","s(log1p(nightlights))",7.54160080093397,22.3466811310392,0,"other",FALSE,2,"2026-06-03 11:34:11"
"White-bellied Sea-Eagle","s(water_occ)",8.46501487204736,21.243279341253,0,"landscape",FALSE,3,"2026-06-03 11:34:11"
"White-bellied Sea-Eagle","s(FEve)",2.86720967399664,8.91951868644992,9.35575098726105e-07,"vegetation",TRUE,4,"2026-06-03 11:34:11"
"White-bellied Sea-Eagle","s(gini_simpson)",0.951920661767468,6.58636854120731,1.15294217883921e-06,"vegetation",TRUE,5,"2026-06-03 11:34:11"
"White-bellied Sea-Eagle","s(pielou_evenness)",0.947987838577515,6.05787959078365,3.59084481704741e-06,"vegetation",TRUE,6,"2026-06-03 11:34:11"
"White-bellied Sea-Eagle","s(wooddensity_cwm)",2.14186173020821,6.04118020821338,3.72206015306631e-05,"vegetation",TRUE,7,"2026-06-03 11:34:11"
"White-bellied Sea-Eagle","s(time_observations_started)",2.63552026850229,5.58595704085729,0,"effort",FALSE,8,"2026-06-03 11:34:11"
"White-bellied Sea-Eagle","s(elevation)",3.80542713166467,5.52913744546245,0,"landscape",FALSE,9,"2026-06-03 11:34:11"
"White-bellied Sea-Eagle","s(observer_expertise)",0.95589813767634,5.3464720757734,2.0371128226504e-06,"effort",FALSE,10,"2026-06-03 11:34:11"
"White-bellied Sea-Eagle","s(day_of_year)",3.17768733676269,5.12483526831475,0,"effort",FALSE,11,"2026-06-03 11:34:11"
"White-bellied Sea-Eagle","s(log(precip_annual))",6.62453128100474,5.04394065701391,0,"other",FALSE,12,"2026-06-03 11:34:11"
"White-bellied Sea-Eagle","s(height_cwm)",0.905890107024475,3.20734946681369,0.000741016845962728,"vegetation",TRUE,13,"2026-06-03 11:34:11"
"White-bellied Sea-Eagle","s(LA_cwm)",0.893957075413004,2.80619719736185,0.00136436365713632,"vegetation",TRUE,14,"2026-06-03 11:34:11"
"White-bellied Sea-Eagle","s(temp_annual)",4.97584783655589,2.61579151274934,3.99476456207637e-05,"landscape",FALSE,15,"2026-06-03 11:34:11"
"White-bellied Sea-Eagle","s(cover)",1.44710746539865,1.63387073130416,0.0276380397609226,"vegetation",TRUE,16,"2026-06-03 11:34:11"
"White-bellied Sea-Eagle","s(number_observers)",0.803996195999918,1.36686408617504,0.02349241372594,"effort",FALSE,17,"2026-06-03 11:34:11"
"White-bellied Sea-Eagle","s(log1p(effort_distance_km))",0.608254411021021,0.517126995335389,0.108153978691909,"other",FALSE,18,"2026-06-03 11:34:11"
"White-bellied Sea-Eagle","s(prop_canopy)",0.60692655225467,0.514614555328143,0.102656058495161,"vegetation",TRUE,19,"2026-06-03 11:34:11"
"White-bellied Sea-Eagle","s(FDiv)",0.503914362246022,0.338531626766772,0.149192900183901,"vegetation",TRUE,20,"2026-06-03 11:34:11"
"White-bellied Sea-Eagle","s(lc_trees)",1.23057819897875,0.238112869211889,0.147011677431541,"landscape",FALSE,21,"2026-06-03 11:34:11"
"White-bellied Sea-Eagle","s(sp_richness)",0.000391329631686581,0.000112979490882159,0.344964293410043,"vegetation",TRUE,22,"2026-06-03 11:34:11"
"White-bellied Sea-Eagle","s(mean_fhd)",8.91115950883522e-05,3.55866565914372e-06,0.779168656503041,"vegetation",TRUE,23,"2026-06-03 11:34:11"
"White-bellied Sea-Eagle","s(FRic)",8.98514235016954e-05,1.26656176796411e-06,0.918707237445466,"vegetation",TRUE,24,"2026-06-03 11:34:11"
"White-bellied Sea-Eagle","protocol_type",1,5.94419436261849e-13,0.99999938485039,"effort",FALSE,25,"2026-06-03 11:34:11"
"Red-whiskered Bulbul","s(observer_expertise)",2.40653350533187,52.8616178330393,0,"effort",FALSE,1,"2026-06-03 11:36:36"
"Red-whiskered Bulbul","s(log(duration_minutes))",0.99350964950393,50.3590042349273,0,"other",FALSE,2,"2026-06-03 11:36:36"
"Red-whiskered Bulbul","s(log1p(nightlights))",7.68147787109348,45.0018728864465,0,"other",FALSE,3,"2026-06-03 11:36:36"
"Red-whiskered Bulbul","s(gini_simpson)",1.94156586418826,28.0602104698613,0,"vegetation",TRUE,4,"2026-06-03 11:36:36"
"Red-whiskered Bulbul","s(FRic)",1.89734354139722,26.1893245129417,0,"vegetation",TRUE,5,"2026-06-03 11:36:36"
"Red-whiskered Bulbul","s(prop_canopy)",1.95364338637511,24.9305354138064,0,"vegetation",TRUE,6,"2026-06-03 11:36:36"
"Red-whiskered Bulbul","s(lc_trees)",7.8134463344172,16.1906433283719,0,"landscape",FALSE,7,"2026-06-03 11:36:36"
"Red-whiskered Bulbul","s(FEve)",1.94408335177421,14.8882580947084,0,"vegetation",TRUE,8,"2026-06-03 11:36:36"
"Red-whiskered Bulbul","s(FDiv)",1.39195714666763,13.3358106368757,0,"vegetation",TRUE,9,"2026-06-03 11:36:36"
"Red-whiskered Bulbul","s(LA_cwm)",2.88879155011166,11.0314084849793,0,"vegetation",TRUE,10,"2026-06-03 11:36:36"
"Red-whiskered Bulbul","s(elevation)",6.41371832338761,10.7932145965718,0,"landscape",FALSE,11,"2026-06-03 11:36:36"
"Red-whiskered Bulbul","s(pielou_evenness)",1.96602366872413,10.6689589313712,0,"vegetation",TRUE,12,"2026-06-03 11:36:36"
"Red-whiskered Bulbul","s(sp_richness)",1.85425625679546,9.48272114944201,0,"vegetation",TRUE,13,"2026-06-03 11:36:36"
"Red-whiskered Bulbul","s(temp_annual)",3.72256371645034,9.46540831189668,0,"landscape",FALSE,14,"2026-06-03 11:36:36"
"Red-whiskered Bulbul","s(log(precip_annual))",4.37949785568061,9.17324159031514,0,"other",FALSE,15,"2026-06-03 11:36:36"
"Red-whiskered Bulbul","s(height_cwm)",2.69640336569868,8.28349094013276,1.1951943343913e-06,"vegetation",TRUE,16,"2026-06-03 11:36:36"
"Red-whiskered Bulbul","s(time_observations_started)",5.33318545652094,6.28924614668535,0,"effort",FALSE,17,"2026-06-03 11:36:36"
"Red-whiskered Bulbul","s(log1p(effort_distance_km))",1.7338590924819,6.06830584284683,2.71455221976247e-05,"other",FALSE,18,"2026-06-03 11:36:36"
"Red-whiskered Bulbul","s(cover)",2.52832196595956,5.60467745127396,0.000119771891940013,"vegetation",TRUE,19,"2026-06-03 11:36:36"
"Red-whiskered Bulbul","s(water_occ)",2.75979427813414,1.18116495278122,0.00416012706477731,"landscape",FALSE,20,"2026-06-03 11:36:36"
"Red-whiskered Bulbul","s(number_observers)",0.701937956542918,0.784154255859451,0.0662359661276462,"effort",FALSE,21,"2026-06-03 11:36:36"
"Red-whiskered Bulbul","s(day_of_year)",1.75643470488764,0.492392769729345,0.0795996089414204,"effort",FALSE,22,"2026-06-03 11:36:36"
"Red-whiskered Bulbul","s(mean_fhd)",0.57232779311819,0.275024842051031,0.183693658043736,"vegetation",TRUE,23,"2026-06-03 11:36:36"
"Red-whiskered Bulbul","s(wooddensity_cwm)",6.45949206300631e-05,4.71088328806632e-06,0.744590580165712,"vegetation",TRUE,24,"2026-06-03 11:36:36"
"Red-whiskered Bulbul","protocol_type",1,2.47712853110412e-11,0.999996028921117,"effort",FALSE,25,"2026-06-03 11:36:36"
"Scarlet Myzomela","s(observer_expertise)",1.840961063985,82.6932325063122,0,"effort",FALSE,1,"2026-06-03 11:38:37"
"Scarlet Myzomela","s(log(duration_minutes))",2.25566477611905,37.0789794758634,0,"other",FALSE,2,"2026-06-03 11:38:37"
"Scarlet Myzomela","s(log1p(nightlights))",4.82113012295451,25.5763283726883,0,"other",FALSE,3,"2026-06-03 11:38:37"
"Scarlet Myzomela","s(day_of_year)",6.06979410793522,9.67141200520233,0,"effort",FALSE,4,"2026-06-03 11:38:37"
"Scarlet Myzomela","s(cover)",1.87153223330897,8.22237361648421,1.31857047092065e-06,"vegetation",TRUE,5,"2026-06-03 11:38:37"
"Scarlet Myzomela","s(log(precip_annual))",5.13690566471374,7.95194893290343,0,"other",FALSE,6,"2026-06-03 11:38:37"
"Scarlet Myzomela","s(height_cwm)",2.53021357199188,7.00099248930847,9.94184733693615e-06,"vegetation",TRUE,7,"2026-06-03 11:38:37"
"Scarlet Myzomela","s(FDiv)",0.952684828940306,6.68556032255457,2.59582461215047e-06,"vegetation",TRUE,8,"2026-06-03 11:38:37"
"Scarlet Myzomela","s(temp_annual)",5.01755387395678,6.37804532268157,0,"landscape",FALSE,9,"2026-06-03 11:38:37"
"Scarlet Myzomela","s(water_occ)",3.29462077439109,5.24233149621031,0,"landscape",FALSE,10,"2026-06-03 11:38:37"
"Scarlet Myzomela","s(FRic)",1.6065244104953,4.62527716539199,8.2300384699252e-05,"vegetation",TRUE,11,"2026-06-03 11:38:37"
"Scarlet Myzomela","s(sp_richness)",1.6948585959203,4.49468461254497,0.000126681809967333,"vegetation",TRUE,12,"2026-06-03 11:38:37"
"Scarlet Myzomela","s(lc_trees)",2.13673862502944,4.43216755841095,0,"landscape",FALSE,13,"2026-06-03 11:38:37"
"Scarlet Myzomela","s(time_observations_started)",4.97326563071228,3.99008388819828,2.17637770527634e-06,"effort",FALSE,14,"2026-06-03 11:38:37"
"Scarlet Myzomela","s(wooddensity_cwm)",1.49473792498973,3.52624118654869,0.000610337021225704,"vegetation",TRUE,15,"2026-06-03 11:38:37"
"Scarlet Myzomela","s(log1p(effort_distance_km))",1.63260853786402,2.35358311245197,0.0123681041254514,"other",FALSE,16,"2026-06-03 11:38:37"
"Scarlet Myzomela","s(elevation)",2.54157384639288,2.05176923556036,3.30711745405443e-05,"landscape",FALSE,17,"2026-06-03 11:38:37"
"Scarlet Myzomela","s(prop_canopy)",0.768132798788429,1.10343432865963,0.03216895917553,"vegetation",TRUE,18,"2026-06-03 11:38:37"
"Scarlet Myzomela","s(pielou_evenness)",0.734207664919088,0.920127137147705,0.0452860985943759,"vegetation",TRUE,19,"2026-06-03 11:38:37"
"Scarlet Myzomela","s(LA_cwm)",0.000384853154407319,8.62897423371082e-05,0.442257299993542,"vegetation",TRUE,20,"2026-06-03 11:38:37"
"Scarlet Myzomela","s(gini_simpson)",0.000160179674490799,3.80038896763513e-05,0.366358046730111,"vegetation",TRUE,21,"2026-06-03 11:38:37"
"Scarlet Myzomela","s(FEve)",0.0001461635103124,1.17671004567032e-05,0.703779937725977,"vegetation",TRUE,22,"2026-06-03 11:38:37"
"Scarlet Myzomela","s(mean_fhd)",0.000126848062055827,8.91487421212406e-06,0.659082239931154,"vegetation",TRUE,23,"2026-06-03 11:38:37"
"Scarlet Myzomela","s(number_observers)",8.6861998871021e-05,2.59718320619499e-06,0.88284242439216,"effort",FALSE,24,"2026-06-03 11:38:37"
"Scarlet Myzomela","protocol_type",2,1.76022048679661e-12,0.99999999999824,"effort",FALSE,25,"2026-06-03 11:38:37"
"Nankeen Kestrel","s(lc_trees)",7.96927955049453,16.5416491308617,0,"landscape",FALSE,1,"2026-06-03 11:41:07"
"Nankeen Kestrel","s(mean_fhd)",1.87617407216501,11.0314801364294,0,"vegetation",TRUE,2,"2026-06-03 11:41:07"
"Nankeen Kestrel","s(log1p(effort_distance_km))",0.968420429423589,10.1743012192999,0,"other",FALSE,3,"2026-06-03 11:41:07"
"Nankeen Kestrel","s(temp_annual)",7.40799343062726,9.50108473305758,0,"landscape",FALSE,4,"2026-06-03 11:41:07"
"Nankeen Kestrel","s(cover)",1.83845327271062,7.34398965487179,3.0031545542597e-06,"vegetation",TRUE,5,"2026-06-03 11:41:07"
"Nankeen Kestrel","s(log(duration_minutes))",1.50392326499597,6.98167614723336,3.15328495337219e-06,"other",FALSE,6,"2026-06-03 11:41:07"
"Nankeen Kestrel","s(observer_expertise)",1.85094278924421,5.85649980501631,1.5927195964327e-06,"effort",FALSE,7,"2026-06-03 11:41:07"
"Nankeen Kestrel","s(log1p(nightlights))",2.8185843251183,5.60727229032878,0,"other",FALSE,8,"2026-06-03 11:41:07"
"Nankeen Kestrel","s(FRic)",1.86443199349082,5.5258659446414,2.00476312823827e-05,"vegetation",TRUE,9,"2026-06-03 11:41:07"
"Nankeen Kestrel","s(gini_simpson)",1.67835268547389,3.7953471463903,0.000303892451349208,"vegetation",TRUE,10,"2026-06-03 11:41:07"
"Nankeen Kestrel","s(LA_cwm)",1.62276250516773,3.33680750051758,0.00105621199508277,"vegetation",TRUE,11,"2026-06-03 11:41:07"
"Nankeen Kestrel","s(height_cwm)",1.61749133536018,2.00895550232592,0.0181044138480458,"vegetation",TRUE,12,"2026-06-03 11:41:07"
"Nankeen Kestrel","s(water_occ)",1.86007069961544,1.40772350084094,0.000350789730791723,"landscape",FALSE,13,"2026-06-03 11:41:07"
"Nankeen Kestrel","s(FEve)",0.962424303860545,1.00143146446273,0.0442598471587943,"vegetation",TRUE,14,"2026-06-03 11:41:07"
"Nankeen Kestrel","s(time_observations_started)",1.76176025546502,0.749557569255244,0.0201360698004177,"effort",FALSE,15,"2026-06-03 11:41:07"
"Nankeen Kestrel","s(number_observers)",0.67156808679422,0.681303531641943,0.0798628517629161,"effort",FALSE,16,"2026-06-03 11:41:07"
"Nankeen Kestrel","s(log(precip_annual))",1.64069055865848,0.384718207901785,0.0815203191858754,"other",FALSE,17,"2026-06-03 11:41:07"
"Nankeen Kestrel","s(pielou_evenness)",0.510662821438948,0.347831570132591,0.132115781599192,"vegetation",TRUE,18,"2026-06-03 11:41:07"
"Nankeen Kestrel","s(sp_richness)",0.518930177970754,0.244152930023172,0.20610432382752,"vegetation",TRUE,19,"2026-06-03 11:41:07"
"Nankeen Kestrel","s(wooddensity_cwm)",0.282584916295528,0.117927126106021,0.24471457388881,"vegetation",TRUE,20,"2026-06-03 11:41:07"
"Nankeen Kestrel","s(day_of_year)",0.0497403381629089,0.00634815094530322,0.356297481037549,"effort",FALSE,21,"2026-06-03 11:41:07"
"Nankeen Kestrel","s(prop_canopy)",0.0001696517489223,4.3014218618313e-05,0.349330124542053,"vegetation",TRUE,22,"2026-06-03 11:41:07"
"Nankeen Kestrel","s(FDiv)",3.03858166305645e-05,1.48659697052815e-05,0.193267468374467,"vegetation",TRUE,23,"2026-06-03 11:41:07"
"Nankeen Kestrel","s(elevation)",3.1685705744316e-05,5.55823665291234e-06,0.175912385359895,"landscape",FALSE,24,"2026-06-03 11:41:07"
"Nankeen Kestrel","protocol_type",1,2.67871624763291e-13,0.999999587049861,"effort",FALSE,25,"2026-06-03 11:41:07"
"Whistling Kite","s(log(duration_minutes))",1.73391138090466,24.491834617487,0,"other",FALSE,1,"2026-06-03 11:43:31"
"Whistling Kite","s(log1p(nightlights))",5.94063900698331,13.8602953608205,0,"other",FALSE,2,"2026-06-03 11:43:31"
"Whistling Kite","s(water_occ)",7.28594391210227,13.7302851440564,0,"landscape",FALSE,3,"2026-06-03 11:43:31"
"Whistling Kite","s(sp_richness)",2.72791098393028,11.5361410894335,0,"vegetation",TRUE,4,"2026-06-03 11:43:31"
"Whistling Kite","s(LA_cwm)",2.69782478267883,9.69184824420955,-1.69997041332692e-07,"vegetation",TRUE,5,"2026-06-03 11:43:31"
"Whistling Kite","s(log(precip_annual))",6.40428494515488,9.50037963217014,0,"other",FALSE,6,"2026-06-03 11:43:31"
"Whistling Kite","s(temp_annual)",5.58253730248192,8.76894387993519,0,"landscape",FALSE,7,"2026-06-03 11:43:31"
"Whistling Kite","s(FDiv)",2.70763709564655,8.76727318614419,1.11654321466315e-06,"vegetation",TRUE,8,"2026-06-03 11:43:31"
"Whistling Kite","s(observer_expertise)",2.01444929529716,8.0517451678381,0,"effort",FALSE,9,"2026-06-03 11:43:31"
"Whistling Kite","s(gini_simpson)",2.74954897770617,7.89572006078499,6.70466802632497e-07,"vegetation",TRUE,10,"2026-06-03 11:43:31"
"Whistling Kite","s(lc_trees)",4.27525465890629,5.86315013710168,0,"landscape",FALSE,11,"2026-06-03 11:43:31"
"Whistling Kite","s(FEve)",1.97457461096577,4.91644479679908,0.000163416158140306,"vegetation",TRUE,12,"2026-06-03 11:43:31"
"Whistling Kite","s(day_of_year)",3.64014475208075,4.55047124785417,0,"effort",FALSE,13,"2026-06-03 11:43:31"
"Whistling Kite","s(elevation)",5.09411411972062,4.38823842526256,0,"landscape",FALSE,14,"2026-06-03 11:43:31"
"Whistling Kite","s(FRic)",1.82270256418496,4.28311441663582,0.000590758360935251,"vegetation",TRUE,15,"2026-06-03 11:43:31"
"Whistling Kite","s(wooddensity_cwm)",1.67792348381702,2.76462953308168,0.00549054099773771,"vegetation",TRUE,16,"2026-06-03 11:43:31"
"Whistling Kite","s(height_cwm)",1.58487355826306,2.75648038840399,0.00354368739618849,"vegetation",TRUE,17,"2026-06-03 11:43:31"
"Whistling Kite","s(prop_canopy)",1.41577221293977,2.26125598770132,0.00737561158761313,"vegetation",TRUE,18,"2026-06-03 11:43:31"
"Whistling Kite","s(pielou_evenness)",1.3443247251531,1.6099247144055,0.0174233595090498,"vegetation",TRUE,19,"2026-06-03 11:43:31"
"Whistling Kite","s(number_observers)",0.00387368218930382,0.00128305113574067,0.340128685958035,"effort",FALSE,20,"2026-06-03 11:43:31"
"Whistling Kite","s(cover)",0.00036109533964859,0.000102877288283139,0.379676682814083,"vegetation",TRUE,21,"2026-06-03 11:43:31"
"Whistling Kite","s(mean_fhd)",9.31553704086749e-05,1.60746942003923e-05,0.435037629224355,"vegetation",TRUE,22,"2026-06-03 11:43:31"
"Whistling Kite","s(log1p(effort_distance_km))",6.89701646069161e-05,8.32934310655906e-06,0.653882811401283,"other",FALSE,23,"2026-06-03 11:43:31"
"Whistling Kite","s(time_observations_started)",6.23427214187908e-05,4.68042136497121e-06,0.515688717883827,"effort",FALSE,24,"2026-06-03 11:43:31"
"Whistling Kite","protocol_type",3,1.30526960450761e-11,1,"effort",FALSE,25,"2026-06-03 11:43:31"
"Blue-faced Honeyeater","s(temp_annual)",5.61027508910868,22.4149084605543,0,"landscape",FALSE,1,"2026-06-03 11:45:32"
"Blue-faced Honeyeater","s(log(precip_annual))",7.25148465571781,17.6804558932838,0,"other",FALSE,2,"2026-06-03 11:45:32"
"Blue-faced Honeyeater","s(FRic)",2.74343377917601,13.3899729949558,0,"vegetation",TRUE,3,"2026-06-03 11:45:32"
"Blue-faced Honeyeater","s(LA_cwm)",2.66322180752499,8.95515937367489,9.03302680765883e-07,"vegetation",TRUE,4,"2026-06-03 11:45:32"
"Blue-faced Honeyeater","s(log(duration_minutes))",1.78299423698677,8.53267862500383,4.67977935736386e-07,"other",FALSE,5,"2026-06-03 11:45:32"
"Blue-faced Honeyeater","s(lc_trees)",6.96641638222153,7.89483930703988,0,"landscape",FALSE,6,"2026-06-03 11:45:32"
"Blue-faced Honeyeater","s(log1p(nightlights))",6.26535155214959,7.55199374211003,0,"other",FALSE,7,"2026-06-03 11:45:32"
"Blue-faced Honeyeater","s(observer_expertise)",0.965327915712792,6.92992639008471,0,"effort",FALSE,8,"2026-06-03 11:45:32"
"Blue-faced Honeyeater","s(mean_fhd)",1.77222655933492,6.13023437007095,4.82560774428542e-06,"vegetation",TRUE,9,"2026-06-03 11:45:32"
"Blue-faced Honeyeater","s(FDiv)",2.33982045320956,5.63195779681498,8.81101853226207e-05,"vegetation",TRUE,10,"2026-06-03 11:45:32"
"Blue-faced Honeyeater","s(height_cwm)",1.7596182205259,3.87091980737565,0.000841325138692617,"vegetation",TRUE,11,"2026-06-03 11:45:32"
"Blue-faced Honeyeater","s(day_of_year)",4.38201351546135,3.03783623670891,2.29729241558729e-05,"effort",FALSE,12,"2026-06-03 11:45:32"
"Blue-faced Honeyeater","s(time_observations_started)",3.21674060198383,2.41584836127646,7.2288790503694e-05,"effort",FALSE,13,"2026-06-03 11:45:32"
"Blue-faced Honeyeater","s(water_occ)",5.09565458463405,2.11839722075571,0.000546348821264697,"landscape",FALSE,14,"2026-06-03 11:45:32"
"Blue-faced Honeyeater","s(log1p(effort_distance_km))",0.827765087371822,1.5995332502749,0.0142454023380297,"other",FALSE,15,"2026-06-03 11:45:32"
"Blue-faced Honeyeater","s(elevation)",3.23675512063223,1.33099085123362,0.00292494157641099,"landscape",FALSE,16,"2026-06-03 11:45:32"
"Blue-faced Honeyeater","s(prop_canopy)",1.23808921597756,1.08617911164678,0.045670833491361,"vegetation",TRUE,17,"2026-06-03 11:45:32"
"Blue-faced Honeyeater","s(number_observers)",0.507373518442167,0.343175405500603,0.151864833945437,"effort",FALSE,18,"2026-06-03 11:45:32"
"Blue-faced Honeyeater","s(pielou_evenness)",0.342445754542006,0.172539232903628,0.198693180530946,"vegetation",TRUE,19,"2026-06-03 11:45:32"
"Blue-faced Honeyeater","s(gini_simpson)",0.000118991323421132,3.73849238212935e-05,0.320650451219905,"vegetation",TRUE,20,"2026-06-03 11:45:32"
"Blue-faced Honeyeater","s(FEve)",4.06754592334086e-05,2.30650816196344e-05,0.163752490599439,"vegetation",TRUE,21,"2026-06-03 11:45:32"
"Blue-faced Honeyeater","s(sp_richness)",3.91586064222138e-05,2.11236081106591e-05,0.16465632658074,"vegetation",TRUE,22,"2026-06-03 11:45:32"
"Blue-faced Honeyeater","s(cover)",2.21198482527872e-05,3.17660039005682e-06,0.526856266934176,"vegetation",TRUE,23,"2026-06-03 11:45:32"
"Blue-faced Honeyeater","s(wooddensity_cwm)",3.99058570401334e-05,2.8891831726779e-06,0.717185904828816,"vegetation",TRUE,24,"2026-06-03 11:45:32"
"Blue-faced Honeyeater","protocol_type",2,1.65913041746182e-11,0.999999999983409,"effort",FALSE,25,"2026-06-03 11:45:32"
"Mistletoebird","s(observer_expertise)",0.997023297754031,82.9275467710153,0,"effort",FALSE,1,"2026-06-03 11:47:25"
"Mistletoebird","s(log(duration_minutes))",1.78316385542858,15.3054803636758,0,"other",FALSE,2,"2026-06-03 11:47:25"
"Mistletoebird","s(pielou_evenness)",2.54527471305975,14.2854555196611,0,"vegetation",TRUE,3,"2026-06-03 11:47:25"
"Mistletoebird","s(sp_richness)",1.7800262722484,9.22909436335142,0,"vegetation",TRUE,4,"2026-06-03 11:47:25"
"Mistletoebird","s(log1p(nightlights))",0.987937351322355,9.04306832001219,0,"other",FALSE,5,"2026-06-03 11:47:25"
"Mistletoebird","s(log(precip_annual))",7.24994023764515,8.12387843151371,0,"other",FALSE,6,"2026-06-03 11:47:25"
"Mistletoebird","s(number_observers)",1.73231020213452,6.84390733785714,6.01192053395483e-06,"effort",FALSE,7,"2026-06-03 11:47:25"
"Mistletoebird","s(day_of_year)",4.15242225347198,6.45274426887018,0,"effort",FALSE,8,"2026-06-03 11:47:25"
"Mistletoebird","s(water_occ)",3.79872144579808,6.13327932642495,0,"landscape",FALSE,9,"2026-06-03 11:47:25"
"Mistletoebird","s(FEve)",0.941181873789062,5.3288524992419,1.27471949593616e-05,"vegetation",TRUE,10,"2026-06-03 11:47:25"
"Mistletoebird","s(temp_annual)",0.973689828433537,4.10039833040245,0,"landscape",FALSE,11,"2026-06-03 11:47:25"
"Mistletoebird","s(log1p(effort_distance_km))",1.67989615831909,3.80728649854999,0.000979153698585922,"other",FALSE,12,"2026-06-03 11:47:25"
"Mistletoebird","s(wooddensity_cwm)",0.903254026118596,3.10185133403169,0.000906326762936116,"vegetation",TRUE,13,"2026-06-03 11:47:25"
"Mistletoebird","s(height_cwm)",1.60705101731073,2.70017262556444,0.00306943656073366,"vegetation",TRUE,14,"2026-06-03 11:47:25"
"Mistletoebird","s(time_observations_started)",3.92650554260622,2.50926386114239,0.000130153968397995,"effort",FALSE,15,"2026-06-03 11:47:25"
"Mistletoebird","s(cover)",1.99856421369446,2.45858830613625,0.0135852420853682,"vegetation",TRUE,16,"2026-06-03 11:47:25"
"Mistletoebird","s(elevation)",4.29084721482332,2.26656037794472,0.000141875140566627,"landscape",FALSE,17,"2026-06-03 11:47:25"
"Mistletoebird","s(LA_cwm)",1.58672844512573,2.16339441247823,0.0115679915615448,"vegetation",TRUE,18,"2026-06-03 11:47:25"
"Mistletoebird","s(gini_simpson)",0.840186505560123,1.75124533131243,0.00535998002403759,"vegetation",TRUE,19,"2026-06-03 11:47:25"
"Mistletoebird","s(FDiv)",1.22631643210808,1.55356259301457,0.0189308035852086,"vegetation",TRUE,20,"2026-06-03 11:47:25"
"Mistletoebird","s(prop_canopy)",1.06238815565425,0.983427236210082,0.0592074197093584,"vegetation",TRUE,21,"2026-06-03 11:47:25"
"Mistletoebird","s(lc_trees)",0.980170156459745,0.379115771968052,0.0370608123412075,"landscape",FALSE,22,"2026-06-03 11:47:25"
"Mistletoebird","s(mean_fhd)",8.39513053526521e-05,1.69329187297025e-06,0.886862076062992,"vegetation",TRUE,23,"2026-06-03 11:47:25"
"Mistletoebird","s(FRic)",7.17385454903495e-05,5.0230285184458e-07,0.97130596533847,"vegetation",TRUE,24,"2026-06-03 11:47:25"
"Mistletoebird","protocol_type",1,2.68234910314788e-13,0.999999586769947,"effort",FALSE,25,"2026-06-03 11:47:25"
"Australian Brushturkey","s(log1p(nightlights))",8.89537923717153,95.1345250089666,0,"other",FALSE,1,"2026-06-03 11:49:06"
"Australian Brushturkey","s(gini_simpson)",1.98340022343136,49.2178949903719,0,"vegetation",TRUE,2,"2026-06-03 11:49:06"
"Australian Brushturkey","s(log(precip_annual))",5.04549612895209,40.2777712541368,0,"other",FALSE,3,"2026-06-03 11:49:06"
"Australian Brushturkey","s(log(duration_minutes))",2.34239802124151,39.149326912644,0,"other",FALSE,4,"2026-06-03 11:49:06"
"Australian Brushturkey","s(height_cwm)",2.96874652719719,38.3109145021609,0,"vegetation",TRUE,5,"2026-06-03 11:49:06"
"Australian Brushturkey","s(temp_annual)",5.90662012501093,34.8003466841133,0,"landscape",FALSE,6,"2026-06-03 11:49:06"
"Australian Brushturkey","s(lc_trees)",7.11966014713462,31.7631565284731,0,"landscape",FALSE,7,"2026-06-03 11:49:06"
"Australian Brushturkey","s(water_occ)",7.16006375678631,30.4785628273058,0,"landscape",FALSE,8,"2026-06-03 11:49:06"
"Australian Brushturkey","s(prop_canopy)",1.96734832284742,29.3760608781889,0,"vegetation",TRUE,9,"2026-06-03 11:49:06"
"Australian Brushturkey","s(mean_fhd)",2.94753948934522,25.9986954696728,0,"vegetation",TRUE,10,"2026-06-03 11:49:06"
"Australian Brushturkey","s(FDiv)",2.94373426900062,24.7270927971032,0,"vegetation",TRUE,11,"2026-06-03 11:49:06"
"Australian Brushturkey","s(pielou_evenness)",0.985998458817683,23.3753797314787,0,"vegetation",TRUE,12,"2026-06-03 11:49:06"
"Australian Brushturkey","s(elevation)",5.66831459597409,18.5152198978772,0,"landscape",FALSE,13,"2026-06-03 11:49:06"
"Australian Brushturkey","s(sp_richness)",1.94334029379409,18.3782585016245,0,"vegetation",TRUE,14,"2026-06-03 11:49:06"
"Australian Brushturkey","s(time_observations_started)",6.50432517000273,9.85011300748289,0,"effort",FALSE,15,"2026-06-03 11:49:06"
"Australian Brushturkey","s(wooddensity_cwm)",1.69621963229904,7.71886867312511,1.36942278805563e-06,"vegetation",TRUE,16,"2026-06-03 11:49:06"
"Australian Brushturkey","s(cover)",1.84548085192621,6.08823681443501,3.73911431879037e-05,"vegetation",TRUE,17,"2026-06-03 11:49:06"
"Australian Brushturkey","s(FRic)",1.83671068783214,5.10954066688573,0.000139660993998203,"vegetation",TRUE,18,"2026-06-03 11:49:06"
"Australian Brushturkey","s(day_of_year)",3.79511779979424,4.07911945354359,1.35100917020292e-06,"effort",FALSE,19,"2026-06-03 11:49:06"
"Australian Brushturkey","s(number_observers)",1.55356962928547,1.46981712963929,0.0588570765895563,"effort",FALSE,20,"2026-06-03 11:49:06"
"Australian Brushturkey","s(observer_expertise)",1.02019461073886,0.735352768271301,0.0574147664261068,"effort",FALSE,21,"2026-06-03 11:49:06"
"Australian Brushturkey","s(log1p(effort_distance_km))",0.557781299739477,0.420233765266989,0.130714533206555,"other",FALSE,22,"2026-06-03 11:49:06"
"Australian Brushturkey","s(FEve)",0.000205709601794745,2.65854233262722e-05,0.598987753449168,"vegetation",TRUE,23,"2026-06-03 11:49:06"
"Australian Brushturkey","s(LA_cwm)",0.000115367487578587,5.40515973579126e-06,0.816925658439512,"vegetation",TRUE,24,"2026-06-03 11:49:06"
"Australian Brushturkey","protocol_type",1,4.41906663309745e-13,0.999999469604879,"effort",FALSE,25,"2026-06-03 11:49:06"
"Dollarbird","s(day_of_year)",5.77972398155982,41.4885447037499,0,"effort",FALSE,1,"2026-06-03 11:50:37"
"Dollarbird","s(log(duration_minutes))",2.26494622275857,25.2517558392207,0,"other",FALSE,2,"2026-06-03 11:50:37"
"Dollarbird","s(observer_expertise)",0.987133559341413,19.1044820912644,0,"effort",FALSE,3,"2026-06-03 11:50:37"
"Dollarbird","s(LA_cwm)",1.92097438581376,19.0473945244599,0,"vegetation",TRUE,4,"2026-06-03 11:50:37"
"Dollarbird","s(lc_trees)",5.78357344589648,14.0244176658753,0,"landscape",FALSE,5,"2026-06-03 11:50:37"
"Dollarbird","s(pielou_evenness)",2.78884925419757,12.6607883117449,0,"vegetation",TRUE,6,"2026-06-03 11:50:37"
"Dollarbird","s(log1p(nightlights))",7.15892816221141,6.94180956728725,0,"other",FALSE,7,"2026-06-03 11:50:37"
"Dollarbird","s(temp_annual)",4.09965390394439,5.85947927520472,0,"landscape",FALSE,8,"2026-06-03 11:50:37"
"Dollarbird","s(sp_richness)",2.16678517713676,5.84624113883407,1.58530372800225e-05,"vegetation",TRUE,9,"2026-06-03 11:50:37"
"Dollarbird","s(elevation)",4.36946403534914,4.73918754156141,0,"landscape",FALSE,10,"2026-06-03 11:50:37"
"Dollarbird","s(log1p(effort_distance_km))",1.57977973076234,3.68486423801186,0.000892092949368206,"other",FALSE,11,"2026-06-03 11:50:37"
"Dollarbird","s(cover)",1.69436128924763,2.66924972017907,0.00553333606042861,"vegetation",TRUE,12,"2026-06-03 11:50:37"
"Dollarbird","s(FRic)",1.32091064031586,2.07371170082289,0.00690535791051539,"vegetation",TRUE,13,"2026-06-03 11:50:37"
"Dollarbird","s(FEve)",1.36127953799799,1.85590254621862,0.0118182540921437,"vegetation",TRUE,14,"2026-06-03 11:50:37"
"Dollarbird","s(mean_fhd)",1.31016504616524,1.75311716580519,0.0125908248820403,"vegetation",TRUE,15,"2026-06-03 11:50:37"
"Dollarbird","s(height_cwm)",1.30565451508864,1.32548224089624,0.0348986144095274,"vegetation",TRUE,16,"2026-06-03 11:50:37"
"Dollarbird","s(FDiv)",1.43142730564068,1.25472458073625,0.0581498687074371,"vegetation",TRUE,17,"2026-06-03 11:50:37"
"Dollarbird","s(log(precip_annual))",1.49190999232613,0.499646533868021,0.0294956741910999,"other",FALSE,18,"2026-06-03 11:50:37"
"Dollarbird","s(gini_simpson)",0.000150166045231791,3.44386119530408e-05,0.352629546324258,"vegetation",TRUE,19,"2026-06-03 11:50:37"
"Dollarbird","s(number_observers)",0.000109186170703168,1.97575630630824e-05,0.519471426482079,"effort",FALSE,20,"2026-06-03 11:50:37"
"Dollarbird","s(wooddensity_cwm)",9.71329220642582e-05,1.5798123617849e-05,0.524994554105338,"vegetation",TRUE,21,"2026-06-03 11:50:37"
"Dollarbird","s(prop_canopy)",2.86747279742078e-05,8.23565092208271e-06,0.227584177993267,"vegetation",TRUE,22,"2026-06-03 11:50:37"
"Dollarbird","s(water_occ)",8.61558950968564e-05,2.62991663147085e-06,0.686660671973942,"landscape",FALSE,23,"2026-06-03 11:50:37"
"Dollarbird","s(time_observations_started)",4.05867860790172e-05,1.27170035480831e-06,0.776594503895558,"effort",FALSE,24,"2026-06-03 11:50:37"
"Dollarbird","protocol_type",2,2.44870241733342e-13,0.999999999999755,"effort",FALSE,25,"2026-06-03 11:50:37"
"Bell Miner","s(log(precip_annual))",5.33836036812997,50.8796453034052,0,"other",FALSE,1,"2026-06-03 11:52:09"
"Bell Miner","s(observer_expertise)",3.74894967706807,47.6819845959879,0,"effort",FALSE,2,"2026-06-03 11:52:09"
"Bell Miner","s(LA_cwm)",2.94900250304803,32.2535427699276,0,"vegetation",TRUE,3,"2026-06-03 11:52:09"
"Bell Miner","s(log1p(nightlights))",7.66133880961864,32.0655367976117,0,"other",FALSE,4,"2026-06-03 11:52:09"
"Bell Miner","s(pielou_evenness)",2.93540736525981,30.6971307423845,0,"vegetation",TRUE,5,"2026-06-03 11:52:09"
"Bell Miner","s(FDiv)",2.91586230352773,29.52570810894,0,"vegetation",TRUE,6,"2026-06-03 11:52:09"
"Bell Miner","s(gini_simpson)",2.94130057684621,23.9592155015996,0,"vegetation",TRUE,7,"2026-06-03 11:52:09"
"Bell Miner","s(mean_fhd)",1.84571211620077,22.9343207231922,0,"vegetation",TRUE,8,"2026-06-03 11:52:09"
"Bell Miner","s(cover)",2.6774028763408,21.0087809398602,0,"vegetation",TRUE,9,"2026-06-03 11:52:09"
"Bell Miner","s(height_cwm)",2.90688324507707,19.8291469754174,0,"vegetation",TRUE,10,"2026-06-03 11:52:09"
"Bell Miner","s(temp_annual)",6.32403283100568,19.6090206068971,0,"landscape",FALSE,11,"2026-06-03 11:52:09"
"Bell Miner","s(log1p(effort_distance_km))",0.980159276484795,16.4111867084278,0,"other",FALSE,12,"2026-06-03 11:52:09"
"Bell Miner","s(water_occ)",6.02065756833483,13.7432024675827,0,"landscape",FALSE,13,"2026-06-03 11:52:09"
"Bell Miner","s(FRic)",2.83659679179784,11.9386479480212,0,"vegetation",TRUE,14,"2026-06-03 11:52:09"
"Bell Miner","s(prop_canopy)",2.28585851665723,11.7559944001245,0,"vegetation",TRUE,15,"2026-06-03 11:52:09"
"Bell Miner","s(lc_trees)",7.66641244920689,10.868366470788,0,"landscape",FALSE,16,"2026-06-03 11:52:09"
"Bell Miner","s(number_observers)",0.94767569766784,6.01959749918689,9.84833270334384e-06,"effort",FALSE,17,"2026-06-03 11:52:09"
"Bell Miner","s(wooddensity_cwm)",0.943298214206035,5.4990375326505,1.4486668104885e-05,"vegetation",TRUE,18,"2026-06-03 11:52:09"
"Bell Miner","s(time_observations_started)",7.05369572526923,4.58854848194439,-1.03882381097264e-06,"effort",FALSE,19,"2026-06-03 11:52:09"
"Bell Miner","s(elevation)",3.75620812787697,3.76393957227977,0,"landscape",FALSE,20,"2026-06-03 11:52:09"
"Bell Miner","s(day_of_year)",2.59813951062784,2.44805691218161,2.39325021077486e-05,"effort",FALSE,21,"2026-06-03 11:52:09"
"Bell Miner","s(log(duration_minutes))",1.37874689090094,1.34235026035313,0.0519062493628155,"other",FALSE,22,"2026-06-03 11:52:09"
"Bell Miner","s(FEve)",0.824426992424456,0.52467688172484,0.132110944942457,"vegetation",TRUE,23,"2026-06-03 11:52:09"
"Bell Miner","s(sp_richness)",0.000130258380031823,7.35033164288553e-06,0.798064681924796,"vegetation",TRUE,24,"2026-06-03 11:52:09"
"Bell Miner","protocol_type",2,2.13904178522277e-13,0.999999999999786,"effort",FALSE,25,"2026-06-03 11:52:09"
"Brown Cuckoo-Dove","s(log(duration_minutes))",1.95321143427454,44.1875105105988,0,"other",FALSE,1,"2026-06-03 11:53:40"
"Brown Cuckoo-Dove","s(log1p(nightlights))",7.57491042857821,19.2069033039842,0,"other",FALSE,2,"2026-06-03 11:53:40"
"Brown Cuckoo-Dove","s(mean_fhd)",1.91455477887199,15.289549596468,0,"vegetation",TRUE,3,"2026-06-03 11:53:40"
"Brown Cuckoo-Dove","s(observer_expertise)",2.26462901122102,13.9827314787081,0,"effort",FALSE,4,"2026-06-03 11:53:40"
"Brown Cuckoo-Dove","s(time_observations_started)",5.93753365098792,10.9139673779454,0,"effort",FALSE,5,"2026-06-03 11:53:40"
"Brown Cuckoo-Dove","s(elevation)",6.52416723554836,10.4113309262666,0,"landscape",FALSE,6,"2026-06-03 11:53:40"
"Brown Cuckoo-Dove","s(log(precip_annual))",5.03128253572023,9.02511733125863,0,"other",FALSE,7,"2026-06-03 11:53:40"
"Brown Cuckoo-Dove","s(gini_simpson)",1.88011048051682,8.28197486013553,3.02052287404209e-07,"vegetation",TRUE,8,"2026-06-03 11:53:40"
"Brown Cuckoo-Dove","s(day_of_year)",4.60920639676817,8.15181889633819,0,"effort",FALSE,9,"2026-06-03 11:53:40"
"Brown Cuckoo-Dove","s(lc_trees)",6.73078042045752,7.61782122026361,0,"landscape",FALSE,10,"2026-06-03 11:53:40"
"Brown Cuckoo-Dove","s(height_cwm)",1.85570654063432,6.76031720569035,7.20649410257401e-06,"vegetation",TRUE,11,"2026-06-03 11:53:40"
"Brown Cuckoo-Dove","s(water_occ)",6.19630019643174,6.75935240718123,0,"landscape",FALSE,12,"2026-06-03 11:53:40"
"Brown Cuckoo-Dove","s(prop_canopy)",1.86142443517676,6.75158011877191,7.22561806898447e-06,"vegetation",TRUE,13,"2026-06-03 11:53:40"
"Brown Cuckoo-Dove","s(temp_annual)",5.69424090688099,6.7141287143052,0,"landscape",FALSE,14,"2026-06-03 11:53:40"
"Brown Cuckoo-Dove","s(FEve)",1.80604599803655,3.77711413250415,0.00148321497596626,"vegetation",TRUE,15,"2026-06-03 11:53:40"
"Brown Cuckoo-Dove","s(LA_cwm)",2.07866334324702,3.62986914152005,0.00152361026646497,"vegetation",TRUE,16,"2026-06-03 11:53:40"
"Brown Cuckoo-Dove","s(cover)",1.64806802938016,2.86058481859138,0.00430470461205257,"vegetation",TRUE,17,"2026-06-03 11:53:40"
"Brown Cuckoo-Dove","s(wooddensity_cwm)",1.57288171992065,2.76045899800106,0.0039306799079224,"vegetation",TRUE,18,"2026-06-03 11:53:40"
"Brown Cuckoo-Dove","s(pielou_evenness)",1.35397911893942,1.48838261530462,0.0298345324023616,"vegetation",TRUE,19,"2026-06-03 11:53:40"
"Brown Cuckoo-Dove","s(FDiv)",0.722910375086549,0.869522131070851,0.051425318372045,"vegetation",TRUE,20,"2026-06-03 11:53:40"
"Brown Cuckoo-Dove","s(log1p(effort_distance_km))",0.490589918356356,0.320054394878901,0.159117442170407,"other",FALSE,21,"2026-06-03 11:53:40"
"Brown Cuckoo-Dove","s(sp_richness)",0.000322360582269668,8.78154524644248e-05,0.345612899408149,"vegetation",TRUE,22,"2026-06-03 11:53:40"
"Brown Cuckoo-Dove","s(FRic)",0.000108544500170307,3.88206207157148e-06,0.815090223164492,"vegetation",TRUE,23,"2026-06-03 11:53:40"
"Brown Cuckoo-Dove","s(number_observers)",7.58375131563692e-05,2.6584837437234e-06,0.879399448875197,"effort",FALSE,24,"2026-06-03 11:53:40"
"Brown Cuckoo-Dove","protocol_type",2,3.87529092956847e-13,0.999999999999613,"effort",FALSE,25,"2026-06-03 11:53:40"
"Musk Lorikeet","s(observer_expertise)",2.06878284677595,37.7495949351473,0,"effort",FALSE,1,"2026-06-03 11:55:11"
"Musk Lorikeet","s(temp_annual)",5.63323404022857,18.1213174500995,0,"landscape",FALSE,2,"2026-06-03 11:55:11"
"Musk Lorikeet","s(lc_trees)",7.11699556189219,16.5773622235809,0,"landscape",FALSE,3,"2026-06-03 11:55:11"
"Musk Lorikeet","s(elevation)",6.64202070104628,16.0099457350863,0,"landscape",FALSE,4,"2026-06-03 11:55:11"
"Musk Lorikeet","s(prop_canopy)",2.10074587921562,14.0615009812773,0,"vegetation",TRUE,5,"2026-06-03 11:55:11"
"Musk Lorikeet","s(day_of_year)",4.66314654351662,12.1702876329637,0,"effort",FALSE,6,"2026-06-03 11:55:11"
"Musk Lorikeet","s(time_observations_started)",5.17729715531941,9.60556185833442,0,"effort",FALSE,7,"2026-06-03 11:55:11"
"Musk Lorikeet","s(log(precip_annual))",5.87501437517851,9.30069485255848,0,"other",FALSE,8,"2026-06-03 11:55:11"
"Musk Lorikeet","s(height_cwm)",1.88535798498168,7.69718162540048,2.27783772888124e-06,"vegetation",TRUE,9,"2026-06-03 11:55:11"
"Musk Lorikeet","s(wooddensity_cwm)",2.71909301524518,6.6874778482762,3.76642731283461e-05,"vegetation",TRUE,10,"2026-06-03 11:55:11"
"Musk Lorikeet","s(log1p(effort_distance_km))",2.63193431858922,5.75563605244824,0.000175188094409195,"other",FALSE,11,"2026-06-03 11:55:11"
"Musk Lorikeet","s(mean_fhd)",0.944060160091485,5.57053673063538,6.44139296146484e-06,"vegetation",TRUE,12,"2026-06-03 11:55:11"
"Musk Lorikeet","s(water_occ)",3.87445930096855,5.18281222844664,0,"landscape",FALSE,13,"2026-06-03 11:55:11"
"Musk Lorikeet","s(FEve)",1.82685177997061,4.7321460945874,0.000197343872264999,"vegetation",TRUE,14,"2026-06-03 11:55:11"
"Musk Lorikeet","s(pielou_evenness)",1.79711823569911,4.54552907316003,0.000247367550451516,"vegetation",TRUE,15,"2026-06-03 11:55:11"
"Musk Lorikeet","s(cover)",1.78549931744887,4.41485675138159,0.000372530919274361,"vegetation",TRUE,16,"2026-06-03 11:55:11"
"Musk Lorikeet","s(sp_richness)",1.74110575416338,3.74168412423534,0.000572244970280522,"vegetation",TRUE,17,"2026-06-03 11:55:11"
"Musk Lorikeet","s(gini_simpson)",0.907745826818477,3.27622592775395,0.000375032753437976,"vegetation",TRUE,18,"2026-06-03 11:55:11"
"Musk Lorikeet","s(LA_cwm)",0.890709152241939,2.71345123099301,0.001640135304117,"vegetation",TRUE,19,"2026-06-03 11:55:11"
"Musk Lorikeet","s(number_observers)",0.867724399821213,2.18584650147768,0.00553324084079687,"effort",FALSE,20,"2026-06-03 11:55:11"
"Musk Lorikeet","s(log(duration_minutes))",1.34159605375602,1.71992620944848,0.0204592061656783,"other",FALSE,21,"2026-06-03 11:55:11"
"Musk Lorikeet","s(log1p(nightlights))",1.8709214362259,1.18310276642289,0.00108157840060485,"other",FALSE,22,"2026-06-03 11:55:11"
"Musk Lorikeet","s(FRic)",0.705700835679747,0.79905769043633,0.0474629878460769,"vegetation",TRUE,23,"2026-06-03 11:55:11"
"Musk Lorikeet","s(FDiv)",0.997376504708702,0.496912682344374,0.203924752494833,"vegetation",TRUE,24,"2026-06-03 11:55:11"
"Musk Lorikeet","protocol_type",2,1.01379382803203e-11,0.999999999989862,"effort",FALSE,25,"2026-06-03 11:55:11"
"Wonga Pigeon","s(observer_expertise)",2.01493341576685,25.2979590869128,0,"effort",FALSE,1,"2026-06-03 11:56:48"
"Wonga Pigeon","s(cover)",0.98595403785312,23.3454744075065,0,"vegetation",TRUE,2,"2026-06-03 11:56:48"
"Wonga Pigeon","s(LA_cwm)",1.95492955319593,22.2136828562278,0,"vegetation",TRUE,3,"2026-06-03 11:56:48"
"Wonga Pigeon","s(log(duration_minutes))",0.982669821439825,18.7106133028269,0,"other",FALSE,4,"2026-06-03 11:56:48"
"Wonga Pigeon","s(log1p(nightlights))",6.38964829803449,14.0073913566015,0,"other",FALSE,5,"2026-06-03 11:56:48"
"Wonga Pigeon","s(water_occ)",7.93367057464177,11.6358652305256,0,"landscape",FALSE,6,"2026-06-03 11:56:48"
"Wonga Pigeon","s(time_observations_started)",6.49794683493289,11.4439312882355,0,"effort",FALSE,7,"2026-06-03 11:56:48"
"Wonga Pigeon","s(lc_trees)",5.27730477323049,7.31807697715087,0,"landscape",FALSE,8,"2026-06-03 11:56:48"
"Wonga Pigeon","s(log(precip_annual))",4.76573767196967,6.24009055352286,0,"other",FALSE,9,"2026-06-03 11:56:48"
"Wonga Pigeon","s(temp_annual)",6.18548358792912,6.18719494453821,0,"landscape",FALSE,10,"2026-06-03 11:56:48"
"Wonga Pigeon","s(FDiv)",1.79248129950604,5.31326578275579,5.81608040653991e-05,"vegetation",TRUE,11,"2026-06-03 11:56:48"
"Wonga Pigeon","s(day_of_year)",3.07119813891729,3.12741335906936,3.25120247857136e-06,"effort",FALSE,12,"2026-06-03 11:56:48"
"Wonga Pigeon","s(height_cwm)",1.70702513020758,2.89793099478677,0.00431170000022418,"vegetation",TRUE,13,"2026-06-03 11:56:48"
"Wonga Pigeon","s(gini_simpson)",1.67579091769009,2.72797960712506,0.00159820556800339,"vegetation",TRUE,14,"2026-06-03 11:56:48"
"Wonga Pigeon","s(number_observers)",1.69618274909255,2.54544233560185,0.0114038327606472,"effort",FALSE,15,"2026-06-03 11:56:48"
"Wonga Pigeon","s(FEve)",2.41291252080828,1.93116828381332,0.051125390416268,"vegetation",TRUE,16,"2026-06-03 11:56:48"
"Wonga Pigeon","s(FRic)",0.847538013260835,1.85127889145308,0.00590430026889177,"vegetation",TRUE,17,"2026-06-03 11:56:48"
"Wonga Pigeon","s(sp_richness)",0.840194293510983,1.74944136358083,0.004705455713088,"vegetation",TRUE,18,"2026-06-03 11:56:48"
"Wonga Pigeon","s(pielou_evenness)",1.30256477649631,1.29382223170818,0.0254931521914181,"vegetation",TRUE,19,"2026-06-03 11:56:48"
"Wonga Pigeon","s(wooddensity_cwm)",1.2805910398717,1.27815517411525,0.0426075759932789,"vegetation",TRUE,20,"2026-06-03 11:56:48"
"Wonga Pigeon","s(log1p(effort_distance_km))",0.761758452457578,1.06330678610156,0.0393208760447266,"other",FALSE,21,"2026-06-03 11:56:48"
"Wonga Pigeon","s(mean_fhd)",0.582157202157785,0.46426876465241,0.113045144384627,"vegetation",TRUE,22,"2026-06-03 11:56:48"
"Wonga Pigeon","s(elevation)",1.32161172386908,0.329196278698957,0.0771667979970139,"landscape",FALSE,23,"2026-06-03 11:56:48"
"Wonga Pigeon","s(prop_canopy)",0.000351665485441287,8.83511223351836e-05,0.381652035167908,"vegetation",TRUE,24,"2026-06-03 11:56:48"
"Wonga Pigeon","protocol_type",1,5.57534746360575e-13,0.999999404241531,"effort",FALSE,25,"2026-06-03 11:56:48"
"Brown Honeyeater","s(temp_annual)",3.86093168814531,22.728576200575,0,"landscape",FALSE,1,"2026-06-03 11:58:29"
"Brown Honeyeater","s(gini_simpson)",1.90050698525368,17.9603362229033,0,"vegetation",TRUE,2,"2026-06-03 11:58:29"
"Brown Honeyeater","s(pielou_evenness)",1.91665334847662,12.6854973681755,0,"vegetation",TRUE,3,"2026-06-03 11:58:29"
"Brown Honeyeater","s(log(duration_minutes))",1.3964361981847,11.8717193051552,0,"other",FALSE,4,"2026-06-03 11:58:29"
"Brown Honeyeater","s(log1p(nightlights))",5.82402768693892,11.8114613706622,0,"other",FALSE,5,"2026-06-03 11:58:29"
"Brown Honeyeater","s(observer_expertise)",2.0346190942174,11.8083249009112,0,"effort",FALSE,6,"2026-06-03 11:58:29"
"Brown Honeyeater","s(elevation)",3.84634289707499,8.21493514229002,0,"landscape",FALSE,7,"2026-06-03 11:58:29"
"Brown Honeyeater","s(prop_canopy)",1.89327953192846,8.17754405282371,1.35510796384075e-06,"vegetation",TRUE,8,"2026-06-03 11:58:29"
"Brown Honeyeater","s(lc_trees)",7.32200937169339,7.29765691905402,0,"landscape",FALSE,9,"2026-06-03 11:58:29"
"Brown Honeyeater","s(LA_cwm)",0.918797394822429,3.76894723815806,9.84204233326347e-05,"vegetation",TRUE,10,"2026-06-03 11:58:29"
"Brown Honeyeater","s(log(precip_annual))",5.03101262806004,3.62292734689552,-6.997523225305e-07,"other",FALSE,11,"2026-06-03 11:58:29"
"Brown Honeyeater","s(day_of_year)",3.3721676958262,3.12574011830811,4.83599538381174e-06,"effort",FALSE,12,"2026-06-03 11:58:29"
"Brown Honeyeater","s(FRic)",1.76003002962338,2.51538587497174,0.0049673793692675,"vegetation",TRUE,13,"2026-06-03 11:58:29"
"Brown Honeyeater","s(wooddensity_cwm)",0.827344235557339,1.55742340962363,0.0118665337201775,"vegetation",TRUE,14,"2026-06-03 11:58:29"
"Brown Honeyeater","s(number_observers)",0.755790533127845,1.03084739464418,0.0423855692646846,"effort",FALSE,15,"2026-06-03 11:58:29"
"Brown Honeyeater","s(sp_richness)",1.28789130843861,1.0211920721695,0.0624903955265401,"vegetation",TRUE,16,"2026-06-03 11:58:29"
"Brown Honeyeater","s(time_observations_started)",1.56952523207341,0.88016507073378,0.00678873776367483,"effort",FALSE,17,"2026-06-03 11:58:29"
"Brown Honeyeater","s(cover)",0.719403367913701,0.853554493822383,0.0487014916755469,"vegetation",TRUE,18,"2026-06-03 11:58:29"
"Brown Honeyeater","s(water_occ)",0.749588139412541,0.332353069713185,0.0415866104815952,"landscape",FALSE,19,"2026-06-03 11:58:29"
"Brown Honeyeater","s(height_cwm)",0.297026348897966,0.140643383429806,0.213866137718791,"vegetation",TRUE,20,"2026-06-03 11:58:29"
"Brown Honeyeater","s(FEve)",0.000216055217812374,6.47128821277836e-05,0.339487886873479,"vegetation",TRUE,21,"2026-06-03 11:58:29"
"Brown Honeyeater","s(FDiv)",6.41664791750738e-05,7.72693869353185e-06,0.604436679906538,"vegetation",TRUE,22,"2026-06-03 11:58:29"
"Brown Honeyeater","s(mean_fhd)",2.5271955071914e-05,1.90786608707107e-06,0.632907394620627,"vegetation",TRUE,23,"2026-06-03 11:58:29"
"Brown Honeyeater","s(log1p(effort_distance_km))",3.81700630303882e-05,1.26845810261546e-06,0.896456776383001,"other",FALSE,24,"2026-06-03 11:58:29"
"Brown Honeyeater","protocol_type",2,3.92001024443247e-13,0.999999999999608,"effort",FALSE,25,"2026-06-03 11:58:29"
"White-cheeked Honeyeater","s(log(duration_minutes))",1.26447485826796,52.8719002614415,0,"other",FALSE,1,"2026-06-03 12:00:35"
"White-cheeked Honeyeater","s(height_cwm)",2.85936631315429,49.1689487294076,0,"vegetation",TRUE,2,"2026-06-03 12:00:35"
"White-cheeked Honeyeater","s(FRic)",1.93910013907442,42.2612152996496,0,"vegetation",TRUE,3,"2026-06-03 12:00:35"
"White-cheeked Honeyeater","s(log1p(nightlights))",7.8400169876289,34.8454263181802,0,"other",FALSE,4,"2026-06-03 12:00:35"
"White-cheeked Honeyeater","s(wooddensity_cwm)",2.95219944902978,33.6745236102369,0,"vegetation",TRUE,5,"2026-06-03 12:00:35"
"White-cheeked Honeyeater","s(temp_annual)",5.68218253337092,24.5511158305299,0,"landscape",FALSE,6,"2026-06-03 12:00:35"
"White-cheeked Honeyeater","s(sp_richness)",1.92304254711145,23.5047327391427,0,"vegetation",TRUE,7,"2026-06-03 12:00:35"
"White-cheeked Honeyeater","s(observer_expertise)",1.85392675487409,23.3560223061348,0,"effort",FALSE,8,"2026-06-03 12:00:35"
"White-cheeked Honeyeater","s(lc_trees)",5.30074535418231,14.4237549010837,0,"landscape",FALSE,9,"2026-06-03 12:00:35"
"White-cheeked Honeyeater","s(FDiv)",1.93177058667434,11.7486446707444,0,"vegetation",TRUE,10,"2026-06-03 12:00:35"
"White-cheeked Honeyeater","s(cover)",1.86518522306919,11.1552549157837,0,"vegetation",TRUE,11,"2026-06-03 12:00:35"
"White-cheeked Honeyeater","s(day_of_year)",4.7770498086051,9.40739701298748,0,"effort",FALSE,12,"2026-06-03 12:00:35"
"White-cheeked Honeyeater","s(log(precip_annual))",4.90799013428498,8.38933191832563,0,"other",FALSE,13,"2026-06-03 12:00:35"
"White-cheeked Honeyeater","s(elevation)",6.81106111364734,8.09884622228514,0,"landscape",FALSE,14,"2026-06-03 12:00:35"
"White-cheeked Honeyeater","s(log1p(effort_distance_km))",2.51433367254866,6.44741231029892,5.87401594134285e-05,"other",FALSE,15,"2026-06-03 12:00:35"
"White-cheeked Honeyeater","s(mean_fhd)",1.02309451215499,4.19765531028145,8.48647466867858e-05,"vegetation",TRUE,16,"2026-06-03 12:00:35"
"White-cheeked Honeyeater","s(water_occ)",6.29423803139886,4.11258953527104,-9.41047745950385e-07,"landscape",FALSE,17,"2026-06-03 12:00:35"
"White-cheeked Honeyeater","s(LA_cwm)",0.922424828534076,3.95546689054975,0.00015988557355695,"vegetation",TRUE,18,"2026-06-03 12:00:35"
"White-cheeked Honeyeater","s(number_observers)",1.71561887591988,2.66518872478273,0.0093523214170903,"effort",FALSE,19,"2026-06-03 12:00:35"
"White-cheeked Honeyeater","s(prop_canopy)",1.65802887050033,2.65237408961302,0.00358629886031858,"vegetation",TRUE,20,"2026-06-03 12:00:35"
"White-cheeked Honeyeater","s(gini_simpson)",1.56583539506644,2.2950828542879,0.0055251802740196,"vegetation",TRUE,21,"2026-06-03 12:00:35"
"White-cheeked Honeyeater","s(pielou_evenness)",0.950541254931425,0.960195087552681,0.0375938864549431,"vegetation",TRUE,22,"2026-06-03 12:00:35"
"White-cheeked Honeyeater","s(time_observations_started)",0.898955258800614,0.204600527946227,0.146131724777373,"effort",FALSE,23,"2026-06-03 12:00:35"
"White-cheeked Honeyeater","s(FEve)",8.36368779673405e-05,1.17345933422173e-05,0.527859296172989,"vegetation",TRUE,24,"2026-06-03 12:00:35"
"White-cheeked Honeyeater","protocol_type",3,1.23941099367217e-11,1,"effort",FALSE,25,"2026-06-03 12:00:35"
"Little Raven","s(observer_expertise)",0.98749768091482,19.2201610875249,0,"effort",FALSE,1,"2026-06-03 12:02:40"
"Little Raven","s(temp_annual)",6.85600044407014,16.7769703199781,0,"landscape",FALSE,2,"2026-06-03 12:02:40"
"Little Raven","s(log(precip_annual))",4.92346298321099,13.4639018047916,0,"other",FALSE,3,"2026-06-03 12:02:40"
"Little Raven","s(lc_trees)",3.67626888643261,6.6949366972581,0,"landscape",FALSE,4,"2026-06-03 12:02:40"
"Little Raven","s(mean_fhd)",1.57480374364445,6.68182569242378,1.14332319756105e-06,"vegetation",TRUE,5,"2026-06-03 12:02:40"
"Little Raven","s(prop_canopy)",1.81329951196017,6.15138307822119,5.72348046290472e-06,"vegetation",TRUE,6,"2026-06-03 12:02:40"
"Little Raven","s(log(duration_minutes))",0.94313969838399,5.51537372446391,8.64801402578053e-06,"other",FALSE,7,"2026-06-03 12:02:40"
"Little Raven","s(pielou_evenness)",1.76085132383602,5.40324634005471,4.52602241971523e-05,"vegetation",TRUE,8,"2026-06-03 12:02:40"
"Little Raven","s(elevation)",3.53126756264088,4.57140965491306,0,"landscape",FALSE,9,"2026-06-03 12:02:40"
"Little Raven","s(FEve)",1.50040482808241,3.34914464516971,0.000654355407982976,"vegetation",TRUE,10,"2026-06-03 12:02:40"
"Little Raven","s(wooddensity_cwm)",1.29356089289303,2.16149121853137,0.00574126325141999,"vegetation",TRUE,11,"2026-06-03 12:02:40"
"Little Raven","s(LA_cwm)",1.15533184896861,1.26661377653529,0.0303667402200306,"vegetation",TRUE,12,"2026-06-03 12:02:40"
"Little Raven","s(log1p(nightlights))",1.81504133564897,0.80294253246851,0.0070424612803538,"other",FALSE,13,"2026-06-03 12:02:40"
"Little Raven","s(sp_richness)",0.590964278714394,0.34391503159928,0.135752871524826,"vegetation",TRUE,14,"2026-06-03 12:02:40"
"Little Raven","s(log1p(effort_distance_km))",0.50703842336613,0.330201587215992,0.148021599774061,"other",FALSE,15,"2026-06-03 12:02:40"
"Little Raven","s(cover)",0.38189123710819,0.203708860626818,0.178232765578429,"vegetation",TRUE,16,"2026-06-03 12:02:40"
"Little Raven","s(water_occ)",0.486671313124226,0.105158506123156,0.153836684842866,"landscape",FALSE,17,"2026-06-03 12:02:40"
"Little Raven","s(time_observations_started)",0.498947448254115,0.0847892611418524,0.233034112788975,"effort",FALSE,18,"2026-06-03 12:02:40"
"Little Raven","s(number_observers)",0.000105722245932944,3.47098267160802e-05,0.32666479338717,"effort",FALSE,19,"2026-06-03 12:02:40"
"Little Raven","s(height_cwm)",5.30616535614677e-05,1.70385485692097e-05,0.290465879625613,"vegetation",TRUE,20,"2026-06-03 12:02:40"
"Little Raven","s(FDiv)",2.87921871766638e-05,3.39792849294121e-06,0.61534862535692,"vegetation",TRUE,21,"2026-06-03 12:02:40"
"Little Raven","s(FRic)",3.32776843113173e-05,2.91035680405659e-06,0.599040461194139,"vegetation",TRUE,22,"2026-06-03 12:02:40"
"Little Raven","s(day_of_year)",1.12722328002392e-05,4.73553768572221e-07,0.744593176980313,"effort",FALSE,23,"2026-06-03 12:02:40"
"Little Raven","s(gini_simpson)",1.5702572259187e-05,3.24119602059889e-07,0.917117629687718,"vegetation",TRUE,24,"2026-06-03 12:02:40"
"Little Raven","protocol_type",2,4.28977986970419e-13,0.999999999999571,"effort",FALSE,25,"2026-06-03 12:02:40"
"Golden-headed Cisticola","s(lc_trees)",6.1876347853046,11.2985829829837,0,"landscape",FALSE,1,"2026-06-03 12:04:51"
"Golden-headed Cisticola","s(height_cwm)",1.74476577817245,7.75198402483129,5.24768437148992e-07,"vegetation",TRUE,2,"2026-06-03 12:04:51"
"Golden-headed Cisticola","s(water_occ)",7.48583675879846,7.51229136393815,0,"landscape",FALSE,3,"2026-06-03 12:04:51"
"Golden-headed Cisticola","s(elevation)",7.32901799136771,7.26884040679837,0,"landscape",FALSE,4,"2026-06-03 12:04:51"
"Golden-headed Cisticola","s(observer_expertise)",1.2597452008516,6.4743371648614,2.00104906755705e-07,"effort",FALSE,5,"2026-06-03 12:04:51"
"Golden-headed Cisticola","s(cover)",1.74905395881844,5.64832471020844,1.95078330531562e-05,"vegetation",TRUE,6,"2026-06-03 12:04:51"
"Golden-headed Cisticola","s(log(duration_minutes))",0.939781395283201,5.13682654139819,2.30488495048808e-05,"other",FALSE,7,"2026-06-03 12:04:51"
"Golden-headed Cisticola","s(pielou_evenness)",0.925093855253708,4.09982657832633,8.49486895503349e-05,"vegetation",TRUE,8,"2026-06-03 12:04:51"
"Golden-headed Cisticola","s(gini_simpson)",1.70119023051983,3.85454899504879,0.000529297736693968,"vegetation",TRUE,9,"2026-06-03 12:04:51"
"Golden-headed Cisticola","s(time_observations_started)",3.32167453220415,3.78073293776885,1.31596544838963e-06,"effort",FALSE,10,"2026-06-03 12:04:51"
"Golden-headed Cisticola","s(number_observers)",1.26296013027068,3.31788656740261,0.00101876583156646,"effort",FALSE,11,"2026-06-03 12:04:51"
"Golden-headed Cisticola","s(FEve)",1.76853655512798,3.09769842240457,0.0030287470882232,"vegetation",TRUE,12,"2026-06-03 12:04:51"
"Golden-headed Cisticola","s(FRic)",1.30822591183115,2.92911571772596,0.00129609700405298,"vegetation",TRUE,13,"2026-06-03 12:04:51"
"Golden-headed Cisticola","s(log(precip_annual))",5.02695332984422,2.2259142408983,0.000241570109483891,"other",FALSE,14,"2026-06-03 12:04:51"
"Golden-headed Cisticola","s(temp_annual)",0.937434165714496,1.6125094133967,1.98854370290213e-05,"landscape",FALSE,15,"2026-06-03 12:04:51"
"Golden-headed Cisticola","s(day_of_year)",2.24118100121611,1.4106439704939,0.00148302028975378,"effort",FALSE,16,"2026-06-03 12:04:51"
"Golden-headed Cisticola","s(log1p(effort_distance_km))",0.709926974469905,0.811840686800531,0.0598303428873734,"other",FALSE,17,"2026-06-03 12:04:51"
"Golden-headed Cisticola","s(LA_cwm)",0.543330717262244,0.392921256822312,0.113897481772636,"vegetation",TRUE,18,"2026-06-03 12:04:51"
"Golden-headed Cisticola","s(prop_canopy)",0.295128085001301,0.139476317289276,0.212345456755395,"vegetation",TRUE,19,"2026-06-03 12:04:51"
"Golden-headed Cisticola","s(wooddensity_cwm)",2.6513650651892e-05,3.41779324715842e-06,0.549476918612049,"vegetation",TRUE,20,"2026-06-03 12:04:51"
"Golden-headed Cisticola","s(mean_fhd)",2.75727823068078e-05,3.35332174022781e-06,0.572348510026739,"vegetation",TRUE,21,"2026-06-03 12:04:51"
"Golden-headed Cisticola","s(FDiv)",1.77899460634035e-05,2.64837049531381e-06,0.493710528515373,"vegetation",TRUE,22,"2026-06-03 12:04:51"
"Golden-headed Cisticola","s(sp_richness)",2.10058294347348e-05,2.26233322347959e-06,0.60685655185614,"vegetation",TRUE,23,"2026-06-03 12:04:51"
"Golden-headed Cisticola","s(log1p(nightlights))",2.19041816855808e-05,4.57497305213774e-07,0.791327509598863,"other",FALSE,24,"2026-06-03 12:04:51"
"Golden-headed Cisticola","protocol_type",3,7.28335550020779e-08,0.999999999972835,"effort",FALSE,25,"2026-06-03 12:04:51"
"White-winged Chough","s(log(precip_annual))",7.45059515608533,39.0035199222015,0,"other",FALSE,1,"2026-06-03 12:06:44"
"White-winged Chough","s(mean_fhd)",2.90830273110604,17.7038174984391,0,"vegetation",TRUE,2,"2026-06-03 12:06:44"
"White-winged Chough","s(FRic)",0.969331245251127,10.528525095133,0,"vegetation",TRUE,3,"2026-06-03 12:06:44"
"White-winged Chough","s(log1p(nightlights))",7.5406738355914,10.0183497275043,0,"other",FALSE,4,"2026-06-03 12:06:44"
"White-winged Chough","s(water_occ)",3.32573782213794,9.25298012698288,0,"landscape",FALSE,5,"2026-06-03 12:06:44"
"White-winged Chough","s(height_cwm)",1.88060914375395,7.4082271318136,2.4264844681321e-06,"vegetation",TRUE,6,"2026-06-03 12:06:44"
"White-winged Chough","s(cover)",0.956070094325494,7.24386805343146,1.78581367360486e-06,"vegetation",TRUE,7,"2026-06-03 12:06:44"
"White-winged Chough","s(log1p(effort_distance_km))",2.01137055508743,7.00272525498034,6.77457961284489e-06,"other",FALSE,8,"2026-06-03 12:06:44"
"White-winged Chough","s(observer_expertise)",1.96767006084766,6.820275350236,5.65271546904e-07,"effort",FALSE,9,"2026-06-03 12:06:44"
"White-winged Chough","s(FDiv)",1.75745133847209,5.94083850266313,2.70198994132276e-05,"vegetation",TRUE,10,"2026-06-03 12:06:44"
"White-winged Chough","s(log(duration_minutes))",0.937428368411955,4.98499513656756,4.71921104261419e-05,"other",FALSE,11,"2026-06-03 12:06:44"
"White-winged Chough","s(pielou_evenness)",1.93195973478883,4.08083225693174,0.00102090880369787,"vegetation",TRUE,12,"2026-06-03 12:06:44"
"White-winged Chough","s(wooddensity_cwm)",1.71006829897256,3.39804780696164,0.00186176592654386,"vegetation",TRUE,13,"2026-06-03 12:06:44"
"White-winged Chough","s(sp_richness)",1.47072478939388,2.17289096837293,0.00964601626751815,"vegetation",TRUE,14,"2026-06-03 12:06:44"
"White-winged Chough","s(day_of_year)",3.34643538784809,1.80688558483846,0.00118136672696134,"effort",FALSE,15,"2026-06-03 12:06:44"
"White-winged Chough","s(elevation)",1.34859490602299,0.821998806901767,0.00350405037552992,"landscape",FALSE,16,"2026-06-03 12:06:44"
"White-winged Chough","s(time_observations_started)",1.4964016712928,0.801458365525488,0.00913579238391549,"effort",FALSE,17,"2026-06-03 12:06:44"
"White-winged Chough","s(number_observers)",0.693563942555813,0.753599498773953,0.0694326088307137,"effort",FALSE,18,"2026-06-03 12:06:44"
"White-winged Chough","s(lc_trees)",1.04248802668534,0.262780475527205,0.0899545806309863,"landscape",FALSE,19,"2026-06-03 12:06:44"
"White-winged Chough","s(prop_canopy)",6.84120820879648e-05,1.36480556242856e-05,0.469021316067272,"vegetation",TRUE,20,"2026-06-03 12:06:44"
"White-winged Chough","s(FEve)",7.23374785845211e-05,1.22360600016004e-05,0.48509151583901,"vegetation",TRUE,21,"2026-06-03 12:06:44"
"White-winged Chough","s(gini_simpson)",5.75119033132038e-05,1.1978107617691e-05,0.399922891804366,"vegetation",TRUE,22,"2026-06-03 12:06:44"
"White-winged Chough","s(LA_cwm)",5.36538132811019e-05,8.11011911959373e-06,0.545142152167002,"vegetation",TRUE,23,"2026-06-03 12:06:44"
"White-winged Chough","s(temp_annual)",4.59828634017508e-05,6.4303473178016e-07,0.797718607920924,"landscape",FALSE,24,"2026-06-03 12:06:44"
"White-winged Chough","protocol_type",1,5.6250225926253e-13,0.999999401593384,"effort",FALSE,25,"2026-06-03 12:06:44"
"Black-shouldered Kite","s(lc_trees)",0.992554488007869,14.5834381865637,0,"landscape",FALSE,1,"2026-06-03 12:08:20"
"Black-shouldered Kite","s(mean_fhd)",1.83467760351437,13.9557293566374,0,"vegetation",TRUE,2,"2026-06-03 12:08:20"
"Black-shouldered Kite","s(gini_simpson)",2.86394343705044,10.2489422473095,0,"vegetation",TRUE,3,"2026-06-03 12:08:20"
"Black-shouldered Kite","s(water_occ)",3.81117990897701,6.58639359840306,0,"landscape",FALSE,4,"2026-06-03 12:08:20"
"Black-shouldered Kite","s(cover)",0.942317738337173,5.42222114855275,1.85514059757308e-05,"vegetation",TRUE,5,"2026-06-03 12:08:20"
"Black-shouldered Kite","s(log1p(effort_distance_km))",0.933118614796395,4.62696219121516,7.61157519566513e-05,"other",FALSE,6,"2026-06-03 12:08:20"
"Black-shouldered Kite","s(sp_richness)",1.74845431789427,3.75501707971911,0.000526098008085452,"vegetation",TRUE,7,"2026-06-03 12:08:20"
"Black-shouldered Kite","s(log(duration_minutes))",1.43731457818207,3.62076687755217,0.000669690548646629,"other",FALSE,8,"2026-06-03 12:08:20"
"Black-shouldered Kite","s(log1p(nightlights))",5.32109835743747,3.29905489456472,2.24721919006576e-06,"other",FALSE,9,"2026-06-03 12:08:20"
"Black-shouldered Kite","s(observer_expertise)",0.910232346185362,2.52597560880669,0.000816219294774267,"effort",FALSE,10,"2026-06-03 12:08:20"
"Black-shouldered Kite","s(log(precip_annual))",3.08076679179513,1.82454155406633,0.000183809474471941,"other",FALSE,11,"2026-06-03 12:08:20"
"Black-shouldered Kite","s(day_of_year)",2.30317264177046,1.65133782364228,0.000505357946308571,"effort",FALSE,12,"2026-06-03 12:08:20"
"Black-shouldered Kite","s(FDiv)",0.826414127923194,1.58273141787037,0.0120139519806215,"vegetation",TRUE,13,"2026-06-03 12:08:20"
"Black-shouldered Kite","s(elevation)",0.918308070881013,1.23784626008342,0.000280274976115824,"landscape",FALSE,14,"2026-06-03 12:08:20"
"Black-shouldered Kite","s(number_observers)",0.77232935572263,1.13030275790589,0.0350565431063614,"effort",FALSE,15,"2026-06-03 12:08:20"
"Black-shouldered Kite","s(height_cwm)",1.00384603236352,0.805665294603602,0.0669639173094375,"vegetation",TRUE,16,"2026-06-03 12:08:20"
"Black-shouldered Kite","s(FRic)",0.915503692039752,0.662879178270957,0.0924481162070895,"vegetation",TRUE,17,"2026-06-03 12:08:20"
"Black-shouldered Kite","s(time_observations_started)",1.49717719356961,0.406458751579093,0.091103427039998,"effort",FALSE,18,"2026-06-03 12:08:20"
"Black-shouldered Kite","s(wooddensity_cwm)",0.404971607025329,0.226346989674342,0.163955083031493,"vegetation",TRUE,19,"2026-06-03 12:08:20"
"Black-shouldered Kite","s(LA_cwm)",0.47188682701257,0.20752430718593,0.207843222196624,"vegetation",TRUE,20,"2026-06-03 12:08:20"
"Black-shouldered Kite","s(FEve)",9.62548436090313e-05,2.10454681380414e-05,0.402226289037185,"vegetation",TRUE,21,"2026-06-03 12:08:20"
"Black-shouldered Kite","s(pielou_evenness)",5.44776414892646e-05,9.63562527890097e-06,0.50087060325709,"vegetation",TRUE,22,"2026-06-03 12:08:20"
"Black-shouldered Kite","s(prop_canopy)",4.97863583742958e-05,5.32841835785839e-06,0.517636214064301,"vegetation",TRUE,23,"2026-06-03 12:08:20"
"Black-shouldered Kite","s(temp_annual)",4.05280842900584e-05,4.21680108196469e-07,0.908435045957797,"landscape",FALSE,24,"2026-06-03 12:08:20"
"Black-shouldered Kite","protocol_type",2,5.11178855073012e-13,0.999999999999489,"effort",FALSE,25,"2026-06-03 12:08:20"
"Tree Martin","s(observer_expertise)",2.9153297998889,17.3838593479995,0,"effort",FALSE,1,"2026-06-03 10:55:14"
"Tree Martin","s(log(duration_minutes))",0.975452151151509,12.9161609801809,0,"other",FALSE,2,"2026-06-03 10:55:14"
"Tree Martin","s(log1p(nightlights))",0.99159392700169,12.3990393318711,0,"other",FALSE,3,"2026-06-03 10:55:14"
"Tree Martin","s(water_occ)",7.47912848944251,11.2330037001695,0,"landscape",FALSE,4,"2026-06-03 10:55:14"
"Tree Martin","s(sp_richness)",0.963767021216625,8.7444072261046,0,"vegetation",TRUE,5,"2026-06-03 10:55:14"
"Tree Martin","s(day_of_year)",5.68180084395932,6.44301106731892,0,"effort",FALSE,6,"2026-06-03 10:55:14"
"Tree Martin","s(prop_canopy)",0.948718677855767,6.13313505864302,4.45501851464858e-06,"vegetation",TRUE,7,"2026-06-03 10:55:14"
"Tree Martin","s(log1p(effort_distance_km))",2.31342119454298,5.71448223572451,0.000112686013536534,"other",FALSE,8,"2026-06-03 10:55:14"
"Tree Martin","s(temp_annual)",6.4606634045175,4.9686968889128,0,"landscape",FALSE,9,"2026-06-03 10:55:14"
"Tree Martin","s(gini_simpson)",0.934478231466164,4.75132803979045,1.87049615691937e-05,"vegetation",TRUE,10,"2026-06-03 10:55:14"
"Tree Martin","s(lc_trees)",5.05093386281969,4.53690990641451,0,"landscape",FALSE,11,"2026-06-03 10:55:14"
"Tree Martin","s(log(precip_annual))",6.11622809896785,3.9257000134607,-6.0249657551914e-07,"other",FALSE,12,"2026-06-03 10:55:14"
"Tree Martin","s(pielou_evenness)",1.61917080264172,3.2732635866158,0.0013972633166186,"vegetation",TRUE,13,"2026-06-03 10:55:14"
"Tree Martin","s(cover)",0.906235965742329,3.19016995613491,0.000716050173005356,"vegetation",TRUE,14,"2026-06-03 10:55:14"
"Tree Martin","s(height_cwm)",1.58051884852841,2.30906794677704,0.00709060829675556,"vegetation",TRUE,15,"2026-06-03 10:55:14"
"Tree Martin","s(number_observers)",0.567280783173096,0.436963725696484,0.12328124325768,"effort",FALSE,16,"2026-06-03 10:55:14"
"Tree Martin","s(wooddensity_cwm)",0.357033524637699,0.184951542865507,0.185113507938183,"vegetation",TRUE,17,"2026-06-03 10:55:14"
"Tree Martin","s(FDiv)",3.68184147417075e-05,8.2643372765882e-06,0.411192304471605,"vegetation",TRUE,18,"2026-06-03 10:55:14"
"Tree Martin","s(mean_fhd)",4.52786580460856e-05,6.55835880912227e-06,0.494964708259198,"vegetation",TRUE,19,"2026-06-03 10:55:14"
"Tree Martin","s(LA_cwm)",3.5050690776541e-05,5.47427986187591e-06,0.565076247263219,"vegetation",TRUE,20,"2026-06-03 10:55:14"
"Tree Martin","s(elevation)",4.95363689507442e-05,2.50735634137843e-06,0.541968270163218,"landscape",FALSE,21,"2026-06-03 10:55:14"
"Tree Martin","s(time_observations_started)",1.73271441615746e-05,9.78869093288335e-07,0.60655572999331,"effort",FALSE,22,"2026-06-03 10:55:14"
"Tree Martin","s(FRic)",2.09393738505116e-05,3.45918589407769e-07,0.921174917115109,"vegetation",TRUE,23,"2026-06-03 10:55:14"
"Tree Martin","s(FEve)",1.6241897251045e-05,1.92032550952617e-07,0.934874686096827,"vegetation",TRUE,24,"2026-06-03 10:55:14"
"Tree Martin","protocol_type",3,3.6532772529093e-11,1,"effort",FALSE,25,"2026-06-03 10:55:14"
"Scaly-breasted Lorikeet","s(observer_expertise)",0.991977612662414,30.837984815737,0,"effort",FALSE,1,"2026-06-03 10:57:26"
"Scaly-breasted Lorikeet","s(temp_annual)",3.37035791169886,19.9740241156625,0,"landscape",FALSE,2,"2026-06-03 10:57:26"
"Scaly-breasted Lorikeet","s(log1p(nightlights))",7.29852322717469,18.9756675870323,0,"other",FALSE,3,"2026-06-03 10:57:26"
"Scaly-breasted Lorikeet","s(wooddensity_cwm)",2.87425391798917,14.9136556195288,0,"vegetation",TRUE,4,"2026-06-03 10:57:26"
"Scaly-breasted Lorikeet","s(height_cwm)",1.93103397725527,13.2373428396415,0,"vegetation",TRUE,5,"2026-06-03 10:57:26"
"Scaly-breasted Lorikeet","s(prop_canopy)",1.84831396101535,11.5010615412254,0,"vegetation",TRUE,6,"2026-06-03 10:57:26"
"Scaly-breasted Lorikeet","s(pielou_evenness)",2.71193354609074,10.4729406413709,0,"vegetation",TRUE,7,"2026-06-03 10:57:26"
"Scaly-breasted Lorikeet","s(log(duration_minutes))",1.06188916507154,9.6978590097644,0,"other",FALSE,8,"2026-06-03 10:57:26"
"Scaly-breasted Lorikeet","s(log(precip_annual))",5.44904974851267,8.27478474250509,0,"other",FALSE,9,"2026-06-03 10:57:26"
"Scaly-breasted Lorikeet","s(time_observations_started)",5.38777137054012,7.65939206440903,0,"effort",FALSE,10,"2026-06-03 10:57:26"
"Scaly-breasted Lorikeet","s(gini_simpson)",1.86784438424971,5.99840358979523,1.05858198831132e-05,"vegetation",TRUE,11,"2026-06-03 10:57:26"
"Scaly-breasted Lorikeet","s(mean_fhd)",1.67047850063092,5.56268772943877,1.1840698147747e-05,"vegetation",TRUE,12,"2026-06-03 10:57:26"
"Scaly-breasted Lorikeet","s(water_occ)",7.0624759195636,5.23361528066063,0,"landscape",FALSE,13,"2026-06-03 10:57:26"
"Scaly-breasted Lorikeet","s(sp_richness)",1.74868486897441,4.74960454765838,0.000117550431465774,"vegetation",TRUE,14,"2026-06-03 10:57:26"
"Scaly-breasted Lorikeet","s(day_of_year)",3.5207915995922,4.05854666226842,0,"effort",FALSE,15,"2026-06-03 10:57:26"
"Scaly-breasted Lorikeet","s(FEve)",1.41660431305,2.83569165315209,0.00212855396702594,"vegetation",TRUE,16,"2026-06-03 10:57:26"
"Scaly-breasted Lorikeet","s(log1p(effort_distance_km))",1.56734586150803,1.95348025608331,0.0194333139112313,"other",FALSE,17,"2026-06-03 10:57:26"
"Scaly-breasted Lorikeet","s(lc_trees)",3.17878265356386,1.43561621325286,0.00200364644907247,"landscape",FALSE,18,"2026-06-03 10:57:26"
"Scaly-breasted Lorikeet","s(cover)",0.445190918385133,0.267272510894886,0.165651259257464,"vegetation",TRUE,19,"2026-06-03 10:57:26"
"Scaly-breasted Lorikeet","s(number_observers)",0.000113646397657812,2.67905645588399e-05,0.414801360592821,"effort",FALSE,20,"2026-06-03 10:57:26"
"Scaly-breasted Lorikeet","s(FRic)",0.000103178068089258,1.85707359537437e-05,0.490145925104206,"vegetation",TRUE,21,"2026-06-03 10:57:26"
"Scaly-breasted Lorikeet","s(elevation)",0.000127568698515258,1.16967718012868e-05,0.360009340503809,"landscape",FALSE,22,"2026-06-03 10:57:26"
"Scaly-breasted Lorikeet","s(FDiv)",2.4745236230799e-05,4.09499128260723e-06,0.477851079396141,"vegetation",TRUE,23,"2026-06-03 10:57:26"
"Scaly-breasted Lorikeet","s(LA_cwm)",4.81841962686523e-05,2.37732696781716e-06,0.781679098220629,"vegetation",TRUE,24,"2026-06-03 10:57:26"
"Scaly-breasted Lorikeet","protocol_type",1,7.10963472102786e-13,0.99999932724351,"effort",FALSE,25,"2026-06-03 10:57:26"
"Channel-billed Cuckoo","s(day_of_year)",6.11285088333973,43.8412113742728,0,"effort",FALSE,1,"2026-06-03 10:59:13"
"Channel-billed Cuckoo","s(time_observations_started)",5.33356045086525,28.1867293620777,0,"effort",FALSE,2,"2026-06-03 10:59:13"
"Channel-billed Cuckoo","s(observer_expertise)",0.981987369902804,13.2576234948689,0,"effort",FALSE,3,"2026-06-03 10:59:13"
"Channel-billed Cuckoo","s(log(duration_minutes))",0.965877716828301,9.30327188718194,0,"other",FALSE,4,"2026-06-03 10:59:13"
"Channel-billed Cuckoo","s(LA_cwm)",1.78699096682065,6.09097055640839,1.06394633438978e-05,"vegetation",TRUE,5,"2026-06-03 10:59:13"
"Channel-billed Cuckoo","s(height_cwm)",2.20881924875626,5.07337467838767,0.000162898415778212,"vegetation",TRUE,6,"2026-06-03 10:59:13"
"Channel-billed Cuckoo","s(mean_fhd)",1.79388056544527,4.84801723904217,0.000131127160017064,"vegetation",TRUE,7,"2026-06-03 10:59:13"
"Channel-billed Cuckoo","s(FEve)",1.50731956631821,4.15257278767182,0.000156913793078139,"vegetation",TRUE,8,"2026-06-03 10:59:13"
"Channel-billed Cuckoo","s(gini_simpson)",1.69259035878006,4.05557857494774,0.000305986376717637,"vegetation",TRUE,9,"2026-06-03 10:59:13"
"Channel-billed Cuckoo","s(prop_canopy)",0.921633924768555,3.91702170491173,5.26310985444756e-05,"vegetation",TRUE,10,"2026-06-03 10:59:13"
"Channel-billed Cuckoo","s(log1p(nightlights))",3.54360467357752,3.55010400928102,0,"other",FALSE,11,"2026-06-03 10:59:13"
"Channel-billed Cuckoo","s(sp_richness)",0.911992003817325,3.44289588619961,0.00014321346796875,"vegetation",TRUE,12,"2026-06-03 10:59:13"
"Channel-billed Cuckoo","s(log(precip_annual))",4.23629506407236,3.42819683572713,1.87493862435772e-07,"other",FALSE,13,"2026-06-03 10:59:13"
"Channel-billed Cuckoo","s(temp_annual)",3.40241698564925,3.21908775642481,0,"landscape",FALSE,14,"2026-06-03 10:59:13"
"Channel-billed Cuckoo","s(cover)",0.903176222428455,3.10631476015212,0.000985820704910934,"vegetation",TRUE,15,"2026-06-03 10:59:13"
"Channel-billed Cuckoo","s(FRic)",1.45132308021423,3.02415616547416,0.00139031770971365,"vegetation",TRUE,16,"2026-06-03 10:59:13"
"Channel-billed Cuckoo","s(elevation)",4.36935821306415,2.97569873901685,3.13613319802286e-06,"landscape",FALSE,17,"2026-06-03 10:59:13"
"Channel-billed Cuckoo","s(water_occ)",2.34614493182122,2.34566555111856,8.72643280558361e-06,"landscape",FALSE,18,"2026-06-03 10:59:13"
"Channel-billed Cuckoo","s(lc_trees)",3.31268490515149,1.20273786715919,0.00712547294951671,"landscape",FALSE,19,"2026-06-03 10:59:13"
"Channel-billed Cuckoo","s(log1p(effort_distance_km))",0.76168521759876,1.0645866239193,0.0384507899623996,"other",FALSE,20,"2026-06-03 10:59:13"
"Channel-billed Cuckoo","s(number_observers)",0.919307747615782,0.696727619590498,0.103011788812392,"effort",FALSE,21,"2026-06-03 10:59:13"
"Channel-billed Cuckoo","s(FDiv)",0.568315320384447,0.438705788451529,0.115380225827968,"vegetation",TRUE,22,"2026-06-03 10:59:13"
"Channel-billed Cuckoo","s(wooddensity_cwm)",5.57348869775381e-05,2.12572532402056e-06,0.819631890068864,"vegetation",TRUE,23,"2026-06-03 10:59:13"
"Channel-billed Cuckoo","s(pielou_evenness)",6.16089021762007e-05,6.56612776439189e-07,0.955260185586532,"vegetation",TRUE,24,"2026-06-03 10:59:13"
"Channel-billed Cuckoo","protocol_type",1,3.96393854964065e-13,0.999999497660054,"effort",FALSE,25,"2026-06-03 10:59:13"
"Superb Lyrebird","s(cover)",2.54150462879743,61.4284271646207,0,"vegetation",TRUE,1,"2026-06-03 11:00:59"
"Superb Lyrebird","s(log(duration_minutes))",0.98749456192961,26.0562814375981,0,"other",FALSE,2,"2026-06-03 11:00:59"
"Superb Lyrebird","s(observer_expertise)",2.00255212015533,24.277164474573,0,"effort",FALSE,3,"2026-06-03 11:00:59"
"Superb Lyrebird","s(elevation)",7.64362798333548,19.7420321263057,0,"landscape",FALSE,4,"2026-06-03 11:00:59"
"Superb Lyrebird","s(time_observations_started)",6.05662591252638,15.3449351576419,0,"effort",FALSE,5,"2026-06-03 11:00:59"
"Superb Lyrebird","s(temp_annual)",4.40145204282822,15.0151995299689,0,"landscape",FALSE,6,"2026-06-03 11:00:59"
"Superb Lyrebird","s(lc_trees)",3.519879765569,13.0447274528085,0,"landscape",FALSE,7,"2026-06-03 11:00:59"
"Superb Lyrebird","s(log1p(nightlights))",6.69217064423534,11.4251026987511,0,"other",FALSE,8,"2026-06-03 11:00:59"
"Superb Lyrebird","s(log(precip_annual))",5.24214723580176,7.93381530312557,0,"other",FALSE,9,"2026-06-03 11:00:59"
"Superb Lyrebird","s(day_of_year)",6.06422721250893,7.3911859266213,0,"effort",FALSE,10,"2026-06-03 11:00:59"
"Superb Lyrebird","s(log1p(effort_distance_km))",0.950284167829773,6.35599455398906,7.26897495295642e-06,"other",FALSE,11,"2026-06-03 11:00:59"
"Superb Lyrebird","s(sp_richness)",1.85440861889496,5.72611404850807,2.56153354641908e-05,"vegetation",TRUE,12,"2026-06-03 11:00:59"
"Superb Lyrebird","s(FEve)",1.85585289361437,5.12509917093851,0.000147723221977203,"vegetation",TRUE,13,"2026-06-03 11:00:59"
"Superb Lyrebird","s(gini_simpson)",1.84930942336259,4.96201700880836,3.3782470470145e-05,"vegetation",TRUE,14,"2026-06-03 11:00:59"
"Superb Lyrebird","s(height_cwm)",1.82028610495312,4.57877959786445,0.000111713813534031,"vegetation",TRUE,15,"2026-06-03 11:00:59"
"Superb Lyrebird","s(pielou_evenness)",2.38283051938852,3.7670112552863,0.00090087596722177,"vegetation",TRUE,16,"2026-06-03 11:00:59"
"Superb Lyrebird","s(water_occ)",3.46368956838237,2.94627686786149,1.35233738163265e-06,"landscape",FALSE,17,"2026-06-03 11:00:59"
"Superb Lyrebird","s(number_observers)",0.841746539457989,1.77112182994856,0.011746803303802,"effort",FALSE,18,"2026-06-03 11:00:59"
"Superb Lyrebird","s(wooddensity_cwm)",0.747145587827192,0.984412252289125,0.0357261957221047,"vegetation",TRUE,19,"2026-06-03 11:00:59"
"Superb Lyrebird","s(prop_canopy)",0.573700838503806,0.448513838855469,0.104993182780865,"vegetation",TRUE,20,"2026-06-03 11:00:59"
"Superb Lyrebird","s(FRic)",8.7443904903884e-05,1.49231070292085e-05,0.466864379748358,"vegetation",TRUE,21,"2026-06-03 11:00:59"
"Superb Lyrebird","s(mean_fhd)",9.91255782267733e-05,1.45743474806826e-05,0.48968662122048,"vegetation",TRUE,22,"2026-06-03 11:00:59"
"Superb Lyrebird","s(FDiv)",6.75412242215851e-05,5.46125840814149e-06,0.62471131691746,"vegetation",TRUE,23,"2026-06-03 11:00:59"
"Superb Lyrebird","s(LA_cwm)",9.558618489071e-05,5.43508199379465e-06,0.81446841478831,"vegetation",TRUE,24,"2026-06-03 11:00:59"
"Superb Lyrebird","protocol_type",1,5.93882777778264e-13,0.999999385128138,"effort",FALSE,25,"2026-06-03 11:00:59"
"Fairy Martin","s(day_of_year)",4.74144425795367,16.7951442377874,0,"effort",FALSE,1,"2026-06-03 11:03:33"
"Fairy Martin","s(sp_richness)",2.00150512892972,13.2021316721245,0,"vegetation",TRUE,2,"2026-06-03 11:03:33"
"Fairy Martin","s(water_occ)",7.59569767034838,7.68917525112586,0,"landscape",FALSE,3,"2026-06-03 11:03:33"
"Fairy Martin","s(elevation)",6.92906062482677,7.6243372260508,0,"landscape",FALSE,4,"2026-06-03 11:03:33"
"Fairy Martin","s(log(duration_minutes))",2.05373359509176,6.52055028041772,8.24439430202606e-06,"other",FALSE,5,"2026-06-03 11:03:33"
"Fairy Martin","s(FRic)",1.75986605803374,6.08841420342501,1.2572835089486e-05,"vegetation",TRUE,6,"2026-06-03 11:03:33"
"Fairy Martin","s(height_cwm)",1.83798094969925,5.20966284748747,6.0978765845654e-05,"vegetation",TRUE,7,"2026-06-03 11:03:33"
"Fairy Martin","s(log(precip_annual))",6.16365218349195,4.9049599003299,0,"other",FALSE,8,"2026-06-03 11:03:33"
"Fairy Martin","s(FEve)",1.6452713832225,4.53734343812082,0.000158347548924631,"vegetation",TRUE,9,"2026-06-03 11:03:33"
"Fairy Martin","s(temp_annual)",3.91440463586211,4.38994654406904,0,"landscape",FALSE,10,"2026-06-03 11:03:33"
"Fairy Martin","s(number_observers)",0.90790484769534,3.28076354973151,0.000745026771948765,"effort",FALSE,11,"2026-06-03 11:03:33"
"Fairy Martin","s(prop_canopy)",0.902759527361063,3.05964142094239,0.000616416689017907,"vegetation",TRUE,12,"2026-06-03 11:03:33"
"Fairy Martin","s(LA_cwm)",1.68298053413163,2.55755839897124,0.00496825160036507,"vegetation",TRUE,13,"2026-06-03 11:03:33"
"Fairy Martin","s(wooddensity_cwm)",1.61744706649274,2.53676277662884,0.00521449928704909,"vegetation",TRUE,14,"2026-06-03 11:03:33"
"Fairy Martin","s(observer_expertise)",1.55987105573509,2.08505693170836,0.00388984363568601,"effort",FALSE,15,"2026-06-03 11:03:33"
"Fairy Martin","s(gini_simpson)",0.8203214511436,1.51152709133162,0.0142969164562929,"vegetation",TRUE,16,"2026-06-03 11:03:33"
"Fairy Martin","s(cover)",1.27756891363143,1.25587682734174,0.0405163464684544,"vegetation",TRUE,17,"2026-06-03 11:03:33"
"Fairy Martin","s(log1p(nightlights))",1.8170838677656,1.20385469510465,0.000535935953938527,"other",FALSE,18,"2026-06-03 11:03:33"
"Fairy Martin","s(log1p(effort_distance_km))",0.307407176479819,0.147727965237849,0.215649981186587,"other",FALSE,19,"2026-06-03 11:03:33"
"Fairy Martin","s(lc_trees)",0.437481425011194,0.0863254350169907,0.158791316108608,"landscape",FALSE,20,"2026-06-03 11:03:33"
"Fairy Martin","s(pielou_evenness)",4.53197595586071e-05,1.0172582997785e-05,0.424691917613902,"vegetation",TRUE,21,"2026-06-03 11:03:33"
"Fairy Martin","s(mean_fhd)",2.85559651120388e-05,4.57631606888263e-06,0.441461999519541,"vegetation",TRUE,22,"2026-06-03 11:03:33"
"Fairy Martin","s(FDiv)",2.02259372810629e-05,1.77192687129077e-06,0.670441779048036,"vegetation",TRUE,23,"2026-06-03 11:03:33"
"Fairy Martin","s(time_observations_started)",1.13597983785023e-05,1.99058701288034e-07,0.878582277511877,"effort",FALSE,24,"2026-06-03 11:03:33"
"Fairy Martin","protocol_type",3,1.04738264031281e-11,1,"effort",FALSE,25,"2026-06-03 11:03:33"
"Peaceful Dove","s(temp_annual)",5.35237872805874,24.2282233896944,0,"landscape",FALSE,1,"2026-06-03 11:05:23"
"Peaceful Dove","s(log(precip_annual))",7.32202439380822,23.3137970086378,0,"other",FALSE,2,"2026-06-03 11:05:23"
"Peaceful Dove","s(log(duration_minutes))",0.980216202578652,16.4705417100097,0,"other",FALSE,3,"2026-06-03 11:05:23"
"Peaceful Dove","s(log1p(nightlights))",5.26657313812058,11.0410444944441,0,"other",FALSE,4,"2026-06-03 11:05:23"
"Peaceful Dove","s(gini_simpson)",1.89894248430978,9.67611413496252,0,"vegetation",TRUE,5,"2026-06-03 11:05:23"
"Peaceful Dove","s(height_cwm)",1.86479223570715,7.25094133193879,4.15124082231433e-06,"vegetation",TRUE,6,"2026-06-03 11:05:23"
"Peaceful Dove","s(FEve)",1.89077065532585,7.20090626567651,5.55839920324264e-06,"vegetation",TRUE,7,"2026-06-03 11:05:23"
"Peaceful Dove","s(elevation)",6.37068992411422,7.06794092330066,0,"landscape",FALSE,8,"2026-06-03 11:05:23"
"Peaceful Dove","s(observer_expertise)",0.950616075226518,4.79639172264734,6.9887000320179e-06,"effort",FALSE,9,"2026-06-03 11:05:23"
"Peaceful Dove","s(lc_trees)",5.72881512756173,3.63158761698995,1.03175335797179e-06,"landscape",FALSE,10,"2026-06-03 11:05:23"
"Peaceful Dove","s(water_occ)",2.85403474057884,3.11621280224343,-7.99343418123044e-08,"landscape",FALSE,11,"2026-06-03 11:05:23"
"Peaceful Dove","s(time_observations_started)",2.54536619724911,2.97588545886068,2.03464367365402e-06,"effort",FALSE,12,"2026-06-03 11:05:23"
"Peaceful Dove","s(log1p(effort_distance_km))",1.638944664282,2.75185762402003,0.00615707999916504,"other",FALSE,13,"2026-06-03 11:05:23"
"Peaceful Dove","s(day_of_year)",2.55963523135911,2.14725253016831,8.40557466514902e-05,"effort",FALSE,14,"2026-06-03 11:05:23"
"Peaceful Dove","s(pielou_evenness)",1.39242544556109,2.07510350637881,0.00909835114886182,"vegetation",TRUE,15,"2026-06-03 11:05:23"
"Peaceful Dove","s(sp_richness)",1.42421894898403,1.9558869188985,0.00933843326941142,"vegetation",TRUE,16,"2026-06-03 11:05:23"
"Peaceful Dove","s(FRic)",1.60612596875771,1.90822203987321,0.017871724280757,"vegetation",TRUE,17,"2026-06-03 11:05:23"
"Peaceful Dove","s(prop_canopy)",0.573444145307483,0.447510490576012,0.0899714701528409,"vegetation",TRUE,18,"2026-06-03 11:05:23"
"Peaceful Dove","s(mean_fhd)",0.213972698903996,0.0907155445345146,0.192245224695894,"vegetation",TRUE,19,"2026-06-03 11:05:23"
"Peaceful Dove","s(LA_cwm)",0.000104123031318324,3.08599463430923e-05,0.313461548509502,"vegetation",TRUE,20,"2026-06-03 11:05:23"
"Peaceful Dove","s(wooddensity_cwm)",0.000112126692080981,2.69799627387336e-05,0.403117440242847,"vegetation",TRUE,21,"2026-06-03 11:05:23"
"Peaceful Dove","s(FDiv)",6.44802629725966e-05,9.05799665564499e-06,0.528992842463604,"vegetation",TRUE,22,"2026-06-03 11:05:23"
"Peaceful Dove","s(cover)",3.41948666009028e-05,2.34857818449195e-06,0.767456425036114,"vegetation",TRUE,23,"2026-06-03 11:05:23"
"Peaceful Dove","s(number_observers)",4.07948283154298e-05,2.32184598031322e-07,0.985532162859214,"effort",FALSE,24,"2026-06-03 11:05:23"
"Peaceful Dove","protocol_type",2,8.99186215788137e-12,0.999999999991008,"effort",FALSE,25,"2026-06-03 11:05:23"
"White-headed Pigeon","s(log1p(nightlights))",8.60528613323855,13.850625438192,0,"other",FALSE,1,"2026-06-03 11:07:20"
"White-headed Pigeon","s(pielou_evenness)",1.82989951222117,13.5573351629589,0,"vegetation",TRUE,2,"2026-06-03 11:07:20"
"White-headed Pigeon","s(time_observations_started)",5.79290997511139,11.6876634009184,0,"effort",FALSE,3,"2026-06-03 11:07:20"
"White-headed Pigeon","s(gini_simpson)",1.82678580382304,9.98809729272226,0,"vegetation",TRUE,4,"2026-06-03 11:07:20"
"White-headed Pigeon","s(LA_cwm)",2.7965741102125,9.53154246084491,4.01650082082483e-08,"vegetation",TRUE,5,"2026-06-03 11:07:20"
"White-headed Pigeon","s(sp_richness)",1.84865306044892,7.32504361918599,2.85719108550353e-06,"vegetation",TRUE,6,"2026-06-03 11:07:20"
"White-headed Pigeon","s(log(duration_minutes))",0.951507021921925,6.42989469737389,3.21629861432804e-06,"other",FALSE,7,"2026-06-03 11:07:20"
"White-headed Pigeon","s(height_cwm)",0.94457399817767,5.67308016172257,7.20622518501912e-06,"vegetation",TRUE,8,"2026-06-03 11:07:20"
"White-headed Pigeon","s(temp_annual)",4.71807870403356,5.39907996105989,0,"landscape",FALSE,9,"2026-06-03 11:07:20"
"White-headed Pigeon","s(day_of_year)",3.61397056678973,4.3224398430845,0,"effort",FALSE,10,"2026-06-03 11:07:20"
"White-headed Pigeon","s(prop_canopy)",1.54598345284891,3.86295285871983,0.000377178268934575,"vegetation",TRUE,11,"2026-06-03 11:07:20"
"White-headed Pigeon","s(water_occ)",3.80075218858324,3.7869161967172,0,"landscape",FALSE,12,"2026-06-03 11:07:20"
"White-headed Pigeon","s(elevation)",4.02738564454839,3.3485811304325,3.83457148811495e-07,"landscape",FALSE,13,"2026-06-03 11:07:20"
"White-headed Pigeon","s(log(precip_annual))",4.24213602019473,3.31522825517,1.60788578229543e-06,"other",FALSE,14,"2026-06-03 11:07:20"
"White-headed Pigeon","s(observer_expertise)",0.917838146054834,2.79022448303126,0.000443895468942301,"effort",FALSE,15,"2026-06-03 11:07:20"
"White-headed Pigeon","s(wooddensity_cwm)",0.891652743010146,2.71396710725532,0.00186712061791272,"vegetation",TRUE,16,"2026-06-03 11:07:20"
"White-headed Pigeon","s(lc_trees)",2.60692386943088,1.67003748266782,0.000320029428458435,"landscape",FALSE,17,"2026-06-03 11:07:20"
"White-headed Pigeon","s(log1p(effort_distance_km))",1.46931588824242,1.6635071235515,0.0315782683498449,"other",FALSE,18,"2026-06-03 11:07:20"
"White-headed Pigeon","s(cover)",1.44404852549878,1.440991823782,0.0424735172116288,"vegetation",TRUE,19,"2026-06-03 11:07:20"
"White-headed Pigeon","s(number_observers)",0.000101151365182759,2.67004833704207e-05,0.409919851599153,"effort",FALSE,20,"2026-06-03 11:07:20"
"White-headed Pigeon","s(FDiv)",5.14668765909381e-05,5.96882909194551e-06,0.599180382903836,"vegetation",TRUE,21,"2026-06-03 11:07:20"
"White-headed Pigeon","s(FEve)",3.46684639862806e-05,1.46202467210425e-06,0.810055080281478,"vegetation",TRUE,22,"2026-06-03 11:07:20"
"White-headed Pigeon","s(mean_fhd)",2.7967091040966e-05,5.66860030831852e-07,0.895808030622749,"vegetation",TRUE,23,"2026-06-03 11:07:20"
"White-headed Pigeon","s(FRic)",3.907289443793e-05,4.81533408917313e-07,0.950250026306297,"vegetation",TRUE,24,"2026-06-03 11:07:20"
"White-headed Pigeon","protocol_type",3,1.89353204203055e-11,1,"effort",FALSE,25,"2026-06-03 11:07:20"
"Spiny-cheeked Honeyeater","s(water_occ)",1.88372634080152,283.946428846269,1.712101018847e-06,"landscape",FALSE,1,"2026-06-03 11:09:28"
"Spiny-cheeked Honeyeater","s(log(duration_minutes))",0.976130266190834,13.6332077799382,0,"other",FALSE,2,"2026-06-03 11:09:28"
"Spiny-cheeked Honeyeater","s(temp_annual)",3.92565311863216,10.9267732623758,0,"landscape",FALSE,3,"2026-06-03 11:09:28"
"Spiny-cheeked Honeyeater","s(log(precip_annual))",3.97648783174457,7.75403699321655,0,"other",FALSE,4,"2026-06-03 11:09:28"
"Spiny-cheeked Honeyeater","s(elevation)",3.26698294437299,7.28810904423089,0,"landscape",FALSE,5,"2026-06-03 11:09:28"
"Spiny-cheeked Honeyeater","s(FDiv)",1.6448322944886,6.91155560770843,2.22524378412636e-06,"vegetation",TRUE,6,"2026-06-03 11:09:28"
"Spiny-cheeked Honeyeater","s(cover)",1.61143701641158,5.98569876681014,1.11273156764291e-05,"vegetation",TRUE,7,"2026-06-03 11:09:28"
"Spiny-cheeked Honeyeater","s(number_observers)",1.61580801986834,5.8380607882079,2.46578548178666e-05,"effort",FALSE,8,"2026-06-03 11:09:28"
"Spiny-cheeked Honeyeater","s(prop_canopy)",1.48140057581732,4.46999510237669,1.86252599209125e-05,"vegetation",TRUE,9,"2026-06-03 11:09:28"
"Spiny-cheeked Honeyeater","s(FEve)",1.79514615716568,3.63405910991916,0.00125889067513307,"vegetation",TRUE,10,"2026-06-03 11:09:28"
"Spiny-cheeked Honeyeater","s(log1p(nightlights))",0.969582203631456,3.54080224873339,0,"other",FALSE,11,"2026-06-03 11:09:28"
"Spiny-cheeked Honeyeater","s(LA_cwm)",0.906265811188524,3.22928841131503,0.00070381596941882,"vegetation",TRUE,12,"2026-06-03 11:09:28"
"Spiny-cheeked Honeyeater","s(log1p(effort_distance_km))",1.47351044291443,1.7346208704879,0.0277725922917853,"other",FALSE,13,"2026-06-03 11:09:28"
"Spiny-cheeked Honeyeater","s(wooddensity_cwm)",0.823157491560914,1.55166304719111,0.0133559027492252,"vegetation",TRUE,14,"2026-06-03 11:09:28"
"Spiny-cheeked Honeyeater","s(observer_expertise)",0.835913077387246,1.27362180149797,0.0131198298045758,"effort",FALSE,15,"2026-06-03 11:09:28"
"Spiny-cheeked Honeyeater","s(time_observations_started)",1.74992680632491,0.899720917101409,0.00832745488133591,"effort",FALSE,16,"2026-06-03 11:09:28"
"Spiny-cheeked Honeyeater","s(mean_fhd)",0.847455534204943,0.82136265141906,0.0572953601561812,"vegetation",TRUE,17,"2026-06-03 11:09:28"
"Spiny-cheeked Honeyeater","s(lc_trees)",0.706796654460929,0.268814762624993,0.050276117924586,"landscape",FALSE,18,"2026-06-03 11:09:28"
"Spiny-cheeked Honeyeater","s(day_of_year)",0.217149091537831,0.0297003919455901,0.323905342391647,"effort",FALSE,19,"2026-06-03 11:09:28"
"Spiny-cheeked Honeyeater","s(height_cwm)",1.47296665350269e-05,9.90340061162069e-06,0.126798238741278,"vegetation",TRUE,20,"2026-06-03 11:09:28"
"Spiny-cheeked Honeyeater","s(gini_simpson)",2.44697425206157e-05,6.67181272217507e-06,0.36066626482201,"vegetation",TRUE,21,"2026-06-03 11:09:28"
"Spiny-cheeked Honeyeater","s(pielou_evenness)",7.66745946972255e-06,1.22585423527709e-06,0.496839963820267,"vegetation",TRUE,22,"2026-06-03 11:09:28"
"Spiny-cheeked Honeyeater","s(sp_richness)",2.54714069816653e-05,8.15347517427407e-07,0.843664694510392,"vegetation",TRUE,23,"2026-06-03 11:09:28"
"Spiny-cheeked Honeyeater","s(FRic)",1.75143969788632e-05,2.54626496385735e-07,0.868758316438672,"vegetation",TRUE,24,"2026-06-03 11:09:28"
"Spiny-cheeked Honeyeater","protocol_type",3,1.04672871904558e-11,1,"effort",FALSE,25,"2026-06-03 11:09:28"
"White-breasted Woodswallow","s(day_of_year)",7.24555224971984,15.4945987669351,0,"effort",FALSE,1,"2026-06-03 11:11:46"
"White-breasted Woodswallow","s(gini_simpson)",2.80655515279341,11.6595602411397,0,"vegetation",TRUE,2,"2026-06-03 11:11:46"
"White-breasted Woodswallow","s(log(duration_minutes))",0.969660840112356,10.6452834348792,0,"other",FALSE,3,"2026-06-03 11:11:46"
"White-breasted Woodswallow","s(lc_trees)",7.11303714413417,8.17787743963778,0,"landscape",FALSE,4,"2026-06-03 11:11:46"
"White-breasted Woodswallow","s(FDiv)",0.960853339577161,8.14019465874356,0,"vegetation",TRUE,5,"2026-06-03 11:11:46"
"White-breasted Woodswallow","s(FRic)",2.32787285880987,7.88804757035192,4.94428905151167e-07,"vegetation",TRUE,6,"2026-06-03 11:11:46"
"White-breasted Woodswallow","s(temp_annual)",2.59540336230067,7.65703412813424,0,"landscape",FALSE,7,"2026-06-03 11:11:46"
"White-breasted Woodswallow","s(mean_fhd)",1.6663006264551,7.07953714650674,1.66806174262124e-06,"vegetation",TRUE,8,"2026-06-03 11:11:46"
"White-breasted Woodswallow","s(log1p(nightlights))",3.64743322486292,6.16624767908152,0,"other",FALSE,9,"2026-06-03 11:11:46"
"White-breasted Woodswallow","s(water_occ)",6.12993168510798,5.41425610840975,0,"landscape",FALSE,10,"2026-06-03 11:11:46"
"White-breasted Woodswallow","s(observer_expertise)",0.955047456412542,5.30967747309629,1.93359503741775e-06,"effort",FALSE,11,"2026-06-03 11:11:46"
"White-breasted Woodswallow","s(FEve)",1.8181600630506,4.23115350243753,0.000465182347260673,"vegetation",TRUE,12,"2026-06-03 11:11:46"
"White-breasted Woodswallow","s(pielou_evenness)",1.57980545469374,3.00568808056167,0.00117570350591967,"vegetation",TRUE,13,"2026-06-03 11:11:46"
"White-breasted Woodswallow","s(height_cwm)",1.45249543605488,2.84785545939741,0.00154717592721221,"vegetation",TRUE,14,"2026-06-03 11:11:46"
"White-breasted Woodswallow","s(wooddensity_cwm)",0.843022272196691,1.79003022988574,0.00678792796915062,"vegetation",TRUE,15,"2026-06-03 11:11:46"
"White-breasted Woodswallow","s(sp_richness)",1.48087918068205,1.51820497315107,0.0303401331817957,"vegetation",TRUE,16,"2026-06-03 11:11:46"
"White-breasted Woodswallow","s(LA_cwm)",1.21071866748031,1.29642060768976,0.022884201145246,"vegetation",TRUE,17,"2026-06-03 11:11:46"
"White-breasted Woodswallow","s(log(precip_annual))",2.28288164409403,1.25171095062779,0.00102424748878993,"other",FALSE,18,"2026-06-03 11:11:46"
"White-breasted Woodswallow","s(time_observations_started)",0.783004421149925,0.158092121429739,0.18242936445759,"effort",FALSE,19,"2026-06-03 11:11:46"
"White-breasted Woodswallow","s(number_observers)",8.03667038788587e-05,2.95859068902101e-05,0.308348034455748,"effort",FALSE,20,"2026-06-03 11:11:46"
"White-breasted Woodswallow","s(cover)",2.70251810844754e-05,8.52274892832196e-06,0.315214919108474,"vegetation",TRUE,21,"2026-06-03 11:11:46"
"White-breasted Woodswallow","s(log1p(effort_distance_km))",3.88636875096025e-05,4.34099298620349e-06,0.624331191400476,"other",FALSE,22,"2026-06-03 11:11:46"
"White-breasted Woodswallow","s(prop_canopy)",2.40888488114963e-05,4.2230947427095e-06,0.454078879374152,"vegetation",TRUE,23,"2026-06-03 11:11:46"
"White-breasted Woodswallow","s(elevation)",3.77475566815514e-05,2.6512287362468e-06,0.404371100290602,"landscape",FALSE,24,"2026-06-03 11:11:46"
"White-breasted Woodswallow","protocol_type",1,4.53214357501614e-13,0.99999946286175,"effort",FALSE,25,"2026-06-03 11:11:46"
"White-eared Honeyeater","s(LA_cwm)",1.95776688056611,36.3861571344392,0,"vegetation",TRUE,1,"2026-06-03 11:13:39"
"White-eared Honeyeater","s(log(precip_annual))",6.07907508425921,28.5168445408586,0,"other",FALSE,2,"2026-06-03 11:13:39"
"White-eared Honeyeater","s(wooddensity_cwm)",1.92697168289219,25.3206710935473,0,"vegetation",TRUE,3,"2026-06-03 11:13:39"
"White-eared Honeyeater","s(lc_trees)",5.59483629312197,24.5557979166638,0,"landscape",FALSE,4,"2026-06-03 11:13:39"
"White-eared Honeyeater","s(observer_expertise)",3.33872332484954,20.1885959746865,0,"effort",FALSE,5,"2026-06-03 11:13:39"
"White-eared Honeyeater","s(log(duration_minutes))",1.73461002704476,17.547525627547,0,"other",FALSE,6,"2026-06-03 11:13:39"
"White-eared Honeyeater","s(temp_annual)",7.05784249420032,16.8886362181499,0,"landscape",FALSE,7,"2026-06-03 11:13:39"
"White-eared Honeyeater","s(mean_fhd)",1.94399930147743,16.2337722599301,0,"vegetation",TRUE,8,"2026-06-03 11:13:39"
"White-eared Honeyeater","s(FDiv)",1.94088212757007,14.5344485869933,0,"vegetation",TRUE,9,"2026-06-03 11:13:39"
"White-eared Honeyeater","s(day_of_year)",5.17559640592661,12.8903382899856,0,"effort",FALSE,10,"2026-06-03 11:13:39"
"White-eared Honeyeater","s(pielou_evenness)",2.07167691924956,11.4308698865927,0,"vegetation",TRUE,11,"2026-06-03 11:13:39"
"White-eared Honeyeater","s(gini_simpson)",0.970814233626467,11.0702475654502,0,"vegetation",TRUE,12,"2026-06-03 11:13:39"
"White-eared Honeyeater","s(log1p(nightlights))",7.39942594779904,7.86931063482214,0,"other",FALSE,13,"2026-06-03 11:13:39"
"White-eared Honeyeater","s(FRic)",0.951417131032632,6.51941723379451,1.93058737596452e-06,"vegetation",TRUE,14,"2026-06-03 11:13:39"
"White-eared Honeyeater","s(elevation)",6.13241803653713,6.34487691662796,0,"landscape",FALSE,15,"2026-06-03 11:13:39"
"White-eared Honeyeater","s(height_cwm)",1.65654689520247,5.18362747379477,5.59444055914238e-05,"vegetation",TRUE,16,"2026-06-03 11:13:39"
"White-eared Honeyeater","s(FEve)",0.913622994031099,3.52188353213982,0.000469702555434215,"vegetation",TRUE,17,"2026-06-03 11:13:39"
"White-eared Honeyeater","s(sp_richness)",0.914556469903955,3.51009921891231,0.000399146176511156,"vegetation",TRUE,18,"2026-06-03 11:13:39"
"White-eared Honeyeater","s(water_occ)",1.93544718432343,2.80654269664006,8.13343804195732e-07,"landscape",FALSE,19,"2026-06-03 11:13:39"
"White-eared Honeyeater","s(time_observations_started)",2.39553023600253,2.01580098185107,0.00013718764591053,"effort",FALSE,20,"2026-06-03 11:13:39"
"White-eared Honeyeater","s(log1p(effort_distance_km))",1.12700819746919,1.05093659535421,0.0570875453542619,"other",FALSE,21,"2026-06-03 11:13:39"
"White-eared Honeyeater","s(number_observers)",0.000121746524953955,4.1651256679056e-05,0.318620371974926,"effort",FALSE,22,"2026-06-03 11:13:39"
"White-eared Honeyeater","s(cover)",0.000125819695996304,3.12673954642603e-05,0.398863472947494,"vegetation",TRUE,23,"2026-06-03 11:13:39"
"White-eared Honeyeater","s(prop_canopy)",6.60706222805461e-05,3.31983859230202e-06,0.81669155731624,"vegetation",TRUE,24,"2026-06-03 11:13:39"
"White-eared Honeyeater","protocol_type",2,2.94913060209699e-11,0.999999999970509,"effort",FALSE,25,"2026-06-03 11:13:39"
"White-naped Honeyeater","s(observer_expertise)",3.04411589249704,64.9372379412266,0,"effort",FALSE,1,"2026-06-03 11:15:52"
"White-naped Honeyeater","s(day_of_year)",6.97626809492316,37.4558858797925,0,"effort",FALSE,2,"2026-06-03 11:15:52"
"White-naped Honeyeater","s(log(duration_minutes))",1.30594872378878,31.9965375512787,0,"other",FALSE,3,"2026-06-03 11:15:52"
"White-naped Honeyeater","s(log(precip_annual))",5.77356180187268,22.2615447970876,0,"other",FALSE,4,"2026-06-03 11:15:52"
"White-naped Honeyeater","s(log1p(nightlights))",8.30948660903509,21.3643713683335,0,"other",FALSE,5,"2026-06-03 11:15:52"
"White-naped Honeyeater","s(temp_annual)",7.19695961803166,10.2768436237581,0,"landscape",FALSE,6,"2026-06-03 11:15:52"
"White-naped Honeyeater","s(time_observations_started)",3.1951350685392,8.92813285789245,0,"effort",FALSE,7,"2026-06-03 11:15:52"
"White-naped Honeyeater","s(prop_canopy)",2.83655474144486,8.69104859819469,4.71917644295772e-07,"vegetation",TRUE,8,"2026-06-03 11:15:52"
"White-naped Honeyeater","s(wooddensity_cwm)",2.66102117298989,8.54244962088509,1.24782370991561e-06,"vegetation",TRUE,9,"2026-06-03 11:15:52"
"White-naped Honeyeater","s(lc_trees)",6.35527884286968,6.96306624160263,0,"landscape",FALSE,10,"2026-06-03 11:15:52"
"White-naped Honeyeater","s(elevation)",7.08475093940551,5.32448747996268,0,"landscape",FALSE,11,"2026-06-03 11:15:52"
"White-naped Honeyeater","s(mean_fhd)",1.43570687953743,4.57674940636101,9.32503397210738e-05,"vegetation",TRUE,12,"2026-06-03 11:15:52"
"White-naped Honeyeater","s(pielou_evenness)",1.71232467057753,4.32243261805306,0.000213452754050047,"vegetation",TRUE,13,"2026-06-03 11:15:52"
"White-naped Honeyeater","s(gini_simpson)",0.902497748014936,3.0838916927698,0.000312719047271592,"vegetation",TRUE,14,"2026-06-03 11:15:52"
"White-naped Honeyeater","s(height_cwm)",1.72909438658719,2.90692741579666,0.00389953836481616,"vegetation",TRUE,15,"2026-06-03 11:15:52"
"White-naped Honeyeater","s(water_occ)",4.4390884555139,2.72396179129215,1.95533550629845e-05,"landscape",FALSE,16,"2026-06-03 11:15:52"
"White-naped Honeyeater","s(cover)",1.49702616912533,2.4440031178139,0.00533678273320015,"vegetation",TRUE,17,"2026-06-03 11:15:52"
"White-naped Honeyeater","s(FEve)",0.813818559245792,1.4559327753944,0.0136440779777003,"vegetation",TRUE,18,"2026-06-03 11:15:52"
"White-naped Honeyeater","s(FDiv)",1.1133861105424,0.917540511411949,0.0699603377698123,"vegetation",TRUE,19,"2026-06-03 11:15:52"
"White-naped Honeyeater","s(sp_richness)",0.7332252540716,0.911601737220311,0.0407899647811566,"vegetation",TRUE,20,"2026-06-03 11:15:52"
"White-naped Honeyeater","s(LA_cwm)",0.000164457567429102,4.40492458267311e-05,0.396631065294063,"vegetation",TRUE,21,"2026-06-03 11:15:52"
"White-naped Honeyeater","s(FRic)",0.000128977469361659,3.19456707845191e-05,0.352758550217653,"vegetation",TRUE,22,"2026-06-03 11:15:52"
"White-naped Honeyeater","s(log1p(effort_distance_km))",0.000117963798906107,2.16941230056775e-05,0.505820494935039,"other",FALSE,23,"2026-06-03 11:15:52"
"White-naped Honeyeater","s(number_observers)",8.97953487811647e-05,7.61078232375354e-06,0.722462274589573,"effort",FALSE,24,"2026-06-03 11:15:52"
"White-naped Honeyeater","protocol_type",2,1.29205662629324e-11,0.999999999987079,"effort",FALSE,25,"2026-06-03 11:15:52"
"White-throated Gerygone","s(day_of_year)",6.76721607522573,45.6756910905053,0,"effort",FALSE,1,"2026-06-03 11:17:38"
"White-throated Gerygone","s(log(duration_minutes))",0.988447873449133,28.4137099970009,0,"other",FALSE,2,"2026-06-03 11:17:38"
"White-throated Gerygone","s(cover)",2.57210805411405,26.0539027416164,0,"vegetation",TRUE,3,"2026-06-03 11:17:38"
"White-throated Gerygone","s(log1p(nightlights))",7.01958883855494,18.5925162366513,0,"other",FALSE,4,"2026-06-03 11:17:38"
"White-throated Gerygone","s(observer_expertise)",2.24454836066049,16.0225391785757,0,"effort",FALSE,5,"2026-06-03 11:17:38"
"White-throated Gerygone","s(prop_canopy)",1.82605002270297,14.6968478652053,0,"vegetation",TRUE,6,"2026-06-03 11:17:38"
"White-throated Gerygone","s(water_occ)",3.75367794565269,14.6312562943894,0,"landscape",FALSE,7,"2026-06-03 11:17:38"
"White-throated Gerygone","s(height_cwm)",2.27668068123718,14.2148498123068,0,"vegetation",TRUE,8,"2026-06-03 11:17:38"
"White-throated Gerygone","s(log(precip_annual))",5.00921549779407,12.0524763760932,0,"other",FALSE,9,"2026-06-03 11:17:38"
"White-throated Gerygone","s(gini_simpson)",2.46061701055639,8.29145119430319,5.05774803816195e-07,"vegetation",TRUE,10,"2026-06-03 11:17:38"
"White-throated Gerygone","s(temp_annual)",5.60472945025946,8.23291407244521,0,"landscape",FALSE,11,"2026-06-03 11:17:38"
"White-throated Gerygone","s(lc_trees)",4.0300313894758,8.16515556140543,0,"landscape",FALSE,12,"2026-06-03 11:17:38"
"White-throated Gerygone","s(sp_richness)",1.81526804965044,5.4453826256642,4.3251300623548e-05,"vegetation",TRUE,13,"2026-06-03 11:17:38"
"White-throated Gerygone","s(time_observations_started)",3.44235915206669,4.89621957804361,0,"effort",FALSE,14,"2026-06-03 11:17:38"
"White-throated Gerygone","s(FRic)",0.930916808006546,4.47945748517718,6.97443732510239e-05,"vegetation",TRUE,15,"2026-06-03 11:17:38"
"White-throated Gerygone","s(FEve)",1.44659628368591,3.18570357975705,0.0012848805196144,"vegetation",TRUE,16,"2026-06-03 11:17:38"
"White-throated Gerygone","s(wooddensity_cwm)",0.890976695448575,2.6909756756381,0.00187635577256318,"vegetation",TRUE,17,"2026-06-03 11:17:38"
"White-throated Gerygone","s(number_observers)",0.840923801647438,1.76116903939231,0.0116695989217419,"effort",FALSE,18,"2026-06-03 11:17:38"
"White-throated Gerygone","s(elevation)",2.86488993337491,1.70844503078584,0.000267503409619563,"landscape",FALSE,19,"2026-06-03 11:17:38"
"White-throated Gerygone","s(pielou_evenness)",0.733901197069699,0.915456383927758,0.0335729077673657,"vegetation",TRUE,20,"2026-06-03 11:17:38"
"White-throated Gerygone","s(FDiv)",0.000290836927422887,8.89693712489154e-05,0.326880933956177,"vegetation",TRUE,21,"2026-06-03 11:17:38"
"White-throated Gerygone","s(LA_cwm)",5.3258431423034e-05,5.48390000936765e-06,0.641191457476472,"vegetation",TRUE,22,"2026-06-03 11:17:38"
"White-throated Gerygone","s(log1p(effort_distance_km))",6.86231058105616e-05,5.13295707635684e-06,0.768688322938777,"other",FALSE,23,"2026-06-03 11:17:38"
"White-throated Gerygone","s(mean_fhd)",4.23598018107071e-05,2.85951124778367e-06,0.683625750637014,"vegetation",TRUE,24,"2026-06-03 11:17:38"
"White-throated Gerygone","protocol_type",2,3.75899724843039e-13,0.999999999999624,"effort",FALSE,25,"2026-06-03 11:17:38"
"Australian Rufous Fantail","s(day_of_year)",6.75183932591955,53.3814276143544,0,"effort",FALSE,1,"2026-06-03 11:19:20"
"Australian Rufous Fantail","s(log(duration_minutes))",1.53634011083402,43.0248072284451,0,"other",FALSE,2,"2026-06-03 11:19:20"
"Australian Rufous Fantail","s(observer_expertise)",2.30543359799563,18.8032164802629,0,"effort",FALSE,3,"2026-06-03 11:19:20"
"Australian Rufous Fantail","s(LA_cwm)",1.77124704405089,6.79835238830968,3.7750128589753e-06,"vegetation",TRUE,4,"2026-06-03 11:19:20"
"Australian Rufous Fantail","s(log(precip_annual))",3.57332270797199,5.9834264224808,0,"other",FALSE,5,"2026-06-03 11:19:20"
"Australian Rufous Fantail","s(FRic)",1.8068343197652,5.95320432123312,1.72336966421938e-05,"vegetation",TRUE,6,"2026-06-03 11:19:20"
"Australian Rufous Fantail","s(height_cwm)",1.76994953816492,5.48441795292366,3.12009689962256e-05,"vegetation",TRUE,7,"2026-06-03 11:19:20"
"Australian Rufous Fantail","s(log1p(nightlights))",7.06495423094923,5.11810337293595,0,"other",FALSE,8,"2026-06-03 11:19:20"
"Australian Rufous Fantail","s(FDiv)",1.67655852255128,5.00019292001034,7.27869915507773e-05,"vegetation",TRUE,9,"2026-06-03 11:19:20"
"Australian Rufous Fantail","s(mean_fhd)",1.67920250351352,4.72359201568372,4.00123336657954e-05,"vegetation",TRUE,10,"2026-06-03 11:19:20"
"Australian Rufous Fantail","s(wooddensity_cwm)",1.69030494348533,3.78270073454385,0.000676941167472189,"vegetation",TRUE,11,"2026-06-03 11:19:20"
"Australian Rufous Fantail","s(log1p(effort_distance_km))",2.10295042748427,3.75707359345001,0.00210045235689327,"other",FALSE,12,"2026-06-03 11:19:20"
"Australian Rufous Fantail","s(lc_trees)",2.50007094830228,3.06843753835654,0,"landscape",FALSE,13,"2026-06-03 11:19:20"
"Australian Rufous Fantail","s(temp_annual)",5.55087106592373,2.83951871290432,1.53612034696771e-05,"landscape",FALSE,14,"2026-06-03 11:19:20"
"Australian Rufous Fantail","s(prop_canopy)",1.57367089029315,2.76889326567156,0.00173926043366368,"vegetation",TRUE,15,"2026-06-03 11:19:20"
"Australian Rufous Fantail","s(gini_simpson)",1.56613939711146,2.39867953967388,0.00258532890441432,"vegetation",TRUE,16,"2026-06-03 11:19:20"
"Australian Rufous Fantail","s(time_observations_started)",3.14117562538199,2.02477166821258,0.00041711645196818,"effort",FALSE,17,"2026-06-03 11:19:20"
"Australian Rufous Fantail","s(water_occ)",1.99601508408393,1.63228781940113,0.000142022946271414,"landscape",FALSE,18,"2026-06-03 11:19:20"
"Australian Rufous Fantail","s(elevation)",2.54846026497138,1.08610942311385,0.00424543796468657,"landscape",FALSE,19,"2026-06-03 11:19:20"
"Australian Rufous Fantail","s(number_observers)",0.740712185857856,0.941188286442318,0.0497641179861065,"effort",FALSE,20,"2026-06-03 11:19:20"
"Australian Rufous Fantail","s(cover)",0.51049755275142,0.347401465241981,0.135893436025641,"vegetation",TRUE,21,"2026-06-03 11:19:20"
"Australian Rufous Fantail","s(FEve)",0.601874126974388,0.30666515888763,0.188638175844168,"vegetation",TRUE,22,"2026-06-03 11:19:20"
"Australian Rufous Fantail","s(pielou_evenness)",0.618975089911503,0.282486021636189,0.180410697629739,"vegetation",TRUE,23,"2026-06-03 11:19:20"
"Australian Rufous Fantail","s(sp_richness)",0.000110363311020041,2.14908311753502e-05,0.441090201441672,"vegetation",TRUE,24,"2026-06-03 11:19:20"
"Australian Rufous Fantail","protocol_type",1,3.88286291352378e-08,0.999842779098904,"effort",FALSE,25,"2026-06-03 11:19:20"
"Weebill","s(log(duration_minutes))",1.61902606567073,40.1933323198748,0,"other",FALSE,1,"2026-06-03 11:21:04"
"Weebill","s(observer_expertise)",0.993494294609072,37.9276088452936,0,"effort",FALSE,2,"2026-06-03 11:21:04"
"Weebill","s(gini_simpson)",2.7127501194971,20.7077808973491,0,"vegetation",TRUE,3,"2026-06-03 11:21:04"
"Weebill","s(log(precip_annual))",5.53704836394099,19.8660933147691,0,"other",FALSE,4,"2026-06-03 11:21:04"
"Weebill","s(water_occ)",4.15422920788185,12.7611887298466,0,"landscape",FALSE,5,"2026-06-03 11:21:04"
"Weebill","s(FEve)",1.91815164533119,9.75292397222647,0,"vegetation",TRUE,6,"2026-06-03 11:21:04"
"Weebill","s(lc_trees)",7.16736689471819,8.98970284127608,0,"landscape",FALSE,7,"2026-06-03 11:21:04"
"Weebill","s(log1p(nightlights))",5.82867482159787,8.01554291634015,0,"other",FALSE,8,"2026-06-03 11:21:04"
"Weebill","s(pielou_evenness)",1.73477949385024,6.8450536560174,3.58031050318175e-06,"vegetation",TRUE,9,"2026-06-03 11:21:04"
"Weebill","s(log1p(effort_distance_km))",1.81559841213709,5.40140071283002,9.71028399292528e-05,"other",FALSE,10,"2026-06-03 11:21:04"
"Weebill","s(temp_annual)",5.33139475203832,5.29793468159226,0,"landscape",FALSE,11,"2026-06-03 11:21:04"
"Weebill","s(prop_canopy)",1.84902096915094,5.01804564423417,0.000121063445015168,"vegetation",TRUE,12,"2026-06-03 11:21:04"
"Weebill","s(elevation)",4.56136480847449,4.67919598316121,0,"landscape",FALSE,13,"2026-06-03 11:21:04"
"Weebill","s(cover)",1.70120392787248,3.84785533143135,0.000642476219488652,"vegetation",TRUE,14,"2026-06-03 11:21:04"
"Weebill","s(time_observations_started)",2.92681480598098,3.16268589196762,1.26703508607218e-06,"effort",FALSE,15,"2026-06-03 11:21:04"
"Weebill","s(sp_richness)",0.891902406695502,2.74783951549963,0.000772228743413206,"vegetation",TRUE,16,"2026-06-03 11:21:04"
"Weebill","s(day_of_year)",2.7815047839515,2.48643075289771,2.81431628795792e-05,"effort",FALSE,17,"2026-06-03 11:21:04"
"Weebill","s(FRic)",1.52973439583198,1.71267359084961,0.0250395366916487,"vegetation",TRUE,18,"2026-06-03 11:21:04"
"Weebill","s(height_cwm)",0.920347798524105,0.768964873052398,0.0682529181142405,"vegetation",TRUE,19,"2026-06-03 11:21:04"
"Weebill","s(wooddensity_cwm)",0.990409776079457,0.681781280766713,0.109948608626218,"vegetation",TRUE,20,"2026-06-03 11:21:04"
"Weebill","s(number_observers)",0.341285126662952,0.149255012477153,0.256589797835904,"effort",FALSE,21,"2026-06-03 11:21:04"
"Weebill","s(LA_cwm)",8.40367216588774e-05,2.11527076431582e-05,0.355820869097986,"vegetation",TRUE,22,"2026-06-03 11:21:04"
"Weebill","s(FDiv)",5.4486675029009e-05,3.53022902825349e-06,0.760813105296513,"vegetation",TRUE,23,"2026-06-03 11:21:04"
"Weebill","s(mean_fhd)",7.05826434370826e-05,2.33802584018375e-06,0.769003881610262,"vegetation",TRUE,24,"2026-06-03 11:21:04"
"Weebill","protocol_type",1,2.93859986105866e-13,0.999999567481716,"effort",FALSE,25,"2026-06-03 11:21:04"
"Common Bronzewing","s(log(precip_annual))",5.93102613842442,16.7926719197102,0,"other",FALSE,1,"2026-06-03 11:22:34"
"Common Bronzewing","s(FRic)",1.73443872683206,12.3383882505791,0,"vegetation",TRUE,2,"2026-06-03 11:22:34"
"Common Bronzewing","s(lc_trees)",7.08833383734653,10.7434160908643,0,"landscape",FALSE,3,"2026-06-03 11:22:34"
"Common Bronzewing","s(log(duration_minutes))",0.969794180960316,10.6200109352287,0,"other",FALSE,4,"2026-06-03 11:22:34"
"Common Bronzewing","s(sp_richness)",2.13135357677734,8.27413886038757,5.02590132622771e-07,"vegetation",TRUE,5,"2026-06-03 11:22:34"
"Common Bronzewing","s(log1p(nightlights))",6.19243552688152,6.97730456660353,0,"other",FALSE,6,"2026-06-03 11:22:34"
"Common Bronzewing","s(water_occ)",4.69991221235934,6.70895399319995,0,"landscape",FALSE,7,"2026-06-03 11:22:34"
"Common Bronzewing","s(time_observations_started)",4.78592040866319,6.6194340966592,0,"effort",FALSE,8,"2026-06-03 11:22:34"
"Common Bronzewing","s(LA_cwm)",2.7431657588164,6.58596673784491,2.5528148430265e-05,"vegetation",TRUE,9,"2026-06-03 11:22:34"
"Common Bronzewing","s(log1p(effort_distance_km))",1.70497497232429,5.30151472251814,8.0360429352111e-05,"other",FALSE,10,"2026-06-03 11:22:34"
"Common Bronzewing","s(temp_annual)",4.38480131224625,4.76040989405332,0,"landscape",FALSE,11,"2026-06-03 11:22:34"
"Common Bronzewing","s(height_cwm)",1.80707504275492,4.58400112645772,0.000242501572268794,"vegetation",TRUE,12,"2026-06-03 11:22:34"
"Common Bronzewing","s(FEve)",1.61325017146766,4.48062747089557,0.000184264270679968,"vegetation",TRUE,13,"2026-06-03 11:22:34"
"Common Bronzewing","s(gini_simpson)",1.72152078337324,4.37697210865221,0.000150628418235876,"vegetation",TRUE,14,"2026-06-03 11:22:34"
"Common Bronzewing","s(day_of_year)",3.61091997806477,4.16810162819204,0,"effort",FALSE,15,"2026-06-03 11:22:34"
"Common Bronzewing","s(observer_expertise)",1.88073316344607,4.03420299193179,8.37583107016204e-05,"effort",FALSE,16,"2026-06-03 11:22:34"
"Common Bronzewing","s(elevation)",4.53378882668439,3.97527829234456,0,"landscape",FALSE,17,"2026-06-03 11:22:34"
"Common Bronzewing","s(wooddensity_cwm)",1.62627252516894,3.54031233335631,0.0010625965808253,"vegetation",TRUE,18,"2026-06-03 11:22:34"
"Common Bronzewing","s(prop_canopy)",1.42204381056277,2.52914721373762,0.00422680208318205,"vegetation",TRUE,19,"2026-06-03 11:22:34"
"Common Bronzewing","s(pielou_evenness)",0.796320761665004,1.30241576457679,0.0157638909480956,"vegetation",TRUE,20,"2026-06-03 11:22:34"
"Common Bronzewing","s(FDiv)",0.495249916790172,0.3259414695905,0.147489775378961,"vegetation",TRUE,21,"2026-06-03 11:22:34"
"Common Bronzewing","s(number_observers)",8.26070306004206e-05,7.37114270349258e-06,0.716922107928385,"effort",FALSE,22,"2026-06-03 11:22:34"
"Common Bronzewing","s(mean_fhd)",6.45240873608574e-05,5.7451387670776e-06,0.599731876994591,"vegetation",TRUE,23,"2026-06-03 11:22:34"
"Common Bronzewing","s(cover)",4.85129585932225e-05,3.17613532624895e-06,0.769278051989738,"vegetation",TRUE,24,"2026-06-03 11:22:34"
"Common Bronzewing","protocol_type",1,3.02572694447148e-13,0.999999561116637,"effort",FALSE,25,"2026-06-03 11:22:34"
"Rainbow Bee-eater","s(log(duration_minutes))",0.991396450429624,37.9752742139455,0,"other",FALSE,1,"2026-06-03 11:24:20"
"Rainbow Bee-eater","s(day_of_year)",6.16471378262341,20.8516927467699,0,"effort",FALSE,2,"2026-06-03 11:24:20"
"Rainbow Bee-eater","s(LA_cwm)",2.55997318917497,14.9540788932792,0,"vegetation",TRUE,3,"2026-06-03 11:24:20"
"Rainbow Bee-eater","s(log1p(nightlights))",3.69000956106473,14.2362387261271,0,"other",FALSE,4,"2026-06-03 11:24:20"
"Rainbow Bee-eater","s(sp_richness)",2.85062490168541,12.3418453974474,0,"vegetation",TRUE,5,"2026-06-03 11:24:20"
"Rainbow Bee-eater","s(temp_annual)",5.68769801505817,10.7921892467462,0,"landscape",FALSE,6,"2026-06-03 11:24:20"
"Rainbow Bee-eater","s(prop_canopy)",1.91038519603959,10.4033235307749,0,"vegetation",TRUE,7,"2026-06-03 11:24:20"
"Rainbow Bee-eater","s(wooddensity_cwm)",1.80621065798208,9.67548594668263,0,"vegetation",TRUE,8,"2026-06-03 11:24:20"
"Rainbow Bee-eater","s(log(precip_annual))",6.90067078273854,8.40791724736912,0,"other",FALSE,9,"2026-06-03 11:24:20"
"Rainbow Bee-eater","s(gini_simpson)",0.961393093907508,8.28504306227141,0,"vegetation",TRUE,10,"2026-06-03 11:24:20"
"Rainbow Bee-eater","s(mean_fhd)",1.80829624050154,7.89771531873432,7.54634480126803e-07,"vegetation",TRUE,11,"2026-06-03 11:24:20"
"Rainbow Bee-eater","s(cover)",1.8615267039504,7.45610932927616,2.34837387513842e-06,"vegetation",TRUE,12,"2026-06-03 11:24:20"
"Rainbow Bee-eater","s(pielou_evenness)",2.00348451146944,5.16586322076707,0.0001018638392567,"vegetation",TRUE,13,"2026-06-03 11:24:20"
"Rainbow Bee-eater","s(elevation)",4.0809879104118,3.36133889633987,3.90076455136779e-07,"landscape",FALSE,14,"2026-06-03 11:24:20"
"Rainbow Bee-eater","s(observer_expertise)",1.28090135083901,3.20783390757735,0.000239566821195636,"effort",FALSE,15,"2026-06-03 11:24:20"
"Rainbow Bee-eater","s(height_cwm)",0.876202673003575,2.35628765533432,0.00333726285744895,"vegetation",TRUE,16,"2026-06-03 11:24:20"
"Rainbow Bee-eater","s(water_occ)",2.12735856123727,2.0415124269125,2.56075811266854e-05,"landscape",FALSE,17,"2026-06-03 11:24:20"
"Rainbow Bee-eater","s(time_observations_started)",2.75110603932626,1.1020795202841,0.0132293035724816,"effort",FALSE,18,"2026-06-03 11:24:20"
"Rainbow Bee-eater","s(log1p(effort_distance_km))",0.984886137393776,0.726067030586799,0.10641081762796,"other",FALSE,19,"2026-06-03 11:24:20"
"Rainbow Bee-eater","s(number_observers)",0.649248230330459,0.616733852724932,0.0894247466660759,"effort",FALSE,20,"2026-06-03 11:24:20"
"Rainbow Bee-eater","s(FEve)",2.75585619721439e-05,6.24593661507906e-06,0.404540262295652,"vegetation",TRUE,21,"2026-06-03 11:24:20"
"Rainbow Bee-eater","s(FDiv)",5.17700240629033e-05,2.51376253246152e-06,0.805189005443091,"vegetation",TRUE,22,"2026-06-03 11:24:20"
"Rainbow Bee-eater","s(FRic)",1.3563053616557e-05,1.03897934999636e-06,0.708177121860445,"vegetation",TRUE,23,"2026-06-03 11:24:20"
"Rainbow Bee-eater","s(lc_trees)",2.29037733520604e-05,4.30918265772804e-07,0.773960483279786,"landscape",FALSE,24,"2026-06-03 11:24:20"
"Rainbow Bee-eater","protocol_type",2,2.85768911265641e-11,0.999999999971423,"effort",FALSE,25,"2026-06-03 11:24:20"
"Osprey","s(FEve)",2.7512205447289,19.7822214829265,0,"vegetation",TRUE,1,"2026-06-03 11:26:00"
"Osprey","s(log(duration_minutes))",0.978077776083297,14.2029740492101,0,"other",FALSE,2,"2026-06-03 11:26:00"
"Osprey","s(wooddensity_cwm)",1.93047783277878,10.8883601226041,0,"vegetation",TRUE,3,"2026-06-03 11:26:00"
"Osprey","s(gini_simpson)",1.77311151256318,10.4257890618249,0,"vegetation",TRUE,4,"2026-06-03 11:26:00"
"Osprey","s(temp_annual)",2.88163413324485,6.89533661711591,0.000291721749448581,"landscape",FALSE,5,"2026-06-03 11:26:00"
"Osprey","s(cover)",1.72355519362199,5.88999606981648,1.61226540329462e-05,"vegetation",TRUE,6,"2026-06-03 11:26:00"
"Osprey","s(lc_trees)",5.26969109911167,4.60484127233397,0,"landscape",FALSE,7,"2026-06-03 11:26:00"
"Osprey","s(log(precip_annual))",3.79474624489051,3.99347438588588,0,"other",FALSE,8,"2026-06-03 11:26:00"
"Osprey","s(prop_canopy)",0.914520712895727,3.56585483146474,0.000423122509996543,"vegetation",TRUE,9,"2026-06-03 11:26:00"
"Osprey","s(elevation)",1.05025338161095,3.18631520692574,0,"landscape",FALSE,10,"2026-06-03 11:26:00"
"Osprey","s(observer_expertise)",0.925768510370249,3.12000074021333,0.000231097412696446,"effort",FALSE,11,"2026-06-03 11:26:00"
"Osprey","s(water_occ)",0.960450846692087,2.69547121160947,4.6751305715631e-07,"landscape",FALSE,12,"2026-06-03 11:26:00"
"Osprey","s(LA_cwm)",1.39725865197373,2.25045370307967,0.00587078709514666,"vegetation",TRUE,13,"2026-06-03 11:26:00"
"Osprey","s(FDiv)",0.974125085916609,1.45643103811233,0.0177563477521407,"vegetation",TRUE,14,"2026-06-03 11:26:00"
"Osprey","s(log1p(effort_distance_km))",1.1538204694744,1.22144383866343,0.0418298945204421,"other",FALSE,15,"2026-06-03 11:26:00"
"Osprey","s(time_observations_started)",1.66883012110569,0.787101919486523,0.0147590731219603,"effort",FALSE,16,"2026-06-03 11:26:00"
"Osprey","s(log1p(nightlights))",0.940838369904809,0.213361868227977,0.0997853396891,"other",FALSE,17,"2026-06-03 11:26:00"
"Osprey","s(FRic)",0.11399946858847,0.0429269543067923,0.252220319385951,"vegetation",TRUE,18,"2026-06-03 11:26:00"
"Osprey","s(pielou_evenness)",0.00047654413659889,0.00015210744985873,0.303870537831905,"vegetation",TRUE,19,"2026-06-03 11:26:00"
"Osprey","s(sp_richness)",7.76563645153615e-05,1.84583059683378e-05,0.361786170291462,"vegetation",TRUE,20,"2026-06-03 11:26:00"
"Osprey","s(height_cwm)",6.61753924748827e-05,1.08894678949736e-05,0.466071615585383,"vegetation",TRUE,21,"2026-06-03 11:26:00"
"Osprey","s(number_observers)",7.06332463677642e-05,8.96364164036829e-06,0.63730609103317,"effort",FALSE,22,"2026-06-03 11:26:00"
"Osprey","s(mean_fhd)",4.94685954177566e-05,4.44505002073041e-06,0.585000631714402,"vegetation",TRUE,23,"2026-06-03 11:26:00"
"Osprey","s(day_of_year)",3.90766039977053e-05,2.20824942816125e-06,0.662611571050031,"effort",FALSE,24,"2026-06-03 11:26:00"
"Osprey","protocol_type",3,2.05939321765039e-06,0.99999999591562,"effort",FALSE,25,"2026-06-03 11:26:00"
"Black-faced Monarch","s(observer_expertise)",0.994073717786805,41.6893140478466,0,"effort",FALSE,1,"2026-06-03 11:28:47"
"Black-faced Monarch","s(day_of_year)",6.46514847330851,35.6663698489221,0,"effort",FALSE,2,"2026-06-03 11:28:47"
"Black-faced Monarch","s(log(duration_minutes))",0.990345657389205,33.8716326261006,0,"other",FALSE,3,"2026-06-03 11:28:47"
"Black-faced Monarch","s(log1p(nightlights))",7.0690007581083,14.9514889124152,0,"other",FALSE,4,"2026-06-03 11:28:47"
"Black-faced Monarch","s(log(precip_annual))",3.69949525874216,9.50494262788113,0,"other",FALSE,5,"2026-06-03 11:28:47"
"Black-faced Monarch","s(lc_trees)",3.38413283383662,9.23252676204708,0,"landscape",FALSE,6,"2026-06-03 11:28:47"
"Black-faced Monarch","s(height_cwm)",0.957269447785684,7.45436853340479,4.3745038502685e-07,"vegetation",TRUE,7,"2026-06-03 11:28:47"
"Black-faced Monarch","s(time_observations_started)",4.8050982704701,6.24864714715586,0,"effort",FALSE,8,"2026-06-03 11:28:47"
"Black-faced Monarch","s(cover)",1.75429519878902,6.00060321986346,1.26619667009109e-05,"vegetation",TRUE,9,"2026-06-03 11:28:47"
"Black-faced Monarch","s(pielou_evenness)",1.81905820023179,4.64177970673921,9.70079318665107e-05,"vegetation",TRUE,10,"2026-06-03 11:28:47"
"Black-faced Monarch","s(temp_annual)",5.19007698244242,4.59889553890153,0,"landscape",FALSE,11,"2026-06-03 11:28:47"
"Black-faced Monarch","s(wooddensity_cwm)",1.79119912450371,3.2899261997729,0.00146933408998118,"vegetation",TRUE,12,"2026-06-03 11:28:47"
"Black-faced Monarch","s(mean_fhd)",1.68202361716237,3.06039220134025,0.00227525436170761,"vegetation",TRUE,13,"2026-06-03 11:28:47"
"Black-faced Monarch","s(LA_cwm)",1.56217867654156,2.80930499359895,0.00243654751269184,"vegetation",TRUE,14,"2026-06-03 11:28:47"
"Black-faced Monarch","s(water_occ)",5.50416655043106,2.65885521792697,6.78072829779497e-05,"landscape",FALSE,15,"2026-06-03 11:28:47"
"Black-faced Monarch","s(FEve)",1.65419616650336,2.49560705356627,0.00694515982627264,"vegetation",TRUE,16,"2026-06-03 11:28:47"
"Black-faced Monarch","s(elevation)",1.80459530840444,2.42286735550653,1.56439309817458e-06,"landscape",FALSE,17,"2026-06-03 11:28:47"
"Black-faced Monarch","s(sp_richness)",1.47873970415926,1.99680734845484,0.0107052609690359,"vegetation",TRUE,18,"2026-06-03 11:28:47"
"Black-faced Monarch","s(gini_simpson)",0.611239087481354,0.523581154090914,0.0664305183333826,"vegetation",TRUE,19,"2026-06-03 11:28:47"
"Black-faced Monarch","s(log1p(effort_distance_km))",0.602846980337019,0.50526589743149,0.110459200212173,"other",FALSE,20,"2026-06-03 11:28:47"
"Black-faced Monarch","s(FDiv)",0.355546262779712,0.183853698099932,0.195543239916052,"vegetation",TRUE,21,"2026-06-03 11:28:47"
"Black-faced Monarch","s(number_observers)",0.232979372109397,0.0938602438330768,0.279466620742003,"effort",FALSE,22,"2026-06-03 11:28:47"
"Black-faced Monarch","s(prop_canopy)",8.83437624665076e-05,1.33291019443021e-05,0.460953640211122,"vegetation",TRUE,23,"2026-06-03 11:28:47"
"Black-faced Monarch","s(FRic)",3.21028190660722e-05,1.02808546854617e-05,0.269772130121252,"vegetation",TRUE,24,"2026-06-03 11:28:47"
"Black-faced Monarch","protocol_type",2,1.91450650512178e-13,0.999999999999809,"effort",FALSE,25,"2026-06-03 11:28:47"
"Australian Pipit","s(sp_richness)",2.52624475661557,19.9307273459593,0,"vegetation",TRUE,1,"2026-06-03 11:31:20"
"Australian Pipit","s(FRic)",2.15845053823739,14.1810665538102,0,"vegetation",TRUE,2,"2026-06-03 11:31:20"
"Australian Pipit","s(log1p(effort_distance_km))",1.48561561601506,13.5140144107708,0,"other",FALSE,3,"2026-06-03 11:31:20"
"Australian Pipit","s(log1p(nightlights))",5.17913112104563,13.2425153254319,0,"other",FALSE,4,"2026-06-03 11:31:20"
"Australian Pipit","s(lc_trees)",3.89452970716329,10.673154072383,0,"landscape",FALSE,5,"2026-06-03 11:31:20"
"Australian Pipit","s(elevation)",6.35662989572316,6.22434401679031,0,"landscape",FALSE,6,"2026-06-03 11:31:20"
"Australian Pipit","s(height_cwm)",2.4803630672875,4.71579094236532,0.000481334186858917,"vegetation",TRUE,7,"2026-06-03 11:31:20"
"Australian Pipit","s(LA_cwm)",1.51132628614397,4.06768436595917,0.000212509824744078,"vegetation",TRUE,8,"2026-06-03 11:31:20"
"Australian Pipit","s(FDiv)",1.74483517268989,3.05925410247751,0.00282756302882159,"vegetation",TRUE,9,"2026-06-03 11:31:20"
"Australian Pipit","s(mean_fhd)",0.822431234256206,1.53626537761806,0.00850739287820779,"vegetation",TRUE,10,"2026-06-03 11:31:20"
"Australian Pipit","s(observer_expertise)",0.834265692325888,1.25673049168795,0.0133939746129407,"effort",FALSE,11,"2026-06-03 11:31:20"
"Australian Pipit","s(FEve)",0.760148545912778,1.05532070710097,0.0347866411159085,"vegetation",TRUE,12,"2026-06-03 11:31:20"
"Australian Pipit","s(prop_canopy)",0.755140751792664,1.02522046534376,0.0339704411104182,"vegetation",TRUE,13,"2026-06-03 11:31:20"
"Australian Pipit","s(water_occ)",0.827387482319977,0.527201441927149,0.0120857266823311,"landscape",FALSE,14,"2026-06-03 11:31:20"
"Australian Pipit","s(day_of_year)",1.50434810759461,0.50238736547502,0.0480387579566255,"effort",FALSE,15,"2026-06-03 11:31:20"
"Australian Pipit","s(temp_annual)",0.720976473418088,0.287052000896229,0.0532768752903139,"landscape",FALSE,16,"2026-06-03 11:31:20"
"Australian Pipit","s(time_observations_started)",0.597669320189333,0.104282892808028,0.226725050716457,"effort",FALSE,17,"2026-06-03 11:31:20"
"Australian Pipit","s(cover)",0.20242797642492,0.0767715818484851,0.281236232274937,"vegetation",TRUE,18,"2026-06-03 11:31:20"
"Australian Pipit","s(gini_simpson)",2.21139868314605e-05,4.82528425294234e-06,0.456124449704728,"vegetation",TRUE,19,"2026-06-03 11:31:20"
"Australian Pipit","s(wooddensity_cwm)",2.20889940132552e-05,2.64891266903937e-06,0.580779963749009,"vegetation",TRUE,20,"2026-06-03 11:31:20"
"Australian Pipit","s(pielou_evenness)",1.05237867638429e-05,1.18860680113034e-06,0.610390070550066,"vegetation",TRUE,21,"2026-06-03 11:31:20"
"Australian Pipit","s(number_observers)",1.91431608644085e-05,7.82583766696336e-07,0.836475106651216,"effort",FALSE,22,"2026-06-03 11:31:20"
"Australian Pipit","s(log(precip_annual))",1.41157855021233e-05,4.7455871629141e-07,0.678750359374009,"other",FALSE,23,"2026-06-03 11:31:20"
"Australian Pipit","s(log(duration_minutes))",2.14566114398915e-05,4.38282732401936e-07,0.929348995911238,"other",FALSE,24,"2026-06-03 11:31:20"
"Australian Pipit","protocol_type",3,8.05815719941528e-09,0.999999999999,"effort",FALSE,25,"2026-06-03 11:31:20"
"Wedge-tailed Eagle","s(log(duration_minutes))",1.82193965573275,18.4744454109371,0,"other",FALSE,1,"2026-06-03 11:33:48"
"Wedge-tailed Eagle","s(log1p(nightlights))",2.59351218769019,10.4025142001453,0,"other",FALSE,2,"2026-06-03 11:33:48"
"Wedge-tailed Eagle","s(observer_expertise)",0.975270761235636,9.78331004602668,0,"effort",FALSE,3,"2026-06-03 11:33:48"
"Wedge-tailed Eagle","s(number_observers)",1.78714453748597,8.90054320176453,4.07197348173405e-07,"effort",FALSE,4,"2026-06-03 11:33:48"
"Wedge-tailed Eagle","s(water_occ)",3.37705690893252,6.67328422550362,0,"landscape",FALSE,5,"2026-06-03 11:33:48"
"Wedge-tailed Eagle","s(sp_richness)",2.07545108208435,5.51164383500014,2.70362458524298e-05,"vegetation",TRUE,6,"2026-06-03 11:33:48"
"Wedge-tailed Eagle","s(pielou_evenness)",1.63933519985214,4.98158104324429,2.39471458635121e-05,"vegetation",TRUE,7,"2026-06-03 11:33:48"
"Wedge-tailed Eagle","s(time_observations_started)",3.44454311666753,3.52524440827525,4.35136324528074e-07,"effort",FALSE,8,"2026-06-03 11:33:48"
"Wedge-tailed Eagle","s(elevation)",4.84082997362986,3.13478653163854,2.48793514967538e-06,"landscape",FALSE,9,"2026-06-03 11:33:48"
"Wedge-tailed Eagle","s(cover)",1.68475330859645,2.81920148106956,0.00345003745934758,"vegetation",TRUE,10,"2026-06-03 11:33:48"
"Wedge-tailed Eagle","s(day_of_year)",2.69173948761302,2.77170828533364,6.50711879579546e-06,"effort",FALSE,11,"2026-06-03 11:33:48"
"Wedge-tailed Eagle","s(LA_cwm)",1.40769805023881,1.68280835252322,0.016474148213354,"vegetation",TRUE,12,"2026-06-03 11:33:48"
"Wedge-tailed Eagle","s(FRic)",0.833849386675829,1.67077983407534,0.00998695026115404,"vegetation",TRUE,13,"2026-06-03 11:33:48"
"Wedge-tailed Eagle","s(log1p(effort_distance_km))",1.37693207715453,1.27841002011877,0.0576100758835616,"other",FALSE,14,"2026-06-03 11:33:48"
"Wedge-tailed Eagle","s(height_cwm)",1.14958133875471,1.15530638323161,0.033124353062262,"vegetation",TRUE,15,"2026-06-03 11:33:48"
"Wedge-tailed Eagle","s(temp_annual)",2.43133755665701,1.03552039978982,0.00446303263269154,"landscape",FALSE,16,"2026-06-03 11:33:48"
"Wedge-tailed Eagle","s(FDiv)",0.712938956512082,0.827441459481773,0.0460824879701838,"vegetation",TRUE,17,"2026-06-03 11:33:48"
"Wedge-tailed Eagle","s(prop_canopy)",0.698423844553918,0.771669985360624,0.0227252555637422,"vegetation",TRUE,18,"2026-06-03 11:33:48"
"Wedge-tailed Eagle","s(log(precip_annual))",1.13544764724511,0.694756078304274,0.00507513445968144,"other",FALSE,19,"2026-06-03 11:33:48"
"Wedge-tailed Eagle","s(gini_simpson)",0.634282445906537,0.572841397906296,0.0561457544712165,"vegetation",TRUE,20,"2026-06-03 11:33:48"
"Wedge-tailed Eagle","s(mean_fhd)",0.688065838258778,0.472243828968485,0.0903094277286366,"vegetation",TRUE,21,"2026-06-03 11:33:48"
"Wedge-tailed Eagle","s(FEve)",0.000104396844687526,2.55720748922113e-05,0.39520811203825,"vegetation",TRUE,22,"2026-06-03 11:33:48"
"Wedge-tailed Eagle","s(wooddensity_cwm)",4.26653763664326e-05,1.83843025450106e-06,0.853442655716504,"vegetation",TRUE,23,"2026-06-03 11:33:48"
"Wedge-tailed Eagle","s(lc_trees)",3.53111214663235e-05,1.05060949853223e-06,0.684053786557243,"landscape",FALSE,24,"2026-06-03 11:33:48"
"Wedge-tailed Eagle","protocol_type",2,2.63817765965615e-13,0.999999999999736,"effort",FALSE,25,"2026-06-03 11:33:48"
"Dusky Woodswallow","s(log(duration_minutes))",2.62815305496136,32.0462297728188,0,"other",FALSE,1,"2026-06-03 11:36:07"
"Dusky Woodswallow","s(log(precip_annual))",6.5080726291164,27.3010491727286,0,"other",FALSE,2,"2026-06-03 11:36:07"
"Dusky Woodswallow","s(observer_expertise)",1.9738314061778,23.0800529839003,0,"effort",FALSE,3,"2026-06-03 11:36:07"
"Dusky Woodswallow","s(mean_fhd)",2.65578065559354,14.263560315426,0,"vegetation",TRUE,4,"2026-06-03 11:36:07"
"Dusky Woodswallow","s(FEve)",2.24554088950448,13.0055459057206,0,"vegetation",TRUE,5,"2026-06-03 11:36:07"
"Dusky Woodswallow","s(temp_annual)",6.7821305550249,9.58613389700929,0,"landscape",FALSE,6,"2026-06-03 11:36:07"
"Dusky Woodswallow","s(cover)",1.99064526399796,8.39534943874639,7.99815894958478e-07,"vegetation",TRUE,7,"2026-06-03 11:36:07"
"Dusky Woodswallow","s(height_cwm)",2.70382784383373,8.19253851564246,1.21886091752899e-06,"vegetation",TRUE,8,"2026-06-03 11:36:07"
"Dusky Woodswallow","s(prop_canopy)",1.94608724585442,6.14931940685988,6.42932450733991e-06,"vegetation",TRUE,9,"2026-06-03 11:36:07"
"Dusky Woodswallow","s(day_of_year)",4.87786013245343,4.15653263281635,-7.98898553311389e-07,"effort",FALSE,10,"2026-06-03 11:36:07"
"Dusky Woodswallow","s(FDiv)",2.38833189813459,4.14348359359222,0.00126524333481093,"vegetation",TRUE,11,"2026-06-03 11:36:07"
"Dusky Woodswallow","s(lc_trees)",3.44086141967128,3.08272490521997,-2.88375234802629e-09,"landscape",FALSE,12,"2026-06-03 11:36:07"
"Dusky Woodswallow","s(log1p(nightlights))",2.75569256264373,2.9853580894588,1.21885017967394e-06,"other",FALSE,13,"2026-06-03 11:36:07"
"Dusky Woodswallow","s(LA_cwm)",1.69213030987866,2.75346827188292,0.00439891108448243,"vegetation",TRUE,14,"2026-06-03 11:36:07"
"Dusky Woodswallow","s(FRic)",0.874049837257506,2.29884333479102,0.00400536000953866,"vegetation",TRUE,15,"2026-06-03 11:36:07"
"Dusky Woodswallow","s(water_occ)",3.84362718485395,1.92514086235743,0.00154266076463272,"landscape",FALSE,16,"2026-06-03 11:36:07"
"Dusky Woodswallow","s(pielou_evenness)",1.38207281423069,1.77732409896058,0.0183712856057137,"vegetation",TRUE,17,"2026-06-03 11:36:07"
"Dusky Woodswallow","s(number_observers)",1.3513842752385,1.52318779685148,0.0330074811202151,"effort",FALSE,18,"2026-06-03 11:36:07"
"Dusky Woodswallow","s(time_observations_started)",2.3649698049005,0.786965994935691,0.0369526256287727,"effort",FALSE,19,"2026-06-03 11:36:07"
"Dusky Woodswallow","s(wooddensity_cwm)",0.796016815352201,0.582074742259333,0.0955234352307436,"vegetation",TRUE,20,"2026-06-03 11:36:07"
"Dusky Woodswallow","s(elevation)",0.749269812430225,0.16412513465503,0.112642847660245,"landscape",FALSE,21,"2026-06-03 11:36:07"
"Dusky Woodswallow","s(log1p(effort_distance_km))",0.24340053188923,0.0960938218458878,0.288680965704133,"other",FALSE,22,"2026-06-03 11:36:07"
"Dusky Woodswallow","s(gini_simpson)",4.38656281581599e-05,1.18930830971384e-06,0.898824369450075,"vegetation",TRUE,23,"2026-06-03 11:36:07"
"Dusky Woodswallow","s(sp_richness)",4.56513207388459e-05,1.028686435418e-06,0.910265801903601,"vegetation",TRUE,24,"2026-06-03 11:36:07"
"Dusky Woodswallow","protocol_type",1,3.58378942756646e-13,0.999999522354718,"effort",FALSE,25,"2026-06-03 11:36:07"
"Jacky-winter","s(log1p(nightlights))",5.25241998758893,18.6304007164584,0,"other",FALSE,1,"2026-06-03 11:38:18"
"Jacky-winter","s(log(duration_minutes))",0.976506188135295,13.8306156746691,0,"other",FALSE,2,"2026-06-03 11:38:18"
"Jacky-winter","s(observer_expertise)",1.39396804914462,11.2965114829521,0,"effort",FALSE,3,"2026-06-03 11:38:18"
"Jacky-winter","s(LA_cwm)",2.63114995087534,9.19481665282086,1.91427659168575e-07,"vegetation",TRUE,4,"2026-06-03 11:38:18"
"Jacky-winter","s(log(precip_annual))",5.25448470793313,8.67410655135694,0,"other",FALSE,5,"2026-06-03 11:38:18"
"Jacky-winter","s(lc_trees)",6.59512483896986,8.0895991090242,0,"landscape",FALSE,6,"2026-06-03 11:38:18"
"Jacky-winter","s(temp_annual)",5.37090556698307,7.02542419869039,0,"landscape",FALSE,7,"2026-06-03 11:38:18"
"Jacky-winter","s(cover)",0.948315192173272,5.95915519906361,6.93196468648516e-06,"vegetation",TRUE,8,"2026-06-03 11:38:18"
"Jacky-winter","s(mean_fhd)",0.980543079488699,4.71885342338134,2.62567484111687e-05,"vegetation",TRUE,9,"2026-06-03 11:38:18"
"Jacky-winter","s(elevation)",4.55557098283901,4.15926562248455,0,"landscape",FALSE,10,"2026-06-03 11:38:18"
"Jacky-winter","s(day_of_year)",3.19975951553258,2.76809381541917,1.63179269270231e-05,"effort",FALSE,11,"2026-06-03 11:38:18"
"Jacky-winter","s(water_occ)",4.32971911246122,2.55306387847473,0.000190957377380285,"landscape",FALSE,12,"2026-06-03 11:38:18"
"Jacky-winter","s(prop_canopy)",1.47965255181735,2.45278293983873,0.0034709639969781,"vegetation",TRUE,13,"2026-06-03 11:38:18"
"Jacky-winter","s(log1p(effort_distance_km))",1.32640206580978,2.29240198722683,0.00705158609204859,"other",FALSE,14,"2026-06-03 11:38:18"
"Jacky-winter","s(FEve)",0.850350377859051,1.89075757332393,0.00610248785303225,"vegetation",TRUE,15,"2026-06-03 11:38:18"
"Jacky-winter","s(FRic)",1.36064328109259,1.63703475200267,0.0227344621701049,"vegetation",TRUE,16,"2026-06-03 11:38:18"
"Jacky-winter","s(FDiv)",1.41108022664427,1.44092016954828,0.0319383203808105,"vegetation",TRUE,17,"2026-06-03 11:38:18"
"Jacky-winter","s(wooddensity_cwm)",1.25171667156346,1.17724089642871,0.0518784186111825,"vegetation",TRUE,18,"2026-06-03 11:38:18"
"Jacky-winter","s(height_cwm)",1.0461071065358,0.628779646035821,0.133141542711587,"vegetation",TRUE,19,"2026-06-03 11:38:18"
"Jacky-winter","s(time_observations_started)",1.31857280651835,0.521245029652449,0.0316398833834813,"effort",FALSE,20,"2026-06-03 11:38:18"
"Jacky-winter","s(gini_simpson)",0.769082031617286,0.490747905535143,0.119985812117267,"vegetation",TRUE,21,"2026-06-03 11:38:18"
"Jacky-winter","s(pielou_evenness)",8.40763280631956e-05,2.06676728298341e-05,0.383847900715443,"vegetation",TRUE,22,"2026-06-03 11:38:18"
"Jacky-winter","s(number_observers)",4.84273235100674e-05,1.7339254705035e-05,0.301292273067803,"effort",FALSE,23,"2026-06-03 11:38:18"
"Jacky-winter","s(sp_richness)",3.34526521466074e-05,1.54175499858685e-06,0.834325320745013,"vegetation",TRUE,24,"2026-06-03 11:38:18"
"Jacky-winter","protocol_type",3,2.72983004605109e-11,1,"effort",FALSE,25,"2026-06-03 11:38:18"
"Shining Bronze-Cuckoo","s(observer_expertise)",2.58937804496666,42.8804277851551,0,"effort",FALSE,1,"2026-06-03 11:40:33"
"Shining Bronze-Cuckoo","s(log(duration_minutes))",1.94579398808216,38.1900065113444,0,"other",FALSE,2,"2026-06-03 11:40:33"
"Shining Bronze-Cuckoo","s(day_of_year)",6.09341674323013,34.1346322643579,0,"effort",FALSE,3,"2026-06-03 11:40:33"
"Shining Bronze-Cuckoo","s(log1p(nightlights))",6.26586575441173,8.64565000381976,0,"other",FALSE,4,"2026-06-03 11:40:33"
"Shining Bronze-Cuckoo","s(elevation)",5.63313576423214,6.16927808011997,0,"landscape",FALSE,5,"2026-06-03 11:40:33"
"Shining Bronze-Cuckoo","s(lc_trees)",5.27389741796348,5.77744350816737,0,"landscape",FALSE,6,"2026-06-03 11:40:33"
"Shining Bronze-Cuckoo","s(time_observations_started)",2.88347882573943,5.29072412643239,0,"effort",FALSE,7,"2026-06-03 11:40:33"
"Shining Bronze-Cuckoo","s(log(precip_annual))",4.62770352287118,2.60378268880007,1.94644696640545e-05,"other",FALSE,8,"2026-06-03 11:40:33"
"Shining Bronze-Cuckoo","s(water_occ)",0.936485460265847,1.61941604125322,5.10045667981851e-05,"landscape",FALSE,9,"2026-06-03 11:40:33"
"Shining Bronze-Cuckoo","s(wooddensity_cwm)",0.784097507593424,1.20602431199356,0.0212511579507894,"vegetation",TRUE,10,"2026-06-03 11:40:33"
"Shining Bronze-Cuckoo","s(temp_annual)",2.6594012092214,0.996081737015327,0.00871073303512704,"landscape",FALSE,11,"2026-06-03 11:40:33"
"Shining Bronze-Cuckoo","s(FRic)",0.807971844943525,0.711846173080404,0.0756778540790539,"vegetation",TRUE,12,"2026-06-03 11:40:33"
"Shining Bronze-Cuckoo","s(mean_fhd)",0.968792313437902,0.632922749249934,0.124872170749051,"vegetation",TRUE,13,"2026-06-03 11:40:33"
"Shining Bronze-Cuckoo","s(log1p(effort_distance_km))",0.211115009489515,0.089147273539665,0.257073985990858,"other",FALSE,14,"2026-06-03 11:40:33"
"Shining Bronze-Cuckoo","s(pielou_evenness)",0.196156518923858,0.0811794292488804,0.252572984932506,"vegetation",TRUE,15,"2026-06-03 11:40:33"
"Shining Bronze-Cuckoo","s(LA_cwm)",0.165031489671137,0.0618821252025071,0.253939169084279,"vegetation",TRUE,16,"2026-06-03 11:40:33"
"Shining Bronze-Cuckoo","s(number_observers)",0.100297403432594,0.0371495912944797,0.289555683905789,"effort",FALSE,17,"2026-06-03 11:40:33"
"Shining Bronze-Cuckoo","s(FDiv)",0.000397321002720746,0.000120795725727742,0.324888443310171,"vegetation",TRUE,18,"2026-06-03 11:40:33"
"Shining Bronze-Cuckoo","s(cover)",0.000136340381239476,2.45977433088869e-05,0.472484576360536,"vegetation",TRUE,19,"2026-06-03 11:40:33"
"Shining Bronze-Cuckoo","s(FEve)",9.28315008037312e-05,1.68401119697631e-05,0.49355513493171,"vegetation",TRUE,20,"2026-06-03 11:40:33"
"Shining Bronze-Cuckoo","s(height_cwm)",9.61406908561889e-05,1.39917889060829e-05,0.556200520610514,"vegetation",TRUE,21,"2026-06-03 11:40:33"
"Shining Bronze-Cuckoo","s(sp_richness)",0.000100025525399946,8.64276657294278e-06,0.676021926097576,"vegetation",TRUE,22,"2026-06-03 11:40:33"
"Shining Bronze-Cuckoo","s(gini_simpson)",5.20832745204662e-05,1.83499952891683e-06,0.87807623052984,"vegetation",TRUE,23,"2026-06-03 11:40:33"
"Shining Bronze-Cuckoo","s(prop_canopy)",3.24298295553604e-05,1.2515839187987e-06,0.80021149059599,"vegetation",TRUE,24,"2026-06-03 11:40:33"
"Shining Bronze-Cuckoo","protocol_type",3,1.29036692464245e-11,1,"effort",FALSE,25,"2026-06-03 11:40:33"
"Brown Goshawk","s(log(duration_minutes))",0.990804856804421,35.5334553399668,0,"other",FALSE,1,"2026-06-03 11:43:08"
"Brown Goshawk","s(observer_expertise)",2.10917074482742,15.2265745024673,0,"effort",FALSE,2,"2026-06-03 11:43:08"
"Brown Goshawk","s(sp_richness)",1.96930098291686,11.6083465872393,0,"vegetation",TRUE,3,"2026-06-03 11:43:08"
"Brown Goshawk","s(log1p(nightlights))",4.52248684519368,5.77752779947033,0,"other",FALSE,4,"2026-06-03 11:43:08"
"Brown Goshawk","s(time_observations_started)",3.35599435516061,4.8165014177172,0,"effort",FALSE,5,"2026-06-03 11:43:08"
"Brown Goshawk","s(day_of_year)",5.36164936310748,4.65768015952175,0,"effort",FALSE,6,"2026-06-03 11:43:08"
"Brown Goshawk","s(prop_canopy)",1.74774127470298,4.59523386107989,0.000206380808987272,"vegetation",TRUE,7,"2026-06-03 11:43:08"
"Brown Goshawk","s(FEve)",1.58827219289647,3.31931324901325,0.00136287427392923,"vegetation",TRUE,8,"2026-06-03 11:43:08"
"Brown Goshawk","s(water_occ)",3.7118820320996,3.22902694388924,2.76080887262609e-07,"landscape",FALSE,9,"2026-06-03 11:43:08"
"Brown Goshawk","s(FDiv)",0.878374708483171,2.40665377624393,0.00294243516722037,"vegetation",TRUE,10,"2026-06-03 11:43:08"
"Brown Goshawk","s(log(precip_annual))",4.19457098144393,1.68320204515549,0.00157506885274938,"other",FALSE,11,"2026-06-03 11:43:08"
"Brown Goshawk","s(height_cwm)",1.27246189356354,1.64586249704256,0.0158961935597075,"vegetation",TRUE,12,"2026-06-03 11:43:08"
"Brown Goshawk","s(number_observers)",1.25211821818367,1.60924190890883,0.0216293923417581,"effort",FALSE,13,"2026-06-03 11:43:08"
"Brown Goshawk","s(cover)",0.797741465071979,1.31061991288645,0.0215237764762786,"vegetation",TRUE,14,"2026-06-03 11:43:08"
"Brown Goshawk","s(pielou_evenness)",0.773759266507039,1.13969866304529,0.0300360725743163,"vegetation",TRUE,15,"2026-06-03 11:43:08"
"Brown Goshawk","s(lc_trees)",1.13950181788471,0.346748303009496,0.0501943890259928,"landscape",FALSE,16,"2026-06-03 11:43:08"
"Brown Goshawk","s(elevation)",0.83520524388408,0.301206303550223,0.0481180748687828,"landscape",FALSE,17,"2026-06-03 11:43:08"
"Brown Goshawk","s(log1p(effort_distance_km))",0.00117799908673838,0.000376717340022073,0.362653897563508,"other",FALSE,18,"2026-06-03 11:43:08"
"Brown Goshawk","s(wooddensity_cwm)",0.000428296756125446,0.000139558229831935,0.307138791924973,"vegetation",TRUE,19,"2026-06-03 11:43:08"
"Brown Goshawk","s(LA_cwm)",3.61156272494267e-05,1.18908783667073e-05,0.290135131809765,"vegetation",TRUE,20,"2026-06-03 11:43:08"
"Brown Goshawk","s(mean_fhd)",6.03119321287445e-05,5.9960836451502e-06,0.580863777804796,"vegetation",TRUE,21,"2026-06-03 11:43:08"
"Brown Goshawk","s(FRic)",6.17859180838578e-05,5.05339403033329e-06,0.668942969876628,"vegetation",TRUE,22,"2026-06-03 11:43:08"
"Brown Goshawk","s(gini_simpson)",4.42900372957414e-05,1.8659098817133e-06,0.823508229390059,"vegetation",TRUE,23,"2026-06-03 11:43:08"
"Brown Goshawk","s(temp_annual)",2.42840320070601e-05,2.14972333860913e-07,0.883434991975262,"landscape",FALSE,24,"2026-06-03 11:43:08"
"Brown Goshawk","protocol_type",1,3.42643384304077e-13,0.999999532958534,"effort",FALSE,25,"2026-06-03 11:43:08"
"Swamp Harrier","s(log(duration_minutes))",1.48476858600812,13.7836459406363,0,"other",FALSE,1,"2026-06-03 11:45:16"
"Swamp Harrier","s(FDiv)",2.83857793415377,11.2934539131038,0,"vegetation",TRUE,2,"2026-06-03 11:45:16"
"Swamp Harrier","s(observer_expertise)",0.969504881927119,7.933072949162,0,"effort",FALSE,3,"2026-06-03 11:45:16"
"Swamp Harrier","s(height_cwm)",1.76874711476667,7.20242686506372,2.16292954624553e-06,"vegetation",TRUE,4,"2026-06-03 11:45:16"
"Swamp Harrier","s(water_occ)",6.15994212853603,5.64914106759342,0,"landscape",FALSE,5,"2026-06-03 11:45:16"
"Swamp Harrier","s(log1p(nightlights))",2.8446284806351,5.49446711124035,0,"other",FALSE,6,"2026-06-03 11:45:16"
"Swamp Harrier","s(FEve)",1.7618322504261,4.35813402736367,0.000317700158243062,"vegetation",TRUE,7,"2026-06-03 11:45:16"
"Swamp Harrier","s(temp_annual)",5.18061658865308,3.60720937223081,-6.19643008459292e-07,"landscape",FALSE,8,"2026-06-03 11:45:16"
"Swamp Harrier","s(lc_trees)",3.47731093074722,3.12528928576578,1.77103298271142e-06,"landscape",FALSE,9,"2026-06-03 11:45:16"
"Swamp Harrier","s(wooddensity_cwm)",1.73311916478693,2.94440112435228,0.00411281176352762,"vegetation",TRUE,10,"2026-06-03 11:45:16"
"Swamp Harrier","s(cover)",0.89635658630298,2.88022889867167,0.00102111034778885,"vegetation",TRUE,11,"2026-06-03 11:45:16"
"Swamp Harrier","s(elevation)",3.43061006388153,2.7965020175443,-8.38739890873796e-08,"landscape",FALSE,12,"2026-06-03 11:45:16"
"Swamp Harrier","s(log(precip_annual))",5.17364326465583,2.17228107046055,0.000219194304247994,"other",FALSE,13,"2026-06-03 11:45:16"
"Swamp Harrier","s(time_observations_started)",3.04752223503153,1.65689145404834,0.00159157288936096,"effort",FALSE,14,"2026-06-03 11:45:16"
"Swamp Harrier","s(log1p(effort_distance_km))",1.34978441745514,1.3264190027953,0.0491949006098222,"other",FALSE,15,"2026-06-03 11:45:16"
"Swamp Harrier","s(sp_richness)",1.091050741058,0.856576939536564,0.078972789970285,"vegetation",TRUE,16,"2026-06-03 11:45:16"
"Swamp Harrier","s(number_observers)",0.941386947009435,0.818906448736154,0.0748104003250462,"effort",FALSE,17,"2026-06-03 11:45:16"
"Swamp Harrier","s(prop_canopy)",0.616440361327122,0.535582585017031,0.0944685129597052,"vegetation",TRUE,18,"2026-06-03 11:45:16"
"Swamp Harrier","s(day_of_year)",1.50271059641721,0.440981604710281,0.072692276376877,"effort",FALSE,19,"2026-06-03 11:45:16"
"Swamp Harrier","s(FRic)",0.000176589181097173,5.1787872432489e-05,0.283174895241359,"vegetation",TRUE,20,"2026-06-03 11:45:16"
"Swamp Harrier","s(pielou_evenness)",8.08597992452417e-05,2.63689669285293e-05,0.289992552986016,"vegetation",TRUE,21,"2026-06-03 11:45:16"
"Swamp Harrier","s(mean_fhd)",4.34035317798119e-05,3.73018518261236e-06,0.611992033951082,"vegetation",TRUE,22,"2026-06-03 11:45:16"
"Swamp Harrier","s(LA_cwm)",2.88520104145601e-05,3.13714062509011e-06,0.60076339165519,"vegetation",TRUE,23,"2026-06-03 11:45:16"
"Swamp Harrier","s(gini_simpson)",3.69384432943406e-05,1.9930507691492e-06,0.785718634334653,"vegetation",TRUE,24,"2026-06-03 11:45:16"
"Swamp Harrier","protocol_type",2,3.1158654191998e-13,0.999999999999688,"effort",FALSE,25,"2026-06-03 11:45:16"
"Green Catbird","s(log(duration_minutes))",2.33394016840433,37.8337182225718,0,"other",FALSE,1,"2026-06-03 11:47:23"
"Green Catbird","s(cover)",1.90747801529375,17.6364505014788,0,"vegetation",TRUE,2,"2026-06-03 11:47:23"
"Green Catbird","s(LA_cwm)",2.43804577152477,12.3051849452022,0,"vegetation",TRUE,3,"2026-06-03 11:47:23"
"Green Catbird","s(observer_expertise)",0.97730535987374,10.7438903875104,0,"effort",FALSE,4,"2026-06-03 11:47:23"
"Green Catbird","s(temp_annual)",4.96162237717097,9.94514702620102,0,"landscape",FALSE,5,"2026-06-03 11:47:23"
"Green Catbird","s(lc_trees)",7.12918293862475,9.02178904003161,0,"landscape",FALSE,6,"2026-06-03 11:47:23"
"Green Catbird","s(log1p(nightlights))",7.51811196264347,8.09203505721588,0,"other",FALSE,7,"2026-06-03 11:47:23"
"Green Catbird","s(prop_canopy)",1.85406156945719,7.91530666530635,7.72415503780266e-07,"vegetation",TRUE,8,"2026-06-03 11:47:23"
"Green Catbird","s(height_cwm)",1.79750514617916,7.38907011919468,2.19954894287167e-06,"vegetation",TRUE,9,"2026-06-03 11:47:23"
"Green Catbird","s(log(precip_annual))",3.29881345481052,5.92257243901171,0,"other",FALSE,10,"2026-06-03 11:47:23"
"Green Catbird","s(pielou_evenness)",1.78425292881029,5.66602750083841,1.07924202599197e-05,"vegetation",TRUE,11,"2026-06-03 11:47:23"
"Green Catbird","s(time_observations_started)",3.20741519760253,4.79499647183707,0,"effort",FALSE,12,"2026-06-03 11:47:23"
"Green Catbird","s(water_occ)",5.14440674831028,4.30499374319512,0,"landscape",FALSE,13,"2026-06-03 11:47:23"
"Green Catbird","s(gini_simpson)",1.61088981130969,3.41349366597728,0.000506250616362669,"vegetation",TRUE,14,"2026-06-03 11:47:23"
"Green Catbird","s(elevation)",2.99095493099086,2.46471673828384,4.52077618040558e-06,"landscape",FALSE,15,"2026-06-03 11:47:23"
"Green Catbird","s(log1p(effort_distance_km))",1.44674867459418,2.21329389512165,0.00990885747783798,"other",FALSE,16,"2026-06-03 11:47:23"
"Green Catbird","s(FDiv)",0.855947046851392,1.98017658742402,0.00582654438512065,"vegetation",TRUE,17,"2026-06-03 11:47:23"
"Green Catbird","s(day_of_year)",2.49490730851506,1.65825099809488,0.000737038118102995,"effort",FALSE,18,"2026-06-03 11:47:23"
"Green Catbird","s(FEve)",1.39006704135968,1.04717411489205,0.0878646383388426,"vegetation",TRUE,19,"2026-06-03 11:47:23"
"Green Catbird","s(FRic)",0.735433513899673,0.926387808443731,0.0301464852412269,"vegetation",TRUE,20,"2026-06-03 11:47:23"
"Green Catbird","s(number_observers)",0.855702062744222,0.579311696236562,0.131108506038329,"effort",FALSE,21,"2026-06-03 11:47:23"
"Green Catbird","s(sp_richness)",5.57787532214573e-05,8.20326708961061e-06,0.472838840090864,"vegetation",TRUE,22,"2026-06-03 11:47:23"
"Green Catbird","s(mean_fhd)",6.08985796229807e-06,2.62429133610273e-06,0.194743426461718,"vegetation",TRUE,23,"2026-06-03 11:47:23"
"Green Catbird","s(wooddensity_cwm)",2.15032477184681e-06,1.1805003409112e-06,0.161952468279405,"vegetation",TRUE,24,"2026-06-03 11:47:23"
"Green Catbird","protocol_type",2,5.337048383342e-14,0.999999999999947,"effort",FALSE,25,"2026-06-03 11:47:23"
"Tawny Frogmouth","s(time_observations_started)",5.620434237242,14.5675897674935,0,"effort",FALSE,1,"2026-06-03 11:49:04"
"Tawny Frogmouth","s(log(duration_minutes))",1.9296261366939,12.1423799811832,0,"other",FALSE,2,"2026-06-03 11:49:04"
"Tawny Frogmouth","s(number_observers)",1.71711427410023,4.69153911593945,0.000202354639306845,"effort",FALSE,3,"2026-06-03 11:49:04"
"Tawny Frogmouth","s(lc_trees)",6.22348201336974,4.61639086015033,0,"landscape",FALSE,4,"2026-06-03 11:49:04"
"Tawny Frogmouth","s(LA_cwm)",1.56076266377457,3.33717635234474,0.000802829826536788,"vegetation",TRUE,5,"2026-06-03 11:49:04"
"Tawny Frogmouth","s(prop_canopy)",1.50354089015356,3.29077705926426,0.000901461304530393,"vegetation",TRUE,6,"2026-06-03 11:49:04"
"Tawny Frogmouth","s(gini_simpson)",0.897088605104365,2.89327960480208,0.000644931908792001,"vegetation",TRUE,7,"2026-06-03 11:49:04"
"Tawny Frogmouth","s(FEve)",1.33583728571472,1.79577665167071,0.0167126565800931,"vegetation",TRUE,8,"2026-06-03 11:49:04"
"Tawny Frogmouth","s(temp_annual)",2.840567428317,1.7194398179638,8.19375366357677e-05,"landscape",FALSE,9,"2026-06-03 11:49:04"
"Tawny Frogmouth","s(height_cwm)",0.836448235706548,1.69856312083622,0.0070374564013399,"vegetation",TRUE,10,"2026-06-03 11:49:04"
"Tawny Frogmouth","s(sp_richness)",1.58410980518304,1.67355539493513,0.0321455933741852,"vegetation",TRUE,11,"2026-06-03 11:49:04"
"Tawny Frogmouth","s(log1p(effort_distance_km))",1.32309745231271,1.59484338956993,0.025532062144153,"other",FALSE,12,"2026-06-03 11:49:04"
"Tawny Frogmouth","s(water_occ)",0.929110400604668,1.44148140545638,8.03658578890643e-05,"landscape",FALSE,13,"2026-06-03 11:49:04"
"Tawny Frogmouth","s(log1p(nightlights))",0.836229422069574,0.564065446075983,0.00742707915304319,"other",FALSE,14,"2026-06-03 11:49:04"
"Tawny Frogmouth","s(cover)",0.582262568416604,0.462318231439072,0.107325900201854,"vegetation",TRUE,15,"2026-06-03 11:49:04"
"Tawny Frogmouth","s(wooddensity_cwm)",0.727980440569128,0.441746143982904,0.140114356095152,"vegetation",TRUE,16,"2026-06-03 11:49:04"
"Tawny Frogmouth","s(observer_expertise)",0.52873122874635,0.278908643460249,0.141638477222485,"effort",FALSE,17,"2026-06-03 11:49:04"
"Tawny Frogmouth","s(elevation)",0.638901097179129,0.113088650064491,0.150529061828881,"landscape",FALSE,18,"2026-06-03 11:49:04"
"Tawny Frogmouth","s(day_of_year)",0.299500067199161,0.0429514528235236,0.310383702858462,"effort",FALSE,19,"2026-06-03 11:49:04"
"Tawny Frogmouth","s(mean_fhd)",3.05786083832448e-05,5.36117398438002e-06,0.42485033406537,"vegetation",TRUE,20,"2026-06-03 11:49:04"
"Tawny Frogmouth","s(pielou_evenness)",3.66938806472978e-05,3.46816312879301e-06,0.652823244339893,"vegetation",TRUE,21,"2026-06-03 11:49:04"
"Tawny Frogmouth","s(FRic)",1.8967652954214e-05,1.14195347163539e-06,0.725335170301954,"vegetation",TRUE,22,"2026-06-03 11:49:04"
"Tawny Frogmouth","protocol_type",3,1.12552355659009e-06,0.999999998349751,"effort",FALSE,23,"2026-06-03 11:49:04"
"Tawny Frogmouth","s(log(precip_annual))",2.03948569267058e-05,5.30919171427605e-07,0.662552710769654,"other",FALSE,24,"2026-06-03 11:49:04"
"Tawny Frogmouth","s(FDiv)",2.03961007270028e-05,4.46668078779828e-07,0.919061065623737,"vegetation",TRUE,25,"2026-06-03 11:49:04"
"Double-barred Finch","s(log(precip_annual))",6.85733272267538,26.0635640694501,0,"other",FALSE,1,"2026-06-03 11:50:44"
"Double-barred Finch","s(temp_annual)",5.94366700550022,19.0024221387413,0,"landscape",FALSE,2,"2026-06-03 11:50:44"
"Double-barred Finch","s(mean_fhd)",2.55960358702007,15.3339072212889,0,"vegetation",TRUE,3,"2026-06-03 11:50:44"
"Double-barred Finch","s(FRic)",1.92080541833543,14.0987362608562,0,"vegetation",TRUE,4,"2026-06-03 11:50:44"
"Double-barred Finch","s(cover)",2.88319403377519,11.7488577605166,0,"vegetation",TRUE,5,"2026-06-03 11:50:44"
"Double-barred Finch","s(wooddensity_cwm)",2.87873749033755,11.3042026369348,0,"vegetation",TRUE,6,"2026-06-03 11:50:44"
"Double-barred Finch","s(height_cwm)",0.971089864805178,11.1775156295098,0,"vegetation",TRUE,7,"2026-06-03 11:50:44"
"Double-barred Finch","s(log(duration_minutes))",1.84930172076349,10.0715227863256,0,"other",FALSE,8,"2026-06-03 11:50:44"
"Double-barred Finch","s(day_of_year)",3.9210611116682,8.13594884599841,0,"effort",FALSE,9,"2026-06-03 11:50:44"
"Double-barred Finch","s(lc_trees)",7.25424470330134,7.56059470295477,0,"landscape",FALSE,10,"2026-06-03 11:50:44"
"Double-barred Finch","s(pielou_evenness)",1.75098774941114,6.64612890204126,9.03854227163325e-06,"vegetation",TRUE,11,"2026-06-03 11:50:44"
"Double-barred Finch","s(LA_cwm)",1.60166486720876,5.0464898443091,5.48324233586861e-05,"vegetation",TRUE,12,"2026-06-03 11:50:44"
"Double-barred Finch","s(prop_canopy)",0.935904540493302,4.85758250342043,1.80573294983333e-06,"vegetation",TRUE,13,"2026-06-03 11:50:44"
"Double-barred Finch","s(log1p(nightlights))",6.3790367823331,4.82643193198966,0,"other",FALSE,14,"2026-06-03 11:50:44"
"Double-barred Finch","s(observer_expertise)",1.64022999954473,3.10704824607826,0.000379726639486488,"effort",FALSE,15,"2026-06-03 11:50:44"
"Double-barred Finch","s(time_observations_started)",1.47837354164884,0.738844756419014,0.0119093095905205,"effort",FALSE,16,"2026-06-03 11:50:44"
"Double-barred Finch","s(log1p(effort_distance_km))",0.954896501913156,0.526745697052939,0.17715972534595,"other",FALSE,17,"2026-06-03 11:50:44"
"Double-barred Finch","s(water_occ)",0.473550824365818,0.0996501608420223,0.160778409807297,"landscape",FALSE,18,"2026-06-03 11:50:44"
"Double-barred Finch","s(sp_richness)",0.000110054926014239,3.84568233507833e-05,0.287621759725039,"vegetation",TRUE,19,"2026-06-03 11:50:44"
"Double-barred Finch","s(gini_simpson)",3.06025260841704e-05,1.4147491193471e-05,0.217133222321713,"vegetation",TRUE,20,"2026-06-03 11:50:44"
"Double-barred Finch","s(number_observers)",4.52635419824654e-05,7.39576103422083e-06,0.571290244620995,"effort",FALSE,21,"2026-06-03 11:50:44"
"Double-barred Finch","s(FDiv)",4.8092859774669e-05,7.21401039199275e-06,0.554247866319523,"vegetation",TRUE,22,"2026-06-03 11:50:44"
"Double-barred Finch","s(elevation)",3.87799266990578e-05,2.70627756824454e-06,0.421449635112374,"landscape",FALSE,23,"2026-06-03 11:50:44"
"Double-barred Finch","s(FEve)",3.18219055784671e-05,2.61705446541479e-07,0.966756730940809,"vegetation",TRUE,24,"2026-06-03 11:50:44"
"Double-barred Finch","protocol_type",3,7.80505084994037e-12,1,"effort",FALSE,25,"2026-06-03 11:50:44"
"Striped Honeyeater","s(log(duration_minutes))",0.982561831313005,18.7594471620173,0,"other",FALSE,1,"2026-06-03 11:52:30"
"Striped Honeyeater","s(observer_expertise)",1.46057920937625,12.5144130447113,0,"effort",FALSE,2,"2026-06-03 11:52:30"
"Striped Honeyeater","s(log(precip_annual))",4.04978390020813,7.64199245593363,0,"other",FALSE,3,"2026-06-03 11:52:30"
"Striped Honeyeater","s(temp_annual)",4.23456738875548,7.51553173705072,0,"landscape",FALSE,4,"2026-06-03 11:52:30"
"Striped Honeyeater","s(gini_simpson)",1.82486602597127,6.38034690174432,2.0101104657444e-06,"vegetation",TRUE,5,"2026-06-03 11:52:30"
"Striped Honeyeater","s(FDiv)",1.73095356052094,4.38997506782202,0.000229756194135455,"vegetation",TRUE,6,"2026-06-03 11:52:30"
"Striped Honeyeater","s(FEve)",1.50434845385764,4.34851792067045,9.50128146192109e-05,"vegetation",TRUE,7,"2026-06-03 11:52:30"
"Striped Honeyeater","s(FRic)",1.83037602208892,4.3418319577154,0.000345090516551627,"vegetation",TRUE,8,"2026-06-03 11:52:30"
"Striped Honeyeater","s(log1p(nightlights))",0.972726142019065,3.66658571689867,0,"other",FALSE,9,"2026-06-03 11:52:30"
"Striped Honeyeater","s(elevation)",3.93451850621022,3.18074155475018,8.33600267258205e-07,"landscape",FALSE,10,"2026-06-03 11:52:30"
"Striped Honeyeater","s(prop_canopy)",1.61696618254531,3.03525045065235,0.00231741370360417,"vegetation",TRUE,11,"2026-06-03 11:52:30"
"Striped Honeyeater","s(sp_richness)",1.61690277599285,2.761786707197,0.00337326999678245,"vegetation",TRUE,12,"2026-06-03 11:52:30"
"Striped Honeyeater","s(wooddensity_cwm)",1.45462585677498,2.60870413137037,0.00284285240997728,"vegetation",TRUE,13,"2026-06-03 11:52:30"
"Striped Honeyeater","s(pielou_evenness)",0.882814019714019,2.46520924256292,0.00162762724512044,"vegetation",TRUE,14,"2026-06-03 11:52:30"
"Striped Honeyeater","s(water_occ)",4.13067254813914,2.30510479883445,7.47358947711385e-05,"landscape",FALSE,15,"2026-06-03 11:52:30"
"Striped Honeyeater","s(cover)",1.55277397491495,2.29089435642649,0.00853639896462166,"vegetation",TRUE,16,"2026-06-03 11:52:30"
"Striped Honeyeater","s(LA_cwm)",1.47938647324255,1.56246573735124,0.0268956958854782,"vegetation",TRUE,17,"2026-06-03 11:52:30"
"Striped Honeyeater","s(lc_trees)",1.83634765695545,0.826376927029632,0.00753172292380411,"landscape",FALSE,18,"2026-06-03 11:52:30"
"Striped Honeyeater","s(height_cwm)",0.524815300521348,0.367042520009295,0.122710835426359,"vegetation",TRUE,19,"2026-06-03 11:52:30"
"Striped Honeyeater","s(day_of_year)",0.980919935609714,0.218178552037983,0.150362955621866,"effort",FALSE,20,"2026-06-03 11:52:30"
"Striped Honeyeater","s(mean_fhd)",2.90215572446849e-05,3.68375106346001e-06,0.507903834268011,"vegetation",TRUE,21,"2026-06-03 11:52:30"
"Striped Honeyeater","s(number_observers)",2.98745807496226e-05,1.59399687055832e-06,0.817795030729094,"effort",FALSE,22,"2026-06-03 11:52:30"
"Striped Honeyeater","s(time_observations_started)",8.52856696525206e-06,2.7464597286963e-07,0.774616483123234,"effort",FALSE,23,"2026-06-03 11:52:30"
"Striped Honeyeater","s(log1p(effort_distance_km))",1.80160052601174e-05,1.17941998623981e-08,0.999490182359988,"other",FALSE,24,"2026-06-03 11:52:30"
"Striped Honeyeater","protocol_type",4,3.16908012496583e-11,1,"effort",FALSE,25,"2026-06-03 11:52:30"
"Leaden Flycatcher","s(log(duration_minutes))",1.54938189065213,38.1181344762263,0,"other",FALSE,1,"2026-06-03 11:54:05"
"Leaden Flycatcher","s(day_of_year)",6.58776726394187,36.3047480093969,0,"effort",FALSE,2,"2026-06-03 11:54:05"
"Leaden Flycatcher","s(observer_expertise)",2.41076839560155,24.061673467,0,"effort",FALSE,3,"2026-06-03 11:54:05"
"Leaden Flycatcher","s(height_cwm)",2.6731628596509,13.8246442783938,0,"vegetation",TRUE,4,"2026-06-03 11:54:05"
"Leaden Flycatcher","s(temp_annual)",5.60949527922165,11.1838350781365,0,"landscape",FALSE,5,"2026-06-03 11:54:05"
"Leaden Flycatcher","s(log1p(nightlights))",3.39139733754956,9.82503449358351,0,"other",FALSE,6,"2026-06-03 11:54:05"
"Leaden Flycatcher","s(log(precip_annual))",5.27309236890458,7.50157797952478,0,"other",FALSE,7,"2026-06-03 11:54:05"
"Leaden Flycatcher","s(sp_richness)",0.953733126197572,6.79931335826885,6.91701164790004e-07,"vegetation",TRUE,8,"2026-06-03 11:54:05"
"Leaden Flycatcher","s(gini_simpson)",1.82371380152584,6.77941848200623,3.01687056458722e-06,"vegetation",TRUE,9,"2026-06-03 11:54:05"
"Leaden Flycatcher","s(lc_trees)",7.16925184522008,6.24310823025066,0,"landscape",FALSE,10,"2026-06-03 11:54:05"
"Leaden Flycatcher","s(FRic)",1.63491444463925,4.59647420661454,0.000135830130559178,"vegetation",TRUE,11,"2026-06-03 11:54:05"
"Leaden Flycatcher","s(mean_fhd)",0.910941945849142,3.40475792492333,0.000259775161149944,"vegetation",TRUE,12,"2026-06-03 11:54:05"
"Leaden Flycatcher","s(elevation)",4.74564633756745,3.38326613014769,2.2680182292234e-06,"landscape",FALSE,13,"2026-06-03 11:54:05"
"Leaden Flycatcher","s(water_occ)",4.44840369397368,2.29307542211193,0.000159465968118111,"landscape",FALSE,14,"2026-06-03 11:54:05"
"Leaden Flycatcher","s(time_observations_started)",3.0266242091385,1.89246438265996,0.00059653500442769,"effort",FALSE,15,"2026-06-03 11:54:05"
"Leaden Flycatcher","s(LA_cwm)",0.818584059557239,1.50182223551577,0.0130481360181618,"vegetation",TRUE,16,"2026-06-03 11:54:05"
"Leaden Flycatcher","s(FEve)",1.43579380867875,1.35290982243471,0.0461884691040629,"vegetation",TRUE,17,"2026-06-03 11:54:05"
"Leaden Flycatcher","s(wooddensity_cwm)",1.33985179914103,1.30137227958965,0.0462182635340675,"vegetation",TRUE,18,"2026-06-03 11:54:05"
"Leaden Flycatcher","s(pielou_evenness)",0.783814092706232,1.20773911603278,0.0238453281406239,"vegetation",TRUE,19,"2026-06-03 11:54:05"
"Leaden Flycatcher","s(FDiv)",1.11898506364123,1.06086229563386,0.0505803768392288,"vegetation",TRUE,20,"2026-06-03 11:54:05"
"Leaden Flycatcher","s(cover)",0.625179430437384,0.317026630066993,0.192026275334313,"vegetation",TRUE,21,"2026-06-03 11:54:05"
"Leaden Flycatcher","s(prop_canopy)",7.03948656832488e-05,1.17511913144504e-05,0.54594706310364,"vegetation",TRUE,22,"2026-06-03 11:54:05"
"Leaden Flycatcher","s(number_observers)",5.03358378258453e-05,5.49750904351609e-06,0.677455028003395,"effort",FALSE,23,"2026-06-03 11:54:05"
"Leaden Flycatcher","s(log1p(effort_distance_km))",5.50682086477939e-05,3.01412319823699e-06,0.818481882548948,"other",FALSE,24,"2026-06-03 11:54:05"
"Leaden Flycatcher","protocol_type",2,6.00487990754491e-14,0.99999999999994,"effort",FALSE,25,"2026-06-03 11:54:05"
"Little Grassbird","s(sp_richness)",2.69805970466989,14.0571901036871,0,"vegetation",TRUE,1,"2026-06-03 11:55:52"
"Little Grassbird","s(log(duration_minutes))",0.97363600096789,12.2982200429917,0,"other",FALSE,2,"2026-06-03 11:55:52"
"Little Grassbird","s(observer_expertise)",2.02115857899459,9.00701317697686,0,"effort",FALSE,3,"2026-06-03 11:55:52"
"Little Grassbird","s(pielou_evenness)",2.73513576059898,8.38414897002989,8.36105188417591e-07,"vegetation",TRUE,4,"2026-06-03 11:55:52"
"Little Grassbird","s(water_occ)",2.72518006548952,6.63151400269672,0,"landscape",FALSE,5,"2026-06-03 11:55:52"
"Little Grassbird","s(prop_canopy)",1.78892107004183,5.07497234453204,1.38647236744838e-05,"vegetation",TRUE,6,"2026-06-03 11:55:52"
"Little Grassbird","s(FRic)",1.85080153856147,4.42527064657867,0.000340428206500709,"vegetation",TRUE,7,"2026-06-03 11:55:52"
"Little Grassbird","s(gini_simpson)",1.81111996391966,4.11234245744009,0.00023899670582006,"vegetation",TRUE,8,"2026-06-03 11:55:52"
"Little Grassbird","s(height_cwm)",0.917829498962032,3.71672081888518,0.000180673172914925,"vegetation",TRUE,9,"2026-06-03 11:55:52"
"Little Grassbird","s(log1p(nightlights))",3.63181476850854,2.46815748018294,7.25042250226959e-06,"other",FALSE,10,"2026-06-03 11:55:52"
"Little Grassbird","s(day_of_year)",2.96984161506438,2.3358965630271,7.2392080083028e-05,"effort",FALSE,11,"2026-06-03 11:55:52"
"Little Grassbird","s(cover)",1.44607997541971,2.17620999483868,0.00646649657289666,"vegetation",TRUE,12,"2026-06-03 11:55:52"
"Little Grassbird","s(FEve)",1.56648462541922,2.04287345719809,0.0144827912756116,"vegetation",TRUE,13,"2026-06-03 11:55:52"
"Little Grassbird","s(temp_annual)",2.0901132169376,1.58965617002608,5.05612971043456e-05,"landscape",FALSE,14,"2026-06-03 11:55:52"
"Little Grassbird","s(lc_trees)",1.86430258093889,1.37472413988338,0.000222116863739852,"landscape",FALSE,15,"2026-06-03 11:55:52"
"Little Grassbird","s(log(precip_annual))",1.50771317484324,0.945405997049786,0.000733854288925917,"other",FALSE,16,"2026-06-03 11:55:52"
"Little Grassbird","s(log1p(effort_distance_km))",0.810061237461242,0.879662509197034,0.0563643302811765,"other",FALSE,17,"2026-06-03 11:55:52"
"Little Grassbird","s(elevation)",2.32391878767336,0.849833877468081,0.0045460467697318,"landscape",FALSE,18,"2026-06-03 11:55:52"
"Little Grassbird","s(time_observations_started)",1.44442767680588,0.332111268363862,0.13548714545444,"effort",FALSE,19,"2026-06-03 11:55:52"
"Little Grassbird","s(mean_fhd)",0.401071761233133,0.209681423731044,0.155527509963377,"vegetation",TRUE,20,"2026-06-03 11:55:52"
"Little Grassbird","s(wooddensity_cwm)",5.36227150436229e-05,1.92245619066341e-05,0.271642634116167,"vegetation",TRUE,21,"2026-06-03 11:55:52"
"Little Grassbird","s(LA_cwm)",1.28241359132246e-05,3.93121337615236e-06,0.301784484028992,"vegetation",TRUE,22,"2026-06-03 11:55:52"
"Little Grassbird","s(number_observers)",1.98403683885328e-05,2.16875061303073e-06,0.649437829761229,"effort",FALSE,23,"2026-06-03 11:55:52"
"Little Grassbird","s(FDiv)",1.50388264449726e-05,8.37488916317768e-07,0.799902204197441,"vegetation",TRUE,24,"2026-06-03 11:55:52"
"Little Grassbird","protocol_type",4,9.95679618125977e-10,1,"effort",FALSE,25,"2026-06-03 11:55:52"
"Long-billed Corella","s(observer_expertise)",2.13970835793709,18.8749841633022,0,"effort",FALSE,1,"2026-06-03 11:57:45"
"Long-billed Corella","s(cover)",1.88385853362895,10.9748075325062,0,"vegetation",TRUE,2,"2026-06-03 11:57:45"
"Long-billed Corella","s(log1p(nightlights))",6.06311558120917,7.3910675044099,0,"other",FALSE,3,"2026-06-03 11:57:45"
"Long-billed Corella","s(lc_trees)",0.969948264693586,5.01933402786187,0,"landscape",FALSE,4,"2026-06-03 11:57:45"
"Long-billed Corella","s(water_occ)",1.53891666369333,2.9019536216869,0,"landscape",FALSE,5,"2026-06-03 11:57:45"
"Long-billed Corella","s(FDiv)",1.68913952164627,2.6994156835171,0.00425204611502372,"vegetation",TRUE,6,"2026-06-03 11:57:45"
"Long-billed Corella","s(number_observers)",1.19111693056965,2.15547917703796,0.0051124564946039,"effort",FALSE,7,"2026-06-03 11:57:45"
"Long-billed Corella","s(day_of_year)",2.52327664726457,1.95614172003362,0.000165521524341794,"effort",FALSE,8,"2026-06-03 11:57:45"
"Long-billed Corella","s(time_observations_started)",3.76544428089406,1.90502376351309,0.00125247906287762,"effort",FALSE,9,"2026-06-03 11:57:45"
"Long-billed Corella","s(temp_annual)",3.20913709289591,1.74156954349813,0.000301354753736827,"landscape",FALSE,10,"2026-06-03 11:57:45"
"Long-billed Corella","s(log(precip_annual))",0.901989443144625,1.4313641772813,3.98135008671252e-05,"other",FALSE,11,"2026-06-03 11:57:45"
"Long-billed Corella","s(elevation)",1.24332557039196,0.911990703894542,0.00137858100973487,"landscape",FALSE,12,"2026-06-03 11:57:45"
"Long-billed Corella","s(gini_simpson)",0.625703078781766,0.780083443787738,0.046341767929405,"vegetation",TRUE,13,"2026-06-03 11:57:45"
"Long-billed Corella","s(log1p(effort_distance_km))",0.598408817850234,0.695351580745495,0.0580266935653159,"other",FALSE,14,"2026-06-03 11:57:45"
"Long-billed Corella","s(mean_fhd)",0.559877946148798,0.401538513719026,0.092897455449124,"vegetation",TRUE,15,"2026-06-03 11:57:45"
"Long-billed Corella","s(FEve)",2.11912051732512e-05,4.94723401727364e-06,0.377952656974431,"vegetation",TRUE,16,"2026-06-03 11:57:45"
"Long-billed Corella","s(FRic)",1.85592325857007e-05,4.9252838824105e-06,0.361463220662594,"vegetation",TRUE,17,"2026-06-03 11:57:45"
"Long-billed Corella","s(log(duration_minutes))",1.71977864850994e-05,3.43086567226207e-06,0.446648648027649,"other",FALSE,18,"2026-06-03 11:57:45"
"Long-billed Corella","s(pielou_evenness)",1.26533846170545e-05,2.40709675207931e-06,0.397497032381945,"vegetation",TRUE,19,"2026-06-03 11:57:45"
"Long-billed Corella","s(wooddensity_cwm)",1.32697370410109e-05,1.99469155992021e-06,0.510858321288651,"vegetation",TRUE,20,"2026-06-03 11:57:45"
"Long-billed Corella","s(sp_richness)",1.14888557543637e-05,1.83912569413028e-06,0.53036946675102,"vegetation",TRUE,21,"2026-06-03 11:57:45"
"Long-billed Corella","s(height_cwm)",1.20658944197124e-05,1.65429989332402e-06,0.53788729790927,"vegetation",TRUE,22,"2026-06-03 11:57:45"
"Long-billed Corella","s(LA_cwm)",1.21228327737562e-05,1.16673017870889e-06,0.652347923032773,"vegetation",TRUE,23,"2026-06-03 11:57:45"
"Long-billed Corella","s(prop_canopy)",1.0823772446859e-05,6.01620346861645e-07,0.768416565596538,"vegetation",TRUE,24,"2026-06-03 11:57:45"
"Long-billed Corella","protocol_type",3,4.52382796887658e-08,0.999999999986702,"effort",FALSE,25,"2026-06-03 11:57:45"
"Large-billed Scrubwren","s(observer_expertise)",2.48506697279599,28.2900303897144,0,"effort",FALSE,1,"2026-06-03 11:59:25"
"Large-billed Scrubwren","s(log(duration_minutes))",1.55340113017622,27.6310532904873,0,"other",FALSE,2,"2026-06-03 11:59:25"
"Large-billed Scrubwren","s(cover)",1.89913796746558,18.7256955870689,0,"vegetation",TRUE,3,"2026-06-03 11:59:25"
"Large-billed Scrubwren","s(log1p(nightlights))",6.66898862468231,15.1202424287634,0,"other",FALSE,4,"2026-06-03 11:59:25"
"Large-billed Scrubwren","s(lc_trees)",6.98336312807266,11.3559179574672,0,"landscape",FALSE,5,"2026-06-03 11:59:25"
"Large-billed Scrubwren","s(LA_cwm)",2.64534272544746,9.84652026347065,0,"vegetation",TRUE,6,"2026-06-03 11:59:25"
"Large-billed Scrubwren","s(temp_annual)",6.75141552866621,9.68594257848489,0,"landscape",FALSE,7,"2026-06-03 11:59:25"
"Large-billed Scrubwren","s(log(precip_annual))",3.41057967278928,8.62616218748183,0,"other",FALSE,8,"2026-06-03 11:59:25"
"Large-billed Scrubwren","s(gini_simpson)",1.73883991610633,5.11831246739614,2.97808202603944e-05,"vegetation",TRUE,9,"2026-06-03 11:59:25"
"Large-billed Scrubwren","s(FEve)",1.86388873944066,4.88699903787811,0.000121130970379579,"vegetation",TRUE,10,"2026-06-03 11:59:25"
"Large-billed Scrubwren","s(wooddensity_cwm)",2.36237213796091,3.63905241155349,0.00262844521273331,"vegetation",TRUE,11,"2026-06-03 11:59:25"
"Large-billed Scrubwren","s(height_cwm)",1.59095209644768,3.07919190753339,0.00169242764712196,"vegetation",TRUE,12,"2026-06-03 11:59:25"
"Large-billed Scrubwren","s(log1p(effort_distance_km))",1.69574597644384,2.79706397037865,0.0062795201104382,"other",FALSE,13,"2026-06-03 11:59:25"
"Large-billed Scrubwren","s(time_observations_started)",2.35680560724276,1.80368265877772,0.000308447258696609,"effort",FALSE,14,"2026-06-03 11:59:25"
"Large-billed Scrubwren","s(pielou_evenness)",0.821242292739904,1.53091651789606,0.0100592970395992,"vegetation",TRUE,15,"2026-06-03 11:59:25"
"Large-billed Scrubwren","s(mean_fhd)",1.44069293172309,1.51333573112637,0.0324678000342665,"vegetation",TRUE,16,"2026-06-03 11:59:25"
"Large-billed Scrubwren","s(day_of_year)",1.89170596435681,0.905808352577184,0.00999755213308129,"effort",FALSE,17,"2026-06-03 11:59:25"
"Large-billed Scrubwren","s(FDiv)",0.929207970391673,0.717014524324492,0.0845430352000685,"vegetation",TRUE,18,"2026-06-03 11:59:25"
"Large-billed Scrubwren","s(elevation)",2.09306573929437,0.51951931388213,0.058999171873674,"landscape",FALSE,19,"2026-06-03 11:59:25"
"Large-billed Scrubwren","s(water_occ)",1.25016444444017,0.262736453071873,0.125535555884479,"landscape",FALSE,20,"2026-06-03 11:59:25"
"Large-billed Scrubwren","s(sp_richness)",0.000504503023328641,0.000157386803725712,0.284350688816954,"vegetation",TRUE,21,"2026-06-03 11:59:25"
"Large-billed Scrubwren","s(prop_canopy)",9.37773399720772e-05,2.78862487783372e-05,0.14382080870636,"vegetation",TRUE,22,"2026-06-03 11:59:25"
"Large-billed Scrubwren","s(FRic)",6.41265493501864e-05,8.61023030366516e-06,0.536283325464925,"vegetation",TRUE,23,"2026-06-03 11:59:25"
"Large-billed Scrubwren","s(number_observers)",5.82523225945525e-05,1.03113046776939e-06,0.937922066365357,"effort",FALSE,24,"2026-06-03 11:59:25"
"Large-billed Scrubwren","protocol_type",1,3.51731338441127e-13,0.999999526805392,"effort",FALSE,25,"2026-06-03 11:59:25"
"Restless Flycatcher","s(log(duration_minutes))",1.92008886479071,26.0094361326175,0,"other",FALSE,1,"2026-06-03 12:01:25"
"Restless Flycatcher","s(observer_expertise)",2.12623409993575,8.51903055403684,0,"effort",FALSE,2,"2026-06-03 12:01:25"
"Restless Flycatcher","s(temp_annual)",5.40682004593264,7.51900615871127,0,"landscape",FALSE,3,"2026-06-03 12:01:25"
"Restless Flycatcher","s(FEve)",0.956359893538966,7.29338556531371,7.66730288814799e-07,"vegetation",TRUE,4,"2026-06-03 12:01:25"
"Restless Flycatcher","s(sp_richness)",2.66089087633312,6.56710293302265,4.3388293439417e-05,"vegetation",TRUE,5,"2026-06-03 12:01:25"
"Restless Flycatcher","s(FDiv)",1.94662365969344,5.82405222971347,3.07159289710812e-05,"vegetation",TRUE,6,"2026-06-03 12:01:25"
"Restless Flycatcher","s(log(precip_annual))",5.47194863483929,5.70622638645252,0,"other",FALSE,7,"2026-06-03 12:01:25"
"Restless Flycatcher","s(log1p(nightlights))",4.94377920365919,5.39695375634868,0,"other",FALSE,8,"2026-06-03 12:01:25"
"Restless Flycatcher","s(mean_fhd)",1.81751324253342,4.27111466508664,0.000291975757211071,"vegetation",TRUE,9,"2026-06-03 12:01:25"
"Restless Flycatcher","s(height_cwm)",1.56281555598664,3.39387806019822,0.00090481125555264,"vegetation",TRUE,10,"2026-06-03 12:01:25"
"Restless Flycatcher","s(cover)",1.23289959989077,3.05000287105173,0.00111489463167458,"vegetation",TRUE,11,"2026-06-03 12:01:25"
"Restless Flycatcher","s(lc_trees)",2.2876912378576,1.91414983479362,5.23341740390482e-05,"landscape",FALSE,12,"2026-06-03 12:01:25"
"Restless Flycatcher","s(pielou_evenness)",0.818976097166117,1.47323133342363,0.0164253514309197,"vegetation",TRUE,13,"2026-06-03 12:01:25"
"Restless Flycatcher","s(water_occ)",1.96846947396604,0.921213442583296,0.00668041220667215,"landscape",FALSE,14,"2026-06-03 12:01:25"
"Restless Flycatcher","s(time_observations_started)",2.23662159381353,0.712160877904702,0.0459040872899427,"effort",FALSE,15,"2026-06-03 12:01:25"
"Restless Flycatcher","s(log1p(effort_distance_km))",0.649170941491732,0.611654070809361,0.086309246447515,"other",FALSE,16,"2026-06-03 12:01:25"
"Restless Flycatcher","s(number_observers)",0.581860419177018,0.286694140641076,0.220038526807596,"effort",FALSE,17,"2026-06-03 12:01:25"
"Restless Flycatcher","s(elevation)",0.619757750726325,0.179703328779007,0.0848592807830333,"landscape",FALSE,18,"2026-06-03 12:01:25"
"Restless Flycatcher","s(gini_simpson)",0.000112773111691478,2.84320466835936e-05,0.34031479139381,"vegetation",TRUE,19,"2026-06-03 12:01:25"
"Restless Flycatcher","s(LA_cwm)",7.03735611193915e-05,1.55376118299115e-05,0.429543348400754,"vegetation",TRUE,20,"2026-06-03 12:01:25"
"Restless Flycatcher","s(prop_canopy)",5.38589930943078e-05,9.70722546413876e-06,0.466190673609824,"vegetation",TRUE,21,"2026-06-03 12:01:25"
"Restless Flycatcher","s(FRic)",4.08641720104517e-05,1.51488795475378e-06,0.871651509152301,"vegetation",TRUE,22,"2026-06-03 12:01:25"
"Restless Flycatcher","s(day_of_year)",1.63498614132253e-05,1.04407638414525e-06,0.619922469894652,"effort",FALSE,23,"2026-06-03 12:01:25"
"Restless Flycatcher","s(wooddensity_cwm)",2.61083032330892e-05,1.61349824335039e-07,0.985147289608148,"vegetation",TRUE,24,"2026-06-03 12:01:25"
"Restless Flycatcher","protocol_type",3,9.54194219663383e-12,1,"effort",FALSE,25,"2026-06-03 12:01:25"
"Spangled Drongo","s(log(duration_minutes))",1.83356764366096,11.6326065293989,0,"other",FALSE,1,"2026-06-03 12:03:24"
"Spangled Drongo","s(observer_expertise)",2.44599457432769,11.2500673124034,0,"effort",FALSE,2,"2026-06-03 12:03:24"
"Spangled Drongo","s(temp_annual)",4.97635110903037,10.7216657228942,0,"landscape",FALSE,3,"2026-06-03 12:03:24"
"Spangled Drongo","s(log(precip_annual))",5.42986784320521,8.7055768462249,0,"other",FALSE,4,"2026-06-03 12:03:24"
"Spangled Drongo","s(time_observations_started)",4.71193844587909,7.84490328262007,0,"effort",FALSE,5,"2026-06-03 12:03:24"
"Spangled Drongo","s(wooddensity_cwm)",1.85414163393727,6.22549899750568,2.57352043626646e-05,"vegetation",TRUE,6,"2026-06-03 12:03:24"
"Spangled Drongo","s(elevation)",2.864897618268,3.37974929295652,0,"landscape",FALSE,7,"2026-06-03 12:03:24"
"Spangled Drongo","s(height_cwm)",1.61570534487631,2.1958469924412,0.0098757214273244,"vegetation",TRUE,8,"2026-06-03 12:03:24"
"Spangled Drongo","s(cover)",1.5752714438632,1.988158145653,0.0177742976877542,"vegetation",TRUE,9,"2026-06-03 12:03:24"
"Spangled Drongo","s(day_of_year)",2.75465388113348,1.90881542320541,0.000352413506486071,"effort",FALSE,10,"2026-06-03 12:03:24"
"Spangled Drongo","s(log1p(nightlights))",1.03257762560694,1.75947398194459,1.96364987705699e-05,"other",FALSE,11,"2026-06-03 12:03:24"
"Spangled Drongo","s(sp_richness)",1.44974607896903,1.43903228376319,0.0408273103722562,"vegetation",TRUE,12,"2026-06-03 12:03:24"
"Spangled Drongo","s(FDiv)",0.717371349497767,0.5168331512994,0.106251719357726,"vegetation",TRUE,13,"2026-06-03 12:03:24"
"Spangled Drongo","s(log1p(effort_distance_km))",0.504141548035549,0.21614067592018,0.261079736414208,"other",FALSE,14,"2026-06-03 12:03:24"
"Spangled Drongo","s(pielou_evenness)",6.15397509118515e-05,1.80253224100802e-05,0.355704676422679,"vegetation",TRUE,15,"2026-06-03 12:03:24"
"Spangled Drongo","s(FEve)",6.11029045207907e-05,1.07668665420162e-05,0.466468251989687,"vegetation",TRUE,16,"2026-06-03 12:03:24"
"Spangled Drongo","s(gini_simpson)",6.50856499889933e-05,9.49687104644392e-06,0.505951020860731,"vegetation",TRUE,17,"2026-06-03 12:03:24"
"Spangled Drongo","s(prop_canopy)",4.57657781905378e-05,9.00254668325475e-06,0.476178945985704,"vegetation",TRUE,18,"2026-06-03 12:03:24"
"Spangled Drongo","s(number_observers)",5.91511146777985e-05,8.67422472090382e-06,0.583659999172503,"effort",FALSE,19,"2026-06-03 12:03:24"
"Spangled Drongo","s(FRic)",1.03119133856531e-05,2.92034257515891e-06,0.271140264332879,"vegetation",TRUE,20,"2026-06-03 12:03:24"
"Spangled Drongo","s(water_occ)",3.82916969613982e-05,2.73353337120323e-06,0.441189325724139,"landscape",FALSE,21,"2026-06-03 12:03:24"
"Spangled Drongo","s(mean_fhd)",3.75487030877214e-05,1.38106174436728e-06,0.851080675295861,"vegetation",TRUE,22,"2026-06-03 12:03:24"
"Spangled Drongo","s(lc_trees)",3.8998313892183e-05,1.36681875337167e-06,0.603834565070534,"landscape",FALSE,23,"2026-06-03 12:03:24"
"Spangled Drongo","s(LA_cwm)",4.25587532948535e-05,6.63092358261612e-07,0.932931488104001,"vegetation",TRUE,24,"2026-06-03 12:03:24"
"Spangled Drongo","protocol_type",2,2.59021852229675e-12,0.99999999999741,"effort",FALSE,25,"2026-06-03 12:03:24"
"Brown Treecreeper","s(cover)",1.92758305717725,15.3096517012591,0,"vegetation",TRUE,1,"2026-06-03 12:05:32"
"Brown Treecreeper","s(log(duration_minutes))",0.976999401707156,14.127708895663,0,"other",FALSE,2,"2026-06-03 12:05:32"
"Brown Treecreeper","s(temp_annual)",5.03027033338401,14.0359084161884,0,"landscape",FALSE,3,"2026-06-03 12:05:32"
"Brown Treecreeper","s(observer_expertise)",0.981844766976434,13.5003437586608,0,"effort",FALSE,4,"2026-06-03 12:05:32"
"Brown Treecreeper","s(sp_richness)",1.67956702333502,6.91728578878996,0,"vegetation",TRUE,5,"2026-06-03 12:05:32"
"Brown Treecreeper","s(lc_trees)",3.78386415496815,6.89765622287867,0,"landscape",FALSE,6,"2026-06-03 12:05:32"
"Brown Treecreeper","s(LA_cwm)",1.8733131609468,5.85257082214708,3.81379881079225e-05,"vegetation",TRUE,7,"2026-06-03 12:05:32"
"Brown Treecreeper","s(log1p(effort_distance_km))",1.79974777921604,5.83078524261841,5.11872019056669e-05,"other",FALSE,8,"2026-06-03 12:05:32"
"Brown Treecreeper","s(log(precip_annual))",5.01807490946658,5.64943660200412,0,"other",FALSE,9,"2026-06-03 12:05:32"
"Brown Treecreeper","s(log1p(nightlights))",2.41509964557079,4.77060208078288,0,"other",FALSE,10,"2026-06-03 12:05:32"
"Brown Treecreeper","s(wooddensity_cwm)",1.59226609240946,3.80373396944252,0.0006217869597549,"vegetation",TRUE,11,"2026-06-03 12:05:32"
"Brown Treecreeper","s(gini_simpson)",1.76859253866964,3.76602480126696,0.000419636948685742,"vegetation",TRUE,12,"2026-06-03 12:05:32"
"Brown Treecreeper","s(height_cwm)",0.915129228836349,3.58387021754259,0.000293721732507857,"vegetation",TRUE,13,"2026-06-03 12:05:32"
"Brown Treecreeper","s(FEve)",1.40733925465411,3.30540128653818,0.000665650556137987,"vegetation",TRUE,14,"2026-06-03 12:05:32"
"Brown Treecreeper","s(elevation)",0.960203646951916,2.67090775488115,0,"landscape",FALSE,15,"2026-06-03 12:05:32"
"Brown Treecreeper","s(pielou_evenness)",1.47223758261537,1.59382544759956,0.0287027944099877,"vegetation",TRUE,16,"2026-06-03 12:05:32"
"Brown Treecreeper","s(water_occ)",0.88616551531058,0.861105370606951,0.00142585701462106,"landscape",FALSE,17,"2026-06-03 12:05:32"
"Brown Treecreeper","s(number_observers)",0.653890446651416,0.373270271537952,0.176033649033507,"effort",FALSE,18,"2026-06-03 12:05:32"
"Brown Treecreeper","s(FRic)",0.558581382981207,0.283932986243704,0.185154605089308,"vegetation",TRUE,19,"2026-06-03 12:05:32"
"Brown Treecreeper","s(time_observations_started)",1.21860381585017,0.262238967077817,0.159788223433139,"effort",FALSE,20,"2026-06-03 12:05:32"
"Brown Treecreeper","s(mean_fhd)",0.486554341019372,0.25172704855476,0.175076530706538,"vegetation",TRUE,21,"2026-06-03 12:05:32"
"Brown Treecreeper","s(day_of_year)",0.636531485223473,0.111147711704612,0.232716581176976,"effort",FALSE,22,"2026-06-03 12:05:32"
"Brown Treecreeper","s(prop_canopy)",3.77562659201478e-05,4.06472122651495e-06,0.582469543785596,"vegetation",TRUE,23,"2026-06-03 12:05:32"
"Brown Treecreeper","s(FDiv)",2.54016170397044e-05,7.75990850333199e-08,0.988611926657708,"vegetation",TRUE,24,"2026-06-03 12:05:32"
"Brown Treecreeper","protocol_type",3,1.02657952282406e-11,1,"effort",FALSE,25,"2026-06-03 12:05:32"
"Apostlebird","s(temp_annual)",4.82928566416308,13.1119931701182,0,"landscape",FALSE,1,"2026-06-03 12:07:21"
"Apostlebird","s(elevation)",5.75183488820729,11.1514955592246,0,"landscape",FALSE,2,"2026-06-03 12:07:21"
"Apostlebird","s(log(precip_annual))",5.13593492526754,6.00423459646821,0,"other",FALSE,3,"2026-06-03 12:07:21"
"Apostlebird","s(mean_fhd)",1.7128550096536,4.71603679888005,0.000164002893197845,"vegetation",TRUE,4,"2026-06-03 12:07:21"
"Apostlebird","s(log1p(effort_distance_km))",1.83413715440223,4.47003485507155,0.000260272803708328,"other",FALSE,5,"2026-06-03 12:07:21"
"Apostlebird","s(FDiv)",1.22561870790784,1.73190614624275,0.013020930850921,"vegetation",TRUE,6,"2026-06-03 12:07:21"
"Apostlebird","s(log1p(nightlights))",0.938827428213208,1.69563619171474,2.0029173245284e-05,"other",FALSE,7,"2026-06-03 12:07:21"
"Apostlebird","s(LA_cwm)",1.08860972625793,1.34673388267106,0.0222423161613796,"vegetation",TRUE,8,"2026-06-03 12:07:21"
"Apostlebird","s(height_cwm)",1.4182422453155,1.3371082559392,0.0466869902341479,"vegetation",TRUE,9,"2026-06-03 12:07:21"
"Apostlebird","s(log(duration_minutes))",0.795823096605541,0.431371557996582,0.180291042239443,"other",FALSE,10,"2026-06-03 12:07:21"
"Apostlebird","s(time_observations_started)",0.664896501669005,0.128952702054254,0.192126405036134,"effort",FALSE,11,"2026-06-03 12:07:21"
"Apostlebird","s(prop_canopy)",1.98213572069374e-05,8.13938144963026e-06,0.103281774771193,"vegetation",TRUE,12,"2026-06-03 12:07:21"
"Apostlebird","s(sp_richness)",2.45942007626797e-05,5.21539050000328e-06,0.414098645890698,"vegetation",TRUE,13,"2026-06-03 12:07:21"
"Apostlebird","s(day_of_year)",4.08268089006857e-05,4.60015970343034e-06,0.396080693094111,"effort",FALSE,14,"2026-06-03 12:07:21"
"Apostlebird","s(FEve)",2.49057712545112e-05,3.73977914431488e-06,0.505167565974226,"vegetation",TRUE,15,"2026-06-03 12:07:21"
"Apostlebird","s(observer_expertise)",1.95469908386427e-05,1.56319411637551e-06,0.620473731800865,"effort",FALSE,16,"2026-06-03 12:07:21"
"Apostlebird","s(FRic)",1.39831446697222e-05,1.28402060053367e-06,0.593142197403673,"vegetation",TRUE,17,"2026-06-03 12:07:21"
"Apostlebird","s(gini_simpson)",1.27842200528917e-05,1.07283576123411e-06,0.658413720496257,"vegetation",TRUE,18,"2026-06-03 12:07:21"
"Apostlebird","s(wooddensity_cwm)",1.31896491599923e-05,9.04725828757158e-07,0.667851368315013,"vegetation",TRUE,19,"2026-06-03 12:07:21"
"Apostlebird","s(number_observers)",1.24151876954095e-05,5.40666589021912e-07,0.811692736718813,"effort",FALSE,20,"2026-06-03 12:07:21"
"Apostlebird","s(water_occ)",1.85846021651593e-05,5.3316223457865e-07,0.586457837528653,"landscape",FALSE,21,"2026-06-03 12:07:21"
"Apostlebird","s(cover)",5.11569957207809e-06,5.04666007270696e-07,0.697508011512541,"vegetation",TRUE,22,"2026-06-03 12:07:21"
"Apostlebird","s(lc_trees)",1.8852039455707e-05,3.86301917490852e-07,0.745058417302074,"landscape",FALSE,23,"2026-06-03 12:07:21"
"Apostlebird","s(pielou_evenness)",6.65893005244427e-06,2.28364138783554e-07,0.77761331212148,"vegetation",TRUE,24,"2026-06-03 12:07:21"
"Apostlebird","protocol_type",3,1.80674450075958e-11,1,"effort",FALSE,25,"2026-06-03 12:07:21"
"Topknot Pigeon","s(log(duration_minutes))",1.88022037787641,16.9613420351449,0,"other",FALSE,1,"2026-06-03 12:08:45"
"Topknot Pigeon","s(sp_richness)",1.8375915006977,13.3966872483515,0,"vegetation",TRUE,2,"2026-06-03 12:08:45"
"Topknot Pigeon","s(log(precip_annual))",3.46670962811374,11.7792654339663,0,"other",FALSE,3,"2026-06-03 12:08:45"
"Topknot Pigeon","s(gini_simpson)",2.57420665615878,9.37809701091528,0,"vegetation",TRUE,4,"2026-06-03 12:08:45"
"Topknot Pigeon","s(observer_expertise)",1.91920355219628,8.11457745800813,0,"effort",FALSE,5,"2026-06-03 12:08:45"
"Topknot Pigeon","s(LA_cwm)",0.941965219301228,5.40077938332846,2.12018963829941e-06,"vegetation",TRUE,6,"2026-06-03 12:08:45"
"Topknot Pigeon","s(water_occ)",2.37161811163,5.1197309459815,0,"landscape",FALSE,7,"2026-06-03 12:08:45"
"Topknot Pigeon","s(log1p(nightlights))",7.04611451365894,4.51179671395792,0,"other",FALSE,8,"2026-06-03 12:08:45"
"Topknot Pigeon","s(pielou_evenness)",1.79142852045898,4.12833048879096,0.00021894268856737,"vegetation",TRUE,9,"2026-06-03 12:08:45"
"Topknot Pigeon","s(temp_annual)",3.29104312301432,3.90976127731176,0,"landscape",FALSE,10,"2026-06-03 12:08:45"
"Topknot Pigeon","s(height_cwm)",1.6806241800002,3.77158641451755,0.000313728758526532,"vegetation",TRUE,11,"2026-06-03 12:08:45"
"Topknot Pigeon","s(elevation)",3.57003446726816,2.41452267053244,6.85824227875109e-06,"landscape",FALSE,12,"2026-06-03 12:08:45"
"Topknot Pigeon","s(FEve)",1.28061115206519,2.03033410860124,0.00566507758739454,"vegetation",TRUE,13,"2026-06-03 12:08:45"
"Topknot Pigeon","s(time_observations_started)",2.58230603660012,1.26518581869479,0.00454306519496583,"effort",FALSE,14,"2026-06-03 12:08:45"
"Topknot Pigeon","s(FRic)",1.01238100616306,1.03167204712896,0.0329532158060053,"vegetation",TRUE,15,"2026-06-03 12:08:45"
"Topknot Pigeon","s(wooddensity_cwm)",0.665075270340291,0.659953369500323,0.0613109772639961,"vegetation",TRUE,16,"2026-06-03 12:08:45"
"Topknot Pigeon","s(day_of_year)",1.91956696996929,0.652208501531008,0.03613492830842,"effort",FALSE,17,"2026-06-03 12:08:45"
"Topknot Pigeon","s(prop_canopy)",0.871063132937205,0.606064263132214,0.10517132013097,"vegetation",TRUE,18,"2026-06-03 12:08:45"
"Topknot Pigeon","s(FDiv)",0.591106900467908,0.481707603439013,0.0958064703950626,"vegetation",TRUE,19,"2026-06-03 12:08:45"
"Topknot Pigeon","s(log1p(effort_distance_km))",0.49365827267917,0.324643044134361,0.151131684627353,"other",FALSE,20,"2026-06-03 12:08:45"
"Topknot Pigeon","s(lc_trees)",1.53615215054489,0.31629626792272,0.109616574844728,"landscape",FALSE,21,"2026-06-03 12:08:45"
"Topknot Pigeon","s(number_observers)",0.529457295815389,0.251587526010742,0.218657754656707,"effort",FALSE,22,"2026-06-03 12:08:45"
"Topknot Pigeon","s(cover)",3.2918017858677e-05,2.40900362425225e-06,0.75206295176135,"vegetation",TRUE,23,"2026-06-03 12:08:45"
"Topknot Pigeon","s(mean_fhd)",2.41587353360154e-05,7.08053188732757e-07,0.832691014808669,"vegetation",TRUE,24,"2026-06-03 12:08:45"
"Topknot Pigeon","protocol_type",1,4.03361279297229e-13,0.999999493264459,"effort",FALSE,25,"2026-06-03 12:08:45"
"Little Friarbird","s(cover)",1.93967460369806,18.6016189702433,0,"vegetation",TRUE,1,"2026-06-03 12:10:05"
"Little Friarbird","s(temp_annual)",6.40203845094363,12.5107298448003,0,"landscape",FALSE,2,"2026-06-03 12:10:05"
"Little Friarbird","s(log(duration_minutes))",0.970468229540724,10.8895210004751,0,"other",FALSE,3,"2026-06-03 12:10:05"
"Little Friarbird","s(number_observers)",2.77885946253575,7.39542119459876,2.37863781029635e-05,"effort",FALSE,4,"2026-06-03 12:10:05"
"Little Friarbird","s(lc_trees)",7.16409273995277,6.40935710221776,0,"landscape",FALSE,5,"2026-06-03 12:10:05"
"Little Friarbird","s(LA_cwm)",1.73039475238028,5.22238068724876,7.03080865451788e-05,"vegetation",TRUE,6,"2026-06-03 12:10:05"
"Little Friarbird","s(sp_richness)",0.939488274019289,5.13069222617355,1.469073634075e-05,"vegetation",TRUE,7,"2026-06-03 12:10:05"
"Little Friarbird","s(observer_expertise)",1.94044470324465,5.11253698384985,8.31024027192484e-06,"effort",FALSE,8,"2026-06-03 12:10:05"
"Little Friarbird","s(log1p(nightlights))",2.36516082764389,4.83992148329865,0,"other",FALSE,9,"2026-06-03 12:10:05"
"Little Friarbird","s(elevation)",4.24572992611485,4.4191478276894,0,"landscape",FALSE,10,"2026-06-03 12:10:05"
"Little Friarbird","s(FDiv)",1.62341088479254,4.33976819403374,0.000214408083465178,"vegetation",TRUE,11,"2026-06-03 12:10:05"
"Little Friarbird","s(FEve)",0.848620034751512,1.86367677242137,0.00775448183949101,"vegetation",TRUE,12,"2026-06-03 12:10:05"
"Little Friarbird","s(pielou_evenness)",0.827739276211725,1.55652030598679,0.0143784789858636,"vegetation",TRUE,13,"2026-06-03 12:10:05"
"Little Friarbird","s(day_of_year)",2.49973281049605,1.14163655572385,0.00826775542967084,"effort",FALSE,14,"2026-06-03 12:10:05"
"Little Friarbird","s(water_occ)",2.08208425762296,0.913602217875138,0.00876796659533541,"landscape",FALSE,15,"2026-06-03 12:10:05"
"Little Friarbird","s(log(precip_annual))",1.72905475135428,0.849612395445574,0.00245507568288938,"other",FALSE,16,"2026-06-03 12:10:05"
"Little Friarbird","s(wooddensity_cwm)",0.110600321361638,0.0414300256721393,0.26987353683716,"vegetation",TRUE,17,"2026-06-03 12:10:05"
"Little Friarbird","s(height_cwm)",0.00253262267131398,0.000839348164699293,0.304963613834452,"vegetation",TRUE,18,"2026-06-03 12:10:05"
"Little Friarbird","s(prop_canopy)",6.87920169961551e-05,2.53033491106123e-05,0.274068895918385,"vegetation",TRUE,19,"2026-06-03 12:10:05"
"Little Friarbird","s(mean_fhd)",9.02239445312358e-05,2.29860506455644e-05,0.401568200596627,"vegetation",TRUE,20,"2026-06-03 12:10:05"
"Little Friarbird","s(gini_simpson)",5.63962523181002e-05,1.80961611481227e-05,0.282953985085566,"vegetation",TRUE,21,"2026-06-03 12:10:05"
"Little Friarbird","s(log1p(effort_distance_km))",5.00723684466219e-05,6.89953984100719e-06,0.620378419081937,"other",FALSE,22,"2026-06-03 12:10:05"
"Little Friarbird","s(FRic)",2.34716078066479e-05,2.95676241425105e-06,0.549574200504512,"vegetation",TRUE,23,"2026-06-03 12:10:05"
"Little Friarbird","s(time_observations_started)",3.16869848236044e-05,2.16013466517706e-06,0.540051043038781,"effort",FALSE,24,"2026-06-03 12:10:05"
"Little Friarbird","protocol_type",2,1.59297164803501e-11,0.99999999998407,"effort",FALSE,25,"2026-06-03 12:10:05"
"Tawny Grassbird","s(sp_richness)",2.66796407972294,17.0489586018684,0,"vegetation",TRUE,1,"2026-06-03 10:55:14"
"Tawny Grassbird","s(height_cwm)",1.67336666992254,6.73794000997305,1.63959844590167e-06,"vegetation",TRUE,2,"2026-06-03 10:55:14"
"Tawny Grassbird","s(lc_trees)",6.76816210172566,6.36970879167702,0,"landscape",FALSE,3,"2026-06-03 10:55:14"
"Tawny Grassbird","s(observer_expertise)",2.10137917800942,5.04589077642154,1.5831042364356e-05,"effort",FALSE,4,"2026-06-03 10:55:14"
"Tawny Grassbird","s(mean_fhd)",2.14239828802979,5.04067127721057,8.94443831032099e-05,"vegetation",TRUE,5,"2026-06-03 10:55:14"
"Tawny Grassbird","s(log(duration_minutes))",1.52901007016563,5.02185822241661,8.78457727628845e-05,"other",FALSE,6,"2026-06-03 10:55:14"
"Tawny Grassbird","s(cover)",0.937066847035863,4.95593477518962,1.07742340226258e-05,"vegetation",TRUE,7,"2026-06-03 10:55:14"
"Tawny Grassbird","s(elevation)",6.09864691109221,4.878279689512,0,"landscape",FALSE,8,"2026-06-03 10:55:14"
"Tawny Grassbird","s(temp_annual)",3.83821977378399,4.46444144464979,0,"landscape",FALSE,9,"2026-06-03 10:55:14"
"Tawny Grassbird","s(FDiv)",2.7269670705871,4.32208149808277,0.000563850627530504,"vegetation",TRUE,10,"2026-06-03 10:55:14"
"Tawny Grassbird","s(FRic)",1.83488784603279,3.84224846464739,0.00087310991590861,"vegetation",TRUE,11,"2026-06-03 10:55:14"
"Tawny Grassbird","s(time_observations_started)",2.88675347861328,2.77923389705637,1.24705334954012e-05,"effort",FALSE,12,"2026-06-03 10:55:14"
"Tawny Grassbird","s(log1p(nightlights))",5.28895840911317,2.6436718425548,4.20489233752264e-05,"other",FALSE,13,"2026-06-03 10:55:14"
"Tawny Grassbird","s(wooddensity_cwm)",1.63796804131131,2.02602524420894,0.0157044974124629,"vegetation",TRUE,14,"2026-06-03 10:55:14"
"Tawny Grassbird","s(day_of_year)",2.28878685576882,1.53617781160952,0.0008821043526126,"effort",FALSE,15,"2026-06-03 10:55:14"
"Tawny Grassbird","s(LA_cwm)",1.36321094878841,1.37808102767762,0.0356972907735299,"vegetation",TRUE,16,"2026-06-03 10:55:14"
"Tawny Grassbird","s(water_occ)",0.901686339994244,1.01532123975356,0.000796587533494764,"landscape",FALSE,17,"2026-06-03 10:55:14"
"Tawny Grassbird","s(gini_simpson)",0.618492995747985,0.539463043088147,0.0658067009002914,"vegetation",TRUE,18,"2026-06-03 10:55:14"
"Tawny Grassbird","s(FEve)",0.724784880678333,0.36476771371078,0.176358511706096,"vegetation",TRUE,19,"2026-06-03 10:55:14"
"Tawny Grassbird","s(log(precip_annual))",6.09884397339241e-05,5.07373203977655e-06,0.374666957231784,"other",FALSE,20,"2026-06-03 10:55:14"
"Tawny Grassbird","s(number_observers)",2.23223697545896e-05,3.8825248073326e-06,0.502491191464943,"effort",FALSE,21,"2026-06-03 10:55:14"
"Tawny Grassbird","s(prop_canopy)",2.25568132529538e-05,3.2614310173026e-06,0.484415879563564,"vegetation",TRUE,22,"2026-06-03 10:55:14"
"Tawny Grassbird","s(log1p(effort_distance_km))",1.95142993016477e-05,2.478774132537e-06,0.62878234169353,"other",FALSE,23,"2026-06-03 10:55:14"
"Tawny Grassbird","s(pielou_evenness)",8.9553083053009e-07,6.55055310290863e-08,0.677935107802661,"vegetation",TRUE,24,"2026-06-03 10:55:14"
"Tawny Grassbird","protocol_type",3,3.2010467952822e-12,1,"effort",FALSE,25,"2026-06-03 10:55:14"
"Buff-rumped Thornbill","s(log(precip_annual))",5.03725493947973,29.3741485979747,0,"other",FALSE,1,"2026-06-03 10:57:10"
"Buff-rumped Thornbill","s(observer_expertise)",0.987921310445525,20.2339232096064,0,"effort",FALSE,2,"2026-06-03 10:57:10"
"Buff-rumped Thornbill","s(gini_simpson)",2.71836350766017,14.9543367095519,0,"vegetation",TRUE,3,"2026-06-03 10:57:10"
"Buff-rumped Thornbill","s(log(duration_minutes))",2.48647404181629,14.8808743570463,0,"other",FALSE,4,"2026-06-03 10:57:10"
"Buff-rumped Thornbill","s(elevation)",5.43183396941141,9.92170911413202,0,"landscape",FALSE,5,"2026-06-03 10:57:10"
"Buff-rumped Thornbill","s(log1p(nightlights))",3.27106086193183,8.621294699856,0,"other",FALSE,6,"2026-06-03 10:57:10"
"Buff-rumped Thornbill","s(height_cwm)",2.51000356485314,8.40772058646455,1.13836910731191e-06,"vegetation",TRUE,7,"2026-06-03 10:57:10"
"Buff-rumped Thornbill","s(lc_trees)",0.986042844262393,7.7845918970392,0,"landscape",FALSE,8,"2026-06-03 10:57:10"
"Buff-rumped Thornbill","s(temp_annual)",6.22011800336383,7.54459897457668,0,"landscape",FALSE,9,"2026-06-03 10:57:10"
"Buff-rumped Thornbill","s(FRic)",1.58958746668253,6.20560721415586,7.39413454231563e-06,"vegetation",TRUE,10,"2026-06-03 10:57:10"
"Buff-rumped Thornbill","s(cover)",1.72601076508789,5.74824657848551,2.25894983688635e-05,"vegetation",TRUE,11,"2026-06-03 10:57:10"
"Buff-rumped Thornbill","s(sp_richness)",2.14710101446684,5.53968639883186,4.18974870840527e-05,"vegetation",TRUE,12,"2026-06-03 10:57:10"
"Buff-rumped Thornbill","s(log1p(effort_distance_km))",2.55536370746872,4.60826270518566,0.00111798440589839,"other",FALSE,13,"2026-06-03 10:57:10"
"Buff-rumped Thornbill","s(prop_canopy)",1.53803459644924,3.93891653358456,0.000236094041914603,"vegetation",TRUE,14,"2026-06-03 10:57:10"
"Buff-rumped Thornbill","s(pielou_evenness)",0.908005990551793,3.27414183336266,0.000370913712735232,"vegetation",TRUE,15,"2026-06-03 10:57:10"
"Buff-rumped Thornbill","s(wooddensity_cwm)",2.0851433409275,3.04739600571781,0.00482599017929097,"vegetation",TRUE,16,"2026-06-03 10:57:10"
"Buff-rumped Thornbill","s(water_occ)",3.49424704346454,2.63210754249448,1.28465208284467e-05,"landscape",FALSE,17,"2026-06-03 10:57:10"
"Buff-rumped Thornbill","s(mean_fhd)",0.800599708091297,1.33547422386339,0.0128483889988487,"vegetation",TRUE,18,"2026-06-03 10:57:10"
"Buff-rumped Thornbill","s(LA_cwm)",1.27865621412707,1.11605869710125,0.0597142600961587,"vegetation",TRUE,19,"2026-06-03 10:57:10"
"Buff-rumped Thornbill","s(time_observations_started)",1.81027077223522,0.887323914927875,0.0103546577499432,"effort",FALSE,20,"2026-06-03 10:57:10"
"Buff-rumped Thornbill","s(day_of_year)",1.80658399568935,0.563837671898911,0.0552099240129097,"effort",FALSE,21,"2026-06-03 10:57:10"
"Buff-rumped Thornbill","s(FEve)",0.44757673147118,0.26968345747875,0.165401495592147,"vegetation",TRUE,22,"2026-06-03 10:57:10"
"Buff-rumped Thornbill","s(number_observers)",6.54660620549068e-05,1.14278393112767e-05,0.520055922665791,"effort",FALSE,23,"2026-06-03 10:57:10"
"Buff-rumped Thornbill","s(FDiv)",4.51606287716313e-05,3.06089439130388e-06,0.736868775414215,"vegetation",TRUE,24,"2026-06-03 10:57:10"
"Buff-rumped Thornbill","protocol_type",2,4.46199744420685e-13,0.999999999999554,"effort",FALSE,25,"2026-06-03 10:57:10"
"Rufous Songlark","s(day_of_year)",5.49827603653412,20.3072482104468,0,"effort",FALSE,1,"2026-06-03 10:58:51"
"Rufous Songlark","s(observer_expertise)",2.31373805996788,11.8138475864459,0,"effort",FALSE,2,"2026-06-03 10:58:51"
"Rufous Songlark","s(temp_annual)",4.57821384617255,8.37134644467357,0,"landscape",FALSE,3,"2026-06-03 10:58:51"
"Rufous Songlark","s(log1p(effort_distance_km))",1.75497600901725,6.36003624921055,9.22157682192726e-06,"other",FALSE,4,"2026-06-03 10:58:51"
"Rufous Songlark","s(log(precip_annual))",2.94319218338962,3.85897555363021,0,"other",FALSE,5,"2026-06-03 10:58:51"
"Rufous Songlark","s(elevation)",2.22340571853944,3.22354778843172,0,"landscape",FALSE,6,"2026-06-03 10:58:51"
"Rufous Songlark","s(cover)",1.72288783978006,2.71450834917733,0.00383806353787208,"vegetation",TRUE,7,"2026-06-03 10:58:51"
"Rufous Songlark","s(log1p(nightlights))",2.95647906271144,2.69858127678646,8.85936377703622e-07,"other",FALSE,8,"2026-06-03 10:58:51"
"Rufous Songlark","s(FDiv)",1.2327144270972,1.86403115865004,0.00788465942304839,"vegetation",TRUE,9,"2026-06-03 10:58:51"
"Rufous Songlark","s(number_observers)",1.51168433491291,1.77956455071727,0.0275495662373801,"effort",FALSE,10,"2026-06-03 10:58:51"
"Rufous Songlark","s(mean_fhd)",1.51892520576275,1.68985168030853,0.0204888149243077,"vegetation",TRUE,11,"2026-06-03 10:58:51"
"Rufous Songlark","s(height_cwm)",1.21089166379354,1.45784792601681,0.017882922830152,"vegetation",TRUE,12,"2026-06-03 10:58:51"
"Rufous Songlark","s(FEve)",1.56556592788552,1.41505444793638,0.040903797822889,"vegetation",TRUE,13,"2026-06-03 10:58:51"
"Rufous Songlark","s(lc_trees)",0.920865640294186,1.28570850900298,0.000166574422276966,"landscape",FALSE,14,"2026-06-03 10:58:51"
"Rufous Songlark","s(wooddensity_cwm)",1.12582519999356,1.1209851639656,0.0414834894922644,"vegetation",TRUE,15,"2026-06-03 10:58:51"
"Rufous Songlark","s(pielou_evenness)",0.736667429568974,0.930301080404628,0.0372319761071471,"vegetation",TRUE,16,"2026-06-03 10:58:51"
"Rufous Songlark","s(gini_simpson)",1.1785363180197,0.923169696560058,0.0518558607537648,"vegetation",TRUE,17,"2026-06-03 10:58:51"
"Rufous Songlark","s(sp_richness)",0.910910075723994,0.668205199223909,0.0764991361209547,"vegetation",TRUE,18,"2026-06-03 10:58:51"
"Rufous Songlark","s(log(duration_minutes))",0.448361012875043,0.268704955268514,0.167585465306198,"other",FALSE,19,"2026-06-03 10:58:51"
"Rufous Songlark","s(water_occ)",1.07047654351303,0.256268973413518,0.0890454142354897,"landscape",FALSE,20,"2026-06-03 10:58:51"
"Rufous Songlark","s(time_observations_started)",1.06444178039236,0.244677776419279,0.139962282201363,"effort",FALSE,21,"2026-06-03 10:58:51"
"Rufous Songlark","s(prop_canopy)",3.66008233282979e-05,4.62988065418263e-06,0.505805039144959,"vegetation",TRUE,22,"2026-06-03 10:58:51"
"Rufous Songlark","s(LA_cwm)",2.78169002850669e-05,2.461718742805e-06,0.657275878759018,"vegetation",TRUE,23,"2026-06-03 10:58:51"
"Rufous Songlark","s(FRic)",2.69634208124716e-05,1.26908424774445e-06,0.737433696567778,"vegetation",TRUE,24,"2026-06-03 10:58:51"
"Rufous Songlark","protocol_type",2,2.56690295241966e-11,0.999999999974331,"effort",FALSE,25,"2026-06-03 10:58:51"
"Brown Quail","s(mean_fhd)",1.88281938612126,12.8155350608234,0,"vegetation",TRUE,1,"2026-06-03 11:00:34"
"Brown Quail","s(log1p(nightlights))",4.46758588788657,5.06574501857987,0,"other",FALSE,2,"2026-06-03 11:00:34"
"Brown Quail","s(height_cwm)",0.93788891377361,5.02969095870847,2.09003637632321e-05,"vegetation",TRUE,3,"2026-06-03 11:00:34"
"Brown Quail","s(log(duration_minutes))",1.74013718647165,5.01036248439259,8.12441760653648e-05,"other",FALSE,4,"2026-06-03 11:00:34"
"Brown Quail","s(cover)",1.79991000300573,4.86243736128807,0.000159679510001731,"vegetation",TRUE,5,"2026-06-03 11:00:34"
"Brown Quail","s(temp_annual)",5.55120713296653,4.83983078553898,0,"landscape",FALSE,6,"2026-06-03 11:00:34"
"Brown Quail","s(prop_canopy)",1.77568218345918,4.72457673010626,0.000159171590337293,"vegetation",TRUE,7,"2026-06-03 11:00:34"
"Brown Quail","s(log1p(effort_distance_km))",1.67654900347439,4.32209867856368,0.000314344410588974,"other",FALSE,8,"2026-06-03 11:00:34"
"Brown Quail","s(log(precip_annual))",1.63924782083547,1.86909593451805,1.29354759988987e-05,"other",FALSE,9,"2026-06-03 11:00:34"
"Brown Quail","s(lc_trees)",3.7880209578269,1.79463527975035,0.000375247837394066,"landscape",FALSE,10,"2026-06-03 11:00:34"
"Brown Quail","s(observer_expertise)",0.871607874247383,1.69297931429168,0.004786575393258,"effort",FALSE,11,"2026-06-03 11:00:34"
"Brown Quail","s(FDiv)",1.44895069745121,1.61326661805458,0.0290840590331908,"vegetation",TRUE,12,"2026-06-03 11:00:34"
"Brown Quail","s(LA_cwm)",1.20210845357339,1.41632177532464,0.0241277843518689,"vegetation",TRUE,13,"2026-06-03 11:00:34"
"Brown Quail","s(FRic)",1.23475017107709,0.938409286993007,0.0830723017245387,"vegetation",TRUE,14,"2026-06-03 11:00:34"
"Brown Quail","s(pielou_evenness)",1.05034306797661,0.824401748736331,0.0830845517288062,"vegetation",TRUE,15,"2026-06-03 11:00:34"
"Brown Quail","s(day_of_year)",1.69641679399834,0.635120029113212,0.0302154839635324,"effort",FALSE,16,"2026-06-03 11:00:34"
"Brown Quail","s(water_occ)",0.922371616789202,0.184656472316655,0.135516720112111,"landscape",FALSE,17,"2026-06-03 11:00:34"
"Brown Quail","s(sp_richness)",3.60813017686027e-05,1.28889266045275e-05,0.242851260389981,"vegetation",TRUE,18,"2026-06-03 11:00:34"
"Brown Quail","s(time_observations_started)",7.80453954573399e-05,8.69437846157857e-06,0.365495371395605,"effort",FALSE,19,"2026-06-03 11:00:34"
"Brown Quail","s(elevation)",3.28184485236506e-05,3.66409700696579e-06,0.308004417876638,"landscape",FALSE,20,"2026-06-03 11:00:34"
"Brown Quail","s(number_observers)",1.71679367663468e-05,2.26511400215918e-06,0.579682732262956,"effort",FALSE,21,"2026-06-03 11:00:34"
"Brown Quail","s(wooddensity_cwm)",1.41044600369005e-05,4.81261931460215e-07,0.82536275741519,"vegetation",TRUE,22,"2026-06-03 11:00:34"
"Brown Quail","s(FEve)",1.27404733256427e-05,4.31248290947941e-07,0.868459542451687,"vegetation",TRUE,23,"2026-06-03 11:00:34"
"Brown Quail","s(gini_simpson)",1.31905817766598e-05,3.00538269569431e-07,0.921482117794225,"vegetation",TRUE,24,"2026-06-03 11:00:34"
"Brown Quail","protocol_type",5,5.49499722031574e-10,1,"effort",FALSE,25,"2026-06-03 11:00:34"
"Brown-headed Honeyeater","s(observer_expertise)",0.991660761303661,28.4627477980251,0,"effort",FALSE,1,"2026-06-03 11:03:03"
"Brown-headed Honeyeater","s(log(duration_minutes))",0.983499047218574,19.5922128145542,0,"other",FALSE,2,"2026-06-03 11:03:03"
"Brown-headed Honeyeater","s(log(precip_annual))",5.62691353464984,12.0594359919978,0,"other",FALSE,3,"2026-06-03 11:03:03"
"Brown-headed Honeyeater","s(log1p(nightlights))",6.15027740419942,10.3831836939671,0,"other",FALSE,4,"2026-06-03 11:03:03"
"Brown-headed Honeyeater","s(wooddensity_cwm)",2.69474232654663,10.368523974645,0,"vegetation",TRUE,5,"2026-06-03 11:03:03"
"Brown-headed Honeyeater","s(lc_trees)",4.00555112882428,8.10848880658387,0,"landscape",FALSE,6,"2026-06-03 11:03:03"
"Brown-headed Honeyeater","s(LA_cwm)",2.75371303098421,7.75038350839233,5.44676113189979e-06,"vegetation",TRUE,7,"2026-06-03 11:03:03"
"Brown-headed Honeyeater","s(temp_annual)",3.30001703668648,5.84452611255852,0,"landscape",FALSE,8,"2026-06-03 11:03:03"
"Brown-headed Honeyeater","s(elevation)",4.08675567401245,5.68052330727288,0,"landscape",FALSE,9,"2026-06-03 11:03:03"
"Brown-headed Honeyeater","s(FEve)",1.71111081330342,4.49451437263816,0.000132116612586164,"vegetation",TRUE,10,"2026-06-03 11:03:03"
"Brown-headed Honeyeater","s(gini_simpson)",0.929860455871173,4.3963132498348,6.08355424815965e-05,"vegetation",TRUE,11,"2026-06-03 11:03:03"
"Brown-headed Honeyeater","s(FRic)",1.77661259790677,2.99472090752898,0.00498206585210026,"vegetation",TRUE,12,"2026-06-03 11:03:03"
"Brown-headed Honeyeater","s(prop_canopy)",1.70245607519254,2.9257279703666,0.00273851269409753,"vegetation",TRUE,13,"2026-06-03 11:03:03"
"Brown-headed Honeyeater","s(day_of_year)",2.83393569238309,2.44358771296752,3.65054600733883e-05,"effort",FALSE,14,"2026-06-03 11:03:03"
"Brown-headed Honeyeater","s(FDiv)",1.6127839671519,2.24117457859412,0.0114447292448665,"vegetation",TRUE,15,"2026-06-03 11:03:03"
"Brown-headed Honeyeater","s(height_cwm)",1.50913906265832,2.14961574815406,0.0105491901598369,"vegetation",TRUE,16,"2026-06-03 11:03:03"
"Brown-headed Honeyeater","s(cover)",0.864892365079873,2.12789358843711,0.00426057687592962,"vegetation",TRUE,17,"2026-06-03 11:03:03"
"Brown-headed Honeyeater","s(log1p(effort_distance_km))",0.848323939289561,1.85462818589503,0.00966108385435349,"other",FALSE,18,"2026-06-03 11:03:03"
"Brown-headed Honeyeater","s(water_occ)",0.809902134792303,0.473293400253241,0.0174009403709552,"landscape",FALSE,19,"2026-06-03 11:03:03"
"Brown-headed Honeyeater","s(mean_fhd)",0.473161835977472,0.299328309464573,0.135919803685391,"vegetation",TRUE,20,"2026-06-03 11:03:03"
"Brown-headed Honeyeater","s(time_observations_started)",0.680078044347069,0.142048273933204,0.171767400089087,"effort",FALSE,21,"2026-06-03 11:03:03"
"Brown-headed Honeyeater","s(sp_richness)",5.67771351762978e-05,1.23821792403568e-05,0.426301017853514,"vegetation",TRUE,22,"2026-06-03 11:03:03"
"Brown-headed Honeyeater","s(pielou_evenness)",4.66049048029137e-05,2.2025585808287e-06,0.797955634544747,"vegetation",TRUE,23,"2026-06-03 11:03:03"
"Brown-headed Honeyeater","s(number_observers)",2.88944262259879e-05,9.02089848933081e-07,0.862500304116753,"effort",FALSE,24,"2026-06-03 11:03:03"
"Brown-headed Honeyeater","protocol_type",1,6.71473403437798e-13,0.99999934619436,"effort",FALSE,25,"2026-06-03 11:03:03"
"Yellow-throated Scrubwren","s(log(duration_minutes))",0.986729497937745,24.4717734081071,0,"other",FALSE,1,"2026-06-03 11:04:59"
"Yellow-throated Scrubwren","s(observer_expertise)",0.988437736545962,21.2177653945743,0,"effort",FALSE,2,"2026-06-03 11:04:59"
"Yellow-throated Scrubwren","s(cover)",1.89759625434448,19.6410567793457,0,"vegetation",TRUE,3,"2026-06-03 11:04:59"
"Yellow-throated Scrubwren","s(lc_trees)",6.94868768590882,15.2126844536822,0,"landscape",FALSE,4,"2026-06-03 11:04:59"
"Yellow-throated Scrubwren","s(wooddensity_cwm)",1.92874012162044,15.0428513833781,0,"vegetation",TRUE,5,"2026-06-03 11:04:59"
"Yellow-throated Scrubwren","s(height_cwm)",2.81429504578944,14.6428813886673,0,"vegetation",TRUE,6,"2026-06-03 11:04:59"
"Yellow-throated Scrubwren","s(log1p(nightlights))",6.16204244905219,13.1120659229446,0,"other",FALSE,7,"2026-06-03 11:04:59"
"Yellow-throated Scrubwren","s(pielou_evenness)",2.4785326949877,12.8866358132165,0,"vegetation",TRUE,8,"2026-06-03 11:04:59"
"Yellow-throated Scrubwren","s(temp_annual)",6.11549645859472,12.8170408873465,0,"landscape",FALSE,9,"2026-06-03 11:04:59"
"Yellow-throated Scrubwren","s(log(precip_annual))",3.64886010411769,11.1562255455486,0,"other",FALSE,10,"2026-06-03 11:04:59"
"Yellow-throated Scrubwren","s(LA_cwm)",2.47162395733398,10.3520379001385,0,"vegetation",TRUE,11,"2026-06-03 11:04:59"
"Yellow-throated Scrubwren","s(elevation)",5.69052843938626,9.26427482917553,0,"landscape",FALSE,12,"2026-06-03 11:04:59"
"Yellow-throated Scrubwren","s(time_observations_started)",4.95258322195204,7.65733480396055,0,"effort",FALSE,13,"2026-06-03 11:04:59"
"Yellow-throated Scrubwren","s(log1p(effort_distance_km))",2.30328429150113,6.11399039388112,7.68414566052478e-05,"other",FALSE,14,"2026-06-03 11:04:59"
"Yellow-throated Scrubwren","s(prop_canopy)",1.77042796276653,5.55924827632081,3.05001388584136e-05,"vegetation",TRUE,15,"2026-06-03 11:04:59"
"Yellow-throated Scrubwren","s(water_occ)",6.01562292263086,5.47210096884323,0,"landscape",FALSE,16,"2026-06-03 11:04:59"
"Yellow-throated Scrubwren","s(gini_simpson)",1.78745088196938,5.38955512612597,1.84454080988106e-05,"vegetation",TRUE,17,"2026-06-03 11:04:59"
"Yellow-throated Scrubwren","s(sp_richness)",0.899435951985906,2.98026712028504,0.000521688749111737,"vegetation",TRUE,18,"2026-06-03 11:04:59"
"Yellow-throated Scrubwren","s(FDiv)",1.69249037472138,2.71077375389831,0.00547566212185058,"vegetation",TRUE,19,"2026-06-03 11:04:59"
"Yellow-throated Scrubwren","s(day_of_year)",2.40938373143284,1.53045119142612,0.00118863281832948,"effort",FALSE,20,"2026-06-03 11:04:59"
"Yellow-throated Scrubwren","s(FRic)",7.23385153298033e-05,2.97628879931738e-05,0.218051681469911,"vegetation",TRUE,21,"2026-06-03 11:04:59"
"Yellow-throated Scrubwren","s(FEve)",1.2130503705974e-05,5.86391457927328e-06,0.202338449071156,"vegetation",TRUE,22,"2026-06-03 11:04:59"
"Yellow-throated Scrubwren","s(mean_fhd)",1.89498384438546e-05,2.28016158753405e-06,0.593758978639624,"vegetation",TRUE,23,"2026-06-03 11:04:59"
"Yellow-throated Scrubwren","s(number_observers)",5.57746523022011e-05,1.73820923069642e-06,0.876420841540909,"effort",FALSE,24,"2026-06-03 11:04:59"
"Yellow-throated Scrubwren","protocol_type",1,3.90980103319577e-13,0.999999501102213,"effort",FALSE,25,"2026-06-03 11:04:59"
"Azure Kingfisher","s(log(duration_minutes))",0.988642682095713,28.9603533081973,0,"other",FALSE,1,"2026-06-03 11:06:56"
"Azure Kingfisher","s(wooddensity_cwm)",2.22542715649313,9.94054915187788,0,"vegetation",TRUE,2,"2026-06-03 11:06:56"
"Azure Kingfisher","s(sp_richness)",0.962032786589082,8.29456225830307,0,"vegetation",TRUE,3,"2026-06-03 11:06:56"
"Azure Kingfisher","s(observer_expertise)",0.956234641294723,5.43388065993006,1.66688223235401e-06,"effort",FALSE,4,"2026-06-03 11:06:56"
"Azure Kingfisher","s(elevation)",4.56938084623652,5.42909373285547,0,"landscape",FALSE,5,"2026-06-03 11:06:56"
"Azure Kingfisher","s(FEve)",1.8448161369749,5.15551903930557,8.09322857748818e-05,"vegetation",TRUE,6,"2026-06-03 11:06:56"
"Azure Kingfisher","s(LA_cwm)",2.13332164014013,4.64676192767668,0.000300276618014017,"vegetation",TRUE,7,"2026-06-03 11:06:56"
"Azure Kingfisher","s(lc_trees)",5.25484329859775,4.42492910160427,0,"landscape",FALSE,8,"2026-06-03 11:06:56"
"Azure Kingfisher","s(prop_canopy)",1.77188180006879,4.16848577316186,0.00015678810042119,"vegetation",TRUE,9,"2026-06-03 11:06:56"
"Azure Kingfisher","s(height_cwm)",2.44124614780314,3.2754870014303,0.00453389979622354,"vegetation",TRUE,10,"2026-06-03 11:06:56"
"Azure Kingfisher","s(gini_simpson)",1.66731029471562,3.06102517063296,0.00223672042806566,"vegetation",TRUE,11,"2026-06-03 11:06:56"
"Azure Kingfisher","s(water_occ)",0.961791365214425,2.79134218021928,3.36989937732568e-07,"landscape",FALSE,12,"2026-06-03 11:06:56"
"Azure Kingfisher","s(mean_fhd)",1.30394913995797,2.60940270140207,0.00130741604084483,"vegetation",TRUE,13,"2026-06-03 11:06:56"
"Azure Kingfisher","s(temp_annual)",3.92514553724092,2.39645804738234,1.62405486568984e-05,"landscape",FALSE,14,"2026-06-03 11:06:56"
"Azure Kingfisher","s(log(precip_annual))",4.49321087928897,2.26247381857097,0.000112061054610813,"other",FALSE,15,"2026-06-03 11:06:56"
"Azure Kingfisher","s(cover)",1.25506940687509,1.38666545682048,0.0284079433759209,"vegetation",TRUE,16,"2026-06-03 11:06:56"
"Azure Kingfisher","s(log1p(nightlights))",1.87053835734726,1.27127560564173,0.000487680747811359,"other",FALSE,17,"2026-06-03 11:06:56"
"Azure Kingfisher","s(number_observers)",0.968361506149853,0.782362860035171,0.0899256022672442,"effort",FALSE,18,"2026-06-03 11:06:56"
"Azure Kingfisher","s(day_of_year)",1.70159297735602,0.678686132540057,0.0250493857101426,"effort",FALSE,19,"2026-06-03 11:06:56"
"Azure Kingfisher","s(FDiv)",0.58831428052149,0.47545062245696,0.106162214570447,"vegetation",TRUE,20,"2026-06-03 11:06:56"
"Azure Kingfisher","s(log1p(effort_distance_km))",0.174137486890485,0.0638815083023526,0.316057061426259,"other",FALSE,21,"2026-06-03 11:06:56"
"Azure Kingfisher","s(FRic)",6.69361972311252e-05,1.08265425086896e-05,0.532421396791041,"vegetation",TRUE,22,"2026-06-03 11:06:56"
"Azure Kingfisher","s(pielou_evenness)",5.43026172540304e-05,5.86903706057989e-06,0.603201299980839,"vegetation",TRUE,23,"2026-06-03 11:06:56"
"Azure Kingfisher","protocol_type",4,1.53163344578821e-06,0.999999999995308,"effort",FALSE,24,"2026-06-03 11:06:56"
"Azure Kingfisher","s(time_observations_started)",2.69363630332616e-05,1.25411704408625e-06,0.671578462246151,"effort",FALSE,25,"2026-06-03 11:06:56"
"Yellow-throated Miner","s(log(precip_annual))",3.20468004263624,6.49779201666686,0,"other",FALSE,1,"2026-06-03 11:08:48"
"Yellow-throated Miner","s(prop_canopy)",1.50153740567531,4.80438214098934,3.48336783673187e-05,"vegetation",TRUE,2,"2026-06-03 11:08:48"
"Yellow-throated Miner","s(cover)",0.884979639933446,2.54660986361403,0.0018919774030921,"vegetation",TRUE,3,"2026-06-03 11:08:48"
"Yellow-throated Miner","s(temp_annual)",0.954548208350336,2.30662917762868,1.12382227734908e-06,"landscape",FALSE,4,"2026-06-03 11:08:48"
"Yellow-throated Miner","s(sp_richness)",0.720934952854645,0.852965366145326,0.0469431793531093,"vegetation",TRUE,5,"2026-06-03 11:08:48"
"Yellow-throated Miner","s(FDiv)",0.846388245755046,0.782615498774046,0.0539084701329098,"vegetation",TRUE,6,"2026-06-03 11:08:48"
"Yellow-throated Miner","s(lc_trees)",0.872099773777143,0.751859217671214,0.00216169644965902,"landscape",FALSE,7,"2026-06-03 11:08:48"
"Yellow-throated Miner","s(time_observations_started)",1.44633153781263,0.641815019706992,0.0183284393908238,"effort",FALSE,8,"2026-06-03 11:08:48"
"Yellow-throated Miner","s(wooddensity_cwm)",0.482965476091108,0.31073266621137,0.144335689599815,"vegetation",TRUE,9,"2026-06-03 11:08:48"
"Yellow-throated Miner","s(day_of_year)",1.08349454273256,0.251181661075721,0.128390854519905,"effort",FALSE,10,"2026-06-03 11:08:48"
"Yellow-throated Miner","s(observer_expertise)",0.361565185783514,0.14149238279032,0.203394274406405,"effort",FALSE,11,"2026-06-03 11:08:48"
"Yellow-throated Miner","s(log1p(nightlights))",0.537493066982646,0.128434678462469,0.133087989127321,"other",FALSE,12,"2026-06-03 11:08:48"
"Yellow-throated Miner","s(height_cwm)",1.24606900934292e-05,4.95902637321119e-06,0.231916213862316,"vegetation",TRUE,13,"2026-06-03 11:08:48"
"Yellow-throated Miner","s(log(duration_minutes))",1.04907209915548e-05,2.19701164947622e-06,0.466106445509978,"other",FALSE,14,"2026-06-03 11:08:48"
"Yellow-throated Miner","s(number_observers)",7.10955657333884e-06,1.36816707471154e-06,0.477768762771293,"effort",FALSE,15,"2026-06-03 11:08:48"
"Yellow-throated Miner","s(log1p(effort_distance_km))",5.28510864750654e-06,8.46411769561693e-07,0.50466634863235,"other",FALSE,16,"2026-06-03 11:08:48"
"Yellow-throated Miner","s(FRic)",5.12220504262076e-06,7.88945203900037e-07,0.417197206199647,"vegetation",TRUE,17,"2026-06-03 11:08:48"
"Yellow-throated Miner","s(pielou_evenness)",4.94748958822538e-06,6.59842041735227e-07,0.566954509722391,"vegetation",TRUE,18,"2026-06-03 11:08:48"
"Yellow-throated Miner","s(mean_fhd)",3.71512656567148e-06,5.59237233532436e-07,0.448824512374454,"vegetation",TRUE,19,"2026-06-03 11:08:48"
"Yellow-throated Miner","s(LA_cwm)",4.67375314679016e-06,4.04682047739156e-07,0.649052287038348,"vegetation",TRUE,20,"2026-06-03 11:08:48"
"Yellow-throated Miner","s(FEve)",4.63215542908735e-06,3.14927840959382e-07,0.70988916292447,"vegetation",TRUE,21,"2026-06-03 11:08:48"
"Yellow-throated Miner","s(elevation)",5.54608492426565e-06,2.63851168396851e-07,0.497167747693503,"landscape",FALSE,22,"2026-06-03 11:08:48"
"Yellow-throated Miner","s(water_occ)",3.26520409797828e-06,1.49354040589568e-07,0.572790185901752,"landscape",FALSE,23,"2026-06-03 11:08:48"
"Yellow-throated Miner","s(gini_simpson)",1.39359531181982e-06,3.14749875982244e-08,0.848036544028701,"vegetation",TRUE,24,"2026-06-03 11:08:48"
"Yellow-throated Miner","protocol_type",3,3.89853855685038e-11,1,"effort",FALSE,25,"2026-06-03 11:08:48"
"European Goldfinch","s(observer_expertise)",2.11439253073921,15.4286456734063,0,"effort",FALSE,1,"2026-06-03 11:11:16"
"European Goldfinch","s(FRic)",0.975590041927293,13.2443268524084,0,"vegetation",TRUE,2,"2026-06-03 11:11:16"
"European Goldfinch","s(lc_trees)",7.49833411334889,13.0865848343757,0,"landscape",FALSE,3,"2026-06-03 11:11:16"
"European Goldfinch","s(temp_annual)",4.92382433817838,7.01574153114391,0,"landscape",FALSE,4,"2026-06-03 11:11:16"
"European Goldfinch","s(log(duration_minutes))",1.73995826911931,5.64620495394103,3.81035560149678e-05,"other",FALSE,5,"2026-06-03 11:11:16"
"European Goldfinch","s(log(precip_annual))",5.32566660645067,4.14485469895299,0,"other",FALSE,6,"2026-06-03 11:11:16"
"European Goldfinch","s(elevation)",4.25810819644643,4.14429594346268,0,"landscape",FALSE,7,"2026-06-03 11:11:16"
"European Goldfinch","s(log1p(effort_distance_km))",1.59458699089712,4.01338847409087,0.000407882808753479,"other",FALSE,8,"2026-06-03 11:11:16"
"European Goldfinch","s(cover)",1.69796181729792,3.65474164199629,0.000750314489637027,"vegetation",TRUE,9,"2026-06-03 11:11:16"
"European Goldfinch","s(wooddensity_cwm)",1.90507124174383,3.64439860832235,0.000912985394975085,"vegetation",TRUE,10,"2026-06-03 11:11:16"
"European Goldfinch","s(water_occ)",2.3146441842643,2.72956200238716,1.33835206306276e-06,"landscape",FALSE,11,"2026-06-03 11:11:16"
"European Goldfinch","s(log1p(nightlights))",3.43245386523604,2.28160538870381,1.50573050441416e-05,"other",FALSE,12,"2026-06-03 11:11:16"
"European Goldfinch","s(FEve)",0.871447883628325,2.25887370457181,0.00254183910463956,"vegetation",TRUE,13,"2026-06-03 11:11:16"
"European Goldfinch","s(gini_simpson)",1.32913451632656,1.81067114104436,0.0117262619952779,"vegetation",TRUE,14,"2026-06-03 11:11:16"
"European Goldfinch","s(time_observations_started)",2.0629363010327,1.31220188029988,0.00167788654989987,"effort",FALSE,15,"2026-06-03 11:11:16"
"European Goldfinch","s(prop_canopy)",0.953603557931226,0.895417222993271,0.0487276335023605,"vegetation",TRUE,16,"2026-06-03 11:11:16"
"European Goldfinch","s(day_of_year)",1.43698128960961,0.397618157533727,0.0823442270573521,"effort",FALSE,17,"2026-06-03 11:11:16"
"European Goldfinch","s(sp_richness)",2.50408453746975e-05,4.60305155391653e-06,0.4527260475955,"vegetation",TRUE,18,"2026-06-03 11:11:16"
"European Goldfinch","s(FDiv)",1.03400597760963e-05,3.16222987741297e-06,0.295463193989839,"vegetation",TRUE,19,"2026-06-03 11:11:16"
"European Goldfinch","s(number_observers)",1.65646614578648e-05,1.89649040908842e-06,0.6167008403888,"effort",FALSE,20,"2026-06-03 11:11:16"
"European Goldfinch","s(pielou_evenness)",1.07273075396819e-05,1.1352675782968e-06,0.557448756770267,"vegetation",TRUE,21,"2026-06-03 11:11:16"
"European Goldfinch","s(mean_fhd)",7.08749095584627e-06,4.13455729990753e-07,0.677257327257439,"vegetation",TRUE,22,"2026-06-03 11:11:16"
"European Goldfinch","s(LA_cwm)",5.01407844169621e-06,2.55689886825613e-07,0.748379235585966,"vegetation",TRUE,23,"2026-06-03 11:11:16"
"European Goldfinch","s(height_cwm)",5.49334026554553e-06,1.78107791015264e-07,0.884937012244599,"vegetation",TRUE,24,"2026-06-03 11:11:16"
"European Goldfinch","protocol_type",3,1.90794334625380e-09,0.999999999999885,"effort",FALSE,25,"2026-06-03 11:11:16"
"Black Kite","s(log(duration_minutes))",0.956375172513269,7.30596788982053,1.25636323489164e-06,"other",FALSE,1,"2026-06-03 11:12:57"
"Black Kite","s(sp_richness)",1.86237025239405,6.97733055068512,6.27642043626864e-06,"vegetation",TRUE,2,"2026-06-03 11:12:57"
"Black Kite","s(log(precip_annual))",2.73946782767452,6.04980960258111,0,"other",FALSE,3,"2026-06-03 11:12:57"
"Black Kite","s(lc_trees)",0.981766284345047,5.90680588635138,0,"landscape",FALSE,4,"2026-06-03 11:12:57"
"Black Kite","s(temp_annual)",1.77192406356684,4.49647176825443,0,"landscape",FALSE,5,"2026-06-03 11:12:57"
"Black Kite","s(wooddensity_cwm)",1.6520949826352,2.71014028843114,0.00564946740036798,"vegetation",TRUE,6,"2026-06-03 11:12:57"
"Black Kite","s(cover)",0.869053666239749,2.18100073823128,0.0036137486923522,"vegetation",TRUE,7,"2026-06-03 11:12:57"
"Black Kite","s(water_occ)",1.88685467305324,1.90388567358454,3.58227365475638e-05,"landscape",FALSE,8,"2026-06-03 11:12:57"
"Black Kite","s(log1p(nightlights))",2.14416835537902,1.55337267089724,0.000215985599378632,"other",FALSE,9,"2026-06-03 11:12:57"
"Black Kite","s(time_observations_started)",2.12733902026934,0.872257091630595,0.0178544257035708,"effort",FALSE,10,"2026-06-03 11:12:57"
"Black Kite","s(day_of_year)",1.37274378609611,0.381656977611527,0.0854320949593861,"effort",FALSE,11,"2026-06-03 11:12:57"
"Black Kite","s(number_observers)",0.482024306929298,0.310156849926679,0.160342414309997,"effort",FALSE,12,"2026-06-03 11:12:57"
"Black Kite","s(height_cwm)",0.448056741580566,0.210890421122324,0.216352400719548,"vegetation",TRUE,13,"2026-06-03 11:12:57"
"Black Kite","s(observer_expertise)",0.425269980017838,0.184631252510002,0.18275559868142,"effort",FALSE,14,"2026-06-03 11:12:57"
"Black Kite","s(FDiv)",0.149747389513233,0.0586760902077887,0.267182064716066,"vegetation",TRUE,15,"2026-06-03 11:12:57"
"Black Kite","s(pielou_evenness)",2.44824388860434e-05,5.77461497484357e-06,0.442528487962748,"vegetation",TRUE,16,"2026-06-03 11:12:57"
"Black Kite","s(prop_canopy)",1.38165222007847e-05,3.90535306326297e-06,0.335655816370937,"vegetation",TRUE,17,"2026-06-03 11:12:57"
"Black Kite","s(FRic)",1.17334771471662e-05,3.59579442726736e-06,0.316155852894569,"vegetation",TRUE,18,"2026-06-03 11:12:57"
"Black Kite","s(log1p(effort_distance_km))",1.25541041220617e-05,1.9456141495688e-06,0.562086878283172,"other",FALSE,19,"2026-06-03 11:12:57"
"Black Kite","s(elevation)",2.04029948285353e-05,1.27199161981561e-06,0.409234910439458,"landscape",FALSE,20,"2026-06-03 11:12:57"
"Black Kite","s(FEve)",1.17372249678979e-05,1.16888172836485e-06,0.645515664481587,"vegetation",TRUE,21,"2026-06-03 11:12:57"
"Black Kite","s(LA_cwm)",1.10512594661163e-05,1.12151682095934e-06,0.663465880781146,"vegetation",TRUE,22,"2026-06-03 11:12:57"
"Black Kite","s(mean_fhd)",9.70691104591068e-06,5.58477660257372e-07,0.72080987258798,"vegetation",TRUE,23,"2026-06-03 11:12:57"
"Black Kite","s(gini_simpson)",1.11700219609313e-05,4.38894867959506e-07,0.858548646067414,"vegetation",TRUE,24,"2026-06-03 11:12:57"
"Black Kite","protocol_type",2,3.88306306346586e-13,0.999999999999612,"effort",FALSE,25,"2026-06-03 11:12:57"
"Rose Robin","s(log(duration_minutes))",0.990667712270567,35.1255550993957,0,"other",FALSE,1,"2026-06-03 11:15:17"
"Rose Robin","s(day_of_year)",6.2420067640728,30.8519355704706,0,"effort",FALSE,2,"2026-06-03 11:15:17"
"Rose Robin","s(observer_expertise)",2.33236543571292,27.1908630423802,0,"effort",FALSE,3,"2026-06-03 11:15:17"
"Rose Robin","s(wooddensity_cwm)",2.404209711776,18.2416626692257,0,"vegetation",TRUE,4,"2026-06-03 11:15:17"
"Rose Robin","s(sp_richness)",2.48656207500687,16.6417919016634,0,"vegetation",TRUE,5,"2026-06-03 11:15:17"
"Rose Robin","s(LA_cwm)",1.91294322478794,11.4310418107502,0,"vegetation",TRUE,6,"2026-06-03 11:15:17"
"Rose Robin","s(lc_trees)",7.00763697667442,11.2571766539292,0,"landscape",FALSE,7,"2026-06-03 11:15:17"
"Rose Robin","s(cover)",2.54268833644306,6.49936381849693,4.47031251298302e-05,"vegetation",TRUE,8,"2026-06-03 11:15:17"
"Rose Robin","s(elevation)",5.61991766617954,6.26324378496466,0,"landscape",FALSE,9,"2026-06-03 11:15:17"
"Rose Robin","s(log1p(nightlights))",7.05927642195825,6.01840366664085,0,"other",FALSE,10,"2026-06-03 11:15:17"
"Rose Robin","s(time_observations_started)",3.17089832434553,5.17817237733211,0,"effort",FALSE,11,"2026-06-03 11:15:17"
"Rose Robin","s(log(precip_annual))",4.58177619966557,4.61057767388754,0,"other",FALSE,12,"2026-06-03 11:15:17"
"Rose Robin","s(pielou_evenness)",0.932256546022713,4.58419392164039,7.70833391117165e-06,"vegetation",TRUE,13,"2026-06-03 11:15:17"
"Rose Robin","s(water_occ)",0.972784684855017,3.95751163298699,0,"landscape",FALSE,14,"2026-06-03 11:15:17"
"Rose Robin","s(gini_simpson)",2.28906731185483,3.94670445991616,0.00102341223547187,"vegetation",TRUE,15,"2026-06-03 11:15:17"
"Rose Robin","s(FRic)",0.884746187225827,2.55423977103875,0.0022157937670978,"vegetation",TRUE,16,"2026-06-03 11:15:17"
"Rose Robin","s(FEve)",0.827800383028123,1.59903006356123,0.0138836662723921,"vegetation",TRUE,17,"2026-06-03 11:15:17"
"Rose Robin","s(temp_annual)",2.31030233726291,1.22229219563116,0.00176411457853143,"landscape",FALSE,18,"2026-06-03 11:15:17"
"Rose Robin","s(height_cwm)",0.288973145965007,0.135444678328582,0.221845831465148,"vegetation",TRUE,19,"2026-06-03 11:15:17"
"Rose Robin","s(mean_fhd)",0.000130381057596691,3.11566351783864e-05,0.424460770428751,"vegetation",TRUE,20,"2026-06-03 11:15:17"
"Rose Robin","s(FDiv)",8.4698305176598e-05,8.42030955585462e-06,0.641480010257701,"vegetation",TRUE,21,"2026-06-03 11:15:17"
"Rose Robin","s(log1p(effort_distance_km))",7.41101667872738e-05,7.50961764992819e-06,0.686012302180176,"other",FALSE,22,"2026-06-03 11:15:17"
"Rose Robin","s(prop_canopy)",3.76399773448379e-05,7.75902123593827e-07,0.928436273995455,"vegetation",TRUE,23,"2026-06-03 11:15:17"
"Rose Robin","s(number_observers)",4.80725410337372e-05,6.90333578787415e-07,0.950185534478845,"effort",FALSE,24,"2026-06-03 11:15:17"
"Rose Robin","protocol_type",2,1.5859363638869e-11,0.999999999984141,"effort",FALSE,25,"2026-06-03 11:15:17"
"Eastern Shrike-tit","s(log(duration_minutes))",0.991082209861051,36.9789528088512,0,"other",FALSE,1,"2026-06-03 11:17:04"
"Eastern Shrike-tit","s(observer_expertise)",2.51627656153226,24.940088679692,0,"effort",FALSE,2,"2026-06-03 11:17:04"
"Eastern Shrike-tit","s(log1p(nightlights))",6.85189568012515,12.433601229745,0,"other",FALSE,3,"2026-06-03 11:17:04"
"Eastern Shrike-tit","s(gini_simpson)",2.53587630278914,9.11600796346859,3.23842360594462e-07,"vegetation",TRUE,4,"2026-06-03 11:17:04"
"Eastern Shrike-tit","s(mean_fhd)",1.88717256761144,8.6317461014671,3.97812091712524e-07,"vegetation",TRUE,5,"2026-06-03 11:17:04"
"Eastern Shrike-tit","s(sp_richness)",1.83533863238929,8.1541848975565,6.53611946677124e-07,"vegetation",TRUE,6,"2026-06-03 11:17:04"
"Eastern Shrike-tit","s(cover)",1.82850925187541,7.883442002892,1.59796458287786e-06,"vegetation",TRUE,7,"2026-06-03 11:17:04"
"Eastern Shrike-tit","s(log(precip_annual))",6.1102279008786,7.63242251134934,0,"other",FALSE,8,"2026-06-03 11:17:04"
"Eastern Shrike-tit","s(height_cwm)",1.85454043760639,7.02341810045853,3.1859545372992e-06,"vegetation",TRUE,9,"2026-06-03 11:17:04"
"Eastern Shrike-tit","s(temp_annual)",5.58385986345974,6.41923948396435,0,"landscape",FALSE,10,"2026-06-03 11:17:04"
"Eastern Shrike-tit","s(FRic)",1.74940916212489,4.80866638590725,0.00014132230434416,"vegetation",TRUE,11,"2026-06-03 11:17:04"
"Eastern Shrike-tit","s(elevation)",4.89633615118547,2.61254914375839,3.36580675555087e-05,"landscape",FALSE,12,"2026-06-03 11:17:04"
"Eastern Shrike-tit","s(wooddensity_cwm)",1.67002015850306,2.56315675694501,0.00658713706073,"vegetation",TRUE,13,"2026-06-03 11:17:04"
"Eastern Shrike-tit","s(lc_trees)",4.22890964777704,2.36631130218059,6.59450159529174e-05,"landscape",FALSE,14,"2026-06-03 11:17:04"
"Eastern Shrike-tit","s(FEve)",1.11375530268682,1.27879821676971,0.0254791386909826,"vegetation",TRUE,15,"2026-06-03 11:17:04"
"Eastern Shrike-tit","s(time_observations_started)",1.93516000369272,1.14422213484271,0.00368251145792997,"effort",FALSE,16,"2026-06-03 11:17:04"
"Eastern Shrike-tit","s(FDiv)",0.702596456001081,0.462632440083258,0.117507583869872,"vegetation",TRUE,17,"2026-06-03 11:17:04"
"Eastern Shrike-tit","s(water_occ)",0.626374593769203,0.186156038544387,0.0961330898777029,"landscape",FALSE,18,"2026-06-03 11:17:04"
"Eastern Shrike-tit","s(log1p(effort_distance_km))",0.000202516460648521,5.56221229984802e-05,0.372696461283093,"other",FALSE,19,"2026-06-03 11:17:04"
"Eastern Shrike-tit","s(pielou_evenness)",0.000120848091010174,2.51585852308541e-05,0.440838934164386,"vegetation",TRUE,20,"2026-06-03 11:17:04"
"Eastern Shrike-tit","s(prop_canopy)",6.94682751754495e-05,8.96850547901099e-06,0.521201364238603,"vegetation",TRUE,21,"2026-06-03 11:17:04"
"Eastern Shrike-tit","s(LA_cwm)",7.99475443590589e-05,8.85638754771613e-06,0.645686281752802,"vegetation",TRUE,22,"2026-06-03 11:17:04"
"Eastern Shrike-tit","s(number_observers)",5.88173066131507e-05,2.92755991230848e-06,0.832823838549927,"effort",FALSE,23,"2026-06-03 11:17:04"
"Eastern Shrike-tit","s(day_of_year)",2.44046200317169e-05,1.43208548489774e-06,0.649956367914995,"effort",FALSE,24,"2026-06-03 11:17:04"
"Eastern Shrike-tit","protocol_type",2,9.0701121251128e-12,0.99999999999093,"effort",FALSE,25,"2026-06-03 11:17:04"
"Sahul Cicadabird","s(observer_expertise)",2.23116636832603,24.8268851472064,0,"effort",FALSE,1,"2026-06-03 11:18:48"
"Sahul Cicadabird","s(log(duration_minutes))",0.983047453094898,19.2889080878044,0,"other",FALSE,2,"2026-06-03 11:18:48"
"Sahul Cicadabird","s(day_of_year)",5.29608976841925,17.4824444129118,0,"effort",FALSE,3,"2026-06-03 11:18:48"
"Sahul Cicadabird","s(LA_cwm)",2.83024389343294,9.15396183525771,7.08514675817895e-08,"vegetation",TRUE,4,"2026-06-03 11:18:48"
"Sahul Cicadabird","s(prop_canopy)",1.82877355484228,6.78704598620046,5.39121616238702e-06,"vegetation",TRUE,5,"2026-06-03 11:18:48"
"Sahul Cicadabird","s(log1p(nightlights))",4.13571749278282,6.15804246109888,0,"other",FALSE,6,"2026-06-03 11:18:48"
"Sahul Cicadabird","s(temp_annual)",3.51322369217166,5.35233006743095,0,"landscape",FALSE,7,"2026-06-03 11:18:48"
"Sahul Cicadabird","s(lc_trees)",2.54878785363044,3.62807767270623,0,"landscape",FALSE,8,"2026-06-03 11:18:48"
"Sahul Cicadabird","s(FRic)",1.69141491048528,3.09083715446349,0.00125565501146863,"vegetation",TRUE,9,"2026-06-03 11:18:48"
"Sahul Cicadabird","s(water_occ)",3.56133781796777,2.77898777657456,7.13436206045692e-06,"landscape",FALSE,10,"2026-06-03 11:18:48"
"Sahul Cicadabird","s(mean_fhd)",0.880322121691927,2.45173019342652,0.00175821167272716,"vegetation",TRUE,11,"2026-06-03 11:18:48"
"Sahul Cicadabird","s(gini_simpson)",1.44536297884467,2.05127963601905,0.0066419218667948,"vegetation",TRUE,12,"2026-06-03 11:18:48"
"Sahul Cicadabird","s(pielou_evenness)",0.859271011003951,2.03044418019632,0.00390757733729252,"vegetation",TRUE,13,"2026-06-03 11:18:48"
"Sahul Cicadabird","s(log(precip_annual))",3.71442635352115,1.60004426181819,0.00115876397375381,"other",FALSE,14,"2026-06-03 11:18:48"
"Sahul Cicadabird","s(elevation)",1.90422600371844,0.768625709979827,0.00964998006757845,"landscape",FALSE,15,"2026-06-03 11:18:48"
"Sahul Cicadabird","s(FDiv)",0.882857178442548,0.768278855285817,0.0692507518481362,"vegetation",TRUE,16,"2026-06-03 11:18:48"
"Sahul Cicadabird","s(sp_richness)",0.496289459751191,0.23274033670737,0.196292442122023,"vegetation",TRUE,17,"2026-06-03 11:18:48"
"Sahul Cicadabird","s(cover)",0.437849430905033,0.194159684455804,0.234279458051196,"vegetation",TRUE,18,"2026-06-03 11:18:48"
"Sahul Cicadabird","s(time_observations_started)",0.333230787194511,0.0527515205945904,0.262362731366348,"effort",FALSE,19,"2026-06-03 11:18:48"
"Sahul Cicadabird","s(wooddensity_cwm)",3.39011540300705e-05,2.71006693873763e-06,0.691508567160856,"vegetation",TRUE,20,"2026-06-03 11:18:48"
"Sahul Cicadabird","s(FEve)",3.12090930859081e-05,2.52920424022445e-06,0.721723869448155,"vegetation",TRUE,21,"2026-06-03 11:18:48"
"Sahul Cicadabird","s(log1p(effort_distance_km))",3.32917611990725e-05,1.86488504372788e-06,0.811989885371157,"other",FALSE,22,"2026-06-03 11:18:48"
"Sahul Cicadabird","s(number_observers)",3.02145643405972e-05,1.85676106163946e-06,0.787875120577641,"effort",FALSE,23,"2026-06-03 11:18:48"
"Sahul Cicadabird","s(height_cwm)",2.56408681945024e-05,5.86017276918535e-07,0.918044429392083,"vegetation",TRUE,24,"2026-06-03 11:18:48"
"Sahul Cicadabird","protocol_type",4,3.71330762342604e-07,0.999999999999724,"effort",FALSE,25,"2026-06-03 11:18:48"
"Singing Honeyeater","s(log(duration_minutes))",0.935738235796029,4.85363002209318,4.82559397809723e-05,"other",FALSE,1,"2026-06-03 11:20:33"
"Singing Honeyeater","s(log(precip_annual))",4.1604525277246,4.31684435825865,0,"other",FALSE,2,"2026-06-03 11:20:33"
"Singing Honeyeater","s(FRic)",1.2337174783475,2.97868405855239,0.00183474037755982,"vegetation",TRUE,3,"2026-06-03 11:20:33"
"Singing Honeyeater","s(mean_fhd)",1.20003748365488,2.80319297270716,0.000827850657186491,"vegetation",TRUE,4,"2026-06-03 11:20:33"
"Singing Honeyeater","s(FDiv)",1.43694384803154,2.71495859705912,0.00235863116077717,"vegetation",TRUE,5,"2026-06-03 11:20:33"
"Singing Honeyeater","s(temp_annual)",0.95374770600706,2.2881125495728,1.01917626327275e-06,"landscape",FALSE,6,"2026-06-03 11:20:33"
"Singing Honeyeater","s(height_cwm)",1.6255857911744,1.90533993335822,0.0227745237687834,"vegetation",TRUE,7,"2026-06-03 11:20:33"
"Singing Honeyeater","s(FEve)",1.40273855291758,1.13896267289792,0.075700507633223,"vegetation",TRUE,8,"2026-06-03 11:20:33"
"Singing Honeyeater","s(day_of_year)",2.25170510370776,0.72969890420723,0.0408964121199684,"effort",FALSE,9,"2026-06-03 11:20:33"
"Singing Honeyeater","s(log1p(nightlights))",1.37968206922834,0.714756850710626,0.00737247004636277,"other",FALSE,10,"2026-06-03 11:20:33"
"Singing Honeyeater","s(number_observers)",0.448969416625662,0.271500731484204,0.172462478158933,"effort",FALSE,11,"2026-06-03 11:20:33"
"Singing Honeyeater","s(prop_canopy)",0.450684260105886,0.222596270159858,0.114188407899193,"vegetation",TRUE,12,"2026-06-03 11:20:33"
"Singing Honeyeater","s(time_observations_started)",0.823859633807405,0.197632514503274,0.129463526968336,"effort",FALSE,13,"2026-06-03 11:20:33"
"Singing Honeyeater","s(wooddensity_cwm)",5.48327491750584e-06,1.20669724843106e-06,0.415780097509821,"vegetation",TRUE,14,"2026-06-03 11:20:33"
"Singing Honeyeater","s(LA_cwm)",4.76345704458588e-06,7.90814158261109e-07,0.485353468951655,"vegetation",TRUE,15,"2026-06-03 11:20:33"
"Singing Honeyeater","s(gini_simpson)",2.38015476087649e-06,1.93429711576884e-07,0.660675790421337,"vegetation",TRUE,16,"2026-06-03 11:20:33"
"Singing Honeyeater","s(lc_trees)",3.7205249660233e-06,1.83922902278756e-07,0.574702138042435,"landscape",FALSE,17,"2026-06-03 11:20:33"
"Singing Honeyeater","s(pielou_evenness)",2.36179913858435e-06,1.69639896553292e-07,0.714643777336186,"vegetation",TRUE,18,"2026-06-03 11:20:33"
"Singing Honeyeater","s(observer_expertise)",3.40720171633335e-06,1.33951281504566e-07,0.776716891005997,"effort",FALSE,19,"2026-06-03 11:20:33"
"Singing Honeyeater","s(sp_richness)",2.02155043794913e-06,9.47963474633137e-08,0.787285419779867,"vegetation",TRUE,20,"2026-06-03 11:20:33"
"Singing Honeyeater","s(elevation)",3.18561344731683e-06,6.30296930978401e-08,0.696145876408613,"landscape",FALSE,21,"2026-06-03 11:20:33"
"Singing Honeyeater","s(log1p(effort_distance_km))",2.24318646918801e-06,4.64900598580642e-08,0.925088171901306,"other",FALSE,22,"2026-06-03 11:20:33"
"Singing Honeyeater","s(cover)",2.74849816191629e-06,2.24255317491311e-08,0.978572177466072,"vegetation",TRUE,23,"2026-06-03 11:20:33"
"Singing Honeyeater","s(water_occ)",1.14598843175941e-06,7.20888939251706e-09,0.899750759740009,"landscape",FALSE,24,"2026-06-03 11:20:33"
"Singing Honeyeater","protocol_type",4,5.97060503684019e-10,1,"effort",FALSE,25,"2026-06-03 11:20:33"
"Little Lorikeet","s(observer_expertise)",0.993137237722074,36.0932735766825,0,"effort",FALSE,1,"2026-06-03 11:22:09"
"Little Lorikeet","s(log1p(nightlights))",5.7036323042667,19.4013802594385,0,"other",FALSE,2,"2026-06-03 11:22:09"
"Little Lorikeet","s(log(duration_minutes))",1.47034050239561,15.6919277856823,0,"other",FALSE,3,"2026-06-03 11:22:09"
"Little Lorikeet","s(height_cwm)",2.18153966144772,15.6633795086427,0,"vegetation",TRUE,4,"2026-06-03 11:22:09"
"Little Lorikeet","s(temp_annual)",5.13122030724174,13.5822919600314,0,"landscape",FALSE,5,"2026-06-03 11:22:09"
"Little Lorikeet","s(log(precip_annual))",5.66532969891464,13.2688294008893,0,"other",FALSE,6,"2026-06-03 11:22:09"
"Little Lorikeet","s(FRic)",0.946126785638309,5.75598615606306,9.37568768588637e-06,"vegetation",TRUE,7,"2026-06-03 11:22:09"
"Little Lorikeet","s(water_occ)",7.18411412125051,5.2693667856619,0,"landscape",FALSE,8,"2026-06-03 11:22:09"
"Little Lorikeet","s(FDiv)",1.8074364129471,5.25875148310395,4.43069623359271e-05,"vegetation",TRUE,9,"2026-06-03 11:22:09"
"Little Lorikeet","s(time_observations_started)",6.16910220169433,5.21675440014442,0,"effort",FALSE,10,"2026-06-03 11:22:09"
"Little Lorikeet","s(day_of_year)",4.20352355841361,4.38596520649443,0,"effort",FALSE,11,"2026-06-03 11:22:09"
"Little Lorikeet","s(prop_canopy)",2.16989837721263,4.14489212277899,0.000828235597388205,"vegetation",TRUE,12,"2026-06-03 11:22:09"
"Little Lorikeet","s(wooddensity_cwm)",1.457151338988,3.62401380360847,0.000497077844725524,"vegetation",TRUE,13,"2026-06-03 11:22:09"
"Little Lorikeet","s(cover)",1.24742445654312,1.25830909383095,0.0394926449661412,"vegetation",TRUE,14,"2026-06-03 11:22:09"
"Little Lorikeet","s(FEve)",1.06890778571883,1.08967303224702,0.037439620052745,"vegetation",TRUE,15,"2026-06-03 11:22:09"
"Little Lorikeet","s(pielou_evenness)",0.651111486195172,0.621976692337394,0.0698051001335325,"vegetation",TRUE,16,"2026-06-03 11:22:09"
"Little Lorikeet","s(elevation)",1.7471022674818,0.611208841248918,0.0193379471107146,"landscape",FALSE,17,"2026-06-03 11:22:09"
"Little Lorikeet","s(lc_trees)",0.372017331466806,0.065810252009985,0.188228816275392,"landscape",FALSE,18,"2026-06-03 11:22:09"
"Little Lorikeet","s(number_observers)",0.0257387658438204,0.00880311505190273,0.307604345621003,"effort",FALSE,19,"2026-06-03 11:22:09"
"Little Lorikeet","s(gini_simpson)",4.70061301839278e-05,9.4047367573064e-06,0.367523313772911,"vegetation",TRUE,20,"2026-06-03 11:22:09"
"Little Lorikeet","s(mean_fhd)",5.17222100302624e-05,7.1451494270708e-06,0.477504494406298,"vegetation",TRUE,21,"2026-06-03 11:22:09"
"Little Lorikeet","s(log1p(effort_distance_km))",4.47298943793453e-05,4.2735376809481e-06,0.629200099386765,"other",FALSE,22,"2026-06-03 11:22:09"
"Little Lorikeet","s(LA_cwm)",4.66177773775068e-05,3.52056906580138e-06,0.714793418592588,"vegetation",TRUE,23,"2026-06-03 11:22:09"
"Little Lorikeet","s(sp_richness)",3.82178235416137e-05,1.73863286270729e-06,0.849378981330017,"vegetation",TRUE,24,"2026-06-03 11:22:09"
"Little Lorikeet","protocol_type",2,1.1970752979048e-11,0.999999999988029,"effort",FALSE,25,"2026-06-03 11:22:09"
"Brown Falcon","s(log1p(effort_distance_km))",0.931377320544574,4.48521267753523,6.39199065998186e-05,"other",FALSE,1,"2026-06-03 11:23:42"
"Brown Falcon","s(height_cwm)",2.66711057441123,4.48207481903453,0.0016270064764472,"vegetation",TRUE,2,"2026-06-03 11:23:42"
"Brown Falcon","s(observer_expertise)",2.29799983134399,3.23372111445765,0.00102096345099456,"effort",FALSE,3,"2026-06-03 11:23:42"
"Brown Falcon","s(log1p(nightlights))",0.959890393672138,2.65375621973119,6.33316431963848e-07,"other",FALSE,4,"2026-06-03 11:23:42"
"Brown Falcon","s(water_occ)",3.2423909849689,1.49036807105274,0.00183065202997279,"landscape",FALSE,5,"2026-06-03 11:23:42"
"Brown Falcon","s(lc_trees)",0.911110298143221,1.13694608918148,0.000643011366870061,"landscape",FALSE,6,"2026-06-03 11:23:42"
"Brown Falcon","s(temp_annual)",1.1482328686604,0.841512398746093,0.00158376541247451,"landscape",FALSE,7,"2026-06-03 11:23:42"
"Brown Falcon","s(log(precip_annual))",0.876629051823261,0.787316661045638,0.00185411222700582,"other",FALSE,8,"2026-06-03 11:23:42"
"Brown Falcon","s(wooddensity_cwm)",0.880899546685128,0.779408822521074,0.0635872241568904,"vegetation",TRUE,9,"2026-06-03 11:23:42"
"Brown Falcon","s(time_observations_started)",1.96983739460183,0.747805412261617,0.028728941118027,"effort",FALSE,10,"2026-06-03 11:23:42"
"Brown Falcon","s(gini_simpson)",0.63210665575707,0.572614808394843,0.0906466403966739,"vegetation",TRUE,11,"2026-06-03 11:23:42"
"Brown Falcon","s(number_observers)",0.691649062087256,0.427376659364141,0.153201545536968,"effort",FALSE,12,"2026-06-03 11:23:42"
"Brown Falcon","s(elevation)",1.34929738959721,0.382604838911161,0.0507038560414462,"landscape",FALSE,13,"2026-06-03 11:23:42"
"Brown Falcon","s(log(duration_minutes))",0.401703065045139,0.222507647402572,0.188275621210366,"other",FALSE,14,"2026-06-03 11:23:42"
"Brown Falcon","s(LA_cwm)",2.15507419480891e-05,3.49422116357998e-06,0.5059139545769,"vegetation",TRUE,15,"2026-06-03 11:23:42"
"Brown Falcon","s(FEve)",2.02128977285223e-05,3.00756746885614e-06,0.520438838956769,"vegetation",TRUE,16,"2026-06-03 11:23:42"
"Brown Falcon","s(sp_richness)",2.2053600018645e-05,2.77403099498874e-06,0.588743572118614,"vegetation",TRUE,17,"2026-06-03 11:23:42"
"Brown Falcon","s(prop_canopy)",1.48190864400734e-05,6.04775421630689e-07,0.790552067967431,"vegetation",TRUE,18,"2026-06-03 11:23:42"
"Brown Falcon","s(FDiv)",9.26799145210118e-06,4.17677329633902e-07,0.800142549222657,"vegetation",TRUE,19,"2026-06-03 11:23:42"
"Brown Falcon","s(cover)",9.44429549248382e-06,3.95642456935257e-07,0.860271953180977,"vegetation",TRUE,20,"2026-06-03 11:23:42"
"Brown Falcon","s(mean_fhd)",1.1990828796761e-05,3.46106928895682e-07,0.849658129127932,"vegetation",TRUE,21,"2026-06-03 11:23:42"
"Brown Falcon","s(pielou_evenness)",1.02122819541212e-05,2.00664806395756e-07,0.936249779548851,"vegetation",TRUE,22,"2026-06-03 11:23:42"
"Brown Falcon","s(day_of_year)",5.30495629920241e-06,1.43143046994151e-07,0.854532040080343,"effort",FALSE,23,"2026-06-03 11:23:42"
"Brown Falcon","s(FRic)",1.11562992683853e-05,9.34456147133897e-08,0.952872249756621,"vegetation",TRUE,24,"2026-06-03 11:23:42"
"Brown Falcon","protocol_type",3,1.53178092891275e-08,0.99999999999738,"effort",FALSE,25,"2026-06-03 11:23:42"
"Australian Ringneck","s(temp_annual)",0.982651356487688,7.07681687464081,0,"landscape",FALSE,1,"2026-06-03 11:27:10"
"Australian Ringneck","s(lc_trees)",0.97532304957361,4.38963107779243,0,"landscape",FALSE,2,"2026-06-03 11:27:10"
"Australian Ringneck","s(height_cwm)",0.928014525611532,4.29682113909828,0.00011355879436481,"vegetation",TRUE,3,"2026-06-03 11:27:10"
"Australian Ringneck","s(log(precip_annual))",0.971552793047842,3.79046260100727,0,"other",FALSE,4,"2026-06-03 11:27:10"
"Australian Ringneck","s(FEve)",0.909320307628271,3.34244014011555,0.000387639152194752,"vegetation",TRUE,5,"2026-06-03 11:27:10"
"Australian Ringneck","s(time_observations_started)",4.83061661979791,3.21685042023822,1.63990354142829e-05,"effort",FALSE,6,"2026-06-03 11:27:10"
"Australian Ringneck","s(elevation)",2.66747301681547,2.94789683982849,3.28831926754702e-06,"landscape",FALSE,7,"2026-06-03 11:27:10"
"Australian Ringneck","s(FDiv)",1.13407424252639,2.03161156983583,0.00568067646348791,"vegetation",TRUE,8,"2026-06-03 11:27:10"
"Australian Ringneck","s(wooddensity_cwm)",1.22785954442924,1.64370754561076,0.0173888951755479,"vegetation",TRUE,9,"2026-06-03 11:27:10"
"Australian Ringneck","s(day_of_year)",2.0309968935758,1.15778094101951,0.00342874454228537,"effort",FALSE,10,"2026-06-03 11:27:10"
"Australian Ringneck","s(log1p(effort_distance_km))",1.01850268137263,0.960839620550663,0.0566231119820816,"other",FALSE,11,"2026-06-03 11:27:10"
"Australian Ringneck","s(pielou_evenness)",0.723272674814829,0.871201834006228,0.0487284922199653,"vegetation",TRUE,12,"2026-06-03 11:27:10"
"Australian Ringneck","s(water_occ)",2.32974883299249e-05,2.13837717667782e-06,0.34173405965609,"landscape",FALSE,13,"2026-06-03 11:27:10"
"Australian Ringneck","s(sp_richness)",5.6406201717325e-06,1.1143890989265e-06,0.438701919435025,"vegetation",TRUE,14,"2026-06-03 11:27:10"
"Australian Ringneck","s(FRic)",5.59066257422464e-06,4.40643053445393e-07,0.629074588703512,"vegetation",TRUE,15,"2026-06-03 11:27:10"
"Australian Ringneck","s(log(duration_minutes))",5.43701692514256e-06,3.39006509517289e-07,0.789085588894683,"other",FALSE,16,"2026-06-03 11:27:10"
"Australian Ringneck","s(LA_cwm)",5.28195299431486e-06,2.50190643258152e-07,0.732670687140768,"vegetation",TRUE,17,"2026-06-03 11:27:10"
"Australian Ringneck","s(prop_canopy)",4.00370849949903e-06,2.32348869585925e-07,0.707180096552039,"vegetation",TRUE,18,"2026-06-03 11:27:10"
"Australian Ringneck","s(cover)",5.59135582367058e-06,1.91076118910057e-07,0.879437463779242,"vegetation",TRUE,19,"2026-06-03 11:27:10"
"Australian Ringneck","s(mean_fhd)",4.19297826687431e-06,9.14417469023923e-08,0.866439771055156,"vegetation",TRUE,20,"2026-06-03 11:27:10"
"Australian Ringneck","s(gini_simpson)",4.22896486206137e-06,7.95648087677636e-08,0.901315093204649,"vegetation",TRUE,21,"2026-06-03 11:27:10"
"Australian Ringneck","s(observer_expertise)",5.17681422257887e-06,7.32818970594658e-08,0.905589247688474,"effort",FALSE,22,"2026-06-03 11:27:10"
"Australian Ringneck","s(log1p(nightlights))",1.37061577804649e-06,3.66227598311026e-08,0.62082576526626,"other",FALSE,23,"2026-06-03 11:27:10"
"Australian Ringneck","s(number_observers)",3.0980551329953e-06,1.57946799266833e-08,0.980592438466475,"effort",FALSE,24,"2026-06-03 11:27:10"
"Australian Ringneck","protocol_type",3,3.44174316080411e-11,1,"effort",FALSE,25,"2026-06-03 11:27:10"
"White-winged Triller","s(day_of_year)",5.09190733643971,12.0099147410491,0,"effort",FALSE,1,"2026-06-03 11:29:47"
"White-winged Triller","s(log(duration_minutes))",0.952527257930296,6.66136394141826,1.49132233984162e-06,"other",FALSE,2,"2026-06-03 11:29:47"
"White-winged Triller","s(wooddensity_cwm)",2.42122021604571,5.23438532592837,0.000222612918867049,"vegetation",TRUE,3,"2026-06-03 11:29:47"
"White-winged Triller","s(observer_expertise)",1.0099220500188,5.19542681260612,2.26554377158461e-06,"effort",FALSE,4,"2026-06-03 11:29:47"
"White-winged Triller","s(FRic)",0.932673785261063,4.44184500287846,6.25593217957743e-05,"vegetation",TRUE,5,"2026-06-03 11:29:47"
"White-winged Triller","s(log(precip_annual))",3.44466735386953,4.20283023574383,0,"other",FALSE,6,"2026-06-03 11:29:47"
"White-winged Triller","s(FEve)",1.77312919005205,4.0420497508904,0.000867962404504263,"vegetation",TRUE,7,"2026-06-03 11:29:47"
"White-winged Triller","s(cover)",0.891487409559571,2.64137733011808,0.00180009591617103,"vegetation",TRUE,8,"2026-06-03 11:29:47"
"White-winged Triller","s(FDiv)",0.884598542120537,2.53884613420214,0.00241826686977087,"vegetation",TRUE,9,"2026-06-03 11:29:47"
"White-winged Triller","s(gini_simpson)",0.846507428303273,1.82212803733378,0.00534837795663012,"vegetation",TRUE,10,"2026-06-03 11:29:47"
"White-winged Triller","s(elevation)",1.14408787621122,0.708127035300628,0.00188046459918967,"landscape",FALSE,11,"2026-06-03 11:29:47"
"White-winged Triller","s(log1p(effort_distance_km))",1.01001677092626,0.688526337324774,0.119804095665352,"other",FALSE,12,"2026-06-03 11:29:47"
"White-winged Triller","s(lc_trees)",0.951336699385904,0.28743906012019,0.0645644044917959,"landscape",FALSE,13,"2026-06-03 11:29:47"
"White-winged Triller","s(pielou_evenness)",0.620077016669694,0.272917426250315,0.240797483350436,"vegetation",TRUE,14,"2026-06-03 11:29:47"
"White-winged Triller","s(temp_annual)",0.612201352923861,0.174873388248834,0.0809643130384576,"landscape",FALSE,15,"2026-06-03 11:29:47"
"White-winged Triller","s(LA_cwm)",3.94173625258181e-05,1.06217004314447e-05,0.373373674907248,"vegetation",TRUE,16,"2026-06-03 11:29:47"
"White-winged Triller","s(water_occ)",4.18573333783445e-05,5.08096508335671e-06,0.284974210550059,"landscape",FALSE,17,"2026-06-03 11:29:47"
"White-winged Triller","s(number_observers)",1.74546579728546e-05,2.40032798362593e-06,0.567770801237309,"effort",FALSE,18,"2026-06-03 11:29:47"
"White-winged Triller","s(log1p(nightlights))",1.60268141262859e-05,6.61491063042243e-07,0.585621735987997,"other",FALSE,19,"2026-06-03 11:29:47"
"White-winged Triller","s(height_cwm)",1.12756513503451e-05,6.42785559433944e-07,0.80287346870219,"vegetation",TRUE,20,"2026-06-03 11:29:47"
"White-winged Triller","s(mean_fhd)",1.19508639804923e-05,1.74612028889182e-07,0.936815349192058,"vegetation",TRUE,21,"2026-06-03 11:29:47"
"White-winged Triller","s(time_observations_started)",5.4264740693954e-06,1.54880187647222e-07,0.787963498365755,"effort",FALSE,22,"2026-06-03 11:29:47"
"White-winged Triller","s(sp_richness)",9.23574110192314e-06,1.36675856884424e-07,0.930051294705996,"vegetation",TRUE,23,"2026-06-03 11:29:47"
"White-winged Triller","s(prop_canopy)",8.70764884910697e-06,2.63597250182838e-08,0.990328865869983,"vegetation",TRUE,24,"2026-06-03 11:29:47"
"White-winged Triller","protocol_type",4,1.62560094445978e-11,1,"effort",FALSE,25,"2026-06-03 11:29:47"
"White-throated Needletail","s(day_of_year)",5.40952045675211,25.054962731544,0,"effort",FALSE,1,"2026-06-03 11:31:59"
"White-throated Needletail","s(lc_trees)",3.43058687492232,4.70072156573647,0,"landscape",FALSE,2,"2026-06-03 11:31:59"
"White-throated Needletail","s(number_observers)",0.933357257118701,4.61821649001203,7.37310664454816e-05,"effort",FALSE,3,"2026-06-03 11:31:59"
"White-throated Needletail","s(log(duration_minutes))",1.60281472326539,3.46807581136908,0.000903605804099428,"other",FALSE,4,"2026-06-03 11:31:59"
"White-throated Needletail","s(temp_annual)",3.65779472956131,3.06013569012026,0,"landscape",FALSE,5,"2026-06-03 11:31:59"
"White-throated Needletail","s(time_observations_started)",2.41166337139587,2.83628154508969,1.36653344740001e-06,"effort",FALSE,6,"2026-06-03 11:31:59"
"White-throated Needletail","s(observer_expertise)",1.6170047434217,2.33800111641451,0.00207229437961731,"effort",FALSE,7,"2026-06-03 11:31:59"
"White-throated Needletail","s(cover)",1.54812072385244,1.87253553144118,0.0151670691155769,"vegetation",TRUE,8,"2026-06-03 11:31:59"
"White-throated Needletail","s(log(precip_annual))",2.27311957388961,1.763596803668,4.89846773166214e-05,"other",FALSE,9,"2026-06-03 11:31:59"
"White-throated Needletail","s(water_occ)",2.37491381449485,1.546334095904,0.000302183317918869,"landscape",FALSE,10,"2026-06-03 11:31:59"
"White-throated Needletail","s(pielou_evenness)",0.80378673260927,1.36526442775713,0.0127739470313013,"vegetation",TRUE,11,"2026-06-03 11:31:59"
"White-throated Needletail","s(gini_simpson)",1.19126892341142,1.06717526948123,0.0476099947409863,"vegetation",TRUE,12,"2026-06-03 11:31:59"
"White-throated Needletail","s(FDiv)",0.984837515010287,0.981264993625749,0.0393853447678856,"vegetation",TRUE,13,"2026-06-03 11:31:59"
"White-throated Needletail","s(FEve)",0.692159976879904,0.749318277889247,0.0500298620078043,"vegetation",TRUE,14,"2026-06-03 11:31:59"
"White-throated Needletail","s(prop_canopy)",0.504733352486254,0.339689005143366,0.133850276256114,"vegetation",TRUE,15,"2026-06-03 11:31:59"
"White-throated Needletail","s(elevation)",1.21011033527608,0.252733051637307,0.0956214513229937,"landscape",FALSE,16,"2026-06-03 11:31:59"
"White-throated Needletail","s(log1p(effort_distance_km))",0.273608803934948,0.108827117656205,0.260672284296205,"other",FALSE,17,"2026-06-03 11:31:59"
"White-throated Needletail","s(height_cwm)",7.20497257229701e-05,1.85353360551228e-05,0.352684056764074,"vegetation",TRUE,18,"2026-06-03 11:31:59"
"White-throated Needletail","s(mean_fhd)",2.87748657059414e-05,5.18520164339344e-06,0.405204166168087,"vegetation",TRUE,19,"2026-06-03 11:31:59"
"White-throated Needletail","s(sp_richness)",2.387654247993e-05,1.35453887868204e-06,0.758093087632564,"vegetation",TRUE,20,"2026-06-03 11:31:59"
"White-throated Needletail","s(wooddensity_cwm)",2.62838576141014e-05,8.84801472850623e-07,0.845467776492044,"vegetation",TRUE,21,"2026-06-03 11:31:59"
"White-throated Needletail","s(FRic)",2.09856469056023e-05,2.07252015273455e-07,0.939583333554709,"vegetation",TRUE,22,"2026-06-03 11:31:59"
"White-throated Needletail","s(LA_cwm)",1.78892223811458e-05,1.58613185721489e-07,0.972892476805856,"vegetation",TRUE,23,"2026-06-03 11:31:59"
"White-throated Needletail","s(log1p(nightlights))",1.59350308614048e-05,1.48138788588171e-07,0.899844006372377,"other",FALSE,24,"2026-06-03 11:31:59"
"White-throated Needletail","protocol_type",2,2.72654845955609e-13,0.999999999999727,"effort",FALSE,25,"2026-06-03 11:31:59"
"Brahminy Kite","s(water_occ)",1.00070092430918,24.6487263646231,9.93985143693532e-07,"landscape",FALSE,1,"2026-06-03 11:37:44"
"Brahminy Kite","s(log(duration_minutes))",1.22098564080229,17.5807242283977,1.09810964504242e-05,"other",FALSE,2,"2026-06-03 11:37:44"
"Brahminy Kite","s(temp_annual)",2.51580556611382,8.56089809121732,1.9534264351917e-05,"landscape",FALSE,3,"2026-06-03 11:37:44"
"Brahminy Kite","s(elevation)",1.00005485103839,6.76169499100391,0.00931546682346318,"landscape",FALSE,4,"2026-06-03 11:37:44"
"Brahminy Kite","s(pielou_evenness)",1.00000346683033,6.01292005993351,0.0142105001725557,"vegetation",TRUE,5,"2026-06-03 11:37:44"
"Brahminy Kite","s(prop_canopy)",2.29311348727323,5.99056117582141,0.00117712762282585,"vegetation",TRUE,6,"2026-06-03 11:37:44"
"Brahminy Kite","s(lc_trees)",1.00020175629049,5.92382695087607,0.0149442324423508,"landscape",FALSE,7,"2026-06-03 11:37:44"
"Brahminy Kite","s(height_cwm)",1.00001117754326,4.91122999902898,0.0266938802970986,"vegetation",TRUE,8,"2026-06-03 11:37:44"
"Brahminy Kite","s(observer_expertise)",2.28904969603862,4.69181405651509,0.0106409372425211,"effort",FALSE,9,"2026-06-03 11:37:44"
"Brahminy Kite","s(cover)",1.0000122707908,3.66057058510808,0.055728598753272,"vegetation",TRUE,10,"2026-06-03 11:37:44"
"Brahminy Kite","s(mean_fhd)",2.72624368313422,3.48207947383019,0.0093965404516021,"vegetation",TRUE,11,"2026-06-03 11:37:44"
"Brahminy Kite","s(sp_richness)",2.61038711369113,2.61080286390573,0.0400495063559801,"vegetation",TRUE,12,"2026-06-03 11:37:44"
"Brahminy Kite","s(FRic)",1.20644056934622,2.34722095477186,0.16198227354883,"vegetation",TRUE,13,"2026-06-03 11:37:44"
"Brahminy Kite","s(LA_cwm)",1.75910966250867,2.13151590668997,0.130311320272301,"vegetation",TRUE,14,"2026-06-03 11:37:44"
"Brahminy Kite","s(FEve)",1.86303522889337,1.88834934265867,0.168009008125211,"vegetation",TRUE,15,"2026-06-03 11:37:44"
"Brahminy Kite","s(FDiv)",1.60563544201575,1.34766655126919,0.296273467369506,"vegetation",TRUE,16,"2026-06-03 11:37:44"
"Brahminy Kite","s(gini_simpson)",1.00001347090045,1.01464365066966,0.313805344395251,"vegetation",TRUE,17,"2026-06-03 11:37:44"
"Brahminy Kite","s(day_of_year)",2.09826946343695,0.966326966418739,0.0104944870181927,"effort",FALSE,18,"2026-06-03 11:37:44"
"Brahminy Kite","s(number_observers)",1.64346314812807,0.949605242818148,0.435095628318082,"effort",FALSE,19,"2026-06-03 11:37:44"
"Brahminy Kite","s(log(precip_annual))",1.00002203132951,0.488629597865749,0.484542749159727,"other",FALSE,20,"2026-06-03 11:37:44"
"Brahminy Kite","s(log1p(effort_distance_km))",1.00000894237226,0.306683540959831,0.579731411929903,"other",FALSE,21,"2026-06-03 11:37:44"
"Brahminy Kite","s(time_observations_started)",0.939402174161927,0.218346506244306,0.141992857705416,"effort",FALSE,22,"2026-06-03 11:37:44"
"Brahminy Kite","s(log1p(nightlights))",1.00000453296715,0.172051157485849,0.678305566855363,"other",FALSE,23,"2026-06-03 11:37:44"
"Brahminy Kite","s(wooddensity_cwm)",1.00000383270605,0.0257613130655789,0.872496855974407,"vegetation",TRUE,24,"2026-06-03 11:37:44"
"Brahminy Kite","protocol_type",3,1.46222222477346e-11,1,"effort",FALSE,25,"2026-06-03 11:37:44"
"Varied Sittella","s(log(duration_minutes))",1.87285237364908,15.385914298112,0,"other",FALSE,1,"2026-06-03 11:40:06"
"Varied Sittella","s(observer_expertise)",1.21824228054381,12.6225746702619,0,"effort",FALSE,2,"2026-06-03 11:40:06"
"Varied Sittella","s(log1p(nightlights))",0.991652659556807,11.7111016461464,0,"other",FALSE,3,"2026-06-03 11:40:06"
"Varied Sittella","s(height_cwm)",0.968806488506362,10.2865548771605,0,"vegetation",TRUE,4,"2026-06-03 11:40:06"
"Varied Sittella","s(mean_fhd)",1.91092973734445,10.035652043455,0,"vegetation",TRUE,5,"2026-06-03 11:40:06"
"Varied Sittella","s(log(precip_annual))",4.03951077155451,7.20768241510656,0,"other",FALSE,6,"2026-06-03 11:40:06"
"Varied Sittella","s(elevation)",4.92540266063557,6.90511566230293,0,"landscape",FALSE,7,"2026-06-03 11:40:06"
"Varied Sittella","s(temp_annual)",7.40087371336722,4.76047610097032,0,"landscape",FALSE,8,"2026-06-03 11:40:06"
"Varied Sittella","s(water_occ)",3.2313616526444,4.08451598566802,0,"landscape",FALSE,9,"2026-06-03 11:40:06"
"Varied Sittella","s(FRic)",1.80790825191338,3.61521951395904,0.00198457702237909,"vegetation",TRUE,10,"2026-06-03 11:40:06"
"Varied Sittella","s(lc_trees)",1.12864289682083,1.72954820301132,3.14976899492558e-05,"landscape",FALSE,11,"2026-06-03 11:40:06"
"Varied Sittella","s(time_observations_started)",4.08438861532157,1.59079299506834,0.00600148420895208,"effort",FALSE,12,"2026-06-03 11:40:06"
"Varied Sittella","s(FEve)",0.800600962745689,1.33784330764171,0.0169518271524568,"vegetation",TRUE,13,"2026-06-03 11:40:06"
"Varied Sittella","s(day_of_year)",2.16404738967484,1.14434854137571,0.00457093648710494,"effort",FALSE,14,"2026-06-03 11:40:06"
"Varied Sittella","s(FDiv)",0.68179807520755,0.714054836292922,0.0631321137144315,"vegetation",TRUE,15,"2026-06-03 11:40:06"
"Varied Sittella","s(number_observers)",0.723999868077562,0.434514964480942,0.161125357996802,"effort",FALSE,16,"2026-06-03 11:40:06"
"Varied Sittella","s(log1p(effort_distance_km))",0.475050625870411,0.23074710078741,0.217798224498077,"other",FALSE,17,"2026-06-03 11:40:06"
"Varied Sittella","s(cover)",5.81861088926478e-05,1.41290290769878e-05,0.42783716720055,"vegetation",TRUE,18,"2026-06-03 11:40:06"
"Varied Sittella","s(sp_richness)",5.42692442563379e-05,9.3876029997611e-06,0.505601408363409,"vegetation",TRUE,19,"2026-06-03 11:40:06"
"Varied Sittella","s(prop_canopy)",4.92154493407524e-05,8.58825461749139e-06,0.483665061997416,"vegetation",TRUE,20,"2026-06-03 11:40:06"
"Varied Sittella","s(gini_simpson)",4.1655986413503e-05,5.75410242835554e-06,0.598355279599407,"vegetation",TRUE,21,"2026-06-03 11:40:06"
"Varied Sittella","s(wooddensity_cwm)",3.97594808863056e-05,4.80261931752057e-06,0.581298871850557,"vegetation",TRUE,22,"2026-06-03 11:40:06"
"Varied Sittella","s(pielou_evenness)",2.19661298285334e-05,1.47014276041056e-06,0.724753467985584,"vegetation",TRUE,23,"2026-06-03 11:40:06"
"Varied Sittella","s(LA_cwm)",2.11543102156633e-05,1.30342686274504e-07,0.98710431975724,"vegetation",TRUE,24,"2026-06-03 11:40:06"
"Varied Sittella","protocol_type",2,2.44414431300723e-11,0.999999999975559,"effort",FALSE,25,"2026-06-03 11:40:06"
"Australian Hobby","s(observer_expertise)",2.0614409856351,8.41622887892002,0,"effort",FALSE,1,"2026-06-03 11:42:24"
"Australian Hobby","s(log(duration_minutes))",0.933867557643162,4.70112983453173,6.62158358812892e-05,"other",FALSE,2,"2026-06-03 11:42:24"
"Australian Hobby","s(lc_trees)",2.24712162708988,2.3931776149057,4.03839444951259e-06,"landscape",FALSE,3,"2026-06-03 11:42:24"
"Australian Hobby","s(FRic)",0.869253377162918,2.21395262551078,0.00499116164858671,"vegetation",TRUE,4,"2026-06-03 11:42:24"
"Australian Hobby","s(log1p(nightlights))",0.951854581825889,2.19311575009158,1.80263358640076e-06,"other",FALSE,5,"2026-06-03 11:42:24"
"Australian Hobby","s(elevation)",1.7212745791731,1.69499357381598,6.260783249179e-05,"landscape",FALSE,6,"2026-06-03 11:42:24"
"Australian Hobby","s(log1p(effort_distance_km))",0.81086807389848,1.42302461679878,0.0199498231512644,"other",FALSE,7,"2026-06-03 11:42:24"
"Australian Hobby","s(pielou_evenness)",0.789082818324386,1.24653846877406,0.0243296371925603,"vegetation",TRUE,8,"2026-06-03 11:42:24"
"Australian Hobby","s(height_cwm)",1.36395273477398,1.23940166837319,0.0593924820511939,"vegetation",TRUE,9,"2026-06-03 11:42:24"
"Australian Hobby","s(time_observations_started)",1.93447594250841,0.730674241813203,0.0289402683064489,"effort",FALSE,10,"2026-06-03 11:42:24"
"Australian Hobby","s(water_occ)",0.865924678599406,0.714888285453275,0.00532997840294525,"landscape",FALSE,11,"2026-06-03 11:42:24"
"Australian Hobby","s(log(precip_annual))",1.10307345105048,0.568644857645006,0.00831861175924253,"other",FALSE,12,"2026-06-03 11:42:24"
"Australian Hobby","s(wooddensity_cwm)",0.381537727832221,0.205476211408676,0.187669793924863,"vegetation",TRUE,13,"2026-06-03 11:42:24"
"Australian Hobby","s(day_of_year)",0.831040834681437,0.157819391575545,0.203208905442045,"effort",FALSE,14,"2026-06-03 11:42:24"
"Australian Hobby","s(cover)",2.87532717071777e-05,5.30774812556043e-06,0.507872493199934,"vegetation",TRUE,15,"2026-06-03 11:42:24"
"Australian Hobby","s(FEve)",1.8052537395413e-05,1.02840208988207e-06,0.750368734374022,"vegetation",TRUE,16,"2026-06-03 11:42:24"
"Australian Hobby","s(temp_annual)",2.64451911423415e-05,9.08531124066172e-07,0.643070935366978,"landscape",FALSE,17,"2026-06-03 11:42:24"
"Australian Hobby","s(sp_richness)",1.81547894846004e-05,8.10521839274667e-07,0.832640388964485,"vegetation",TRUE,18,"2026-06-03 11:42:24"
"Australian Hobby","s(number_observers)",1.48301585840587e-05,4.63854011404074e-07,0.88464089628763,"effort",FALSE,19,"2026-06-03 11:42:24"
"Australian Hobby","s(gini_simpson)",1.51386051969782e-05,4.33548137875083e-07,0.903387885654246,"vegetation",TRUE,20,"2026-06-03 11:42:24"
"Australian Hobby","s(LA_cwm)",1.47501722537345e-05,4.08938642057463e-07,0.884658773274769,"vegetation",TRUE,21,"2026-06-03 11:42:24"
"Australian Hobby","s(mean_fhd)",1.16815111524565e-05,8.92340452064987e-08,0.967215734711709,"vegetation",TRUE,22,"2026-06-03 11:42:24"
"Australian Hobby","s(prop_canopy)",1.95645484425966e-05,8.50134341858663e-08,0.983600278951907,"vegetation",TRUE,23,"2026-06-03 11:42:24"
"Australian Hobby","s(FDiv)",9.78635458365302e-06,3.28861803953168e-08,0.991294363981999,"vegetation",TRUE,24,"2026-06-03 11:42:24"
"Australian Hobby","protocol_type",2,2.65687592652519e-11,0.999999999973431,"effort",FALSE,25,"2026-06-03 11:42:24"
"Fuscous Honeyeater","s(log(duration_minutes))",1.95139504409157,46.2505642487307,0,"other",FALSE,1,"2026-06-03 11:44:42"
"Fuscous Honeyeater","s(observer_expertise)",2.65401706774673,40.1534997580927,0,"effort",FALSE,2,"2026-06-03 11:44:42"
"Fuscous Honeyeater","s(cover)",2.72430723322301,28.333906832828,0,"vegetation",TRUE,3,"2026-06-03 11:44:42"
"Fuscous Honeyeater","s(LA_cwm)",2.91927117814661,23.7409249919476,0,"vegetation",TRUE,4,"2026-06-03 11:44:42"
"Fuscous Honeyeater","s(wooddensity_cwm)",2.74442353471216,23.5497925313674,0,"vegetation",TRUE,5,"2026-06-03 11:44:42"
"Fuscous Honeyeater","s(temp_annual)",6.78599653244119,18.9458803553906,0,"landscape",FALSE,6,"2026-06-03 11:44:42"
"Fuscous Honeyeater","s(log1p(nightlights))",7.64179769724342,17.197787929582,0,"other",FALSE,7,"2026-06-03 11:44:42"
"Fuscous Honeyeater","s(FRic)",1.89945056081019,15.0744656965797,0,"vegetation",TRUE,8,"2026-06-03 11:44:42"
"Fuscous Honeyeater","s(day_of_year)",5.07130533240464,12.8089132817194,0,"effort",FALSE,9,"2026-06-03 11:44:42"
"Fuscous Honeyeater","s(mean_fhd)",2.70111438071404,12.2287806917391,0,"vegetation",TRUE,10,"2026-06-03 11:44:42"
"Fuscous Honeyeater","s(height_cwm)",2.81341647797318,10.8399246798138,0,"vegetation",TRUE,11,"2026-06-03 11:44:42"
"Fuscous Honeyeater","s(prop_canopy)",1.8365421723234,10.532971673032,0,"vegetation",TRUE,12,"2026-06-03 11:44:42"
"Fuscous Honeyeater","s(log(precip_annual))",6.21440219302601,9.75009212550156,0,"other",FALSE,13,"2026-06-03 11:44:42"
"Fuscous Honeyeater","s(elevation)",6.72016875839944,6.19568359354913,0,"landscape",FALSE,14,"2026-06-03 11:44:42"
"Fuscous Honeyeater","s(sp_richness)",0.947705900306801,5.96299865616104,5.94442510348792e-06,"vegetation",TRUE,15,"2026-06-03 11:44:42"
"Fuscous Honeyeater","s(water_occ)",6.73708811057172,5.85163363869966,0,"landscape",FALSE,16,"2026-06-03 11:44:42"
"Fuscous Honeyeater","s(FEve)",1.86016019489367,4.9698340566315,0.000229580383187544,"vegetation",TRUE,17,"2026-06-03 11:44:42"
"Fuscous Honeyeater","s(lc_trees)",6.01278091279229,3.96031525159129,2.18221241077288e-08,"landscape",FALSE,18,"2026-06-03 11:44:42"
"Fuscous Honeyeater","s(FDiv)",0.0023822049821086,0.00078015731973223,0.324746476171207,"vegetation",TRUE,19,"2026-06-03 11:44:42"
"Fuscous Honeyeater","s(log1p(effort_distance_km))",9.04058038547556e-05,2.1963044097652e-05,0.443945611515379,"other",FALSE,20,"2026-06-03 11:44:42"
"Fuscous Honeyeater","s(number_observers)",7.96493620173033e-05,1.14989651148701e-05,0.566785108169905,"effort",FALSE,21,"2026-06-03 11:44:42"
"Fuscous Honeyeater","s(gini_simpson)",2.50633167406989e-05,2.69300389440778e-06,0.618427687892211,"vegetation",TRUE,22,"2026-06-03 11:44:42"
"Fuscous Honeyeater","s(pielou_evenness)",3.88551775473631e-05,2.53692394160451e-06,0.70756322480135,"vegetation",TRUE,23,"2026-06-03 11:44:42"
"Fuscous Honeyeater","s(time_observations_started)",2.33277861514226e-05,9.10007582542785e-07,0.723036321585066,"effort",FALSE,24,"2026-06-03 11:44:42"
"Fuscous Honeyeater","protocol_type",3,1.09425797956826e-11,1,"effort",FALSE,25,"2026-06-03 11:44:42"
"Red-capped Robin","s(log(duration_minutes))",0.97973652668706,16.1119539558543,0,"other",FALSE,1,"2026-06-03 11:46:42"
"Red-capped Robin","s(mean_fhd)",1.89412818174253,12.8995762766551,0,"vegetation",TRUE,2,"2026-06-03 11:46:42"
"Red-capped Robin","s(cover)",2.83225388619132,12.3019577315849,0,"vegetation",TRUE,3,"2026-06-03 11:46:42"
"Red-capped Robin","s(log(precip_annual))",3.81462490123624,10.7480262499659,0,"other",FALSE,4,"2026-06-03 11:46:42"
"Red-capped Robin","s(wooddensity_cwm)",1.4996266379708,3.97421710384413,0.000351423576239407,"vegetation",TRUE,5,"2026-06-03 11:46:42"
"Red-capped Robin","s(sp_richness)",0.917864269690703,3.71391604871375,0.000155838993276314,"vegetation",TRUE,6,"2026-06-03 11:46:42"
"Red-capped Robin","s(gini_simpson)",1.68685891440674,3.48197294438454,0.00118452371077793,"vegetation",TRUE,7,"2026-06-03 11:46:42"
"Red-capped Robin","s(lc_trees)",0.967642575614703,3.31882041040742,0,"landscape",FALSE,8,"2026-06-03 11:46:42"
"Red-capped Robin","s(FEve)",1.60988636435378,3.03746388430108,0.00235427829579682,"vegetation",TRUE,9,"2026-06-03 11:46:42"
"Red-capped Robin","s(elevation)",1.22034576451255,2.29569233479985,5.35885755770238e-08,"landscape",FALSE,10,"2026-06-03 11:46:42"
"Red-capped Robin","s(prop_canopy)",0.802309858256659,1.352725601299,0.0149316640089725,"vegetation",TRUE,11,"2026-06-03 11:46:42"
"Red-capped Robin","s(log1p(nightlights))",2.22170568133911,1.21408006440244,0.00182606593857693,"other",FALSE,12,"2026-06-03 11:46:42"
"Red-capped Robin","s(water_occ)",1.11652410141571,1.09651654996238,0.00259025984732664,"landscape",FALSE,13,"2026-06-03 11:46:42"
"Red-capped Robin","s(number_observers)",0.757607485472614,1.04180784069504,0.0407089674120251,"effort",FALSE,14,"2026-06-03 11:46:42"
"Red-capped Robin","s(time_observations_started)",1.97586642610837,0.720050468679089,0.0326923294466631,"effort",FALSE,15,"2026-06-03 11:46:42"
"Red-capped Robin","s(log1p(effort_distance_km))",0.225791609846831,0.0886269777390718,0.2940766924398,"other",FALSE,16,"2026-06-03 11:46:42"
"Red-capped Robin","s(observer_expertise)",0.195322653259846,0.0606680439912395,0.26071241938181,"effort",FALSE,17,"2026-06-03 11:46:42"
"Red-capped Robin","s(temp_annual)",0.385403427263357,0.059878769285739,0.208210292292002,"landscape",FALSE,18,"2026-06-03 11:46:42"
"Red-capped Robin","s(FDiv)",0.140749622682566,0.0531813882515973,0.262745729232779,"vegetation",TRUE,19,"2026-06-03 11:46:42"
"Red-capped Robin","s(pielou_evenness)",2.9338432747954e-05,7.80540038082198e-06,0.370714521508308,"vegetation",TRUE,20,"2026-06-03 11:46:42"
"Red-capped Robin","s(LA_cwm)",1.83672228844027e-05,2.53600004943251e-06,0.546189399696999,"vegetation",TRUE,21,"2026-06-03 11:46:42"
"Red-capped Robin","s(day_of_year)",8.81595725892612e-06,3.28511116988977e-07,0.776936467597994,"effort",FALSE,22,"2026-06-03 11:46:42"
"Red-capped Robin","s(FRic)",1.41218512152823e-05,2.91154400055148e-07,0.876684084494159,"vegetation",TRUE,23,"2026-06-03 11:46:42"
"Red-capped Robin","s(height_cwm)",1.60533820628577e-05,2.8864478782344e-07,0.908222912765813,"vegetation",TRUE,24,"2026-06-03 11:46:42"
"Red-capped Robin","protocol_type",1,6.77608537705717e-13,0.999999343214273,"effort",FALSE,25,"2026-06-03 11:46:42"
"Gray-crowned Babbler","s(temp_annual)",2.25178751040473,7.52915808773812,0,"landscape",FALSE,1,"2026-06-03 11:49:37"
"Gray-crowned Babbler","s(log(precip_annual))",3.05305724680274,5.87654399904794,0,"other",FALSE,2,"2026-06-03 11:49:37"
"Gray-crowned Babbler","s(sp_richness)",0.910273619127745,4.71152150844885,2.75476432196609e-05,"vegetation",TRUE,3,"2026-06-03 11:49:37"
"Gray-crowned Babbler","s(log1p(nightlights))",2.16154042123231,4.36948901599387,0,"other",FALSE,4,"2026-06-03 11:49:37"
"Gray-crowned Babbler","s(height_cwm)",1.71892557402421,3.80208165649656,0.000813091436133395,"vegetation",TRUE,5,"2026-06-03 11:49:37"
"Gray-crowned Babbler","s(prop_canopy)",1.26873541188573,2.90710430753403,0.0013469771929473,"vegetation",TRUE,6,"2026-06-03 11:49:37"
"Gray-crowned Babbler","s(gini_simpson)",1.55275305058885,2.77580923477895,0.00200192802620114,"vegetation",TRUE,7,"2026-06-03 11:49:37"
"Gray-crowned Babbler","s(lc_trees)",0.939810776037163,2.42085805883981,6.14624753758619e-07,"landscape",FALSE,8,"2026-06-03 11:49:37"
"Gray-crowned Babbler","s(water_occ)",0.921353274666786,1.79927159614034,8.27539493197804e-06,"landscape",FALSE,9,"2026-06-03 11:49:37"
"Gray-crowned Babbler","s(log(duration_minutes))",0.920675202312371,0.747238110111089,0.0718204038007533,"other",FALSE,10,"2026-06-03 11:49:37"
"Gray-crowned Babbler","s(log1p(effort_distance_km))",0.512605221082292,0.488870908456987,0.0718886019590081,"other",FALSE,11,"2026-06-03 11:49:37"
"Gray-crowned Babbler","s(number_observers)",0.558919299460345,0.446435116002123,0.0938402570290072,"effort",FALSE,12,"2026-06-03 11:49:37"
"Gray-crowned Babbler","s(FDiv)",1.63457211227535e-05,5.5184110425192e-06,0.300408682722644,"vegetation",TRUE,13,"2026-06-03 11:49:37"
"Gray-crowned Babbler","s(time_observations_started)",2.74942592563145e-05,4.3140954527734e-06,0.256968117327856,"effort",FALSE,14,"2026-06-03 11:49:37"
"Gray-crowned Babbler","s(LA_cwm)",7.76377112851841e-06,2.36747093519678e-06,0.320170388275783,"vegetation",TRUE,15,"2026-06-03 11:49:37"
"Gray-crowned Babbler","s(observer_expertise)",7.90677613396724e-06,1.46014990514427e-06,0.394614261831428,"effort",FALSE,16,"2026-06-03 11:49:37"
"Gray-crowned Babbler","s(mean_fhd)",8.11677660610428e-06,1.13368294755841e-06,0.479100559324486,"vegetation",TRUE,17,"2026-06-03 11:49:37"
"Gray-crowned Babbler","s(wooddensity_cwm)",7.05213072069984e-06,7.25604801106746e-07,0.649656106695405,"vegetation",TRUE,18,"2026-06-03 11:49:37"
"Gray-crowned Babbler","s(FRic)",6.74026808478263e-06,6.99253364179895e-07,0.597574723370667,"vegetation",TRUE,19,"2026-06-03 11:49:37"
"Gray-crowned Babbler","s(pielou_evenness)",5.56833992711031e-06,6.26631940766196e-07,0.587143395410349,"vegetation",TRUE,20,"2026-06-03 11:49:37"
"Gray-crowned Babbler","s(day_of_year)",2.83620032631599e-06,1.87673161684788e-07,0.601494995472588,"effort",FALSE,21,"2026-06-03 11:49:37"
"Gray-crowned Babbler","s(FEve)",4.10111378239959e-06,1.36024257069372e-07,0.845614182033228,"vegetation",TRUE,22,"2026-06-03 11:49:37"
"Gray-crowned Babbler","protocol_type",5,1.19691052481088e-07,1,"effort",FALSE,23,"2026-06-03 11:49:37"
"Gray-crowned Babbler","s(cover)",4.9216622073138e-06,6.82135605511777e-08,0.960126461310321,"vegetation",TRUE,24,"2026-06-03 11:49:37"
"Gray-crowned Babbler","s(elevation)",4.18480779715876e-06,6.49730128935502e-08,0.818417613096318,"landscape",FALSE,25,"2026-06-03 11:49:37"
"Pheasant Coucal","s(sp_richness)",2.18009166438413,7.96828860069007,5.26884810447825e-07,"vegetation",TRUE,1,"2026-06-03 11:51:17"
"Pheasant Coucal","s(FRic)",0.952577098880812,6.69379020165378,1.44586427919258e-06,"vegetation",TRUE,2,"2026-06-03 11:51:17"
"Pheasant Coucal","s(day_of_year)",3.76930770560171,6.63783915103488,0,"effort",FALSE,3,"2026-06-03 11:51:17"
"Pheasant Coucal","s(log1p(nightlights))",2.47315426013676,6.46247102311603,0,"other",FALSE,4,"2026-06-03 11:51:17"
"Pheasant Coucal","s(temp_annual)",1.58801569880481,4.65112625040022,0,"landscape",FALSE,5,"2026-06-03 11:51:17"
"Pheasant Coucal","s(FDiv)",1.91194181981516,3.41230040382032,0.00144301448482698,"vegetation",TRUE,6,"2026-06-03 11:51:17"
"Pheasant Coucal","s(water_occ)",1.5770387204596,3.14350987385543,0,"landscape",FALSE,7,"2026-06-03 11:51:17"
"Pheasant Coucal","s(log(precip_annual))",3.07798161459087,3.05428256006112,1.4595309791865e-06,"other",FALSE,8,"2026-06-03 11:51:17"
"Pheasant Coucal","s(time_observations_started)",2.6623420288169,3.00471309754565,2.22260800009089e-06,"effort",FALSE,9,"2026-06-03 11:51:17"
"Pheasant Coucal","s(observer_expertise)",1.58962622123017,2.71748125499064,0.00087915344955114,"effort",FALSE,10,"2026-06-03 11:51:17"
"Pheasant Coucal","s(log(duration_minutes))",1.30108844223585,1.74431059537288,0.0174834411341555,"other",FALSE,11,"2026-06-03 11:51:17"
"Pheasant Coucal","s(FEve)",1.07967458148106,1.2677727473375,0.0283303261991842,"vegetation",TRUE,12,"2026-06-03 11:51:17"
"Pheasant Coucal","s(number_observers)",0.658097870198159,0.408893000341271,0.151864110912423,"effort",FALSE,13,"2026-06-03 11:51:17"
"Pheasant Coucal","s(wooddensity_cwm)",0.474141724233269,0.300542778705364,0.157804882034166,"vegetation",TRUE,14,"2026-06-03 11:51:17"
"Pheasant Coucal","s(lc_trees)",0.372887815818228,0.0660656204208142,0.190948353560425,"landscape",FALSE,15,"2026-06-03 11:51:17"
"Pheasant Coucal","s(log1p(effort_distance_km))",6.26072789639244e-05,1.76170908348854e-05,0.354514507197218,"other",FALSE,16,"2026-06-03 11:51:17"
"Pheasant Coucal","s(gini_simpson)",4.22294780090413e-05,1.23098235351939e-05,0.355392808933168,"vegetation",TRUE,17,"2026-06-03 11:51:17"
"Pheasant Coucal","s(prop_canopy)",3.71006210883306e-05,9.60106348637969e-06,0.367549974498034,"vegetation",TRUE,18,"2026-06-03 11:51:17"
"Pheasant Coucal","s(mean_fhd)",2.40600287898112e-05,5.99439934893869e-06,0.404588571684283,"vegetation",TRUE,19,"2026-06-03 11:51:17"
"Pheasant Coucal","s(LA_cwm)",2.02556247518453e-05,4.8851940079624e-06,0.378110957883854,"vegetation",TRUE,20,"2026-06-03 11:51:17"
"Pheasant Coucal","s(pielou_evenness)",2.90334436044851e-05,4.84235808909671e-06,0.498061756429842,"vegetation",TRUE,21,"2026-06-03 11:51:17"
"Pheasant Coucal","s(cover)",2.08126538540685e-05,1.55913978197626e-06,0.753388069773294,"vegetation",TRUE,22,"2026-06-03 11:51:17"
"Pheasant Coucal","s(height_cwm)",1.03502146196615e-05,8.99629591046495e-08,0.953072059391094,"vegetation",TRUE,23,"2026-06-03 11:51:17"
"Pheasant Coucal","s(elevation)",3.79175542665287e-06,8.54683611773509e-08,0.773129119588628,"landscape",FALSE,24,"2026-06-03 11:51:17"
"Pheasant Coucal","protocol_type",2,2.09630783400797e-11,0.999999999979037,"effort",FALSE,25,"2026-06-03 11:51:17"
"Sahul Brush Cuckoo","s(day_of_year)",4.8448496649828,17.281993938921,0,"effort",FALSE,1,"2026-06-03 11:52:49"
"Sahul Brush Cuckoo","s(log(duration_minutes))",0.975628818443789,13.3008129065609,0,"other",FALSE,2,"2026-06-03 11:52:49"
"Sahul Brush Cuckoo","s(observer_expertise)",2.19028141288912,12.3348754968108,0,"effort",FALSE,3,"2026-06-03 11:52:49"
"Sahul Brush Cuckoo","s(mean_fhd)",1.73860029097178,5.98553502121005,3.47360803276686e-06,"vegetation",TRUE,4,"2026-06-03 11:52:49"
"Sahul Brush Cuckoo","s(cover)",1.82250350604455,4.86265595053779,0.000196567250126178,"vegetation",TRUE,5,"2026-06-03 11:52:49"
"Sahul Brush Cuckoo","s(log1p(nightlights))",4.74774491985618,4.35948399867824,0,"other",FALSE,6,"2026-06-03 11:52:49"
"Sahul Brush Cuckoo","s(temp_annual)",4.43467615780966,3.88800531942963,0,"landscape",FALSE,7,"2026-06-03 11:52:49"
"Sahul Brush Cuckoo","s(FEve)",1.54067796289997,2.72037632141665,0.00397990732344089,"vegetation",TRUE,8,"2026-06-03 11:52:49"
"Sahul Brush Cuckoo","s(water_occ)",2.02130808094056,2.3142784674268,4.19946448171338e-06,"landscape",FALSE,9,"2026-06-03 11:52:49"
"Sahul Brush Cuckoo","s(sp_richness)",1.50482668951376,2.10975686297666,0.0116460663967545,"vegetation",TRUE,10,"2026-06-03 11:52:49"
"Sahul Brush Cuckoo","s(FDiv)",1.62699666549227,2.0881738420602,0.0154296114692847,"vegetation",TRUE,11,"2026-06-03 11:52:49"
"Sahul Brush Cuckoo","s(log(precip_annual))",3.20024217601694,1.62923176003617,0.000421844159109286,"other",FALSE,12,"2026-06-03 11:52:49"
"Sahul Brush Cuckoo","s(time_observations_started)",2.03383503363729,1.35594553880429,0.00151858466311805,"effort",FALSE,13,"2026-06-03 11:52:49"
"Sahul Brush Cuckoo","s(elevation)",2.09210472330679,1.17422638172153,0.00130927660026592,"landscape",FALSE,14,"2026-06-03 11:52:49"
"Sahul Brush Cuckoo","s(prop_canopy)",1.17207347326977,0.983456698473637,0.0222244186772469,"vegetation",TRUE,15,"2026-06-03 11:52:49"
"Sahul Brush Cuckoo","s(number_observers)",1.11345417149238,0.890061786366198,0.0911655547224439,"effort",FALSE,16,"2026-06-03 11:52:49"
"Sahul Brush Cuckoo","s(lc_trees)",0.319746736945793,0.0520218912546297,0.203789992155335,"landscape",FALSE,17,"2026-06-03 11:52:49"
"Sahul Brush Cuckoo","s(wooddensity_cwm)",0.116606054355297,0.0429634873904314,0.280165585741403,"vegetation",TRUE,18,"2026-06-03 11:52:49"
"Sahul Brush Cuckoo","s(log1p(effort_distance_km))",3.90358770757819e-05,5.17997640118523e-06,0.613633639105489,"other",FALSE,19,"2026-06-03 11:52:49"
"Sahul Brush Cuckoo","s(LA_cwm)",3.57735774200861e-05,3.45439865514408e-06,0.657695803065007,"vegetation",TRUE,20,"2026-06-03 11:52:49"
"Sahul Brush Cuckoo","s(gini_simpson)",2.58990792711294e-05,1.40070552103046e-06,0.811689077565312,"vegetation",TRUE,21,"2026-06-03 11:52:49"
"Sahul Brush Cuckoo","s(height_cwm)",3.03142129751931e-05,1.18688563612723e-06,0.841977291923031,"vegetation",TRUE,22,"2026-06-03 11:52:49"
"Sahul Brush Cuckoo","s(pielou_evenness)",2.130626642316e-05,4.90187681215409e-07,0.883154755156708,"vegetation",TRUE,23,"2026-06-03 11:52:49"
"Sahul Brush Cuckoo","s(FRic)",1.96213591826444e-05,3.09617963783226e-07,0.917428121684675,"vegetation",TRUE,24,"2026-06-03 11:52:49"
"Sahul Brush Cuckoo","protocol_type",5,1.88381597179666e-08,1,"effort",FALSE,25,"2026-06-03 11:52:49"
"Horsfield's Bronze-Cuckoo","s(log(duration_minutes))",0.98176342878093,17.8744087606262,0,"other",FALSE,1,"2026-06-03 11:54:21"
"Horsfield's Bronze-Cuckoo","s(observer_expertise)",2.19802266513647,16.7567834284291,0,"effort",FALSE,2,"2026-06-03 11:54:21"
"Horsfield's Bronze-Cuckoo","s(day_of_year)",4.88893143536705,12.1589329389824,0,"effort",FALSE,3,"2026-06-03 11:54:21"
"Horsfield's Bronze-Cuckoo","s(number_observers)",1.74631647723869,4.31474072876674,0.000584746345200449,"effort",FALSE,4,"2026-06-03 11:54:21"
"Horsfield's Bronze-Cuckoo","s(prop_canopy)",0.902961179990202,3.09866646646836,0.00100654161315872,"vegetation",TRUE,5,"2026-06-03 11:54:21"
"Horsfield's Bronze-Cuckoo","s(cover)",0.904283148836864,3.08868835536857,0.000979592078149683,"vegetation",TRUE,6,"2026-06-03 11:54:21"
"Horsfield's Bronze-Cuckoo","s(FRic)",1.72938194164551,2.88133192825599,0.00279769279790409,"vegetation",TRUE,7,"2026-06-03 11:54:21"
"Horsfield's Bronze-Cuckoo","s(FEve)",1.68423221908209,2.62704115244401,0.00900121958254552,"vegetation",TRUE,8,"2026-06-03 11:54:21"
"Horsfield's Bronze-Cuckoo","s(pielou_evenness)",0.848553956453897,1.83471407808872,0.00966027408236769,"vegetation",TRUE,9,"2026-06-03 11:54:21"
"Horsfield's Bronze-Cuckoo","s(log(precip_annual))",0.942052015361632,1.80008355790051,2.18717228062104e-05,"other",FALSE,10,"2026-06-03 11:54:21"
"Horsfield's Bronze-Cuckoo","s(time_observations_started)",1.54015501246488,0.857883989741847,0.0068231481524047,"effort",FALSE,11,"2026-06-03 11:54:21"
"Horsfield's Bronze-Cuckoo","s(log1p(nightlights))",1.26882917383001,0.386077211594405,0.057946773667011,"other",FALSE,12,"2026-06-03 11:54:21"
"Horsfield's Bronze-Cuckoo","s(sp_richness)",0.764859771883964,0.355037955266855,0.216423892622202,"vegetation",TRUE,13,"2026-06-03 11:54:21"
"Horsfield's Bronze-Cuckoo","s(LA_cwm)",9.52789222210825e-05,3.10196845375983e-05,0.31274796867657,"vegetation",TRUE,14,"2026-06-03 11:54:21"
"Horsfield's Bronze-Cuckoo","s(height_cwm)",5.224116857308e-05,1.37192051036737e-05,0.38055914797929,"vegetation",TRUE,15,"2026-06-03 11:54:21"
"Horsfield's Bronze-Cuckoo","s(gini_simpson)",5.93225761323221e-05,1.32388823610742e-05,0.405308597617124,"vegetation",TRUE,16,"2026-06-03 11:54:21"
"Horsfield's Bronze-Cuckoo","s(log1p(effort_distance_km))",4.884928229795e-05,8.61895205379555e-06,0.541248879353464,"other",FALSE,17,"2026-06-03 11:54:21"
"Horsfield's Bronze-Cuckoo","s(water_occ)",4.25822590835496e-05,2.60147072571906e-06,0.463229219461022,"landscape",FALSE,18,"2026-06-03 11:54:21"
"Horsfield's Bronze-Cuckoo","s(lc_trees)",3.08611221792798e-05,1.93424962268125e-06,0.500737851755075,"landscape",FALSE,19,"2026-06-03 11:54:21"
"Horsfield's Bronze-Cuckoo","s(mean_fhd)",1.95807111443938e-05,1.77458845128816e-06,0.596710008430698,"vegetation",TRUE,20,"2026-06-03 11:54:21"
"Horsfield's Bronze-Cuckoo","s(elevation)",2.779564566667e-05,1.65122894084561e-06,0.475944553333897,"landscape",FALSE,21,"2026-06-03 11:54:21"
"Horsfield's Bronze-Cuckoo","s(FDiv)",1.98446976973202e-05,1.37936078205754e-06,0.73164448183922,"vegetation",TRUE,22,"2026-06-03 11:54:21"
"Horsfield's Bronze-Cuckoo","s(temp_annual)",2.55984729906831e-05,9.88939977475292e-07,0.572595216573187,"landscape",FALSE,23,"2026-06-03 11:54:21"
"Horsfield's Bronze-Cuckoo","s(wooddensity_cwm)",1.83358441013151e-05,3.11650686689998e-07,0.949777052341545,"vegetation",TRUE,24,"2026-06-03 11:54:21"
"Horsfield's Bronze-Cuckoo","protocol_type",3,7.23496018607869e-12,1,"effort",FALSE,25,"2026-06-03 11:54:21"
"Yellow-tufted Honeyeater","s(cover)",1.94533698999669,18.9621594697298,0,"vegetation",TRUE,1,"2026-06-03 11:55:59"
"Yellow-tufted Honeyeater","s(log1p(nightlights))",6.67340834597613,15.7653201995769,0,"other",FALSE,2,"2026-06-03 11:55:59"
"Yellow-tufted Honeyeater","s(mean_fhd)",1.8911883525175,13.0184013077413,0,"vegetation",TRUE,3,"2026-06-03 11:55:59"
"Yellow-tufted Honeyeater","s(observer_expertise)",1.9977666371224,9.15531502395663,0,"effort",FALSE,4,"2026-06-03 11:55:59"
"Yellow-tufted Honeyeater","s(prop_canopy)",2.20171566197905,9.07398548728479,4.69320011631247e-07,"vegetation",TRUE,5,"2026-06-03 11:55:59"
"Yellow-tufted Honeyeater","s(LA_cwm)",2.65324997387388,8.56783789602387,1.31633864541847e-06,"vegetation",TRUE,6,"2026-06-03 11:55:59"
"Yellow-tufted Honeyeater","s(number_observers)",1.73179407456704,7.54765415666721,2.64591244747425e-06,"effort",FALSE,7,"2026-06-03 11:55:59"
"Yellow-tufted Honeyeater","s(log(duration_minutes))",1.79077547042912,7.07533370770407,3.9769450915772e-06,"other",FALSE,8,"2026-06-03 11:55:59"
"Yellow-tufted Honeyeater","s(lc_trees)",6.12854918463224,6.75075717292797,0,"landscape",FALSE,9,"2026-06-03 11:55:59"
"Yellow-tufted Honeyeater","s(elevation)",6.28351705894342,6.1294268162698,0,"landscape",FALSE,10,"2026-06-03 11:55:59"
"Yellow-tufted Honeyeater","s(water_occ)",3.53596710286449,4.76118447595552,0,"landscape",FALSE,11,"2026-06-03 11:55:59"
"Yellow-tufted Honeyeater","s(log(precip_annual))",5.18011674395642,4.23436984508325,0,"other",FALSE,12,"2026-06-03 11:55:59"
"Yellow-tufted Honeyeater","s(FEve)",1.57954506795871,3.69564537592467,0.00050657636370266,"vegetation",TRUE,13,"2026-06-03 11:55:59"
"Yellow-tufted Honeyeater","s(temp_annual)",3.2623760571552,3.41197573271687,0,"landscape",FALSE,14,"2026-06-03 11:55:59"
"Yellow-tufted Honeyeater","s(day_of_year)",2.70929046045293,2.2682731336598,5.10400200510741e-05,"effort",FALSE,15,"2026-06-03 11:55:59"
"Yellow-tufted Honeyeater","s(gini_simpson)",1.42618707964823,1.88886319279913,0.0115950144588717,"vegetation",TRUE,16,"2026-06-03 11:55:59"
"Yellow-tufted Honeyeater","s(log1p(effort_distance_km))",0.930844421989049,1.8598675486717,0.00901169969933668,"other",FALSE,17,"2026-06-03 11:55:59"
"Yellow-tufted Honeyeater","s(FRic)",1.00046384797919,1.00979853449682,0.0429981850630778,"vegetation",TRUE,18,"2026-06-03 11:55:59"
"Yellow-tufted Honeyeater","s(wooddensity_cwm)",0.693119673337273,0.752269341067658,0.0605035195437765,"vegetation",TRUE,19,"2026-06-03 11:55:59"
"Yellow-tufted Honeyeater","s(time_observations_started)",1.51078680813564,0.46895181902265,0.0625755002522076,"effort",FALSE,20,"2026-06-03 11:55:59"
"Yellow-tufted Honeyeater","s(FDiv)",3.10893450999134e-05,4.93828917334285e-06,0.496282285983112,"vegetation",TRUE,21,"2026-06-03 11:55:59"
"Yellow-tufted Honeyeater","s(pielou_evenness)",7.86339132738513e-06,4.2902355138333e-06,0.134302704242157,"vegetation",TRUE,22,"2026-06-03 11:55:59"
"Yellow-tufted Honeyeater","s(height_cwm)",2.21358447574627e-05,4.21248714841035e-06,0.446607422498065,"vegetation",TRUE,23,"2026-06-03 11:55:59"
"Yellow-tufted Honeyeater","s(sp_richness)",1.02924777123967e-05,2.5969094154032e-06,0.350799762121871,"vegetation",TRUE,24,"2026-06-03 11:55:59"
"Yellow-tufted Honeyeater","protocol_type",3,1.19975783997944e-11,1,"effort",FALSE,25,"2026-06-03 11:55:59"
"Australian Owlet-nightjar","s(time_observations_started)",5.02507266132131,32.3730083547221,0,"effort",FALSE,1,"2026-06-03 11:57:40"
"Australian Owlet-nightjar","s(log(duration_minutes))",1.14126879177981,9.71197051683437,0,"other",FALSE,2,"2026-06-03 11:57:40"
"Australian Owlet-nightjar","s(lc_trees)",4.18335265804848,6.30000515141712,0,"landscape",FALSE,3,"2026-06-03 11:57:40"
"Australian Owlet-nightjar","s(observer_expertise)",0.956238508920358,5.46134042686877,1.42018690463264e-06,"effort",FALSE,4,"2026-06-03 11:57:40"
"Australian Owlet-nightjar","s(day_of_year)",4.21047182669974,2.17800084163349,0.000723685894425397,"effort",FALSE,5,"2026-06-03 11:57:40"
"Australian Owlet-nightjar","s(gini_simpson)",1.44601907036219,2.05321716662205,0.00509901494140996,"vegetation",TRUE,6,"2026-06-03 11:57:40"
"Australian Owlet-nightjar","s(height_cwm)",1.48693135665579,1.65592315263824,0.020485269171741,"vegetation",TRUE,7,"2026-06-03 11:57:40"
"Australian Owlet-nightjar","s(log1p(nightlights))",1.55516337847478,1.37386485397219,0.000283246265008308,"other",FALSE,8,"2026-06-03 11:57:40"
"Australian Owlet-nightjar","s(FDiv)",1.41934000593339,1.17640080396879,0.0654664452013904,"vegetation",TRUE,9,"2026-06-03 11:57:40"
"Australian Owlet-nightjar","s(cover)",1.33849104299197,1.13692407505542,0.0641444369857582,"vegetation",TRUE,10,"2026-06-03 11:57:40"
"Australian Owlet-nightjar","s(elevation)",1.95655759745487,1.03421987241528,0.000957787561465251,"landscape",FALSE,11,"2026-06-03 11:57:40"
"Australian Owlet-nightjar","s(log(precip_annual))",0.898525024396604,0.982659925417092,0.000712431420041959,"other",FALSE,12,"2026-06-03 11:57:40"
"Australian Owlet-nightjar","s(wooddensity_cwm)",0.642431513112373,0.597595556395435,0.0715814338513392,"vegetation",TRUE,13,"2026-06-03 11:57:40"
"Australian Owlet-nightjar","s(water_occ)",1.36857356975887,0.56537860406532,0.0194735280876963,"landscape",FALSE,14,"2026-06-03 11:57:40"
"Australian Owlet-nightjar","s(pielou_evenness)",0.983591355029404,0.548982061647383,0.14335309297879,"vegetation",TRUE,15,"2026-06-03 11:57:40"
"Australian Owlet-nightjar","s(temp_annual)",1.41251567316449,0.4900987557272,0.01993608099394,"landscape",FALSE,16,"2026-06-03 11:57:40"
"Australian Owlet-nightjar","s(log1p(effort_distance_km))",0.884621933416722,0.461100990182488,0.201238823987338,"other",FALSE,17,"2026-06-03 11:57:40"
"Australian Owlet-nightjar","s(LA_cwm)",0.387234052797103,0.210610266505536,0.155895771568208,"vegetation",TRUE,18,"2026-06-03 11:57:40"
"Australian Owlet-nightjar","s(FRic)",7.85317737135099e-05,2.18650178849636e-05,0.340951696549533,"vegetation",TRUE,19,"2026-06-03 11:57:40"
"Australian Owlet-nightjar","s(mean_fhd)",6.45219775634203e-05,1.43061359087074e-05,0.368074648849076,"vegetation",TRUE,20,"2026-06-03 11:57:40"
"Australian Owlet-nightjar","s(number_observers)",2.31086559931816e-05,2.40087369462608e-06,0.670364098697713,"effort",FALSE,21,"2026-06-03 11:57:40"
"Australian Owlet-nightjar","s(sp_richness)",2.34618663625105e-05,2.28412818451351e-06,0.657474758715693,"vegetation",TRUE,22,"2026-06-03 11:57:40"
"Australian Owlet-nightjar","s(prop_canopy)",2.17352127106213e-05,1.54911704084895e-06,0.718380956846365,"vegetation",TRUE,23,"2026-06-03 11:57:40"
"Australian Owlet-nightjar","s(FEve)",1.74861778845386e-05,1.06475338659166e-06,0.725488698220569,"vegetation",TRUE,24,"2026-06-03 11:57:40"
"Australian Owlet-nightjar","protocol_type",3,3.38409687561539e-07,0.999999999727929,"effort",FALSE,25,"2026-06-03 11:57:40"
"Red-backed Fairywren","s(log(duration_minutes))",1.38522974260235,12.8935327689469,0,"other",FALSE,1,"2026-06-03 11:59:13"
"Red-backed Fairywren","s(temp_annual)",3.45561037376944,7.06047515609911,0,"landscape",FALSE,2,"2026-06-03 11:59:13"
"Red-backed Fairywren","s(lc_trees)",3.15779409328989,3.75744007641556,0,"landscape",FALSE,3,"2026-06-03 11:59:13"
"Red-backed Fairywren","s(height_cwm)",1.43474933885721,3.67716845802819,0.000211196630986121,"vegetation",TRUE,4,"2026-06-03 11:59:13"
"Red-backed Fairywren","s(log1p(nightlights))",3.44763758307328,3.30583877997203,1.50592615433265e-06,"other",FALSE,5,"2026-06-03 11:59:13"
"Red-backed Fairywren","s(LA_cwm)",1.77127350220684,3.06901926733057,0.00192349609724507,"vegetation",TRUE,6,"2026-06-03 11:59:13"
"Red-backed Fairywren","s(elevation)",3.45770802578618,2.6624848293143,1.28856413250666e-06,"landscape",FALSE,7,"2026-06-03 11:59:13"
"Red-backed Fairywren","s(wooddensity_cwm)",0.885266973776894,2.56243572572478,0.00178168771517639,"vegetation",TRUE,8,"2026-06-03 11:59:13"
"Red-backed Fairywren","s(log(precip_annual))",3.14507391349065,2.29868692955846,7.80142845502318e-06,"other",FALSE,9,"2026-06-03 11:59:13"
"Red-backed Fairywren","s(water_occ)",0.942944012176151,1.83565708874148,7.95606336700949e-06,"landscape",FALSE,10,"2026-06-03 11:59:13"
"Red-backed Fairywren","s(day_of_year)",2.29216125316436,1.39178807460648,0.00185604244469739,"effort",FALSE,11,"2026-06-03 11:59:13"
"Red-backed Fairywren","s(FEve)",0.648550110532105,0.6142612707672,0.0655617706481164,"vegetation",TRUE,12,"2026-06-03 11:59:13"
"Red-backed Fairywren","s(observer_expertise)",0.561206161531342,0.319603914732833,0.128110752421512,"effort",FALSE,13,"2026-06-03 11:59:13"
"Red-backed Fairywren","s(FRic)",0.309651128882449,0.149413737862342,0.203425947943647,"vegetation",TRUE,14,"2026-06-03 11:59:13"
"Red-backed Fairywren","s(log1p(effort_distance_km))",3.04040589868809e-05,4.49472552358135e-06,0.570940713247479,"other",FALSE,15,"2026-06-03 11:59:13"
"Red-backed Fairywren","s(mean_fhd)",2.38621921446719e-05,3.69206025775425e-06,0.502571427835632,"vegetation",TRUE,16,"2026-06-03 11:59:13"
"Red-backed Fairywren","protocol_type",4,3.17814849791524e-06,0.999999999979797,"effort",FALSE,17,"2026-06-03 11:59:13"
"Red-backed Fairywren","s(gini_simpson)",1.52569344766741e-05,2.25110305447902e-06,0.490309240112255,"vegetation",TRUE,18,"2026-06-03 11:59:13"
"Red-backed Fairywren","s(prop_canopy)",2.23935664608763e-05,1.99969147355317e-06,0.623633919273752,"vegetation",TRUE,19,"2026-06-03 11:59:13"
"Red-backed Fairywren","s(number_observers)",2.24378157879111e-05,1.34039288285826e-06,0.79739235534571,"effort",FALSE,20,"2026-06-03 11:59:13"
"Red-backed Fairywren","s(pielou_evenness)",5.8677913194784e-06,3.19176301791084e-07,0.795069150560431,"vegetation",TRUE,21,"2026-06-03 11:59:13"
"Red-backed Fairywren","s(time_observations_started)",4.48016682916714e-06,5.4282549564817e-08,0.929478099753788,"effort",FALSE,22,"2026-06-03 11:59:13"
"Red-backed Fairywren","s(cover)",1.02639729521733e-05,4.6980135826057e-08,0.981103344696097,"vegetation",TRUE,23,"2026-06-03 11:59:13"
"Red-backed Fairywren","s(sp_richness)",1.58365891240185e-05,3.82262298984403e-08,0.995724179966774,"vegetation",TRUE,24,"2026-06-03 11:59:13"
"Red-backed Fairywren","s(FDiv)",8.47924708961067e-06,2.09771200325982e-08,0.989733417716353,"vegetation",TRUE,25,"2026-06-03 11:59:13"
"Gray Goshawk","s(log(duration_minutes))",1.77054523923703,14.137312365864,0,"other",FALSE,1,"2026-06-03 12:01:22"
"Gray Goshawk","s(observer_expertise)",1.89702408381484,10.2483698371312,0,"effort",FALSE,2,"2026-06-03 12:01:22"
"Gray Goshawk","s(mean_fhd)",1.68395461059191,4.57671800674281,7.40055570135345e-05,"vegetation",TRUE,3,"2026-06-03 12:01:22"
"Gray Goshawk","s(wooddensity_cwm)",0.930944715069645,4.49076383380461,1.56657941760008e-05,"vegetation",TRUE,4,"2026-06-03 12:01:22"
"Gray Goshawk","s(sp_richness)",0.908492589783645,3.30551016167213,0.000307023720079957,"vegetation",TRUE,5,"2026-06-03 12:01:22"
"Gray Goshawk","s(log1p(nightlights))",3.24621827941372,3.20098790240993,1.54655967343764e-06,"other",FALSE,6,"2026-06-03 12:01:22"
"Gray Goshawk","s(pielou_evenness)",1.48866714773214,2.99127425918148,0.000813760261350938,"vegetation",TRUE,7,"2026-06-03 12:01:22"
"Gray Goshawk","s(gini_simpson)",1.54627501797597,2.61460182270088,0.00208860341153749,"vegetation",TRUE,8,"2026-06-03 12:01:22"
"Gray Goshawk","s(water_occ)",4.49238925004895,2.44847841097344,8.13684517482205e-05,"landscape",FALSE,9,"2026-06-03 12:01:22"
"Gray Goshawk","s(log(precip_annual))",0.949612658195226,2.08215853976073,3.20867591496743e-06,"other",FALSE,10,"2026-06-03 12:01:22"
"Gray Goshawk","s(prop_canopy)",1.46890957981221,1.99118405689538,0.00866928791742094,"vegetation",TRUE,11,"2026-06-03 12:01:22"
"Gray Goshawk","s(LA_cwm)",1.1778702928162,1.32248979744321,0.0262099190526346,"vegetation",TRUE,12,"2026-06-03 12:01:22"
"Gray Goshawk","s(temp_annual)",2.62602661974224,0.835021817677526,0.0157530413106177,"landscape",FALSE,13,"2026-06-03 12:01:22"
"Gray Goshawk","s(time_observations_started)",1.43064166463203,0.635299111469938,0.0205608123891037,"effort",FALSE,14,"2026-06-03 12:01:22"
"Gray Goshawk","s(elevation)",0.774385123103135,0.380624183905523,0.0216996397174405,"landscape",FALSE,15,"2026-06-03 12:01:22"
"Gray Goshawk","s(cover)",0.499394991073355,0.332466905892232,0.141218337592155,"vegetation",TRUE,16,"2026-06-03 12:01:22"
"Gray Goshawk","s(FDiv)",0.206478374792092,0.0867113492069279,0.246735399194842,"vegetation",TRUE,17,"2026-06-03 12:01:22"
"Gray Goshawk","s(day_of_year)",0.0015540959214264,0.00019319123542404,0.368041199072885,"effort",FALSE,18,"2026-06-03 12:01:22"
"Gray Goshawk","s(lc_trees)",0.00140263618687331,0.000155370268172779,0.322535935448474,"landscape",FALSE,19,"2026-06-03 12:01:22"
"Gray Goshawk","s(number_observers)",0.000156025867213959,4.17179531512116e-05,0.407147863351649,"effort",FALSE,20,"2026-06-03 12:01:22"
"Gray Goshawk","s(height_cwm)",5.23079549791683e-05,4.97700853215538e-06,0.675003135595957,"vegetation",TRUE,21,"2026-06-03 12:01:22"
"Gray Goshawk","s(FEve)",2.80343255884907e-05,1.16155619459729e-06,0.784532344266082,"vegetation",TRUE,22,"2026-06-03 12:01:22"
"Gray Goshawk","s(FRic)",2.55097941894145e-05,5.82573200538079e-07,0.890706832863392,"vegetation",TRUE,23,"2026-06-03 12:01:22"
"Gray Goshawk","s(log1p(effort_distance_km))",3.00471423902488e-05,3.55438208042584e-08,0.998769337647399,"other",FALSE,24,"2026-06-03 12:01:22"
"Gray Goshawk","protocol_type",3,3.56774724673373e-11,1,"effort",FALSE,25,"2026-06-03 12:01:22"
"Peregrine Falcon","s(water_occ)",6.72998964633778,12.9494437681226,0,"landscape",FALSE,1,"2026-06-03 12:03:24"
"Peregrine Falcon","s(observer_expertise)",2.00013262926055,8.35395194269316,0,"effort",FALSE,2,"2026-06-03 12:03:24"
"Peregrine Falcon","s(log(duration_minutes))",1.75126096250446,6.82759630705105,5.01146716336276e-06,"other",FALSE,3,"2026-06-03 12:03:24"
"Peregrine Falcon","s(log(precip_annual))",6.31776625540187,5.36505408866206,0,"other",FALSE,4,"2026-06-03 12:03:24"
"Peregrine Falcon","s(temp_annual)",5.18992610186214,4.38203232377082,0,"landscape",FALSE,5,"2026-06-03 12:03:24"
"Peregrine Falcon","s(number_observers)",0.895941779677859,2.86744547919882,0.00187561364830613,"effort",FALSE,6,"2026-06-03 12:03:24"
"Peregrine Falcon","s(elevation)",3.68337324630064,1.51263211947954,0.00185333129449627,"landscape",FALSE,7,"2026-06-03 12:03:24"
"Peregrine Falcon","s(cover)",1.45886021546677,1.49516593143604,0.0330137724141615,"vegetation",TRUE,8,"2026-06-03 12:03:24"
"Peregrine Falcon","s(log1p(effort_distance_km))",1.3212880831179,1.1825912806368,0.0641465737350333,"other",FALSE,9,"2026-06-03 12:03:24"
"Peregrine Falcon","s(log1p(nightlights))",1.92757739076895,0.785452942859699,0.0107853827229087,"other",FALSE,10,"2026-06-03 12:03:24"
"Peregrine Falcon","s(LA_cwm)",0.903595614974001,0.65602793996602,0.0913100187271675,"vegetation",TRUE,11,"2026-06-03 12:03:24"
"Peregrine Falcon","s(lc_trees)",1.76165806386768,0.466808413266671,0.0619022701180806,"landscape",FALSE,12,"2026-06-03 12:03:24"
"Peregrine Falcon","s(sp_richness)",0.567413140479706,0.436266339509484,0.113141984392904,"vegetation",TRUE,13,"2026-06-03 12:03:24"
"Peregrine Falcon","s(pielou_evenness)",0.665103311101565,0.41745878333374,0.142182380038426,"vegetation",TRUE,14,"2026-06-03 12:03:24"
"Peregrine Falcon","s(mean_fhd)",7.94021346839932e-05,3.60724383854872e-05,0.18862519327476,"vegetation",TRUE,15,"2026-06-03 12:03:24"
"Peregrine Falcon","s(FEve)",7.79648256064105e-05,3.06840201279921e-05,0.25402779278423,"vegetation",TRUE,16,"2026-06-03 12:03:24"
"Peregrine Falcon","s(wooddensity_cwm)",7.94133721393989e-05,1.80827108633806e-05,0.411418615002341,"vegetation",TRUE,17,"2026-06-03 12:03:24"
"Peregrine Falcon","s(prop_canopy)",3.39487568292629e-05,7.90959970854431e-06,0.407498259767164,"vegetation",TRUE,18,"2026-06-03 12:03:24"
"Peregrine Falcon","s(FDiv)",5.21694321939784e-05,7.23746820602121e-06,0.580760158654559,"vegetation",TRUE,19,"2026-06-03 12:03:24"
"Peregrine Falcon","s(gini_simpson)",4.44453953959074e-05,7.16647829165238e-06,0.462457857526548,"vegetation",TRUE,20,"2026-06-03 12:03:24"
"Peregrine Falcon","s(day_of_year)",5.49791233401767e-05,5.3904087456296e-06,0.464436002695698,"effort",FALSE,21,"2026-06-03 12:03:24"
"Peregrine Falcon","s(FRic)",4.95592340483679e-05,4.09148684116892e-06,0.634576848578276,"vegetation",TRUE,22,"2026-06-03 12:03:24"
"Peregrine Falcon","s(time_observations_started)",2.9417265157427e-05,1.68911638346361e-06,0.610488067785983,"effort",FALSE,23,"2026-06-03 12:03:24"
"Peregrine Falcon","s(height_cwm)",3.88806373276691e-05,9.15489354719171e-07,0.908146243838898,"vegetation",TRUE,24,"2026-06-03 12:03:24"
"Peregrine Falcon","protocol_type",3,6.22656212578316e-12,1,"effort",FALSE,25,"2026-06-03 12:03:24"
"Speckled Warbler","s(log(duration_minutes))",1.69161574740438,13.6720461114665,0,"other",FALSE,1,"2026-06-03 12:05:32"
"Speckled Warbler","s(log(precip_annual))",4.10921877994645,8.41476139765358,0,"other",FALSE,2,"2026-06-03 12:05:32"
"Speckled Warbler","s(temp_annual)",4.15409152004657,6.67153036021306,0,"landscape",FALSE,3,"2026-06-03 12:05:32"
"Speckled Warbler","s(lc_trees)",2.79330878215825,4.61321119709747,0,"landscape",FALSE,4,"2026-06-03 12:05:32"
"Speckled Warbler","s(elevation)",3.16626410216375,3.65062206102504,0,"landscape",FALSE,5,"2026-06-03 12:05:32"
"Speckled Warbler","s(height_cwm)",1.73830005167719,2.95633476035592,0.00279381194677253,"vegetation",TRUE,6,"2026-06-03 12:05:32"
"Speckled Warbler","s(time_observations_started)",3.64053071418176,2.64705028970119,5.13546859739478e-05,"effort",FALSE,7,"2026-06-03 12:05:32"
"Speckled Warbler","s(FEve)",1.69881579278082,2.58457265412475,0.00607887868382595,"vegetation",TRUE,8,"2026-06-03 12:05:32"
"Speckled Warbler","s(water_occ)",0.976380987565693,2.53553872817583,6.4868148363928e-07,"landscape",FALSE,9,"2026-06-03 12:05:32"
"Speckled Warbler","s(observer_expertise)",0.854193640248176,1.45876628511031,0.00823860888800065,"effort",FALSE,10,"2026-06-03 12:05:32"
"Speckled Warbler","s(cover)",0.781322633648201,1.18942947928189,0.0238708216989802,"vegetation",TRUE,11,"2026-06-03 12:05:32"
"Speckled Warbler","s(gini_simpson)",1.08441763975905,0.776893762986707,0.0921676514708176,"vegetation",TRUE,12,"2026-06-03 12:05:32"
"Speckled Warbler","s(wooddensity_cwm)",0.696779009185687,0.765865182409024,0.0626879517809267,"vegetation",TRUE,13,"2026-06-03 12:05:32"
"Speckled Warbler","s(log1p(effort_distance_km))",0.961312784207462,0.727070645420109,0.0948895708182915,"other",FALSE,14,"2026-06-03 12:05:32"
"Speckled Warbler","s(FDiv)",0.863787519850099,0.651504354930395,0.0878230113619995,"vegetation",TRUE,15,"2026-06-03 12:05:32"
"Speckled Warbler","s(log1p(nightlights))",1.64902656852739,0.531855219684378,0.0296612971558842,"other",FALSE,16,"2026-06-03 12:05:32"
"Speckled Warbler","s(prop_canopy)",1.26929710512265e-05,7.58844425133939e-06,0.147236192236192,"vegetation",TRUE,17,"2026-06-03 12:05:32"
"Speckled Warbler","s(mean_fhd)",1.87383876543329e-05,3.45730159625507e-06,0.432472696889344,"vegetation",TRUE,18,"2026-06-03 12:05:32"
"Speckled Warbler","s(LA_cwm)",2.34183140206916e-05,2.29677334464682e-06,0.611810494209731,"vegetation",TRUE,19,"2026-06-03 12:05:32"
"Speckled Warbler","s(day_of_year)",2.29392389346191e-05,1.62302754534991e-06,0.58453165593146,"effort",FALSE,20,"2026-06-03 12:05:32"
"Speckled Warbler","s(number_observers)",1.79011578982989e-05,1.4682360390433e-06,0.730566737662517,"effort",FALSE,21,"2026-06-03 12:05:32"
"Speckled Warbler","s(sp_richness)",1.81471758751183e-05,1.0663383921423e-06,0.736848140908715,"vegetation",TRUE,22,"2026-06-03 12:05:32"
"Speckled Warbler","s(pielou_evenness)",1.11950589927765e-05,5.76048393592748e-07,0.817565480715688,"vegetation",TRUE,23,"2026-06-03 12:05:32"
"Speckled Warbler","s(FRic)",1.89196004825444e-05,2.75035611126243e-07,0.887271284268353,"vegetation",TRUE,24,"2026-06-03 12:05:32"
"Speckled Warbler","protocol_type",3,1.73371671105784e-11,1,"effort",FALSE,25,"2026-06-03 12:05:32"
"Purple-backed Fairywren","s(cover)",1.89369818540669,9.94596098731212,0,"vegetation",TRUE,1,"2026-06-03 12:07:21"
"Purple-backed Fairywren","s(temp_annual)",3.40848901979203,5.34848106767235,0,"landscape",FALSE,2,"2026-06-03 12:07:21"
"Purple-backed Fairywren","s(wooddensity_cwm)",1.5599479414882,4.32033652257036,9.55138891095553e-05,"vegetation",TRUE,3,"2026-06-03 12:07:21"
"Purple-backed Fairywren","s(elevation)",3.19434416841116,4.19530662999291,0,"landscape",FALSE,4,"2026-06-03 12:07:21"
"Purple-backed Fairywren","s(log(precip_annual))",2.96198155442506,3.69189849675154,0,"other",FALSE,5,"2026-06-03 12:07:21"
"Purple-backed Fairywren","s(observer_expertise)",0.698690956828911,0.579661090984128,0.0647981033232846,"effort",FALSE,6,"2026-06-03 12:07:21"
"Purple-backed Fairywren","s(lc_trees)",1.20784067656049,0.440888841443806,0.025948520044875,"landscape",FALSE,7,"2026-06-03 12:07:21"
"Purple-backed Fairywren","s(log1p(nightlights))",0.781332338393797,0.393096689915853,0.0249239191867244,"other",FALSE,8,"2026-06-03 12:07:21"
"Purple-backed Fairywren","s(FEve)",0.515639617707388,0.245104534905145,0.20738971349766,"vegetation",TRUE,9,"2026-06-03 12:07:21"
"Purple-backed Fairywren","s(time_observations_started)",0.760804731075002,0.175614598629931,0.139328046052195,"effort",FALSE,10,"2026-06-03 12:07:21"
"Purple-backed Fairywren","s(number_observers)",0.241267157148901,0.105993717462768,0.236741383850275,"effort",FALSE,11,"2026-06-03 12:07:21"
"Purple-backed Fairywren","s(gini_simpson)",1.86159193964295e-05,4.7230962479461e-06,0.375412310146321,"vegetation",TRUE,12,"2026-06-03 12:07:21"
"Purple-backed Fairywren","s(day_of_year)",2.33306546891841e-05,2.80091475093862e-06,0.367174053518659,"effort",FALSE,13,"2026-06-03 12:07:21"
"Purple-backed Fairywren","s(height_cwm)",1.13318643597462e-05,2.63141805002078e-06,0.384468473827854,"vegetation",TRUE,14,"2026-06-03 12:07:21"
"Purple-backed Fairywren","s(FRic)",9.91680507610519e-06,1.34522301709864e-06,0.517437129506978,"vegetation",TRUE,15,"2026-06-03 12:07:21"
"Purple-backed Fairywren","s(LA_cwm)",1.07342055829408e-05,1.25288689358417e-06,0.572210660017854,"vegetation",TRUE,16,"2026-06-03 12:07:21"
"Purple-backed Fairywren","s(FDiv)",7.88768971177161e-06,1.24190372671938e-06,0.494274029409021,"vegetation",TRUE,17,"2026-06-03 12:07:21"
"Purple-backed Fairywren","s(pielou_evenness)",8.55866690341083e-06,6.84069610381128e-07,0.727208463451765,"vegetation",TRUE,18,"2026-06-03 12:07:21"
"Purple-backed Fairywren","s(sp_richness)",5.99950831412373e-06,5.51684667250741e-07,0.630000883643369,"vegetation",TRUE,19,"2026-06-03 12:07:21"
"Purple-backed Fairywren","s(log(duration_minutes))",4.55283390759957e-06,5.39596589379914e-07,0.621470660171334,"other",FALSE,20,"2026-06-03 12:07:21"
"Purple-backed Fairywren","s(mean_fhd)",6.63147656625025e-06,3.28376231826604e-07,0.786251100717405,"vegetation",TRUE,21,"2026-06-03 12:07:21"
"Purple-backed Fairywren","s(log1p(effort_distance_km))",5.50258683878673e-06,1.74416020424218e-07,0.877151149987147,"other",FALSE,22,"2026-06-03 12:07:21"
"Purple-backed Fairywren","s(prop_canopy)",6.01673140856949e-06,1.42747192366867e-07,0.871219972599056,"vegetation",TRUE,23,"2026-06-03 12:07:21"
"Purple-backed Fairywren","s(water_occ)",2.46746190241352e-06,5.90719727125626e-08,0.653584478604146,"landscape",FALSE,24,"2026-06-03 12:07:21"
"Purple-backed Fairywren","protocol_type",2,4.17923122814825e-11,0.999999999958208,"effort",FALSE,25,"2026-06-03 12:07:21"
"Varied Triller","s(log(duration_minutes))",2.23057541895657,25.5247704073311,0,"other",FALSE,1,"2026-06-03 12:08:48"
"Varied Triller","s(pielou_evenness)",2.7037263156961,14.269653039736,0,"vegetation",TRUE,2,"2026-06-03 12:08:48"
"Varied Triller","s(observer_expertise)",2.40512595969693,12.3052646354785,0,"effort",FALSE,3,"2026-06-03 12:08:48"
"Varied Triller","s(temp_annual)",3.0518490939819,12.195216971037,0,"landscape",FALSE,4,"2026-06-03 12:08:48"
"Varied Triller","s(log1p(nightlights))",3.45957393871337,4.44733533112058,0,"other",FALSE,5,"2026-06-03 12:08:48"
"Varied Triller","s(wooddensity_cwm)",1.0749872466674,3.37795103543196,0.000510484855237747,"vegetation",TRUE,6,"2026-06-03 12:08:48"
"Varied Triller","s(day_of_year)",3.26664483168186,2.26747101657964,0.000145439652607271,"effort",FALSE,7,"2026-06-03 12:08:48"
"Varied Triller","s(mean_fhd)",1.6352722102968,2.13845303711459,0.0135816090323655,"vegetation",TRUE,8,"2026-06-03 12:08:48"
"Varied Triller","s(height_cwm)",0.854997307156323,1.96490817361349,0.0043211946510342,"vegetation",TRUE,9,"2026-06-03 12:08:48"
"Varied Triller","s(LA_cwm)",0.85359454753291,1.94307690714951,0.00532851473187446,"vegetation",TRUE,10,"2026-06-03 12:08:48"
"Varied Triller","s(time_observations_started)",2.06754084029459,1.90841006776379,0.000110857889418448,"effort",FALSE,11,"2026-06-03 12:08:48"
"Varied Triller","s(water_occ)",0.941522116177386,1.78851071793037,1.94180939667721e-05,"landscape",FALSE,12,"2026-06-03 12:08:48"
"Varied Triller","s(number_observers)",1.50458251163622,1.61815853757142,0.0383384919805713,"effort",FALSE,13,"2026-06-03 12:08:48"
"Varied Triller","s(log1p(effort_distance_km))",0.792571793113712,1.27346578263055,0.0254530432250419,"other",FALSE,14,"2026-06-03 12:08:48"
"Varied Triller","s(log(precip_annual))",2.37088343402071,1.15897673683867,0.00251467449954867,"other",FALSE,15,"2026-06-03 12:08:48"
"Varied Triller","s(lc_trees)",1.79364750245534,0.909448025382946,0.00435191831131632,"landscape",FALSE,16,"2026-06-03 12:08:48"
"Varied Triller","s(gini_simpson)",0.84286029414422,0.696828206608814,0.075011534917885,"vegetation",TRUE,17,"2026-06-03 12:08:48"
"Varied Triller","s(cover)",1.63815965063253e-05,1.94074153423914e-06,0.631189418049414,"vegetation",TRUE,18,"2026-06-03 12:08:48"
"Varied Triller","s(sp_richness)",1.97452335210414e-05,1.71489862682416e-06,0.659378622355303,"vegetation",TRUE,19,"2026-06-03 12:08:48"
"Varied Triller","s(elevation)",2.75970440542966e-05,1.05036333402998e-06,0.538217967767296,"landscape",FALSE,20,"2026-06-03 12:08:48"
"Varied Triller","s(FEve)",1.6294922737431e-05,9.60219045168008e-07,0.756287179370269,"vegetation",TRUE,21,"2026-06-03 12:08:48"
"Varied Triller","s(prop_canopy)",1.39422148536466e-05,9.0537558218837e-07,0.705514660617877,"vegetation",TRUE,22,"2026-06-03 12:08:48"
"Varied Triller","s(FRic)",1.98681561226482e-05,7.21958386987312e-07,0.80404309495441,"vegetation",TRUE,23,"2026-06-03 12:08:48"
"Varied Triller","s(FDiv)",2.09243366059399e-05,4.56699088810645e-07,0.868900670478905,"vegetation",TRUE,24,"2026-06-03 12:08:48"
"Varied Triller","protocol_type",3,7.37825210596007e-08,0.999999999972302,"effort",FALSE,25,"2026-06-03 12:08:48"
"Australian Logrunner","s(water_occ)",1.21459507308683,146.679349501586,0.029626899186068,"landscape",FALSE,1,"2026-06-03 12:10:12"
"Australian Logrunner","s(log(duration_minutes))",1.32765148549839,12.0595517456228,0,"other",FALSE,2,"2026-06-03 12:10:12"
"Australian Logrunner","s(prop_canopy)",2.58210947380501,11.7504843465274,0,"vegetation",TRUE,3,"2026-06-03 12:10:12"
"Australian Logrunner","s(observer_expertise)",2.44769854418253,10.2929183190736,0,"effort",FALSE,4,"2026-06-03 12:10:12"
"Australian Logrunner","s(temp_annual)",5.73576963156451,8.24531897277222,0,"landscape",FALSE,5,"2026-06-03 12:10:12"
"Australian Logrunner","s(elevation)",0.979681473590206,5.36476568961259,0,"landscape",FALSE,6,"2026-06-03 12:10:12"
"Australian Logrunner","s(FEve)",1.40266315581519,4.60568735562288,5.69618963237595e-05,"vegetation",TRUE,7,"2026-06-03 12:10:12"
"Australian Logrunner","s(time_observations_started)",3.7631589187024,4.2170644574594,0,"effort",FALSE,8,"2026-06-03 12:10:12"
"Australian Logrunner","s(sp_richness)",1.69002240926865,3.14921645878641,0.00210157516050535,"vegetation",TRUE,9,"2026-06-03 12:10:12"
"Australian Logrunner","s(FDiv)",1.41382935916139,2.5734085755849,0.00314395292318304,"vegetation",TRUE,10,"2026-06-03 12:10:12"
"Australian Logrunner","s(number_observers)",1.41762388625087,2.20542506847229,0.0100154831693521,"effort",FALSE,11,"2026-06-03 12:10:12"
"Australian Logrunner","s(log(precip_annual))",2.39308433033217,2.19802096941313,6.15424004635212e-06,"other",FALSE,12,"2026-06-03 12:10:12"
"Australian Logrunner","s(lc_trees)",0.943838203954892,1.86909315233625,1.53812859449154e-05,"landscape",FALSE,13,"2026-06-03 12:10:12"
"Australian Logrunner","s(height_cwm)",0.813441122959535,1.45414832017632,0.00729319177195298,"vegetation",TRUE,14,"2026-06-03 12:10:12"
"Australian Logrunner","s(cover)",0.729734703382682,0.90143464372044,0.0399659786304205,"vegetation",TRUE,15,"2026-06-03 12:10:12"
"Australian Logrunner","s(wooddensity_cwm)",0.607596048205115,0.516176225838367,0.0631577053129442,"vegetation",TRUE,16,"2026-06-03 12:10:12"
"Australian Logrunner","s(log1p(nightlights))",0.729715440564453,0.300615269428616,0.044219494806556,"other",FALSE,17,"2026-06-03 12:10:12"
"Australian Logrunner","s(gini_simpson)",3.40057712776629e-05,9.39021269995838e-06,0.32693508873968,"vegetation",TRUE,18,"2026-06-03 12:10:12"
"Australian Logrunner","s(FRic)",2.7049350136303e-05,8.36034467190028e-06,0.255921569621543,"vegetation",TRUE,19,"2026-06-03 12:10:12"
"Australian Logrunner","s(mean_fhd)",3.14590708663348e-05,7.48099290853526e-06,0.257449166431145,"vegetation",TRUE,20,"2026-06-03 12:10:12"
"Australian Logrunner","s(log1p(effort_distance_km))",2.66761502243966e-05,6.43477520953709e-06,0.422695437211661,"other",FALSE,21,"2026-06-03 12:10:12"
"Australian Logrunner","s(pielou_evenness)",1.65656414166951e-05,9.1945279960916e-07,0.735237222184661,"vegetation",TRUE,22,"2026-06-03 12:10:12"
"Australian Logrunner","s(LA_cwm)",1.1851221852438e-05,5.7858666361599e-07,0.82651951209476,"vegetation",TRUE,23,"2026-06-03 12:10:12"
"Australian Logrunner","s(day_of_year)",9.79814297152721e-06,1.36159530475523e-07,0.948594819202528,"effort",FALSE,24,"2026-06-03 12:10:12"
"Australian Logrunner","protocol_type",1,1.19226630980663e-12,0.999999128793907,"effort",FALSE,25,"2026-06-03 12:10:12"
"Gang-gang Cockatoo","s(height_cwm)",2.91559301959327,13.4873362733215,0,"vegetation",TRUE,1,"2026-06-03 12:10:59"
"Gang-gang Cockatoo","s(temp_annual)",6.85573939802916,13.3246885132275,0,"landscape",FALSE,2,"2026-06-03 12:10:59"
"Gang-gang Cockatoo","s(FRic)",1.9029962328478,12.9360222468708,0,"vegetation",TRUE,3,"2026-06-03 12:10:59"
"Gang-gang Cockatoo","s(FDiv)",1.21761248215219,8.1529486944942,0,"vegetation",TRUE,4,"2026-06-03 12:10:59"
"Gang-gang Cockatoo","s(log1p(nightlights))",3.89932048626242,7.37501793072961,0,"other",FALSE,5,"2026-06-03 12:10:59"
"Gang-gang Cockatoo","s(elevation)",3.84520316339558,7.31158793668924,0,"landscape",FALSE,6,"2026-06-03 12:10:59"
"Gang-gang Cockatoo","s(FEve)",1.77038340865407,6.54131676544446,5.12116302653354e-06,"vegetation",TRUE,7,"2026-06-03 12:10:59"
"Gang-gang Cockatoo","s(time_observations_started)",4.79018142018607,5.67994229742179,0,"effort",FALSE,8,"2026-06-03 12:10:59"
"Gang-gang Cockatoo","s(log(precip_annual))",4.48490874376614,4.71446228911006,0,"other",FALSE,9,"2026-06-03 12:10:59"
"Gang-gang Cockatoo","s(sp_richness)",1.65025171723057,3.89981145561819,0.000318584735545135,"vegetation",TRUE,10,"2026-06-03 12:10:59"
"Gang-gang Cockatoo","s(cover)",1.65134643512679,3.80891570970077,0.000547044414591857,"vegetation",TRUE,11,"2026-06-03 12:10:59"
"Gang-gang Cockatoo","s(observer_expertise)",1.42860499301637,2.71609942582222,0.000726584882007719,"effort",FALSE,12,"2026-06-03 12:10:59"
"Gang-gang Cockatoo","s(lc_trees)",5.03899084021548,2.61585609550949,4.23742277604333e-05,"landscape",FALSE,13,"2026-06-03 12:10:59"
"Gang-gang Cockatoo","s(log(duration_minutes))",1.40200973188267,1.93162737876834,0.0113869972215881,"other",FALSE,14,"2026-06-03 12:10:59"
"Gang-gang Cockatoo","s(water_occ)",1.47966101892235,1.73618400234816,2.88186322183748e-05,"landscape",FALSE,15,"2026-06-03 12:10:59"
"Gang-gang Cockatoo","s(wooddensity_cwm)",1.35462485694946,1.51309787293623,0.0236031735434948,"vegetation",TRUE,16,"2026-06-03 12:10:59"
"Gang-gang Cockatoo","s(day_of_year)",1.83153115698566,0.812356564653294,0.0133753343021443,"effort",FALSE,17,"2026-06-03 12:10:59"
"Gang-gang Cockatoo","s(pielou_evenness)",0.855351661718582,0.771041466965941,0.0599641503359127,"vegetation",TRUE,18,"2026-06-03 12:10:59"
"Gang-gang Cockatoo","s(log1p(effort_distance_km))",1.06132318418505,0.624734065299611,0.150489217445367,"other",FALSE,19,"2026-06-03 12:10:59"
"Gang-gang Cockatoo","s(number_observers)",0.15017858207977,0.0588992041311221,0.267342393091328,"effort",FALSE,20,"2026-06-03 12:10:59"
"Gang-gang Cockatoo","s(mean_fhd)",4.26099769682463e-05,1.12121444385193e-05,0.39839524352637,"vegetation",TRUE,21,"2026-06-03 12:10:59"
"Gang-gang Cockatoo","s(prop_canopy)",3.03521720445838e-05,6.53910763047431e-06,0.428977006666195,"vegetation",TRUE,22,"2026-06-03 12:10:59"
"Gang-gang Cockatoo","s(gini_simpson)",6.07517018599931e-06,2.33706396108267e-06,0.161507453970537,"vegetation",TRUE,23,"2026-06-03 12:10:59"
"Gang-gang Cockatoo","s(LA_cwm)",7.58365306507796e-06,1.02402430091519e-06,0.598828139975673,"vegetation",TRUE,24,"2026-06-03 12:10:59"
"Gang-gang Cockatoo","protocol_type",2,2.78831655933822e-11,0.999999999972117,"effort",FALSE,25,"2026-06-03 12:10:59"
"Regent Bowerbird","s(height_cwm)",2.30247529346542,13.3429234647629,0,"vegetation",TRUE,1,"2026-06-03 12:11:45"
"Regent Bowerbird","s(observer_expertise)",1.92964302245422,8.59207612818066,0,"effort",FALSE,2,"2026-06-03 12:11:45"
"Regent Bowerbird","s(LA_cwm)",1.88303934917067,8.06138059073957,7.24232301130279e-07,"vegetation",TRUE,3,"2026-06-03 12:11:45"
"Regent Bowerbird","s(log1p(nightlights))",5.78011046924411,7.73110525853569,0,"other",FALSE,4,"2026-06-03 12:11:45"
"Regent Bowerbird","s(temp_annual)",3.89939418277095,5.73591043025014,0,"landscape",FALSE,5,"2026-06-03 12:11:45"
"Regent Bowerbird","s(log(duration_minutes))",1.66869103108286,4.54578409108867,0.000174630756971106,"other",FALSE,6,"2026-06-03 12:11:45"
"Regent Bowerbird","s(lc_trees)",5.4990758960928,4.23625136628771,0,"landscape",FALSE,7,"2026-06-03 12:11:45"
"Regent Bowerbird","s(wooddensity_cwm)",0.898565174822701,2.4494339932492,0.00186477924682737,"vegetation",TRUE,8,"2026-06-03 12:11:45"
"Regent Bowerbird","s(day_of_year)",4.06094869145889,2.37967590138028,0.000256321519943703,"effort",FALSE,9,"2026-06-03 12:11:45"
"Regent Bowerbird","s(time_observations_started)",2.23247238408684,2.34198369604018,1.99303716761356e-05,"effort",FALSE,10,"2026-06-03 12:11:45"
"Regent Bowerbird","s(log(precip_annual))",3.51944837173871,2.09309702969996,8.99772934469523e-05,"other",FALSE,11,"2026-06-03 12:11:45"
"Regent Bowerbird","s(water_occ)",2.60792303167703,1.80873129752899,0.000147878853824057,"landscape",FALSE,12,"2026-06-03 12:11:45"
"Regent Bowerbird","s(elevation)",0.939317439117452,1.63151057962083,1.96602971858084e-05,"landscape",FALSE,13,"2026-06-03 12:11:45"
"Regent Bowerbird","s(log1p(effort_distance_km))",0.742343486713206,0.959021555199025,0.042286860020825,"other",FALSE,14,"2026-06-03 12:11:45"
"Regent Bowerbird","s(sp_richness)",1.19373557903395,0.919345308388457,0.0554885376993205,"vegetation",TRUE,15,"2026-06-03 12:11:45"
"Regent Bowerbird","s(number_observers)",0.998435716795765,0.870920842787092,0.0737968403227078,"effort",FALSE,16,"2026-06-03 12:11:45"
"Regent Bowerbird","s(FRic)",0.713654304256088,0.829757257458397,0.0255431726075072,"vegetation",TRUE,17,"2026-06-03 12:11:45"
"Regent Bowerbird","s(prop_canopy)",0.659297472529002,0.644033335064086,0.0758712077114045,"vegetation",TRUE,18,"2026-06-03 12:11:45"
"Regent Bowerbird","s(gini_simpson)",7.64314054018102e-05,2.00291405817077e-05,0.337757181804861,"vegetation",TRUE,19,"2026-06-03 12:11:45"
"Regent Bowerbird","s(mean_fhd)",7.45757746312188e-05,1.99043772447634e-05,0.278390983037475,"vegetation",TRUE,20,"2026-06-03 12:11:45"
"Regent Bowerbird","s(FDiv)",4.0047569461968e-05,1.01799759189279e-05,0.381886979646581,"vegetation",TRUE,21,"2026-06-03 12:11:45"
"Regent Bowerbird","s(pielou_evenness)",3.00317363451792e-05,5.93408886328858e-06,0.458715182361935,"vegetation",TRUE,22,"2026-06-03 12:11:45"
"Regent Bowerbird","s(FEve)",2.88943323899517e-05,2.05581845061249e-06,0.717048535628909,"vegetation",TRUE,23,"2026-06-03 12:11:45"
"Regent Bowerbird","s(cover)",2.93399376379044e-05,1.3429078169208e-06,0.846794258209182,"vegetation",TRUE,24,"2026-06-03 12:11:45"
"Regent Bowerbird","protocol_type",2,1.9306211071178e-11,0.999999999980694,"effort",FALSE,25,"2026-06-03 12:11:45"
"Western Gerygone","s(log(precip_annual))",3.30267508239124,5.75680966090173,0,"other",FALSE,1,"2026-06-03 10:55:14"
"Western Gerygone","s(log(duration_minutes))",0.942408765844463,5.45413853183304,2.52202790607114e-05,"other",FALSE,2,"2026-06-03 10:55:14"
"Western Gerygone","s(day_of_year)",3.4412749479322,3.51761188467224,5.13958809178483e-07,"effort",FALSE,3,"2026-06-03 10:55:14"
"Western Gerygone","s(wooddensity_cwm)",1.66713193194339,3.28001546352749,0.00159983800432451,"vegetation",TRUE,4,"2026-06-03 10:55:14"
"Western Gerygone","s(FEve)",1.74336052748684,3.21700468933678,0.00165970829347828,"vegetation",TRUE,5,"2026-06-03 10:55:14"
"Western Gerygone","s(elevation)",4.84933766468499,3.11578427148378,3.27997839666416e-06,"landscape",FALSE,6,"2026-06-03 10:55:14"
"Western Gerygone","s(observer_expertise)",1.45028672379471,2.12809942393569,0.00268259917130553,"effort",FALSE,7,"2026-06-03 10:55:14"
"Western Gerygone","s(sp_richness)",1.30092720823785,1.79888214273951,0.00570166225931978,"vegetation",TRUE,8,"2026-06-03 10:55:14"
"Western Gerygone","s(gini_simpson)",1.47810874867502,1.71167217962556,0.0136554724913367,"vegetation",TRUE,9,"2026-06-03 10:55:14"
"Western Gerygone","s(lc_trees)",2.09765676062639,1.67865850644209,8.91187298204255e-05,"landscape",FALSE,10,"2026-06-03 10:55:14"
"Western Gerygone","s(water_occ)",1.1800001043495,1.67244183854859,7.55365301008393e-06,"landscape",FALSE,11,"2026-06-03 10:55:14"
"Western Gerygone","s(FDiv)",1.33633573736053,1.45730810737204,0.0292146966818997,"vegetation",TRUE,12,"2026-06-03 10:55:14"
"Western Gerygone","s(time_observations_started)",1.75909645707063,1.21043773625354,0.00170605949086455,"effort",FALSE,13,"2026-06-03 10:55:14"
"Western Gerygone","s(prop_canopy)",0.761744400385405,1.0651187744025,0.034111335544299,"vegetation",TRUE,14,"2026-06-03 10:55:14"
"Western Gerygone","s(FRic)",0.883973481799246,0.890146668256309,0.041281293895314,"vegetation",TRUE,15,"2026-06-03 10:55:14"
"Western Gerygone","s(pielou_evenness)",0.726388065872259,0.884908091617647,0.0408161852057467,"vegetation",TRUE,16,"2026-06-03 10:55:14"
"Western Gerygone","s(cover)",5.46756298017119e-05,1.26638870753443e-05,0.422959633660887,"vegetation",TRUE,17,"2026-06-03 10:55:14"
"Western Gerygone","s(log1p(effort_distance_km))",3.78196780251161e-05,9.06769991490207e-06,0.445613956277436,"other",FALSE,18,"2026-06-03 10:55:14"
"Western Gerygone","s(number_observers)",2.23097140190494e-05,3.02224440827777e-06,0.599594033531642,"effort",FALSE,19,"2026-06-03 10:55:14"
"Western Gerygone","s(height_cwm)",1.66308176514359e-05,2.34993017967927e-06,0.558798219136528,"vegetation",TRUE,20,"2026-06-03 10:55:14"
"Western Gerygone","s(LA_cwm)",1.4326455744815e-05,1.73834408537613e-06,0.594150866514529,"vegetation",TRUE,21,"2026-06-03 10:55:14"
"Western Gerygone","s(log1p(nightlights))",2.8004495922705e-05,1.38998355109254e-06,0.543921705915665,"other",FALSE,22,"2026-06-03 10:55:14"
"Western Gerygone","s(temp_annual)",1.57342261350209e-05,2.54802032036758e-07,0.77042721837836,"landscape",FALSE,23,"2026-06-03 10:55:14"
"Western Gerygone","s(mean_fhd)",1.20634475658038e-05,6.39470589434624e-09,0.99584057369776,"vegetation",TRUE,24,"2026-06-03 10:55:14"
"Western Gerygone","protocol_type",2,3.53329108180384e-11,0.999999999964667,"effort",FALSE,25,"2026-06-03 10:55:14"
"Cockatiel","s(cover)",1.7909389050826,5.7395404203889,6.36597996317434e-06,"vegetation",TRUE,1,"2026-06-03 10:57:14"
"Cockatiel","s(log1p(effort_distance_km))",1.68229816642803,5.66249750182421,2.21268255844453e-05,"other",FALSE,2,"2026-06-03 10:57:14"
"Cockatiel","s(log(precip_annual))",2.95562040889425,3.49640789229733,0,"other",FALSE,3,"2026-06-03 10:57:14"
"Cockatiel","s(temp_annual)",2.6161527113585,3.18408836392447,0,"landscape",FALSE,4,"2026-06-03 10:57:14"
"Cockatiel","s(lc_trees)",2.259052364644,2.7024463551799,5.47742962764275e-07,"landscape",FALSE,5,"2026-06-03 10:57:14"
"Cockatiel","s(elevation)",1.6274803688325,2.57936240357559,6.34828680956545e-07,"landscape",FALSE,6,"2026-06-03 10:57:14"
"Cockatiel","s(gini_simpson)",1.4725265415265,1.66265731758291,0.0251635737100229,"vegetation",TRUE,7,"2026-06-03 10:57:14"
"Cockatiel","s(log(duration_minutes))",1.36859158166597,1.24960686361076,0.0565736927684921,"other",FALSE,8,"2026-06-03 10:57:14"
"Cockatiel","s(prop_canopy)",1.02038638073754,1.09337793419869,0.0274921562962198,"vegetation",TRUE,9,"2026-06-03 10:57:14"
"Cockatiel","s(observer_expertise)",0.794262878320457,0.964879890885511,0.025354689416337,"effort",FALSE,10,"2026-06-03 10:57:14"
"Cockatiel","s(water_occ)",1.37473725350542,0.624308598699677,0.0101830651296231,"landscape",FALSE,11,"2026-06-03 10:57:14"
"Cockatiel","s(wooddensity_cwm)",0.742911877814735,0.467111339578247,0.115036739193643,"vegetation",TRUE,12,"2026-06-03 10:57:14"
"Cockatiel","s(LA_cwm)",1.05911808620272e-05,3.89795836747182e-06,0.249543798172676,"vegetation",TRUE,13,"2026-06-03 10:57:14"
"Cockatiel","s(FDiv)",7.24080834032699e-06,1.79814947157803e-06,0.363399692877581,"vegetation",TRUE,14,"2026-06-03 10:57:14"
"Cockatiel","s(sp_richness)",3.59206922084388e-06,1.56616091222037e-06,0.198878266785756,"vegetation",TRUE,15,"2026-06-03 10:57:14"
"Cockatiel","s(FEve)",8.3100466862817e-06,1.48014177566274e-06,0.469564916932688,"vegetation",TRUE,16,"2026-06-03 10:57:14"
"Cockatiel","s(day_of_year)",6.05715122368763e-06,4.73504802987679e-07,0.540184277403474,"effort",FALSE,17,"2026-06-03 10:57:14"
"Cockatiel","s(FRic)",5.54557917966059e-06,4.58240376777945e-07,0.627359606383125,"vegetation",TRUE,18,"2026-06-03 10:57:14"
"Cockatiel","s(number_observers)",5.61224795983744e-06,4.56718623606562e-07,0.746764589379067,"effort",FALSE,19,"2026-06-03 10:57:14"
"Cockatiel","s(pielou_evenness)",4.15356695854499e-06,1.58637671067253e-07,0.811224756838902,"vegetation",TRUE,20,"2026-06-03 10:57:14"
"Cockatiel","s(log1p(nightlights))",5.17489421929103e-06,1.18178480139066e-07,0.779171872506014,"other",FALSE,21,"2026-06-03 10:57:14"
"Cockatiel","s(time_observations_started)",1.66315662545775e-06,5.22836175762803e-08,0.764858541858835,"effort",FALSE,22,"2026-06-03 10:57:14"
"Cockatiel","s(mean_fhd)",3.36422714874779e-06,3.03957388865445e-08,0.924168893215418,"vegetation",TRUE,23,"2026-06-03 10:57:14"
"Cockatiel","s(height_cwm)",3.91355439402246e-06,2.69569192744951e-08,0.965556638923797,"vegetation",TRUE,24,"2026-06-03 10:57:14"
"Cockatiel","protocol_type",4,1.03870495535977e-09,1,"effort",FALSE,25,"2026-06-03 10:57:14"
"Collared Sparrowhawk","s(observer_expertise)",2.01317732474523,11.424331598032,0,"effort",FALSE,1,"2026-06-03 10:58:55"
"Collared Sparrowhawk","s(log(duration_minutes))",1.70733545861455,5.90258656956511,2.29461482510462e-05,"other",FALSE,2,"2026-06-03 10:58:55"
"Collared Sparrowhawk","s(log1p(effort_distance_km))",1.62420418351981,2.28308509622239,0.0133528914172583,"other",FALSE,3,"2026-06-03 10:58:55"
"Collared Sparrowhawk","s(height_cwm)",0.871310989835932,2.25248926604937,0.00255758083481827,"vegetation",TRUE,4,"2026-06-03 10:58:55"
"Collared Sparrowhawk","s(FDiv)",0.777203890230413,1.16227461143801,0.0324128566547839,"vegetation",TRUE,5,"2026-06-03 10:58:55"
"Collared Sparrowhawk","s(log1p(nightlights))",2.11812959627158,1.12225247781129,0.00322967192013279,"other",FALSE,6,"2026-06-03 10:58:55"
"Collared Sparrowhawk","s(gini_simpson)",0.903227976499112,0.698031693145304,0.0926762540927502,"vegetation",TRUE,7,"2026-06-03 10:58:55"
"Collared Sparrowhawk","s(cover)",0.322145928473983,0.158100493527371,0.212226767841698,"vegetation",TRUE,8,"2026-06-03 10:58:55"
"Collared Sparrowhawk","s(temp_annual)",0.556304094961692,0.139107972506,0.128277522598202,"landscape",FALSE,9,"2026-06-03 10:58:55"
"Collared Sparrowhawk","s(lc_trees)",0.515831122646427,0.118094962512057,0.141581396908318,"landscape",FALSE,10,"2026-06-03 10:58:55"
"Collared Sparrowhawk","s(number_observers)",0.244664485897867,0.107935828486253,0.24898661751338,"effort",FALSE,11,"2026-06-03 10:58:55"
"Collared Sparrowhawk","s(FRic)",5.6252930930044e-05,8.09035380155825e-06,0.508212890528218,"vegetation",TRUE,12,"2026-06-03 10:58:55"
"Collared Sparrowhawk","s(sp_richness)",3.95864509140575e-05,6.52863998128794e-06,0.505250397755631,"vegetation",TRUE,13,"2026-06-03 10:58:55"
"Collared Sparrowhawk","s(water_occ)",7.8487169365728e-05,5.42234379963565e-06,0.427983119560538,"landscape",FALSE,14,"2026-06-03 10:58:55"
"Collared Sparrowhawk","s(prop_canopy)",4.1735392601864e-05,4.03440942272283e-06,0.656764964852472,"vegetation",TRUE,15,"2026-06-03 10:58:55"
"Collared Sparrowhawk","s(wooddensity_cwm)",2.99369180501997e-05,2.62389300792291e-06,0.649684363929667,"vegetation",TRUE,16,"2026-06-03 10:58:55"
"Collared Sparrowhawk","s(pielou_evenness)",2.96466471601702e-05,2.45990462271057e-06,0.688254909906954,"vegetation",TRUE,17,"2026-06-03 10:58:55"
"Collared Sparrowhawk","s(day_of_year)",2.4668448647518e-05,2.02503654826211e-06,0.532941050763793,"effort",FALSE,18,"2026-06-03 10:58:55"
"Collared Sparrowhawk","s(FEve)",2.65349870169713e-05,1.50247511790633e-06,0.760409200688459,"vegetation",TRUE,19,"2026-06-03 10:58:55"
"Collared Sparrowhawk","s(log(precip_annual))",3.42206181766465e-05,9.23829307860864e-07,0.666519743462738,"other",FALSE,20,"2026-06-03 10:58:55"
"Collared Sparrowhawk","s(time_observations_started)",1.93398992915238e-05,2.5921614220353e-07,0.925025532903603,"effort",FALSE,21,"2026-06-03 10:58:55"
"Collared Sparrowhawk","s(elevation)",1.98294189843887e-05,1.50123992203038e-07,0.920653910224912,"landscape",FALSE,22,"2026-06-03 10:58:55"
"Collared Sparrowhawk","s(mean_fhd)",2.83276706670414e-05,8.47347827169153e-08,0.991608625197948,"vegetation",TRUE,23,"2026-06-03 10:58:55"
"Collared Sparrowhawk","s(LA_cwm)",2.96396250663073e-05,7.6758396040886e-08,0.994600122607934,"vegetation",TRUE,24,"2026-06-03 10:58:55"
"Collared Sparrowhawk","protocol_type",2,1.43999935371453e-10,0.999999999856,"effort",FALSE,25,"2026-06-03 10:58:55"
"Bassian Thrush","s(log(duration_minutes))",1.89188520541825,17.5416306844126,0,"other",FALSE,1,"2026-06-03 11:00:39"
"Bassian Thrush","s(cover)",1.30087958875407,15.3407031318846,0,"vegetation",TRUE,2,"2026-06-03 11:00:39"
"Bassian Thrush","s(LA_cwm)",2.56706383584772,6.42574777365322,1.49614783583329e-05,"vegetation",TRUE,3,"2026-06-03 11:00:39"
"Bassian Thrush","s(FDiv)",0.933993019106692,4.71088788552372,4.34653238521321e-05,"vegetation",TRUE,4,"2026-06-03 11:00:39"
"Bassian Thrush","s(log1p(nightlights))",5.07811828165084,4.41203899264747,0,"other",FALSE,5,"2026-06-03 11:00:39"
"Bassian Thrush","s(lc_trees)",3.93551827456205,4.30078579059787,0,"landscape",FALSE,6,"2026-06-03 11:00:39"
"Bassian Thrush","s(log(precip_annual))",3.38090919083453,3.8203641850188,0,"other",FALSE,7,"2026-06-03 11:00:39"
"Bassian Thrush","s(observer_expertise)",1.03444918376942,3.54562806172053,9.15983804808951e-05,"effort",FALSE,8,"2026-06-03 11:00:39"
"Bassian Thrush","s(FEve)",1.6789045099983,3.49478393074077,0.00101022954889607,"vegetation",TRUE,9,"2026-06-03 11:00:39"
"Bassian Thrush","s(temp_annual)",2.91813085762755,3.39438566357873,0,"landscape",FALSE,10,"2026-06-03 11:00:39"
"Bassian Thrush","s(water_occ)",3.65213752332102,3.39253899757504,-8.23347008349629e-08,"landscape",FALSE,11,"2026-06-03 11:00:39"
"Bassian Thrush","s(time_observations_started)",4.66793239775221,2.02278697775217,0.00201091009656573,"effort",FALSE,12,"2026-06-03 11:00:39"
"Bassian Thrush","s(gini_simpson)",1.73577310951938,1.83700314301612,0.0239288328970716,"vegetation",TRUE,13,"2026-06-03 11:00:39"
"Bassian Thrush","s(elevation)",2.69845512793339,1.611114270707,0.000106298640709768,"landscape",FALSE,14,"2026-06-03 11:00:39"
"Bassian Thrush","s(wooddensity_cwm)",1.38510582379071,1.22171352452416,0.0479524446436526,"vegetation",TRUE,15,"2026-06-03 11:00:39"
"Bassian Thrush","s(log1p(effort_distance_km))",1.19439618559422,1.19912517531676,0.050439540804703,"other",FALSE,16,"2026-06-03 11:00:39"
"Bassian Thrush","s(mean_fhd)",0.769173514175282,1.10867087685709,0.0249946068860224,"vegetation",TRUE,17,"2026-06-03 11:00:39"
"Bassian Thrush","s(day_of_year)",1.62030148339004,0.527143023766907,0.0522354613789755,"effort",FALSE,18,"2026-06-03 11:00:39"
"Bassian Thrush","s(number_observers)",0.657077816937148,0.410626683045173,0.151582419995137,"effort",FALSE,19,"2026-06-03 11:00:39"
"Bassian Thrush","s(height_cwm)",0.435807598398594,0.257320951643852,0.155757960295641,"vegetation",TRUE,20,"2026-06-03 11:00:39"
"Bassian Thrush","s(sp_richness)",0.000309360724809763,0.00010639807283853,0.267974588036807,"vegetation",TRUE,21,"2026-06-03 11:00:39"
"Bassian Thrush","s(pielou_evenness)",5.69776408201526e-05,7.24513286407947e-06,0.500754957142982,"vegetation",TRUE,22,"2026-06-03 11:00:39"
"Bassian Thrush","s(FRic)",3.86415252935399e-05,2.20197338814443e-06,0.753882795483881,"vegetation",TRUE,23,"2026-06-03 11:00:39"
"Bassian Thrush","s(prop_canopy)",3.56335914079848e-05,8.41614641672301e-07,0.927259916728349,"vegetation",TRUE,24,"2026-06-03 11:00:39"
"Bassian Thrush","protocol_type",2,2.14766373681258e-13,0.999999999999785,"effort",FALSE,25,"2026-06-03 11:00:39"
"Scarlet Robin","s(log(duration_minutes))",1.43643669311436,13.570075944557,0,"other",FALSE,1,"2026-06-03 11:03:01"
"Scarlet Robin","s(temp_annual)",4.5484012932076,8.78108721998503,0,"landscape",FALSE,2,"2026-06-03 11:03:01"
"Scarlet Robin","s(FEve)",0.956012762460715,7.23428308726038,1.62964499816898e-06,"vegetation",TRUE,3,"2026-06-03 11:03:01"
"Scarlet Robin","s(day_of_year)",3.54979330238699,6.21381404543038,0,"effort",FALSE,4,"2026-06-03 11:03:01"
"Scarlet Robin","s(LA_cwm)",0.924755472840427,4.09563435405806,8.85105874111058e-05,"vegetation",TRUE,5,"2026-06-03 11:03:01"
"Scarlet Robin","s(gini_simpson)",1.70644248308746,3.06323214720227,0.00154769213961337,"vegetation",TRUE,6,"2026-06-03 11:03:01"
"Scarlet Robin","s(elevation)",3.06961557412017,2.45876071029727,6.85587135063059e-06,"landscape",FALSE,7,"2026-06-03 11:03:01"
"Scarlet Robin","s(mean_fhd)",0.880666273501338,2.43079420027392,0.000848303048648025,"vegetation",TRUE,8,"2026-06-03 11:03:01"
"Scarlet Robin","s(log1p(nightlights))",0.950668794442047,2.14019957019926,2.8110965689665e-06,"other",FALSE,9,"2026-06-03 11:03:01"
"Scarlet Robin","s(cover)",1.33821274188898,1.54527982832569,0.0217105267697988,"vegetation",TRUE,10,"2026-06-03 11:03:01"
"Scarlet Robin","s(observer_expertise)",0.84844102701534,1.39083520325163,0.00986422829131639,"effort",FALSE,11,"2026-06-03 11:03:01"
"Scarlet Robin","s(wooddensity_cwm)",0.777532526341468,1.1613831035863,0.0257942971411863,"vegetation",TRUE,12,"2026-06-03 11:03:01"
"Scarlet Robin","s(log(precip_annual))",2.78072692363787,1.15308720947872,0.00348350984586232,"other",FALSE,13,"2026-06-03 11:03:01"
"Scarlet Robin","s(sp_richness)",0.776414292148728,1.14955427503177,0.012188989933043,"vegetation",TRUE,14,"2026-06-03 11:03:01"
"Scarlet Robin","s(prop_canopy)",1.19947115905726,0.870116734537984,0.0877124122262011,"vegetation",TRUE,15,"2026-06-03 11:03:01"
"Scarlet Robin","s(FRic)",0.809170531569993,0.635418753079467,0.069701688072114,"vegetation",TRUE,16,"2026-06-03 11:03:01"
"Scarlet Robin","s(water_occ)",0.812396213637611,0.465913762816177,0.01882395697355,"landscape",FALSE,17,"2026-06-03 11:03:01"
"Scarlet Robin","s(height_cwm)",0.499508190281226,0.332319765668458,0.137548616473187,"vegetation",TRUE,18,"2026-06-03 11:03:01"
"Scarlet Robin","s(log1p(effort_distance_km))",0.266676535077799,0.106715606646201,0.283276112737675,"other",FALSE,19,"2026-06-03 11:03:01"
"Scarlet Robin","s(pielou_evenness)",0.170558017475299,0.068523760594918,0.230184697756339,"vegetation",TRUE,20,"2026-06-03 11:03:01"
"Scarlet Robin","s(FDiv)",2.13131116564036e-05,1.14292841358468e-06,0.766419851844477,"vegetation",TRUE,21,"2026-06-03 11:03:01"
"Scarlet Robin","s(number_observers)",1.45746221769453e-05,6.40968107908982e-07,0.848918400569081,"effort",FALSE,22,"2026-06-03 11:03:01"
"Scarlet Robin","s(lc_trees)",1.92579215648733e-05,5.39708603475272e-07,0.704796238535288,"landscape",FALSE,23,"2026-06-03 11:03:01"
"Scarlet Robin","s(time_observations_started)",7.86674551620109e-06,2.82387816347974e-07,0.742772121996575,"effort",FALSE,24,"2026-06-03 11:03:01"
"Scarlet Robin","protocol_type",3,1.53851207396805e-11,1,"effort",FALSE,25,"2026-06-03 11:03:01"
"Australian Boobook","s(time_observations_started)",6.23493516708452,74.9045479678242,0,"effort",FALSE,1,"2026-06-03 11:04:59"
"Australian Boobook","s(log(duration_minutes))",1.89021181469141,17.7846346368209,0,"other",FALSE,2,"2026-06-03 11:04:59"
"Australian Boobook","s(LA_cwm)",2.86760163956377,10.9776242371504,0,"vegetation",TRUE,3,"2026-06-03 11:04:59"
"Australian Boobook","s(height_cwm)",1.81878541951696,5.42397436413714,7.95177717271001e-05,"vegetation",TRUE,4,"2026-06-03 11:04:59"
"Australian Boobook","s(cover)",1.75827343954935,3.95142579745989,0.00099039751956953,"vegetation",TRUE,5,"2026-06-03 11:04:59"
"Australian Boobook","s(day_of_year)",3.25163686618654,3.61796392655987,1.92643914642687e-06,"effort",FALSE,6,"2026-06-03 11:04:59"
"Australian Boobook","s(observer_expertise)",0.926279259208504,3.12763021840697,0.000206871338024217,"effort",FALSE,7,"2026-06-03 11:04:59"
"Australian Boobook","s(gini_simpson)",0.880711896951802,2.44477408353217,0.00265514559182756,"vegetation",TRUE,8,"2026-06-03 11:04:59"
"Australian Boobook","s(temp_annual)",1.56222106896298,0.784166895550638,0.00179000973791388,"landscape",FALSE,9,"2026-06-03 11:04:59"
"Australian Boobook","s(FRic)",0.838177239696126,0.723435880896647,0.0769100977456326,"vegetation",TRUE,10,"2026-06-03 11:04:59"
"Australian Boobook","s(lc_trees)",0.861674562409109,0.690899408754715,0.00379594636820724,"landscape",FALSE,11,"2026-06-03 11:04:59"
"Australian Boobook","s(log1p(nightlights))",1.49453375140377,0.607064525365466,0.016187037300929,"other",FALSE,12,"2026-06-03 11:04:59"
"Australian Boobook","s(log1p(effort_distance_km))",0.605443109782839,0.30348663502764,0.21458438764301,"other",FALSE,13,"2026-06-03 11:04:59"
"Australian Boobook","s(elevation)",1.06183196247955,0.205759863204057,0.105882328992447,"landscape",FALSE,14,"2026-06-03 11:04:59"
"Australian Boobook","s(water_occ)",0.703105410172824,0.150534149379151,0.125760922714628,"landscape",FALSE,15,"2026-06-03 11:04:59"
"Australian Boobook","s(FEve)",8.94777229643856e-05,1.98848070996315e-05,0.415951043174619,"vegetation",TRUE,16,"2026-06-03 11:04:59"
"Australian Boobook","s(prop_canopy)",4.24717149677363e-05,1.56255174415394e-05,0.283511222858473,"vegetation",TRUE,17,"2026-06-03 11:04:59"
"Australian Boobook","s(mean_fhd)",3.52814073182365e-05,5.52447744852699e-06,0.564340553456818,"vegetation",TRUE,18,"2026-06-03 11:04:59"
"Australian Boobook","s(wooddensity_cwm)",1.94441622717633e-05,1.85920012146884e-06,0.649629576278267,"vegetation",TRUE,19,"2026-06-03 11:04:59"
"Australian Boobook","s(sp_richness)",2.55516711707455e-05,1.59543667525934e-06,0.750595295306138,"vegetation",TRUE,20,"2026-06-03 11:04:59"
"Australian Boobook","s(pielou_evenness)",2.55510611154783e-05,1.30416244173353e-06,0.773704050950748,"vegetation",TRUE,21,"2026-06-03 11:04:59"
"Australian Boobook","s(log(precip_annual))",3.79317837272335e-05,1.27634327604091e-06,0.609193230924582,"other",FALSE,22,"2026-06-03 11:04:59"
"Australian Boobook","s(FDiv)",2.17175772579701e-05,1.03552190321414e-06,0.785773913813148,"vegetation",TRUE,23,"2026-06-03 11:04:59"
"Australian Boobook","protocol_type",3,7.68539877416709e-07,0.999999999068855,"effort",FALSE,24,"2026-06-03 11:04:59"
"Australian Boobook","s(number_observers)",2.34480418135992e-05,9.16445055303275e-08,0.989298716406287,"effort",FALSE,25,"2026-06-03 11:04:59"
"Emu","s(prop_canopy)",2.58797597100075,5.39435068996245,0.00012531265800253,"vegetation",TRUE,1,"2026-06-03 11:07:04"
"Emu","s(temp_annual)",5.13339559908452,4.28798385182467,0,"landscape",FALSE,2,"2026-06-03 11:07:04"
"Emu","s(log(precip_annual))",5.41540047210212,3.8572907550845,0,"other",FALSE,3,"2026-06-03 11:07:04"
"Emu","s(log1p(effort_distance_km))",1.49938366773966,2.63862219513985,0.0031697277695143,"other",FALSE,4,"2026-06-03 11:07:04"
"Emu","s(log1p(nightlights))",3.47122248246993,1.71437919005006,0.000293782612706517,"other",FALSE,5,"2026-06-03 11:07:04"
"Emu","s(FDiv)",1.50627472924957,1.6151796060711,0.0311016770425301,"vegetation",TRUE,6,"2026-06-03 11:07:04"
"Emu","s(FEve)",1.56747541098655,1.4407232665846,0.0450981992063579,"vegetation",TRUE,7,"2026-06-03 11:07:04"
"Emu","s(lc_trees)",1.97914920867999,1.37050812610325,0.000365148971161022,"landscape",FALSE,8,"2026-06-03 11:07:04"
"Emu","s(sp_richness)",1.35590946426193,1.11294202808258,0.0555207624154556,"vegetation",TRUE,9,"2026-06-03 11:07:04"
"Emu","s(FRic)",0.759524191121994,1.04144250310545,0.0189862969418906,"vegetation",TRUE,10,"2026-06-03 11:07:04"
"Emu","s(elevation)",2.29571752180824,0.757248849295576,0.0141307297952713,"landscape",FALSE,11,"2026-06-03 11:07:04"
"Emu","s(log(duration_minutes))",0.992132231857085,0.737022509465418,0.0913698026504965,"other",FALSE,12,"2026-06-03 11:07:04"
"Emu","s(cover)",0.629418848523476,0.56009205489559,0.0901638108689375,"vegetation",TRUE,13,"2026-06-03 11:07:04"
"Emu","s(day_of_year)",1.34441966538205,0.395487084887157,0.0698437242023346,"effort",FALSE,14,"2026-06-03 11:07:04"
"Emu","s(water_occ)",1.51080566526824,0.383578188254315,0.0727779111494509,"landscape",FALSE,15,"2026-06-03 11:07:04"
"Emu","s(observer_expertise)",0.452819387166925,0.161879646472492,0.21192311900074,"effort",FALSE,16,"2026-06-03 11:07:04"
"Emu","s(wooddensity_cwm)",3.19417891437288e-05,8.48869554764972e-06,0.363570894253788,"vegetation",TRUE,17,"2026-06-03 11:07:04"
"Emu","s(pielou_evenness)",8.2540966864846e-06,8.84950611991662e-07,0.650698681197723,"vegetation",TRUE,18,"2026-06-03 11:07:04"
"Emu","s(height_cwm)",1.08339374101344e-05,8.50160764758881e-07,0.671215575146244,"vegetation",TRUE,19,"2026-06-03 11:07:04"
"Emu","s(gini_simpson)",6.63883423267186e-06,8.21472123662539e-07,0.581731587379767,"vegetation",TRUE,20,"2026-06-03 11:07:04"
"Emu","s(LA_cwm)",3.90740613008603e-06,3.42031483032667e-07,0.689719627264836,"vegetation",TRUE,21,"2026-06-03 11:07:04"
"Emu","s(number_observers)",7.80145128948728e-06,2.60940754945556e-07,0.890320531798323,"effort",FALSE,22,"2026-06-03 11:07:04"
"Emu","s(time_observations_started)",4.20195294241274e-06,1.46781756134294e-07,0.736212969002135,"effort",FALSE,23,"2026-06-03 11:07:04"
"Emu","s(mean_fhd)",8.72473087674296e-06,1.1256332166259e-07,0.85949286956307,"vegetation",TRUE,24,"2026-06-03 11:07:04"
"Emu","protocol_type",4,3.29710804167768e-11,1,"effort",FALSE,25,"2026-06-03 11:07:04"
"White-bellied Cuckooshrike","s(log(duration_minutes))",0.983472642944945,19.7383606151664,0,"other",FALSE,1,"2026-06-03 11:08:52"
"White-bellied Cuckooshrike","s(log1p(nightlights))",4.08213137857687,12.8753971586009,0,"other",FALSE,2,"2026-06-03 11:08:52"
"White-bellied Cuckooshrike","s(log(precip_annual))",4.94994148399834,9.05539183778303,0,"other",FALSE,3,"2026-06-03 11:08:52"
"White-bellied Cuckooshrike","s(observer_expertise)",0.968413219226242,7.60464309438047,0,"effort",FALSE,4,"2026-06-03 11:08:52"
"White-bellied Cuckooshrike","s(temp_annual)",3.49251393053855,6.07599859551661,0,"landscape",FALSE,5,"2026-06-03 11:08:52"
"White-bellied Cuckooshrike","s(day_of_year)",4.04173102609374,3.12562384558862,9.32879739523607e-06,"effort",FALSE,6,"2026-06-03 11:08:52"
"White-bellied Cuckooshrike","s(gini_simpson)",1.38752136182993,1.30447480479211,0.0442709500871019,"vegetation",TRUE,7,"2026-06-03 11:08:52"
"White-bellied Cuckooshrike","s(wooddensity_cwm)",0.908273356097593,0.775778651804152,0.0691678975679975,"vegetation",TRUE,8,"2026-06-03 11:08:52"
"White-bellied Cuckooshrike","s(time_observations_started)",1.51232923294035,0.633007459124204,0.0237687400493252,"effort",FALSE,9,"2026-06-03 11:08:52"
"White-bellied Cuckooshrike","s(height_cwm)",0.905445400962283,0.573549901347239,0.115497124024745,"vegetation",TRUE,10,"2026-06-03 11:08:52"
"White-bellied Cuckooshrike","s(FRic)",0.592060925344833,0.481573800337645,0.0966781927669604,"vegetation",TRUE,11,"2026-06-03 11:08:52"
"White-bellied Cuckooshrike","s(water_occ)",1.28194437440134,0.437737512821529,0.0373613129993819,"landscape",FALSE,12,"2026-06-03 11:08:52"
"White-bellied Cuckooshrike","s(cover)",0.530940534966228,0.23988863251361,0.22089920685473,"vegetation",TRUE,13,"2026-06-03 11:08:52"
"White-bellied Cuckooshrike","s(prop_canopy)",0.332450217599111,0.143796789880583,0.220684544161654,"vegetation",TRUE,14,"2026-06-03 11:08:52"
"White-bellied Cuckooshrike","s(log1p(effort_distance_km))",0.142290598804924,0.0499022612919089,0.3349552805275,"other",FALSE,15,"2026-06-03 11:08:52"
"White-bellied Cuckooshrike","s(elevation)",0.000270050654105998,2.83838324028151e-05,0.303820686753322,"landscape",FALSE,16,"2026-06-03 11:08:52"
"White-bellied Cuckooshrike","s(mean_fhd)",4.24831642861678e-05,7.26676104022033e-06,0.450274162822941,"vegetation",TRUE,17,"2026-06-03 11:08:52"
"White-bellied Cuckooshrike","s(sp_richness)",3.29755648776067e-05,5.54467202167252e-06,0.463354443559807,"vegetation",TRUE,18,"2026-06-03 11:08:52"
"White-bellied Cuckooshrike","s(FDiv)",2.68414513358113e-05,2.93104139320153e-06,0.616335474718223,"vegetation",TRUE,19,"2026-06-03 11:08:52"
"White-bellied Cuckooshrike","s(FEve)",2.64658669163994e-05,2.36458662370411e-06,0.671731585623003,"vegetation",TRUE,20,"2026-06-03 11:08:52"
"White-bellied Cuckooshrike","s(pielou_evenness)",2.41732434833772e-05,2.19336125103115e-06,0.670180240035808,"vegetation",TRUE,21,"2026-06-03 11:08:52"
"White-bellied Cuckooshrike","s(lc_trees)",3.20747915314956e-05,1.72262088115855e-06,0.521158925322337,"landscape",FALSE,22,"2026-06-03 11:08:52"
"White-bellied Cuckooshrike","s(number_observers)",1.49701800671715e-05,9.28713880437458e-07,0.795337215318384,"effort",FALSE,23,"2026-06-03 11:08:52"
"White-bellied Cuckooshrike","s(LA_cwm)",2.11928647603251e-05,2.62396346176531e-07,0.946741396829558,"vegetation",TRUE,24,"2026-06-03 11:08:52"
"White-bellied Cuckooshrike","protocol_type",4,1.16609456459337e-11,1,"effort",FALSE,25,"2026-06-03 11:08:52"
"Forest Raven","s(cover)",1.86930368833139,6.43813144966219,1.83595087588362e-06,"vegetation",TRUE,1,"2026-06-03 11:11:24"
"Forest Raven","s(wooddensity_cwm)",1.67175078569966,4.30764184734864,0.000123945114731905,"vegetation",TRUE,2,"2026-06-03 11:11:24"
"Forest Raven","s(log1p(nightlights))",2.45108436847845,4.1288660011599,0,"other",FALSE,3,"2026-06-03 11:11:24"
"Forest Raven","s(log1p(effort_distance_km))",0.901268419970547,3.04240462607869,0.00123947424008319,"other",FALSE,4,"2026-06-03 11:11:24"
"Forest Raven","s(log(precip_annual))",2.68637013768788,1.95504222672342,2.60594938615855e-05,"other",FALSE,5,"2026-06-03 11:11:24"
"Forest Raven","s(observer_expertise)",1.78275079014617,1.71070270926562,0.0153487819880992,"effort",FALSE,6,"2026-06-03 11:11:24"
"Forest Raven","s(temp_annual)",4.06349534429328,1.50659742440741,0.00129844371292975,"landscape",FALSE,7,"2026-06-03 11:11:24"
"Forest Raven","s(elevation)",2.36176303466649,1.36537316218522,0.000280912353684659,"landscape",FALSE,8,"2026-06-03 11:11:24"
"Forest Raven","s(FEve)",0.781505867521044,1.19172946454946,0.0239909830449518,"vegetation",TRUE,9,"2026-06-03 11:11:24"
"Forest Raven","s(pielou_evenness)",0.708362541970412,0.806303920412581,0.0514307200864563,"vegetation",TRUE,10,"2026-06-03 11:11:24"
"Forest Raven","s(FRic)",1.07037763609026,0.761883023653941,0.0967711098116731,"vegetation",TRUE,11,"2026-06-03 11:11:24"
"Forest Raven","s(lc_trees)",1.89179026252696,0.750701111393406,0.00600770501797099,"landscape",FALSE,12,"2026-06-03 11:11:24"
"Forest Raven","s(mean_fhd)",0.643135568268438,0.600638105408054,0.0696724011094633,"vegetation",TRUE,13,"2026-06-03 11:11:24"
"Forest Raven","s(number_observers)",0.627154868640454,0.560390382072109,0.0990999837475344,"effort",FALSE,14,"2026-06-03 11:11:24"
"Forest Raven","s(time_observations_started)",1.4736045661255,0.362689609303796,0.116805331616985,"effort",FALSE,15,"2026-06-03 11:11:24"
"Forest Raven","s(water_occ)",0.751518419197685,0.143446042392372,0.121435894230056,"landscape",FALSE,16,"2026-06-03 11:11:24"
"Forest Raven","s(height_cwm)",7.52533081056227e-06,1.89258503245822e-06,0.359938021945988,"vegetation",TRUE,17,"2026-06-03 11:11:24"
"Forest Raven","s(FDiv)",6.2798073162976e-06,1.26418194501813e-06,0.458917777097537,"vegetation",TRUE,18,"2026-06-03 11:11:24"
"Forest Raven","s(log(duration_minutes))",4.53223335380425e-06,7.60055372456023e-07,0.569545963367885,"other",FALSE,19,"2026-06-03 11:11:24"
"Forest Raven","s(sp_richness)",4.71057247537843e-06,6.75681292094792e-07,0.514438351198594,"vegetation",TRUE,20,"2026-06-03 11:11:24"
"Forest Raven","s(day_of_year)",5.11751689414528e-06,5.47045672523697e-07,0.418192143525244,"effort",FALSE,21,"2026-06-03 11:11:24"
"Forest Raven","s(LA_cwm)",3.16882064021199e-06,3.17863733941567e-07,0.605731255471602,"vegetation",TRUE,22,"2026-06-03 11:11:24"
"Forest Raven","s(prop_canopy)",3.66620906785833e-06,2.99393593082132e-07,0.689816061927515,"vegetation",TRUE,23,"2026-06-03 11:11:24"
"Forest Raven","s(gini_simpson)",1.04668376150417e-06,8.98170549064411e-09,0.90469504498154,"vegetation",TRUE,24,"2026-06-03 11:11:24"
"Forest Raven","protocol_type",5,2.51169119035927e-10,1,"effort",FALSE,25,"2026-06-03 11:11:24"
"White-browed Woodswallow","s(mean_fhd)",0.982102126778711,17.5616236496739,0,"vegetation",TRUE,1,"2026-06-03 11:13:06"
"White-browed Woodswallow","s(day_of_year)",5.02453012467244,8.5165381903826,0,"effort",FALSE,2,"2026-06-03 11:13:06"
"White-browed Woodswallow","s(number_observers)",1.95559902667475,7.37542096080326,2.75669425819913e-06,"effort",FALSE,3,"2026-06-03 11:13:06"
"White-browed Woodswallow","s(observer_expertise)",0.960051347488087,5.87737254088231,3.80923287579549e-07,"effort",FALSE,4,"2026-06-03 11:13:06"
"White-browed Woodswallow","s(log(precip_annual))",2.73464497789317,5.06738543609385,0,"other",FALSE,5,"2026-06-03 11:13:06"
"White-browed Woodswallow","s(pielou_evenness)",0.913528651185745,3.44911717533561,0.000287798221735858,"vegetation",TRUE,6,"2026-06-03 11:13:06"
"White-browed Woodswallow","s(sp_richness)",1.77068788004539,3.33401199166924,0.002138032921292,"vegetation",TRUE,7,"2026-06-03 11:13:06"
"White-browed Woodswallow","s(log(duration_minutes))",0.905472434115264,3.18221554652145,0.000833976787151802,"other",FALSE,8,"2026-06-03 11:13:06"
"White-browed Woodswallow","s(height_cwm)",1.43121188367473,2.55468734640497,0.00285850102513885,"vegetation",TRUE,9,"2026-06-03 11:13:06"
"White-browed Woodswallow","s(lc_trees)",0.951913694623182,2.17938467000304,1.20249816581985e-06,"landscape",FALSE,10,"2026-06-03 11:13:06"
"White-browed Woodswallow","s(temp_annual)",0.944937022269885,1.87885285245822,8.60511148337295e-07,"landscape",FALSE,11,"2026-06-03 11:13:06"
"White-browed Woodswallow","s(wooddensity_cwm)",1.22238247884168,1.39389222945596,0.0258983301360607,"vegetation",TRUE,12,"2026-06-03 11:13:06"
"White-browed Woodswallow","s(FDiv)",0.780928056207961,1.13855362014141,0.0185091999483823,"vegetation",TRUE,13,"2026-06-03 11:13:06"
"White-browed Woodswallow","s(log1p(nightlights))",0.886631830953602,0.861610447080478,0.00139906318064842,"other",FALSE,14,"2026-06-03 11:13:06"
"White-browed Woodswallow","s(FEve)",0.51856471349282,0.358438388220369,0.12550836682682,"vegetation",TRUE,15,"2026-06-03 11:13:06"
"White-browed Woodswallow","s(elevation)",0.762164302558881,0.167443429126241,0.103156489775967,"landscape",FALSE,16,"2026-06-03 11:13:06"
"White-browed Woodswallow","s(log1p(effort_distance_km))",1.10808298074289e-05,2.54304818808176e-06,0.431578953525444,"other",FALSE,17,"2026-06-03 11:13:06"
"White-browed Woodswallow","protocol_type",5,1.82214025487348e-06,0.999999999999987,"effort",FALSE,18,"2026-06-03 11:13:06"
"White-browed Woodswallow","s(prop_canopy)",9.38686201347896e-06,1.41348984547974e-06,0.512213009017883,"vegetation",TRUE,19,"2026-06-03 11:13:06"
"White-browed Woodswallow","s(gini_simpson)",7.5377094908201e-06,7.73712445575033e-07,0.657994244156409,"vegetation",TRUE,20,"2026-06-03 11:13:06"
"White-browed Woodswallow","s(water_occ)",7.9584519311295e-06,5.27371657195554e-07,0.472879241778604,"landscape",FALSE,21,"2026-06-03 11:13:06"
"White-browed Woodswallow","s(LA_cwm)",6.9797352118082e-06,5.13013665548892e-07,0.717229665512547,"vegetation",TRUE,22,"2026-06-03 11:13:06"
"White-browed Woodswallow","s(FRic)",5.42257557106275e-06,4.83835043955719e-07,0.643286540355813,"vegetation",TRUE,23,"2026-06-03 11:13:06"
"White-browed Woodswallow","s(cover)",5.71585698434379e-06,1.46484326187032e-07,0.923318580980917,"vegetation",TRUE,24,"2026-06-03 11:13:06"
"White-browed Woodswallow","s(time_observations_started)",2.61729854804119e-06,9.98536002274008e-08,0.710452720812636,"effort",FALSE,25,"2026-06-03 11:13:06"
"Chestnut-rumped Thornbill","s(log1p(nightlights))",1.73581116079746,9.60185865976401,0.000313460152414069,"other",FALSE,1,"2026-06-03 11:17:07"
"Chestnut-rumped Thornbill","s(log(duration_minutes))",1.80937475804851,9.09078464113962,4.59036844757676e-07,"other",FALSE,2,"2026-06-03 11:17:07"
"Chestnut-rumped Thornbill","s(gini_simpson)",1.66950544450893,4.23241259422424,0.00014714424995832,"vegetation",TRUE,3,"2026-06-03 11:17:07"
"Chestnut-rumped Thornbill","s(log(precip_annual))",2.66278567254369,4.12128339586967,0,"other",FALSE,4,"2026-06-03 11:17:07"
"Chestnut-rumped Thornbill","s(cover)",1.72360924898122,3.60229961894876,0.000796269176924325,"vegetation",TRUE,5,"2026-06-03 11:17:07"
"Chestnut-rumped Thornbill","s(pielou_evenness)",1.24469158636069,2.46734432003155,0.00231190920799995,"vegetation",TRUE,6,"2026-06-03 11:17:07"
"Chestnut-rumped Thornbill","s(prop_canopy)",1.25499921445933,2.00701800950479,0.00679913436953572,"vegetation",TRUE,7,"2026-06-03 11:17:07"
"Chestnut-rumped Thornbill","s(sp_richness)",0.831550084911135,1.64308487424596,0.00758445971666677,"vegetation",TRUE,8,"2026-06-03 11:17:07"
"Chestnut-rumped Thornbill","s(LA_cwm)",0.798205975766065,1.31682484301043,0.0171588915316363,"vegetation",TRUE,9,"2026-06-03 11:17:07"
"Chestnut-rumped Thornbill","s(lc_trees)",0.900812064421121,1.0158354509548,0.000759309512618822,"landscape",FALSE,10,"2026-06-03 11:17:07"
"Chestnut-rumped Thornbill","s(temp_annual)",1.6099322242751,0.617638762156677,0.0152398034302446,"landscape",FALSE,11,"2026-06-03 11:17:07"
"Chestnut-rumped Thornbill","s(day_of_year)",1.78483915350305,0.563156851224511,0.0543593102936133,"effort",FALSE,12,"2026-06-03 11:17:07"
"Chestnut-rumped Thornbill","s(mean_fhd)",9.57053653665659e-06,2.29496250530218e-06,0.359122514957773,"vegetation",TRUE,13,"2026-06-03 11:17:07"
"Chestnut-rumped Thornbill","s(log1p(effort_distance_km))",9.13254643940135e-06,2.20860350898075e-06,0.420241650803425,"other",FALSE,14,"2026-06-03 11:17:07"
"Chestnut-rumped Thornbill","s(height_cwm)",5.75397230062652e-06,7.77920967462069e-07,0.569615288843029,"vegetation",TRUE,15,"2026-06-03 11:17:07"
"Chestnut-rumped Thornbill","s(water_occ)",1.08486124929101e-05,7.7427638935452e-07,0.415036594723655,"landscape",FALSE,16,"2026-06-03 11:17:07"
"Chestnut-rumped Thornbill","s(number_observers)",5.02711684562036e-06,7.72511631081829e-07,0.55431350385014,"effort",FALSE,17,"2026-06-03 11:17:07"
"Chestnut-rumped Thornbill","s(observer_expertise)",4.40888650612134e-06,6.05704592588897e-07,0.473725127298896,"effort",FALSE,18,"2026-06-03 11:17:07"
"Chestnut-rumped Thornbill","s(elevation)",6.47301263928905e-06,5.18816989937872e-07,0.361660571382584,"landscape",FALSE,19,"2026-06-03 11:17:07"
"Chestnut-rumped Thornbill","s(wooddensity_cwm)",4.75669703864386e-06,2.22635727928107e-07,0.750084112899176,"vegetation",TRUE,20,"2026-06-03 11:17:07"
"Chestnut-rumped Thornbill","s(FRic)",3.26741289801875e-06,1.0267816151277e-07,0.761515733311812,"vegetation",TRUE,21,"2026-06-03 11:17:07"
"Chestnut-rumped Thornbill","s(FEve)",3.20729778411839e-06,8.80952369021613e-08,0.863589989776863,"vegetation",TRUE,22,"2026-06-03 11:17:07"
"Chestnut-rumped Thornbill","s(FDiv)",3.14620917419673e-06,7.55845898657904e-08,0.881278690331177,"vegetation",TRUE,23,"2026-06-03 11:17:07"
"Chestnut-rumped Thornbill","protocol_type",5,6.70451665024236e-08,1,"effort",FALSE,24,"2026-06-03 11:17:07"
"Chestnut-rumped Thornbill","s(time_observations_started)",1.90035761306188e-06,4.15438267931569e-08,0.836478532446844,"effort",FALSE,25,"2026-06-03 11:17:07"
"White-browed Babbler","s(height_cwm)",1.94753289470974,15.6412687227135,0,"vegetation",TRUE,1,"2026-06-03 11:19:03"
"White-browed Babbler","s(lc_trees)",4.70329432932892,5.14484878433916,0,"landscape",FALSE,2,"2026-06-03 11:19:03"
"White-browed Babbler","s(LA_cwm)",0.870702760061781,2.24449758745696,0.00270263062607212,"vegetation",TRUE,3,"2026-06-03 11:19:03"
"White-browed Babbler","s(log(precip_annual))",4.0501585774856,2.17729189454428,8.28266090344698e-05,"other",FALSE,4,"2026-06-03 11:19:03"
"White-browed Babbler","s(temp_annual)",3.62368014226891,2.06177131630679,0.000105600914001469,"landscape",FALSE,5,"2026-06-03 11:19:03"
"White-browed Babbler","s(log1p(effort_distance_km))",1.48137547958635,1.58092689960072,0.0363453260614466,"other",FALSE,6,"2026-06-03 11:19:03"
"White-browed Babbler","s(wooddensity_cwm)",1.05737287371658,1.32248438402193,0.0234458407415616,"vegetation",TRUE,7,"2026-06-03 11:19:03"
"White-browed Babbler","s(day_of_year)",2.17968465845799,1.28831424942306,0.00200902443330664,"effort",FALSE,8,"2026-06-03 11:19:03"
"White-browed Babbler","s(log1p(nightlights))",1.19915187008445,1.08566293742349,0.000754873472164297,"other",FALSE,9,"2026-06-03 11:19:03"
"White-browed Babbler","s(water_occ)",1.63495325849933,0.667851162874545,0.0172520976125674,"landscape",FALSE,10,"2026-06-03 11:19:03"
"White-browed Babbler","s(FEve)",0.586635331665101,0.383274174725594,0.127738614392758,"vegetation",TRUE,11,"2026-06-03 11:19:03"
"White-browed Babbler","s(time_observations_started)",0.903161147876998,0.224089082481182,0.116668034066454,"effort",FALSE,12,"2026-06-03 11:19:03"
"White-browed Babbler","s(cover)",2.02400899600602e-05,4.51404976135382e-06,0.400924157381875,"vegetation",TRUE,13,"2026-06-03 11:19:03"
"White-browed Babbler","s(log(duration_minutes))",1.3056342869178e-05,3.12201532454683e-06,0.422151114861117,"other",FALSE,14,"2026-06-03 11:19:03"
"White-browed Babbler","s(gini_simpson)",5.50029391364684e-06,2.65809405834092e-06,0.193030034345739,"vegetation",TRUE,15,"2026-06-03 11:19:03"
"White-browed Babbler","s(pielou_evenness)",7.71723041912585e-06,2.18355963040604e-06,0.362783168067733,"vegetation",TRUE,16,"2026-06-03 11:19:03"
"White-browed Babbler","s(observer_expertise)",5.70276227619855e-06,2.03292727961983e-06,0.221838318388988,"effort",FALSE,17,"2026-06-03 11:19:03"
"White-browed Babbler","s(FRic)",7.43943244572269e-06,1.76733227429109e-06,0.383934414113639,"vegetation",TRUE,18,"2026-06-03 11:19:03"
"White-browed Babbler","s(sp_richness)",5.66027152435025e-06,1.70220417332907e-06,0.329249415021393,"vegetation",TRUE,19,"2026-06-03 11:19:03"
"White-browed Babbler","s(FDiv)",5.00316643774738e-06,1.41801340950094e-06,0.34084893329124,"vegetation",TRUE,20,"2026-06-03 11:19:03"
"White-browed Babbler","s(mean_fhd)",5.21864175367142e-06,6.87785098198946e-07,0.518264978163403,"vegetation",TRUE,21,"2026-06-03 11:19:03"
"White-browed Babbler","s(prop_canopy)",5.31312406581004e-06,2.92108010754952e-07,0.703038181174565,"vegetation",TRUE,22,"2026-06-03 11:19:03"
"White-browed Babbler","s(elevation)",7.07504171618e-06,2.25015531571966e-07,0.607543157396048,"landscape",FALSE,23,"2026-06-03 11:19:03"
"White-browed Babbler","s(number_observers)",6.18392253968392e-06,1.40836675608551e-07,0.894556414933736,"effort",FALSE,24,"2026-06-03 11:19:03"
"White-browed Babbler","protocol_type",3,1.85641764438668e-11,1,"effort",FALSE,25,"2026-06-03 11:19:03"
"Southern Emuwren","s(height_cwm)",1.90860657687456,20.0138240956535,0,"vegetation",TRUE,1,"2026-06-03 11:20:53"
"Southern Emuwren","s(log(duration_minutes))",0.982203056004784,18.3810676220851,0,"other",FALSE,2,"2026-06-03 11:20:53"
"Southern Emuwren","s(wooddensity_cwm)",2.89626411140615,15.8556114216753,0,"vegetation",TRUE,3,"2026-06-03 11:20:53"
"Southern Emuwren","s(elevation)",6.18187959180728,7.46852391404579,0,"landscape",FALSE,4,"2026-06-03 11:20:53"
"Southern Emuwren","s(temp_annual)",5.71963630698465,7.18332793780378,0,"landscape",FALSE,5,"2026-06-03 11:20:53"
"Southern Emuwren","s(mean_fhd)",1.68153432006289,5.31906206954098,2.79251293225924e-05,"vegetation",TRUE,6,"2026-06-03 11:20:53"
"Southern Emuwren","s(FDiv)",1.64446118905561,4.87901611162337,5.45880474078775e-05,"vegetation",TRUE,7,"2026-06-03 11:20:53"
"Southern Emuwren","s(FRic)",1.47675630540015,4.07294784050027,9.04074007763711e-05,"vegetation",TRUE,8,"2026-06-03 11:20:53"
"Southern Emuwren","s(log(precip_annual))",2.0549834312671,3.38348080678518,0,"other",FALSE,9,"2026-06-03 11:20:53"
"Southern Emuwren","s(log1p(nightlights))",2.49645505956501,2.83025777178048,3.1905623965045e-07,"other",FALSE,10,"2026-06-03 11:20:53"
"Southern Emuwren","s(sp_richness)",1.71072623936846,2.77654713096646,0.00221121631096866,"vegetation",TRUE,11,"2026-06-03 11:20:53"
"Southern Emuwren","s(water_occ)",1.84636140912701,2.63373311061917,-1.21952095089028e-08,"landscape",FALSE,12,"2026-06-03 11:20:53"
"Southern Emuwren","s(cover)",0.881986603240374,2.49030270544245,0.00157891104375785,"vegetation",TRUE,13,"2026-06-03 11:20:53"
"Southern Emuwren","s(observer_expertise)",1.41275407746319,2.22492950859116,0.00205302950162412,"effort",FALSE,14,"2026-06-03 11:20:53"
"Southern Emuwren","s(day_of_year)",2.55837124325383,1.40179494442361,0.00264067138934032,"effort",FALSE,15,"2026-06-03 11:20:53"
"Southern Emuwren","s(time_observations_started)",2.17691171065431,1.12458615914592,0.00629947859259383,"effort",FALSE,16,"2026-06-03 11:20:53"
"Southern Emuwren","s(LA_cwm)",1.12911893445949,0.855445002369775,0.0792401487332424,"vegetation",TRUE,17,"2026-06-03 11:20:53"
"Southern Emuwren","s(lc_trees)",1.46402609119879,0.420062109871767,0.0448418361999164,"landscape",FALSE,18,"2026-06-03 11:20:53"
"Southern Emuwren","s(prop_canopy)",7.93259701120584e-05,2.66101459787958e-05,0.13179966500376,"vegetation",TRUE,19,"2026-06-03 11:20:53"
"Southern Emuwren","s(log1p(effort_distance_km))",4.72134068350876e-05,1.29696716807559e-05,0.364142770069064,"other",FALSE,20,"2026-06-03 11:20:53"
"Southern Emuwren","s(pielou_evenness)",4.56400512207216e-05,8.26887672658426e-06,0.461760594363337,"vegetation",TRUE,21,"2026-06-03 11:20:53"
"Southern Emuwren","s(FEve)",3.1091216231576e-05,4.09116007731721e-06,0.530856965080985,"vegetation",TRUE,22,"2026-06-03 11:20:53"
"Southern Emuwren","s(number_observers)",2.8807126481143e-05,2.76472992240428e-06,0.725308514835051,"effort",FALSE,23,"2026-06-03 11:20:53"
"Southern Emuwren","s(gini_simpson)",1.78608150482775e-05,1.19771949093456e-06,0.73913103348221,"vegetation",TRUE,24,"2026-06-03 11:20:53"
"Southern Emuwren","protocol_type",2,2.29131098959384e-11,0.999999999977087,"effort",FALSE,25,"2026-06-03 11:20:53"
"Diamond Firetail","s(log(duration_minutes))",1.93092869610293,12.1550392371673,0,"other",FALSE,1,"2026-06-03 11:22:35"
"Diamond Firetail","s(observer_expertise)",2.6853653698567,6.60517969490384,1.46562681746509e-06,"effort",FALSE,2,"2026-06-03 11:22:35"
"Diamond Firetail","s(sp_richness)",1.56330681413431,3.14404007145215,0.00123638380566504,"vegetation",TRUE,3,"2026-06-03 11:22:35"
"Diamond Firetail","s(temp_annual)",5.40192163042207,2.86220934130289,2.36075394322022e-05,"landscape",FALSE,4,"2026-06-03 11:22:35"
"Diamond Firetail","s(log1p(nightlights))",3.55202451393139,2.76266710700436,9.32975874334829e-06,"other",FALSE,5,"2026-06-03 11:22:35"
"Diamond Firetail","s(FEve)",0.889712236925313,2.68894380410278,0.000520890779489802,"vegetation",TRUE,6,"2026-06-03 11:22:35"
"Diamond Firetail","s(mean_fhd)",1.26649079032661,2.39163959387808,0.0020913590473336,"vegetation",TRUE,7,"2026-06-03 11:22:35"
"Diamond Firetail","s(height_cwm)",0.874965157354669,2.3316586753932,0.00180244529564433,"vegetation",TRUE,8,"2026-06-03 11:22:35"
"Diamond Firetail","s(lc_trees)",2.77903343416748,2.1225549752266,1.87364309677251e-05,"landscape",FALSE,9,"2026-06-03 11:22:35"
"Diamond Firetail","s(log(precip_annual))",3.02370375984391,1.7664260958999,0.000174261550012988,"other",FALSE,10,"2026-06-03 11:22:35"
"Diamond Firetail","s(number_observers)",1.22486276637993,1.29360558637013,0.0401317970566832,"effort",FALSE,11,"2026-06-03 11:22:35"
"Diamond Firetail","s(elevation)",2.57728105225606,1.2451704697853,0.00150595952646049,"landscape",FALSE,12,"2026-06-03 11:22:35"
"Diamond Firetail","s(pielou_evenness)",1.00483657511387,0.936903262672774,0.0526355107524441,"vegetation",TRUE,13,"2026-06-03 11:22:35"
"Diamond Firetail","s(day_of_year)",1.81893808099963,0.814040528892892,0.0139776954426909,"effort",FALSE,14,"2026-06-03 11:22:35"
"Diamond Firetail","s(wooddensity_cwm)",0.709270516955625,0.813198532735111,0.0497283927672533,"vegetation",TRUE,15,"2026-06-03 11:22:35"
"Diamond Firetail","s(water_occ)",0.809420680805978,0.471727859835131,0.0119590836526114,"landscape",FALSE,16,"2026-06-03 11:22:35"
"Diamond Firetail","s(FDiv)",0.520917927692372,0.262092477182522,0.181964614101013,"vegetation",TRUE,17,"2026-06-03 11:22:35"
"Diamond Firetail","s(prop_canopy)",8.82755880265345e-06,3.61795553255498e-06,0.132854218459328,"vegetation",TRUE,18,"2026-06-03 11:22:35"
"Diamond Firetail","s(cover)",1.05255001527917e-05,1.71047042648187e-06,0.547165862513592,"vegetation",TRUE,19,"2026-06-03 11:22:35"
"Diamond Firetail","s(log1p(effort_distance_km))",1.48422350892173e-05,1.32764044317407e-06,0.723299385780774,"other",FALSE,20,"2026-06-03 11:22:35"
"Diamond Firetail","s(LA_cwm)",8.68995143182403e-06,1.12518155236327e-06,0.530726627435604,"vegetation",TRUE,21,"2026-06-03 11:22:35"
"Diamond Firetail","s(time_observations_started)",7.89098349294904e-06,2.70995338750783e-07,0.74440129219363,"effort",FALSE,22,"2026-06-03 11:22:35"
"Diamond Firetail","s(gini_simpson)",6.78778224621586e-06,1.45654953808599e-07,0.899424841599787,"vegetation",TRUE,23,"2026-06-03 11:22:35"
"Diamond Firetail","s(FRic)",6.72724225053642e-06,1.13789251012247e-07,0.876480583978797,"vegetation",TRUE,24,"2026-06-03 11:22:35"
"Diamond Firetail","protocol_type",5,5.84754988613843e-08,1,"effort",FALSE,25,"2026-06-03 11:22:35"
"Noisy Pitta","s(log(duration_minutes))",0.978032259639528,14.8356409497254,0,"other",FALSE,1,"2026-06-03 11:25:34"
"Noisy Pitta","s(sp_richness)",2.35450169545045,8.36892063816521,-8.4008475731423e-08,"vegetation",TRUE,2,"2026-06-03 11:25:34"
"Noisy Pitta","s(cover)",0.951478101938384,6.53381885138535,1.24717491256643e-06,"vegetation",TRUE,3,"2026-06-03 11:25:34"
"Noisy Pitta","s(temp_annual)",3.4050388574142,6.19244159960362,0,"landscape",FALSE,4,"2026-06-03 11:25:34"
"Noisy Pitta","s(log(precip_annual))",3.79873597521545,5.53920099716422,0,"other",FALSE,5,"2026-06-03 11:25:34"
"Noisy Pitta","s(day_of_year)",3.28676171974026,4.58413752361826,0,"effort",FALSE,6,"2026-06-03 11:25:34"
"Noisy Pitta","s(observer_expertise)",2.04517818053435,3.80373800892848,0.000222561556423084,"effort",FALSE,7,"2026-06-03 11:25:34"
"Noisy Pitta","s(wooddensity_cwm)",1.74769788357928,3.67451002762051,0.000641365942086747,"vegetation",TRUE,8,"2026-06-03 11:25:34"
"Noisy Pitta","s(FRic)",1.76653782764046,3.6513672115852,0.000855392439956137,"vegetation",TRUE,9,"2026-06-03 11:25:34"
"Noisy Pitta","s(height_cwm)",1.77563770242133,3.44712161499987,0.000833962909519315,"vegetation",TRUE,10,"2026-06-03 11:25:34"
"Noisy Pitta","s(lc_trees)",2.28302768732374,3.33253707904941,0,"landscape",FALSE,11,"2026-06-03 11:25:34"
"Noisy Pitta","s(FEve)",1.73287551941574,3.21457045476316,0.00233413294482099,"vegetation",TRUE,12,"2026-06-03 11:25:34"
"Noisy Pitta","s(elevation)",0.964164712198514,2.98844465146154,0,"landscape",FALSE,13,"2026-06-03 11:25:34"
"Noisy Pitta","s(log1p(nightlights))",3.85948017870916,2.00423046907387,0.000247434743860797,"other",FALSE,14,"2026-06-03 11:25:34"
"Noisy Pitta","s(log1p(effort_distance_km))",1.37738129570457,1.9743205002297,0.0131240012179688,"other",FALSE,15,"2026-06-03 11:25:34"
"Noisy Pitta","s(time_observations_started)",2.26944634014852,1.87368741194919,0.000195500081377808,"effort",FALSE,16,"2026-06-03 11:25:34"
"Noisy Pitta","s(LA_cwm)",1.48158084311537,1.55604410744256,0.031760445166964,"vegetation",TRUE,17,"2026-06-03 11:25:34"
"Noisy Pitta","s(pielou_evenness)",0.727353051710524,0.88920258499972,0.0404680059496736,"vegetation",TRUE,18,"2026-06-03 11:25:34"
"Noisy Pitta","s(FDiv)",5.59482790851077e-05,1.27000184571609e-05,0.407817773989008,"vegetation",TRUE,19,"2026-06-03 11:25:34"
"Noisy Pitta","s(water_occ)",2.50727878975774e-05,2.60868594055982e-06,0.332100585104593,"landscape",FALSE,20,"2026-06-03 11:25:34"
"Noisy Pitta","s(number_observers)",2.34483146016623e-05,2.55153850592847e-06,0.665944200759029,"effort",FALSE,21,"2026-06-03 11:25:34"
"Noisy Pitta","s(gini_simpson)",2.09927207108149e-05,2.11542071280247e-06,0.554159170561347,"vegetation",TRUE,22,"2026-06-03 11:25:34"
"Noisy Pitta","s(prop_canopy)",1.89718340936526e-05,1.45750284416084e-06,0.750602399519787,"vegetation",TRUE,23,"2026-06-03 11:25:34"
"Noisy Pitta","s(mean_fhd)",1.92779920966607e-05,1.19961415586966e-06,0.774348773487793,"vegetation",TRUE,24,"2026-06-03 11:25:34"
"Noisy Pitta","protocol_type",4,3.89350734224539e-09,1,"effort",FALSE,25,"2026-06-03 11:25:34"
"Powerful Owl","s(time_observations_started)",5.08992276752307,15.0262214533847,0,"effort",FALSE,1,"2026-06-03 11:28:09"
"Powerful Owl","s(log(duration_minutes))",1.9429093448281,9.34159689593706,4.74854662591007e-07,"other",FALSE,2,"2026-06-03 11:28:09"
"Powerful Owl","s(log1p(nightlights))",3.34431796785012,7.9888651926457,0,"other",FALSE,3,"2026-06-03 11:28:09"
"Powerful Owl","s(FRic)",1.8236498788162,7.50659615343147,1.27859353726834e-06,"vegetation",TRUE,4,"2026-06-03 11:28:09"
"Powerful Owl","s(prop_canopy)",1.86815736509654,6.91388735494494,5.1704976018474e-06,"vegetation",TRUE,5,"2026-06-03 11:28:09"
"Powerful Owl","s(temp_annual)",4.74471803945426,6.39199334583876,0,"landscape",FALSE,6,"2026-06-03 11:28:09"
"Powerful Owl","s(observer_expertise)",0.957474670380549,5.60133654795472,1.65204079916048e-06,"effort",FALSE,7,"2026-06-03 11:28:09"
"Powerful Owl","s(LA_cwm)",0.92373565265432,4.03476984134662,8.56669637677721e-05,"vegetation",TRUE,8,"2026-06-03 11:28:09"
"Powerful Owl","s(elevation)",4.98247556712196,3.92018696210403,0,"landscape",FALSE,9,"2026-06-03 11:28:09"
"Powerful Owl","s(height_cwm)",1.7143899085884,3.15084227448837,0.00209630869029276,"vegetation",TRUE,10,"2026-06-03 11:28:09"
"Powerful Owl","s(sp_richness)",1.5011031853786,2.19507007152197,0.0072750899240186,"vegetation",TRUE,11,"2026-06-03 11:28:09"
"Powerful Owl","s(lc_trees)",2.01976004943586,1.95104683189561,2.15127732068332e-05,"landscape",FALSE,12,"2026-06-03 11:28:09"
"Powerful Owl","s(log(precip_annual))",1.91414833767181,1.80794698358058,3.13883581470886e-05,"other",FALSE,13,"2026-06-03 11:28:09"
"Powerful Owl","s(FDiv)",1.20179739300823,1.37975980431649,0.0304732891341355,"vegetation",TRUE,14,"2026-06-03 11:28:09"
"Powerful Owl","s(number_observers)",1.04422424486692,0.867944069649767,0.0837284709418409,"effort",FALSE,15,"2026-06-03 11:28:09"
"Powerful Owl","s(day_of_year)",1.47164513811915,0.387829466901878,0.0970025460062809,"effort",FALSE,16,"2026-06-03 11:28:09"
"Powerful Owl","s(wooddensity_cwm)",5.30836113705898e-05,1.99788777125647e-05,0.262987090565591,"vegetation",TRUE,17,"2026-06-03 11:28:09"
"Powerful Owl","s(mean_fhd)",3.57975922268381e-05,1.14799755515732e-05,0.298705562858086,"vegetation",TRUE,18,"2026-06-03 11:28:09"
"Powerful Owl","s(gini_simpson)",4.15955024990106e-05,7.78511242002125e-06,0.455404811428704,"vegetation",TRUE,19,"2026-06-03 11:28:09"
"Powerful Owl","s(cover)",2.21631674749748e-05,2.91182003288183e-06,0.605632652075911,"vegetation",TRUE,20,"2026-06-03 11:28:09"
"Powerful Owl","s(FEve)",2.45484647025938e-05,2.66016031706576e-06,0.599437047207528,"vegetation",TRUE,21,"2026-06-03 11:28:09"
"Powerful Owl","s(log1p(effort_distance_km))",1.99238090606536e-05,6.34234191005725e-07,0.882841722082463,"other",FALSE,22,"2026-06-03 11:28:09"
"Powerful Owl","s(water_occ)",1.70047993237995e-05,1.69854257323772e-07,0.848186753684683,"landscape",FALSE,23,"2026-06-03 11:28:09"
"Powerful Owl","s(pielou_evenness)",1.18934389454884e-05,1.39355283088055e-07,0.932483353430577,"vegetation",TRUE,24,"2026-06-03 11:28:09"
"Powerful Owl","protocol_type",2,5.82275061476172e-12,0.999999999994177,"effort",FALSE,25,"2026-06-03 11:28:09"
"Superb Parrot","s(FDiv)",0.948508997284487,6.12528408955728,2.68622561816478e-06,"vegetation",TRUE,1,"2026-06-03 11:30:48"
"Superb Parrot","s(day_of_year)",4.97926340440164,3.96982790087645,1.82513437207987e-06,"effort",FALSE,2,"2026-06-03 11:30:48"
"Superb Parrot","s(temp_annual)",2.75395742312833,3.14134002358924,0,"landscape",FALSE,3,"2026-06-03 11:30:48"
"Superb Parrot","s(time_observations_started)",2.48596097013097,2.89501217260433,1.94642999573613e-06,"effort",FALSE,4,"2026-06-03 11:30:48"
"Superb Parrot","s(log(precip_annual))",2.50562229875814,2.4066407643352,1.61663433417836e-07,"other",FALSE,5,"2026-06-03 11:30:48"
"Superb Parrot","s(observer_expertise)",0.875661098229934,1.76037763729653,0.00345843260375289,"effort",FALSE,6,"2026-06-03 11:30:48"
"Superb Parrot","s(lc_trees)",0.936850226763412,1.64953566863567,1.250715358736e-05,"landscape",FALSE,7,"2026-06-03 11:30:48"
"Superb Parrot","s(wooddensity_cwm)",1.35417528024246,1.58513345266252,0.0196527324827098,"vegetation",TRUE,8,"2026-06-03 11:30:48"
"Superb Parrot","s(elevation)",3.12362024287633,1.49143422951685,0.00178276056730164,"landscape",FALSE,9,"2026-06-03 11:30:48"
"Superb Parrot","s(log1p(effort_distance_km))",1.4042591132766,1.21596049337615,0.0642378765427963,"other",FALSE,10,"2026-06-03 11:30:48"
"Superb Parrot","s(log(duration_minutes))",1.14317875886202,1.18771505001098,0.0325025147667887,"other",FALSE,11,"2026-06-03 11:30:48"
"Superb Parrot","s(height_cwm)",0.770193511499619,1.11713808808236,0.0145239517163571,"vegetation",TRUE,12,"2026-06-03 11:30:48"
"Superb Parrot","s(prop_canopy)",0.741936284091559,0.958183786761869,0.0341444373757837,"vegetation",TRUE,13,"2026-06-03 11:30:48"
"Superb Parrot","s(sp_richness)",0.420255437645213,0.241593625645292,0.15433292779271,"vegetation",TRUE,14,"2026-06-03 11:30:48"
"Superb Parrot","s(log1p(nightlights))",0.489479225269122,0.0895808142117429,0.158438043638823,"other",FALSE,15,"2026-06-03 11:30:48"
"Superb Parrot","s(water_occ)",2.19353716732229e-05,2.22045256670778e-06,0.306783928345269,"landscape",FALSE,16,"2026-06-03 11:30:48"
"Superb Parrot","s(number_observers)",7.15668188659533e-06,1.8016276919152e-06,0.386046515787642,"effort",FALSE,17,"2026-06-03 11:30:48"
"Superb Parrot","s(cover)",5.16484332893023e-06,1.49051062980923e-06,0.334823532738166,"vegetation",TRUE,18,"2026-06-03 11:30:48"
"Superb Parrot","s(mean_fhd)",1.98789613672652e-06,8.91364172170941e-07,0.201310416252994,"vegetation",TRUE,19,"2026-06-03 11:30:48"
"Superb Parrot","s(FEve)",2.25563263948826e-06,2.19937248660914e-07,0.656761157944297,"vegetation",TRUE,20,"2026-06-03 11:30:48"
"Superb Parrot","s(pielou_evenness)",2.78529609329955e-06,1.85622826911747e-07,0.769796435467439,"vegetation",TRUE,21,"2026-06-03 11:30:48"
"Superb Parrot","s(FRic)",1.59257414330872e-06,1.12591519233872e-07,0.643681450532994,"vegetation",TRUE,22,"2026-06-03 11:30:48"
"Superb Parrot","s(LA_cwm)",2.19400155805137e-06,8.48667401666425e-08,0.801945804601038,"vegetation",TRUE,23,"2026-06-03 11:30:48"
"Superb Parrot","s(gini_simpson)",2.28823608671532e-06,7.8045792058252e-08,0.807267047981556,"vegetation",TRUE,24,"2026-06-03 11:30:48"
"Superb Parrot","protocol_type",5,5.60817441761484e-08,1,"effort",FALSE,25,"2026-06-03 11:30:48"
"Australian Spectacled Monarch","s(observer_expertise)",0.972274267114293,8.76213665829647,0,"effort",FALSE,1,"2026-06-03 11:33:20"
"Australian Spectacled Monarch","s(log1p(nightlights))",3.72086646780611,7.51020234424063,0,"other",FALSE,2,"2026-06-03 11:33:20"
"Australian Spectacled Monarch","s(temp_annual)",4.18807295683617,6.23273490559528,0,"landscape",FALSE,3,"2026-06-03 11:33:20"
"Australian Spectacled Monarch","s(day_of_year)",4.62326972403313,5.83612654087833,0,"effort",FALSE,4,"2026-06-03 11:33:20"
"Australian Spectacled Monarch","s(log(duration_minutes))",0.933594349151871,4.68504881548965,8.13328947327774e-05,"other",FALSE,5,"2026-06-03 11:33:20"
"Australian Spectacled Monarch","s(gini_simpson)",0.923800903123965,4.03807595349845,5.65429751786528e-05,"vegetation",TRUE,6,"2026-06-03 11:33:20"
"Australian Spectacled Monarch","s(pielou_evenness)",0.923113980834461,3.99261754503364,5.13869441904902e-05,"vegetation",TRUE,7,"2026-06-03 11:33:20"
"Australian Spectacled Monarch","s(FEve)",1.53720412078896,3.18838717873787,0.00154534378044091,"vegetation",TRUE,8,"2026-06-03 11:33:20"
"Australian Spectacled Monarch","s(time_observations_started)",2.14179734470485,2.35009008359678,1.62047095877416e-05,"effort",FALSE,9,"2026-06-03 11:33:20"
"Australian Spectacled Monarch","s(prop_canopy)",1.54372361287598,2.32152186338868,0.00373484086535703,"vegetation",TRUE,10,"2026-06-03 11:33:20"
"Australian Spectacled Monarch","s(height_cwm)",0.862032776230406,2.08239868948372,0.00269925112095781,"vegetation",TRUE,11,"2026-06-03 11:33:20"
"Australian Spectacled Monarch","s(lc_trees)",2.3598984770942,1.71904624735507,9.94924509916117e-05,"landscape",FALSE,12,"2026-06-03 11:33:20"
"Australian Spectacled Monarch","s(log(precip_annual))",2.53114203292417,1.68120818831108,0.000174580291248283,"other",FALSE,13,"2026-06-03 11:33:20"
"Australian Spectacled Monarch","s(number_observers)",0.852620188746346,0.597663930529824,0.123674257824871,"effort",FALSE,14,"2026-06-03 11:33:20"
"Australian Spectacled Monarch","s(water_occ)",0.805230532720506,0.459083200432982,0.0187129920011559,"landscape",FALSE,15,"2026-06-03 11:33:20"
"Australian Spectacled Monarch","s(wooddensity_cwm)",0.27140154473225,0.124105278057328,0.189599196648702,"vegetation",TRUE,16,"2026-06-03 11:33:20"
"Australian Spectacled Monarch","s(LA_cwm)",7.95246726968392e-05,2.10981244361784e-05,0.316840784402505,"vegetation",TRUE,17,"2026-06-03 11:33:20"
"Australian Spectacled Monarch","s(log1p(effort_distance_km))",6.52109509795401e-05,1.85923476181407e-05,0.352279364463841,"other",FALSE,18,"2026-06-03 11:33:20"
"Australian Spectacled Monarch","s(cover)",3.13824813125984e-05,6.85557417831496e-06,0.461632197566752,"vegetation",TRUE,19,"2026-06-03 11:33:20"
"Australian Spectacled Monarch","s(FRic)",1.12703114906411e-05,1.28300190391229e-06,0.584391342252313,"vegetation",TRUE,20,"2026-06-03 11:33:20"
"Australian Spectacled Monarch","s(FDiv)",9.83680336127208e-06,8.13024539468434e-07,0.691955265617036,"vegetation",TRUE,21,"2026-06-03 11:33:20"
"Australian Spectacled Monarch","protocol_type",3,6.0589338920778e-07,0.999999999348203,"effort",FALSE,22,"2026-06-03 11:33:20"
"Australian Spectacled Monarch","s(elevation)",7.79346765381601e-06,3.18187120076377e-07,0.607497304653439,"landscape",FALSE,23,"2026-06-03 11:33:20"
"Australian Spectacled Monarch","s(mean_fhd)",7.19348803904966e-06,2.27005349035981e-07,0.817310461196405,"vegetation",TRUE,24,"2026-06-03 11:33:20"
"Australian Spectacled Monarch","s(sp_richness)",3.8905688564949e-06,1.39375324183818e-07,0.781740209123105,"vegetation",TRUE,25,"2026-06-03 11:33:20"
"Wompoo Fruit-Dove","s(FDiv)",1.8107003243084,13.770395165401,0,"vegetation",TRUE,1,"2026-06-03 11:35:43"
"Wompoo Fruit-Dove","s(LA_cwm)",0.957409932987664,7.49176030232114,0,"vegetation",TRUE,2,"2026-06-03 11:35:43"
"Wompoo Fruit-Dove","s(log1p(nightlights))",3.72205963201547,3.99976847272348,0,"other",FALSE,3,"2026-06-03 11:35:43"
"Wompoo Fruit-Dove","s(elevation)",3.58346626511921,3.76030682635545,0,"landscape",FALSE,4,"2026-06-03 11:35:43"
"Wompoo Fruit-Dove","s(temp_annual)",2.9986206534456,3.53420068309666,0,"landscape",FALSE,5,"2026-06-03 11:35:43"
"Wompoo Fruit-Dove","s(log(duration_minutes))",1.57991961672264,3.48346481238343,0.000803798010650003,"other",FALSE,6,"2026-06-03 11:35:43"
"Wompoo Fruit-Dove","s(prop_canopy)",1.65862253822411,3.08504337378545,0.000984945520895786,"vegetation",TRUE,7,"2026-06-03 11:35:43"
"Wompoo Fruit-Dove","s(time_observations_started)",3.7983793711924,2.8281164700713,2.87498267762532e-05,"effort",FALSE,8,"2026-06-03 11:35:43"
"Wompoo Fruit-Dove","s(log(precip_annual))",1.88198993760744,2.35133231081746,9.62749466815183e-07,"other",FALSE,9,"2026-06-03 11:35:43"
"Wompoo Fruit-Dove","s(pielou_evenness)",1.56628156426356,2.14352094010996,0.00907281895937462,"vegetation",TRUE,10,"2026-06-03 11:35:43"
"Wompoo Fruit-Dove","s(day_of_year)",2.65354583621716,1.99241781576408,0.000204032807628929,"effort",FALSE,11,"2026-06-03 11:35:43"
"Wompoo Fruit-Dove","s(observer_expertise)",0.980076206351482,1.81987389763764,0.0038825438010397,"effort",FALSE,12,"2026-06-03 11:35:43"
"Wompoo Fruit-Dove","s(FEve)",1.05590192091408,1.3686923151987,0.0184514978670578,"vegetation",TRUE,13,"2026-06-03 11:35:43"
"Wompoo Fruit-Dove","s(lc_trees)",2.71480362281473,1.15777098568187,0.00182223747263088,"landscape",FALSE,14,"2026-06-03 11:35:43"
"Wompoo Fruit-Dove","s(water_occ)",1.87534578669226,0.83952948281302,0.00399539784885505,"landscape",FALSE,15,"2026-06-03 11:35:43"
"Wompoo Fruit-Dove","s(number_observers)",0.865193673388235,0.653585101532197,0.106124939061012,"effort",FALSE,16,"2026-06-03 11:35:43"
"Wompoo Fruit-Dove","s(FRic)",0.812060283577081,0.448829216460291,0.144066314489326,"vegetation",TRUE,17,"2026-06-03 11:35:43"
"Wompoo Fruit-Dove","s(log1p(effort_distance_km))",0.327860089897299,0.162584994581609,0.203974331354236,"other",FALSE,18,"2026-06-03 11:35:43"
"Wompoo Fruit-Dove","s(gini_simpson)",2.40239052726578e-05,5.88924661759581e-06,0.31408335396108,"vegetation",TRUE,19,"2026-06-03 11:35:43"
"Wompoo Fruit-Dove","s(height_cwm)",1.26022413879105e-05,1.64746671061998e-06,0.569495325672049,"vegetation",TRUE,20,"2026-06-03 11:35:43"
"Wompoo Fruit-Dove","s(mean_fhd)",1.36455378408449e-05,8.88650155685426e-07,0.73039987010066,"vegetation",TRUE,21,"2026-06-03 11:35:43"
"Wompoo Fruit-Dove","s(sp_richness)",8.70963438279209e-06,8.02138817706232e-07,0.640314726261729,"vegetation",TRUE,22,"2026-06-03 11:35:43"
"Wompoo Fruit-Dove","s(wooddensity_cwm)",8.33348935757728e-06,5.64582748210703e-07,0.715535167968037,"vegetation",TRUE,23,"2026-06-03 11:35:43"
"Wompoo Fruit-Dove","s(cover)",9.7097644356139e-06,4.78148706389853e-07,0.809441855646424,"vegetation",TRUE,24,"2026-06-03 11:35:43"
"Wompoo Fruit-Dove","protocol_type",2,1.38873786131413e-08,0.999999986112621,"effort",FALSE,25,"2026-06-03 11:35:43"
"Pacific Emerald Dove","s(wooddensity_cwm)",1.33704490218785,4.41800273573671,5.13599022480271e-05,"vegetation",TRUE,1,"2026-06-03 11:37:57"
"Pacific Emerald Dove","s(log(duration_minutes))",1.59833595710706,3.95623348139686,0.000524442921809642,"other",FALSE,2,"2026-06-03 11:37:57"
"Pacific Emerald Dove","s(observer_expertise)",1.90687738499119,3.93066945858462,0.000105866624837359,"effort",FALSE,3,"2026-06-03 11:37:57"
"Pacific Emerald Dove","s(prop_canopy)",1.78399653349279,3.46459034799425,0.00187344865431871,"vegetation",TRUE,4,"2026-06-03 11:37:57"
"Pacific Emerald Dove","s(log1p(nightlights))",3.94805071254029,2.51621608229265,1.52621945164189e-05,"other",FALSE,5,"2026-06-03 11:37:57"
"Pacific Emerald Dove","s(FEve)",1.52669961727292,1.74635173761519,0.0231311197313767,"vegetation",TRUE,6,"2026-06-03 11:37:57"
"Pacific Emerald Dove","s(temp_annual)",0.938127332645326,1.68278186571371,1.74425064458639e-06,"landscape",FALSE,7,"2026-06-03 11:37:57"
"Pacific Emerald Dove","s(day_of_year)",2.84513658873858,1.47926906360731,0.00265070905350573,"effort",FALSE,8,"2026-06-03 11:37:57"
"Pacific Emerald Dove","s(LA_cwm)",1.49754502249281,1.38154076541806,0.0434201818161563,"vegetation",TRUE,9,"2026-06-03 11:37:57"
"Pacific Emerald Dove","s(lc_trees)",2.28184062547197,1.33746955228817,0.000565256173395201,"landscape",FALSE,10,"2026-06-03 11:37:57"
"Pacific Emerald Dove","s(log(precip_annual))",2.98480825115327,0.933742029281457,0.0136721743677573,"other",FALSE,11,"2026-06-03 11:37:57"
"Pacific Emerald Dove","s(number_observers)",0.976020524824099,0.886488409693395,0.0694232369062,"effort",FALSE,12,"2026-06-03 11:37:57"
"Pacific Emerald Dove","s(water_occ)",1.41967356511292,0.715264611608954,0.00738671130365276,"landscape",FALSE,13,"2026-06-03 11:37:57"
"Pacific Emerald Dove","s(time_observations_started)",1.51751688795532,0.496236286344086,0.0525899904229139,"effort",FALSE,14,"2026-06-03 11:37:57"
"Pacific Emerald Dove","s(elevation)",1.36368290549438,0.358271656421381,0.0556753213572213,"landscape",FALSE,15,"2026-06-03 11:37:57"
"Pacific Emerald Dove","s(pielou_evenness)",6.02099564385959e-05,1.74038404825287e-05,0.344714228247332,"vegetation",TRUE,16,"2026-06-03 11:37:57"
"Pacific Emerald Dove","s(FDiv)",1.98486327516493e-05,4.01082208254264e-06,0.431288059509971,"vegetation",TRUE,17,"2026-06-03 11:37:57"
"Pacific Emerald Dove","s(cover)",1.48547324541723e-05,3.97632429506411e-06,0.380913597248916,"vegetation",TRUE,18,"2026-06-03 11:37:57"
"Pacific Emerald Dove","s(log1p(effort_distance_km))",1.47481377504378e-05,1.47948962982082e-06,0.69305618543093,"other",FALSE,19,"2026-06-03 11:37:57"
"Pacific Emerald Dove","s(gini_simpson)",1.13989806993122e-05,1.23831251420928e-06,0.626145236774831,"vegetation",TRUE,20,"2026-06-03 11:37:57"
"Pacific Emerald Dove","s(mean_fhd)",8.86588749469541e-06,1.05751487074187e-06,0.551552579371281,"vegetation",TRUE,21,"2026-06-03 11:37:57"
"Pacific Emerald Dove","s(sp_richness)",8.00247734599886e-06,7.78380267213846e-07,0.672366624590089,"vegetation",TRUE,22,"2026-06-03 11:37:57"
"Pacific Emerald Dove","s(FRic)",1.07116842247603e-05,3.2510198716622e-07,0.860331629598727,"vegetation",TRUE,23,"2026-06-03 11:37:57"
"Pacific Emerald Dove","s(height_cwm)",6.1395293981226e-06,8.12164607753612e-08,0.950668128784013,"vegetation",TRUE,24,"2026-06-03 11:37:57"
"Pacific Emerald Dove","protocol_type",2,4.3698529893097e-11,0.999999999956301,"effort",FALSE,25,"2026-06-03 11:37:57"
"Inland Thornbill","s(log(duration_minutes))",1.55123310724574,7.97537696790608,1.18436235174713e-06,"other",FALSE,1,"2026-06-03 11:40:26"
"Inland Thornbill","s(lc_trees)",0.980676775709257,5.63752381986764,0,"landscape",FALSE,2,"2026-06-03 11:40:26"
"Inland Thornbill","s(cover)",1.6292077411462,3.33145900155874,0.00115057826789966,"vegetation",TRUE,3,"2026-06-03 11:40:26"
"Inland Thornbill","s(log(precip_annual))",2.42160941729638,2.87341771484132,0,"other",FALSE,4,"2026-06-03 11:40:26"
"Inland Thornbill","s(temp_annual)",2.9672329211096,2.75619879029513,2.30533341083472e-07,"landscape",FALSE,5,"2026-06-03 11:40:26"
"Inland Thornbill","s(observer_expertise)",0.908815975858954,2.49160297289321,0.000775777314348414,"effort",FALSE,6,"2026-06-03 11:40:26"
"Inland Thornbill","s(prop_canopy)",0.851986521183531,1.91863600661431,0.00586279482898067,"vegetation",TRUE,7,"2026-06-03 11:40:26"
"Inland Thornbill","s(elevation)",2.26966775149207,1.45408315874013,0.000175115939227588,"landscape",FALSE,8,"2026-06-03 11:40:26"
"Inland Thornbill","s(day_of_year)",2.89527796316716,1.30539881233428,0.00643680614390141,"effort",FALSE,9,"2026-06-03 11:40:26"
"Inland Thornbill","s(log1p(nightlights))",1.54421723253633,0.993954174763327,0.00242795986506339,"other",FALSE,10,"2026-06-03 11:40:26"
"Inland Thornbill","s(wooddensity_cwm)",0.715885281048625,0.839857907647346,0.0518049720067274,"vegetation",TRUE,11,"2026-06-03 11:40:26"
"Inland Thornbill","s(number_observers)",0.695265687773173,0.760500935234107,0.0683662476022272,"effort",FALSE,12,"2026-06-03 11:40:26"
"Inland Thornbill","s(LA_cwm)",0.986398019601047,0.613521664976813,0.131582980574331,"vegetation",TRUE,13,"2026-06-03 11:40:26"
"Inland Thornbill","s(FEve)",0.295893615809919,0.140079172543439,0.220665715018494,"vegetation",TRUE,14,"2026-06-03 11:40:26"
"Inland Thornbill","s(height_cwm)",6.77839065077154e-05,2.00711686392582e-05,0.320463600605422,"vegetation",TRUE,15,"2026-06-03 11:40:26"
"Inland Thornbill","s(FRic)",1.2951204736084e-05,4.9661126261934e-06,0.266204613958861,"vegetation",TRUE,16,"2026-06-03 11:40:26"
"Inland Thornbill","s(water_occ)",2.61316331496334e-05,3.27444829787544e-06,0.281621131716943,"landscape",FALSE,17,"2026-06-03 11:40:26"
"Inland Thornbill","s(time_observations_started)",1.70989986945382e-05,1.53044891514094e-06,0.451305501049113,"effort",FALSE,18,"2026-06-03 11:40:26"
"Inland Thornbill","s(pielou_evenness)",2.30168316393216e-06,1.14279020613194e-06,0.204310752685626,"vegetation",TRUE,19,"2026-06-03 11:40:26"
"Inland Thornbill","s(log1p(effort_distance_km))",8.50389354499258e-06,6.1013607282309e-07,0.760484356371815,"other",FALSE,20,"2026-06-03 11:40:26"
"Inland Thornbill","s(sp_richness)",8.46580046920124e-06,5.00718410672916e-07,0.736376197408205,"vegetation",TRUE,21,"2026-06-03 11:40:26"
"Inland Thornbill","s(FDiv)",8.50835133142094e-06,3.7469584573632e-07,0.774850030412041,"vegetation",TRUE,22,"2026-06-03 11:40:26"
"Inland Thornbill","s(mean_fhd)",9.58327720655409e-06,2.90375574767144e-07,0.776182877680983,"vegetation",TRUE,23,"2026-06-03 11:40:26"
"Inland Thornbill","s(gini_simpson)",8.65742840341647e-06,1.68686772561755e-07,0.918660372560947,"vegetation",TRUE,24,"2026-06-03 11:40:26"
"Inland Thornbill","protocol_type",3,1.00391739006958e-11,1,"effort",FALSE,25,"2026-06-03 11:40:26"
"Glossy Black-Cockatoo","s(FRic)",1.81711492426858,5.5350137250413,4.67791868941081e-05,"vegetation",TRUE,1,"2026-06-03 11:43:01"
"Glossy Black-Cockatoo","s(log1p(nightlights))",6.49590554490769,4.62144653866012,0,"other",FALSE,2,"2026-06-03 11:43:01"
"Glossy Black-Cockatoo","s(time_observations_started)",4.79264713893375,4.34432332066437,0,"effort",FALSE,3,"2026-06-03 11:43:01"
"Glossy Black-Cockatoo","s(sp_richness)",0.919974250266443,3.78877163504948,0.000102083196546365,"vegetation",TRUE,4,"2026-06-03 11:43:01"
"Glossy Black-Cockatoo","s(LA_cwm)",1.68971613230349,3.38403802752823,0.00150843249771215,"vegetation",TRUE,5,"2026-06-03 11:43:01"
"Glossy Black-Cockatoo","s(observer_expertise)",2.73397766650592,3.36436338827355,0.00126120224898041,"effort",FALSE,6,"2026-06-03 11:43:01"
"Glossy Black-Cockatoo","s(log(duration_minutes))",1.57081531978466,3.3419556907896,0.000922983899549479,"other",FALSE,7,"2026-06-03 11:43:01"
"Glossy Black-Cockatoo","s(lc_trees)",3.90994370054591,2.64410805742322,9.18889433920711e-06,"landscape",FALSE,8,"2026-06-03 11:43:01"
"Glossy Black-Cockatoo","s(FEve)",1.73542742227412,2.58070541186123,0.00941105955209542,"vegetation",TRUE,9,"2026-06-03 11:43:01"
"Glossy Black-Cockatoo","s(cover)",1.63274477908531,2.39346724860053,0.00867173716363656,"vegetation",TRUE,10,"2026-06-03 11:43:01"
"Glossy Black-Cockatoo","s(mean_fhd)",0.868145731711577,2.19072433686388,0.00337040155699952,"vegetation",TRUE,11,"2026-06-03 11:43:01"
"Glossy Black-Cockatoo","s(log1p(effort_distance_km))",1.37185602991456,2.07904790093433,0.00819524729730781,"other",FALSE,12,"2026-06-03 11:43:01"
"Glossy Black-Cockatoo","s(gini_simpson)",1.45560385330778,1.86960380282378,0.00957202654415568,"vegetation",TRUE,13,"2026-06-03 11:43:01"
"Glossy Black-Cockatoo","s(pielou_evenness)",1.31855688896081,1.49640025532028,0.0162110134980298,"vegetation",TRUE,14,"2026-06-03 11:43:01"
"Glossy Black-Cockatoo","s(log(precip_annual))",2.891397655172,1.37025611975202,0.00163563314509085,"other",FALSE,15,"2026-06-03 11:43:01"
"Glossy Black-Cockatoo","s(day_of_year)",2.0459304952051,1.15346491998376,0.0032207264664158,"effort",FALSE,16,"2026-06-03 11:43:01"
"Glossy Black-Cockatoo","s(water_occ)",1.44946006550904,0.64504432392407,0.0133726395985619,"landscape",FALSE,17,"2026-06-03 11:43:01"
"Glossy Black-Cockatoo","s(number_observers)",0.790098547834466,0.510624770598544,0.138369201544245,"effort",FALSE,18,"2026-06-03 11:43:01"
"Glossy Black-Cockatoo","s(temp_annual)",0.775197800835675,0.383068574755202,0.0289629447637508,"landscape",FALSE,19,"2026-06-03 11:43:01"
"Glossy Black-Cockatoo","s(FDiv)",2.12865380323224e-05,8.40218096520547e-06,0.262455516763636,"vegetation",TRUE,20,"2026-06-03 11:43:01"
"Glossy Black-Cockatoo","s(wooddensity_cwm)",1.24370330343465e-05,9.51325617177855e-07,0.705440287490872,"vegetation",TRUE,21,"2026-06-03 11:43:01"
"Glossy Black-Cockatoo","s(prop_canopy)",1.183862766561e-05,8.70933991922709e-07,0.763526492260112,"vegetation",TRUE,22,"2026-06-03 11:43:01"
"Glossy Black-Cockatoo","s(height_cwm)",1.5311801936678e-05,3.70731535995597e-07,0.924467842856932,"vegetation",TRUE,23,"2026-06-03 11:43:01"
"Glossy Black-Cockatoo","s(elevation)",1.2072781175393e-05,1.80337468758664e-07,0.79020315369218,"landscape",FALSE,24,"2026-06-03 11:43:01"
"Glossy Black-Cockatoo","protocol_type",4,1.40693890139002e-07,0.99999999999996,"effort",FALSE,25,"2026-06-03 11:43:01"
"Mangrove Gerygone","s(height_cwm)",1.87454645249554,9.58581087147175,0,"vegetation",TRUE,1,"2026-06-03 11:45:16"
"Mangrove Gerygone","s(log(duration_minutes))",0.927729506156043,4.27855863065406,9.70861485556362e-05,"other",FALSE,2,"2026-06-03 11:45:16"
"Mangrove Gerygone","s(log1p(nightlights))",4.47194472417068,3.68097039791121,0,"other",FALSE,3,"2026-06-03 11:45:16"
"Mangrove Gerygone","s(sp_richness)",1.68178311373355,3.43917820980314,0.00084980075430896,"vegetation",TRUE,4,"2026-06-03 11:45:16"
"Mangrove Gerygone","s(elevation)",1.02906424000252,2.80611820380476,0,"landscape",FALSE,5,"2026-06-03 11:45:16"
"Mangrove Gerygone","s(FRic)",0.889520857176838,2.68348066419298,0.000629640104877427,"vegetation",TRUE,6,"2026-06-03 11:45:16"
"Mangrove Gerygone","s(cover)",0.884971271466946,2.56443686640564,0.0019176622019117,"vegetation",TRUE,7,"2026-06-03 11:45:16"
"Mangrove Gerygone","s(lc_trees)",2.36061701209321,1.63370294019904,0.000138404878797127,"landscape",FALSE,8,"2026-06-03 11:45:16"
"Mangrove Gerygone","s(FDiv)",1.40566803816807,1.27290526702651,0.0531820524320132,"vegetation",TRUE,9,"2026-06-03 11:45:16"
"Mangrove Gerygone","s(prop_canopy)",1.06565293339661,1.18358051621426,0.0349382958079768,"vegetation",TRUE,10,"2026-06-03 11:45:16"
"Mangrove Gerygone","s(pielou_evenness)",1.03712908950056,1.15104901557274,0.027990895802124,"vegetation",TRUE,11,"2026-06-03 11:45:16"
"Mangrove Gerygone","s(LA_cwm)",0.747417965358097,0.98634911444338,0.0360158563721702,"vegetation",TRUE,12,"2026-06-03 11:45:16"
"Mangrove Gerygone","s(water_occ)",0.896872488916352,0.966148105481035,0.00101425104398156,"landscape",FALSE,13,"2026-06-03 11:45:16"
"Mangrove Gerygone","s(observer_expertise)",1.29264347431034,0.944095234243685,0.0486506663774562,"effort",FALSE,14,"2026-06-03 11:45:16"
"Mangrove Gerygone","s(day_of_year)",1.79976246305431,0.689736086059057,0.0284479489282646,"effort",FALSE,15,"2026-06-03 11:45:16"
"Mangrove Gerygone","s(temp_annual)",1.0471746524317,0.667426231273215,0.00298098314882456,"landscape",FALSE,16,"2026-06-03 11:45:16"
"Mangrove Gerygone","s(log1p(effort_distance_km))",0.899519420341629,0.527037338013962,0.16487385350736,"other",FALSE,17,"2026-06-03 11:45:16"
"Mangrove Gerygone","s(gini_simpson)",7.38216812788298e-06,2.76834900236629e-06,0.198741581188251,"vegetation",TRUE,18,"2026-06-03 11:45:16"
"Mangrove Gerygone","s(wooddensity_cwm)",1.12785913050284e-05,2.03019879295326e-06,0.437849396571101,"vegetation",TRUE,19,"2026-06-03 11:45:16"
"Mangrove Gerygone","s(mean_fhd)",1.70352025844179e-05,1.97785518420532e-06,0.497818827299992,"vegetation",TRUE,20,"2026-06-03 11:45:16"
"Mangrove Gerygone","s(time_observations_started)",7.56581914360666e-06,5.09469585654988e-07,0.544208826299746,"effort",FALSE,21,"2026-06-03 11:45:16"
"Mangrove Gerygone","s(FEve)",9.50994294044419e-06,4.38521025397604e-07,0.771101426849337,"vegetation",TRUE,22,"2026-06-03 11:45:16"
"Mangrove Gerygone","s(number_observers)",7.42271662137134e-06,1.15150564855342e-07,0.953514859951947,"effort",FALSE,23,"2026-06-03 11:45:16"
"Mangrove Gerygone","s(log(precip_annual))",3.39278316807108e-06,2.5848576868423e-08,0.887343092877695,"other",FALSE,24,"2026-06-03 11:45:16"
"Mangrove Gerygone","protocol_type",2,5.92480752393989e-12,0.999999999994075,"effort",FALSE,25,"2026-06-03 11:45:16"
"Chestnut-breasted Munia","s(height_cwm)",2.02970320060086,5.14021966477411,7.72290365591566e-05,"vegetation",TRUE,1,"2026-06-03 11:48:47"
"Chestnut-breasted Munia","s(day_of_year)",3.3348921775233,3.90125291353233,0,"effort",FALSE,2,"2026-06-03 11:48:47"
"Chestnut-breasted Munia","s(water_occ)",1.86417548811892,3.69739506544422,0,"landscape",FALSE,3,"2026-06-03 11:48:47"
"Chestnut-breasted Munia","s(gini_simpson)",1.63811164499262,3.36225874720815,0.000448506689263772,"vegetation",TRUE,4,"2026-06-03 11:48:47"
"Chestnut-breasted Munia","s(elevation)",4.97234589350542,3.3608248241538,0,"landscape",FALSE,5,"2026-06-03 11:48:47"
"Chestnut-breasted Munia","s(temp_annual)",2.59074842327245,1.82282673197061,4.76792358889977e-05,"landscape",FALSE,6,"2026-06-03 11:48:47"
"Chestnut-breasted Munia","s(log(duration_minutes))",1.47347372361845,1.63520448530789,0.0271357475488789,"other",FALSE,7,"2026-06-03 11:48:47"
"Chestnut-breasted Munia","s(observer_expertise)",1.79290053861225,1.6134290163422,0.0183364048806937,"effort",FALSE,8,"2026-06-03 11:48:47"
"Chestnut-breasted Munia","s(log1p(effort_distance_km))",1.49930008010295,1.5856235569289,0.0319248593546582,"other",FALSE,9,"2026-06-03 11:48:47"
"Chestnut-breasted Munia","s(lc_trees)",0.930236089814188,1.47403972946775,3.441501253032e-05,"landscape",FALSE,10,"2026-06-03 11:48:47"
"Chestnut-breasted Munia","s(log(precip_annual))",0.92558523650265,1.35426396897873,3.63917654061519e-05,"other",FALSE,11,"2026-06-03 11:48:47"
"Chestnut-breasted Munia","s(time_observations_started)",2.20320356101458,0.957804353648865,0.0128367362781786,"effort",FALSE,12,"2026-06-03 11:48:47"
"Chestnut-breasted Munia","s(log1p(nightlights))",1.78177291747897,0.928413652254661,0.00368701489570233,"other",FALSE,13,"2026-06-03 11:48:47"
"Chestnut-breasted Munia","s(sp_richness)",0.656749857993613,0.633860399473177,0.0590487008365479,"vegetation",TRUE,14,"2026-06-03 11:48:47"
"Chestnut-breasted Munia","s(number_observers)",1.47291384406634e-05,3.76352943810814e-06,0.375154268692768,"effort",FALSE,15,"2026-06-03 11:48:47"
"Chestnut-breasted Munia","s(FEve)",7.27188714585987e-06,2.24739395582688e-06,0.296372960131294,"vegetation",TRUE,16,"2026-06-03 11:48:47"
"Chestnut-breasted Munia","s(wooddensity_cwm)",6.17138446986573e-06,7.37760196329195e-07,0.53706715552542,"vegetation",TRUE,17,"2026-06-03 11:48:47"
"Chestnut-breasted Munia","s(cover)",4.64564508777008e-06,7.12223376188421e-07,0.562166954082318,"vegetation",TRUE,18,"2026-06-03 11:48:47"
"Chestnut-breasted Munia","s(mean_fhd)",4.39213921106244e-06,7.08899916099072e-07,0.503209670391056,"vegetation",TRUE,19,"2026-06-03 11:48:47"
"Chestnut-breasted Munia","s(prop_canopy)",2.28101741647193e-06,4.88100726143136e-07,0.40761611198914,"vegetation",TRUE,20,"2026-06-03 11:48:47"
"Chestnut-breasted Munia","s(FDiv)",2.78738850737194e-06,3.28210740304463e-07,0.546231351341601,"vegetation",TRUE,21,"2026-06-03 11:48:47"
"Chestnut-breasted Munia","s(FRic)",4.64457317548747e-06,3.13336841472099e-07,0.720067712964506,"vegetation",TRUE,22,"2026-06-03 11:48:47"
"Chestnut-breasted Munia","s(LA_cwm)",3.67626153115085e-06,2.0095967712343e-07,0.71294205993213,"vegetation",TRUE,23,"2026-06-03 11:48:47"
"Chestnut-breasted Munia","s(pielou_evenness)",2.16429085447414e-06,1.15703441386074e-07,0.718322851068655,"vegetation",TRUE,24,"2026-06-03 11:48:47"
"Chestnut-breasted Munia","protocol_type",4,4.69415079544586e-10,1,"effort",FALSE,25,"2026-06-03 11:48:47"
"Red-browed Treecreeper","s(mean_fhd)",1.7303535098953,12.6196393907122,0,"vegetation",TRUE,1,"2026-06-03 11:50:32"
"Red-browed Treecreeper","s(log(duration_minutes))",1.9156720329318,6.95011225935344,2.20126764860495e-06,"other",FALSE,2,"2026-06-03 11:50:32"
"Red-browed Treecreeper","s(prop_canopy)",2.5435597050273,5.16957154482844,8.18700010636331e-05,"vegetation",TRUE,3,"2026-06-03 11:50:32"
"Red-browed Treecreeper","s(temp_annual)",3.7193130498441,5.12204984892099,0,"landscape",FALSE,4,"2026-06-03 11:50:32"
"Red-browed Treecreeper","s(log(precip_annual))",5.56785628048925,4.83264477702593,0,"other",FALSE,5,"2026-06-03 11:50:32"
"Red-browed Treecreeper","s(gini_simpson)",1.72721812184296,3.80521486724689,0.000409859400976931,"vegetation",TRUE,6,"2026-06-03 11:50:32"
"Red-browed Treecreeper","s(cover)",1.6599958767523,2.8328621520812,0.00270447528398166,"vegetation",TRUE,7,"2026-06-03 11:50:32"
"Red-browed Treecreeper","s(lc_trees)",3.69073104130686,2.66182822179223,9.6721138499456e-06,"landscape",FALSE,8,"2026-06-03 11:50:32"
"Red-browed Treecreeper","s(FDiv)",1.39902916828726,2.57991503216766,0.00240751491608915,"vegetation",TRUE,9,"2026-06-03 11:50:32"
"Red-browed Treecreeper","s(log1p(nightlights))",0.951288415957427,2.16489060358636,2.51178163390708e-06,"other",FALSE,10,"2026-06-03 11:50:32"
"Red-browed Treecreeper","s(observer_expertise)",0.882923322284891,1.88513927394806,0.00325421019908623,"effort",FALSE,11,"2026-06-03 11:50:32"
"Red-browed Treecreeper","s(LA_cwm)",1.4341182320149,1.54172960052336,0.0143021241065238,"vegetation",TRUE,12,"2026-06-03 11:50:32"
"Red-browed Treecreeper","s(sp_richness)",1.28130803017425,1.25632808555648,0.041108658497799,"vegetation",TRUE,13,"2026-06-03 11:50:32"
"Red-browed Treecreeper","s(log1p(effort_distance_km))",0.938916432069046,0.552421257000479,0.158733118528616,"other",FALSE,14,"2026-06-03 11:50:32"
"Red-browed Treecreeper","s(day_of_year)",1.63706108672881,0.438194747451885,0.090843512148793,"effort",FALSE,15,"2026-06-03 11:50:32"
"Red-browed Treecreeper","s(wooddensity_cwm)",0.660801649851173,0.367221481842961,0.132309379449454,"vegetation",TRUE,16,"2026-06-03 11:50:32"
"Red-browed Treecreeper","s(time_observations_started)",1.11639269595849,0.364670136122431,0.0599725993524354,"effort",FALSE,17,"2026-06-03 11:50:32"
"Red-browed Treecreeper","s(elevation)",1.13364102164606,0.192356218274151,0.158194018464291,"landscape",FALSE,18,"2026-06-03 11:50:32"
"Red-browed Treecreeper","s(height_cwm)",1.32355017767255e-05,3.79417206000197e-06,0.307448392625117,"vegetation",TRUE,19,"2026-06-03 11:50:32"
"Red-browed Treecreeper","s(FRic)",1.16729793605635e-05,1.62526618220333e-06,0.489641135922797,"vegetation",TRUE,20,"2026-06-03 11:50:32"
"Red-browed Treecreeper","s(water_occ)",2.2091940639406e-05,1.52023261677576e-06,0.413747076692033,"landscape",FALSE,21,"2026-06-03 11:50:32"
"Red-browed Treecreeper","s(FEve)",1.71755715532064e-05,1.06688383126562e-06,0.785952385476524,"vegetation",TRUE,22,"2026-06-03 11:50:32"
"Red-browed Treecreeper","s(number_observers)",1.69150197387779e-05,2.25086175278091e-07,0.954292479663685,"effort",FALSE,23,"2026-06-03 11:50:32"
"Red-browed Treecreeper","s(pielou_evenness)",3.03035653668296e-06,1.98013326874262e-07,0.702077867337269,"vegetation",TRUE,24,"2026-06-03 11:50:32"
"Red-browed Treecreeper","protocol_type",4,1.13320657826028e-08,1,"effort",FALSE,25,"2026-06-03 11:50:32"
"Little Eagle","s(log(duration_minutes))",1.334586595543,10.7103827739381,0,"other",FALSE,1,"2026-06-03 11:53:30"
"Little Eagle","s(height_cwm)",0.921983900735734,3.91536757887648,0.000186941366344118,"vegetation",TRUE,2,"2026-06-03 11:53:30"
"Little Eagle","s(observer_expertise)",0.940258826823113,3.90600214403059,4.01015074541489e-05,"effort",FALSE,3,"2026-06-03 11:53:30"
"Little Eagle","s(sp_richness)",1.61997522678288,3.89014117222988,0.000157401002586655,"vegetation",TRUE,4,"2026-06-03 11:53:30"
"Little Eagle","s(FEve)",1.58878651458352,3.76550961084257,0.000554202435501305,"vegetation",TRUE,5,"2026-06-03 11:53:30"
"Little Eagle","s(log1p(nightlights))",2.14501453209273,1.58765391155058,0.000209964395910478,"other",FALSE,6,"2026-06-03 11:53:30"
"Little Eagle","s(water_occ)",0.926487482099567,1.39592426516197,0.000174720780581783,"landscape",FALSE,7,"2026-06-03 11:53:30"
"Little Eagle","s(temp_annual)",2.37573454722285,1.07962395578129,0.00190040175264761,"landscape",FALSE,8,"2026-06-03 11:53:30"
"Little Eagle","s(lc_trees)",0.905631272513043,1.05811149348034,0.000825432391984071,"landscape",FALSE,9,"2026-06-03 11:53:30"
"Little Eagle","s(pielou_evenness)",0.959192823925912,0.837096244192496,0.0622498545701615,"vegetation",TRUE,10,"2026-06-03 11:53:30"
"Little Eagle","s(prop_canopy)",0.713953937099308,0.831308095439703,0.0573612288218028,"vegetation",TRUE,11,"2026-06-03 11:53:30"
"Little Eagle","s(day_of_year)",1.63224785044546,0.55164688450291,0.046937031347477,"effort",FALSE,12,"2026-06-03 11:53:30"
"Little Eagle","s(elevation)",1.35874611032693,0.381027837391132,0.0462003761364685,"landscape",FALSE,13,"2026-06-03 11:53:30"
"Little Eagle","s(FRic)",0.42567668176021,0.202562378759428,0.19370099182232,"vegetation",TRUE,14,"2026-06-03 11:53:30"
"Little Eagle","s(number_observers)",7.86399731862138e-05,1.81467490513711e-05,0.463267121924222,"effort",FALSE,15,"2026-06-03 11:53:30"
"Little Eagle","s(log1p(effort_distance_km))",4.22729307283131e-05,9.3665239515438e-06,0.444329820812749,"other",FALSE,16,"2026-06-03 11:53:30"
"Little Eagle","s(wooddensity_cwm)",3.61229492853429e-05,7.32990225586505e-06,0.468672429682517,"vegetation",TRUE,17,"2026-06-03 11:53:30"
"Little Eagle","s(log(precip_annual))",7.01014254022863e-05,6.05256898291439e-06,0.370022402501535,"other",FALSE,18,"2026-06-03 11:53:30"
"Little Eagle","s(mean_fhd)",3.22143346980759e-05,3.88954908149308e-06,0.523734120217482,"vegetation",TRUE,19,"2026-06-03 11:53:30"
"Little Eagle","s(gini_simpson)",2.26422406595909e-05,3.7924293621262e-06,0.452979619372578,"vegetation",TRUE,20,"2026-06-03 11:53:30"
"Little Eagle","s(cover)",2.2966034907485e-05,2.57575062267702e-06,0.658840106755347,"vegetation",TRUE,21,"2026-06-03 11:53:30"
"Little Eagle","s(LA_cwm)",2.01874400290837e-05,9.43698533346722e-07,0.824483506039755,"vegetation",TRUE,22,"2026-06-03 11:53:30"
"Little Eagle","s(FDiv)",1.53091724256599e-05,6.68832287023857e-07,0.828814263523821,"vegetation",TRUE,23,"2026-06-03 11:53:30"
"Little Eagle","s(time_observations_started)",1.60476086381449e-05,3.65280134910708e-07,0.850025800219781,"effort",FALSE,24,"2026-06-03 11:53:30"
"Little Eagle","protocol_type",3,5.68739154272723e-12,1,"effort",FALSE,25,"2026-06-03 11:53:30"
"Pallid Cuckoo","s(log(duration_minutes))",0.972225998070211,11.6206644282921,0,"other",FALSE,1,"2026-06-03 11:55:05"
"Pallid Cuckoo","s(day_of_year)",3.52304268047166,5.60951534189651,0,"effort",FALSE,2,"2026-06-03 11:55:05"
"Pallid Cuckoo","s(wooddensity_cwm)",2.46314122777689,5.49827619409476,0.000168899953503221,"vegetation",TRUE,3,"2026-06-03 11:55:05"
"Pallid Cuckoo","s(prop_canopy)",0.921508069529283,3.89403110785436,0.000247445847632921,"vegetation",TRUE,4,"2026-06-03 11:55:05"
"Pallid Cuckoo","s(log(precip_annual))",3.1441024167784,3.84490561897751,0,"other",FALSE,5,"2026-06-03 11:55:05"
"Pallid Cuckoo","s(observer_expertise)",1.23063445176324,2.38770373932628,0.00137937472318428,"effort",FALSE,6,"2026-06-03 11:55:05"
"Pallid Cuckoo","s(FDiv)",0.864245782427437,2.10883482896129,0.00498188148497303,"vegetation",TRUE,7,"2026-06-03 11:55:05"
"Pallid Cuckoo","s(FEve)",0.861637081259284,2.06882395973495,0.00600526865925577,"vegetation",TRUE,8,"2026-06-03 11:55:05"
"Pallid Cuckoo","s(cover)",0.827059250656247,1.55724056673892,0.0139290365409512,"vegetation",TRUE,9,"2026-06-03 11:55:05"
"Pallid Cuckoo","s(lc_trees)",1.84561810664826,1.08520902968058,0.00190633233514315,"landscape",FALSE,10,"2026-06-03 11:55:05"
"Pallid Cuckoo","s(elevation)",0.408069695093251,0.0763798105928434,0.17671528363435,"landscape",FALSE,11,"2026-06-03 11:55:05"
"Pallid Cuckoo","s(pielou_evenness)",0.000101102290296171,3.35903010820263e-05,0.327284663210825,"vegetation",TRUE,12,"2026-06-03 11:55:05"
"Pallid Cuckoo","s(number_observers)",2.28285464330126e-05,5.48210903341437e-06,0.441219447007414,"effort",FALSE,13,"2026-06-03 11:55:05"
"Pallid Cuckoo","s(gini_simpson)",1.93849533438677e-05,4.1145510084847e-06,0.459549107582104,"vegetation",TRUE,14,"2026-06-03 11:55:05"
"Pallid Cuckoo","s(FRic)",1.67947585864559e-05,3.86881130435877e-06,0.41164814457822,"vegetation",TRUE,15,"2026-06-03 11:55:05"
"Pallid Cuckoo","s(height_cwm)",9.74219871216833e-06,2.06693132534151e-06,0.436718907960308,"vegetation",TRUE,16,"2026-06-03 11:55:05"
"Pallid Cuckoo","s(LA_cwm)",7.19693748309037e-06,9.59673061349411e-07,0.568544629870726,"vegetation",TRUE,17,"2026-06-03 11:55:05"
"Pallid Cuckoo","s(water_occ)",1.3507514572484e-05,8.38038949682734e-07,0.476379483876158,"landscape",FALSE,18,"2026-06-03 11:55:05"
"Pallid Cuckoo","s(log1p(effort_distance_km))",9.97171459511423e-06,7.93547016866719e-07,0.73712983551393,"other",FALSE,19,"2026-06-03 11:55:05"
"Pallid Cuckoo","s(temp_annual)",1.24147933658702e-05,6.40916425465633e-07,0.439132582280741,"landscape",FALSE,20,"2026-06-03 11:55:05"
"Pallid Cuckoo","s(sp_richness)",7.58445799110491e-06,3.31790308275732e-07,0.780727208910938,"vegetation",TRUE,21,"2026-06-03 11:55:05"
"Pallid Cuckoo","s(log1p(nightlights))",8.43659408271821e-06,2.78497356413522e-07,0.65624530927708,"other",FALSE,22,"2026-06-03 11:55:05"
"Pallid Cuckoo","s(time_observations_started)",4.66981811145059e-06,2.45882852416654e-07,0.635059615345279,"effort",FALSE,23,"2026-06-03 11:55:05"
"Pallid Cuckoo","s(mean_fhd)",7.65030691351774e-06,7.1614889043174e-08,0.915588132544927,"vegetation",TRUE,24,"2026-06-03 11:55:05"
"Pallid Cuckoo","protocol_type",2,2.31997123878343e-13,0.999999999999768,"effort",FALSE,25,"2026-06-03 11:55:05"
"Rose-crowned Fruit-Dove","s(day_of_year)",3.77547736253208,5.93797531214116,0,"effort",FALSE,1,"2026-06-03 11:56:47"
"Rose-crowned Fruit-Dove","s(temp_annual)",3.7664864745663,3.01025364998634,0,"landscape",FALSE,2,"2026-06-03 11:56:47"
"Rose-crowned Fruit-Dove","s(log(duration_minutes))",1.34812785255019,2.56670206941135,0.00398404678411135,"other",FALSE,3,"2026-06-03 11:56:47"
"Rose-crowned Fruit-Dove","s(observer_expertise)",1.53234996249019,2.33436216353488,0.00195364192515424,"effort",FALSE,4,"2026-06-03 11:56:47"
"Rose-crowned Fruit-Dove","s(lc_trees)",3.03689327668464,1.92508776181414,3.34622656681383e-05,"landscape",FALSE,5,"2026-06-03 11:56:47"
"Rose-crowned Fruit-Dove","s(water_occ)",0.933642488256495,1.5632253861018,1.75215788005278e-05,"landscape",FALSE,6,"2026-06-03 11:56:47"
"Rose-crowned Fruit-Dove","s(FDiv)",1.14036021000345,1.55762914713576,0.012776833550917,"vegetation",TRUE,7,"2026-06-03 11:56:47"
"Rose-crowned Fruit-Dove","s(time_observations_started)",1.90172541100583,1.50459847495336,0.000523046837700769,"effort",FALSE,8,"2026-06-03 11:56:47"
"Rose-crowned Fruit-Dove","s(elevation)",2.17544788216802,1.38883804126356,0.000267341900812124,"landscape",FALSE,9,"2026-06-03 11:56:47"
"Rose-crowned Fruit-Dove","s(log(precip_annual))",2.07122744695556,1.26858837647273,0.00156422851662086,"other",FALSE,10,"2026-06-03 11:56:47"
"Rose-crowned Fruit-Dove","s(gini_simpson)",1.06876402728698,0.72380500163392,0.0843630570917375,"vegetation",TRUE,11,"2026-06-03 11:56:47"
"Rose-crowned Fruit-Dove","s(height_cwm)",0.330464118508744,0.153982974756287,0.124194364497938,"vegetation",TRUE,12,"2026-06-03 11:56:47"
"Rose-crowned Fruit-Dove","s(number_observers)",0.0946109694627592,0.0333021436840236,0.312257600397866,"effort",FALSE,13,"2026-06-03 11:56:47"
"Rose-crowned Fruit-Dove","s(FRic)",2.25250383508353e-05,6.18115661650887e-06,0.242536893131433,"vegetation",TRUE,14,"2026-06-03 11:56:47"
"Rose-crowned Fruit-Dove","s(LA_cwm)",1.75356127579388e-05,4.42574723448217e-06,0.292625237632938,"vegetation",TRUE,15,"2026-06-03 11:56:47"
"Rose-crowned Fruit-Dove","s(log1p(effort_distance_km))",6.0762596881291e-06,1.07818312267218e-06,0.516132005516505,"other",FALSE,16,"2026-06-03 11:56:47"
"Rose-crowned Fruit-Dove","s(pielou_evenness)",6.08931437414106e-06,1.01633470583241e-06,0.501616754491213,"vegetation",TRUE,17,"2026-06-03 11:56:47"
"Rose-crowned Fruit-Dove","s(wooddensity_cwm)",1.46987783690196e-06,5.79774816160224e-07,0.250173881500697,"vegetation",TRUE,18,"2026-06-03 11:56:47"
"Rose-crowned Fruit-Dove","protocol_type",5,5.37432029359025e-07,0.999999999999999,"effort",FALSE,19,"2026-06-03 11:56:47"
"Rose-crowned Fruit-Dove","s(sp_richness)",4.85163849474779e-06,4.41960324957793e-07,0.592266984435249,"vegetation",TRUE,20,"2026-06-03 11:56:47"
"Rose-crowned Fruit-Dove","s(cover)",4.83114060853952e-06,2.38574522528586e-07,0.817844085418412,"vegetation",TRUE,21,"2026-06-03 11:56:47"
"Rose-crowned Fruit-Dove","s(FEve)",3.59271113993282e-06,1.87231532221241e-07,0.717263329542861,"vegetation",TRUE,22,"2026-06-03 11:56:47"
"Rose-crowned Fruit-Dove","s(mean_fhd)",3.310804389316e-06,1.45849693573356e-07,0.78760603005269,"vegetation",TRUE,23,"2026-06-03 11:56:47"
"Rose-crowned Fruit-Dove","s(prop_canopy)",4.93826946013713e-06,6.3996920818266e-08,0.944028242015778,"vegetation",TRUE,24,"2026-06-03 11:56:47"
"Rose-crowned Fruit-Dove","s(log1p(nightlights))",2.34968951347109e-06,4.51635840837409e-08,0.786024762420314,"other",FALSE,25,"2026-06-03 11:56:47"
"White-fronted Chat","s(pielou_evenness)",1.66537377050651,6.21243519499916,2.66622226074986e-06,"vegetation",TRUE,1,"2026-06-03 11:58:38"
"White-fronted Chat","s(mean_fhd)",0.902246618608217,3.06011941382488,0.000659146602952076,"vegetation",TRUE,2,"2026-06-03 11:58:38"
"White-fronted Chat","s(log1p(nightlights))",1.95604595185557,1.78710911490977,4.81431801266918e-05,"other",FALSE,3,"2026-06-03 11:58:38"
"White-fronted Chat","s(number_observers)",1.07891685572539,1.42862107130249,0.0247513412590499,"effort",FALSE,4,"2026-06-03 11:58:38"
"White-fronted Chat","s(day_of_year)",1.78946477762445,0.70203011497625,0.0245070306506345,"effort",FALSE,5,"2026-06-03 11:58:38"
"White-fronted Chat","s(elevation)",0.809660178747917,0.471521890898501,0.0196628895420393,"landscape",FALSE,6,"2026-06-03 11:58:38"
"White-fronted Chat","s(log(precip_annual))",0.737421430685899,0.311151029796051,0.0444001662667896,"other",FALSE,7,"2026-06-03 11:58:38"
"White-fronted Chat","s(gini_simpson)",0.18443444376282,0.0700767669238313,0.276748025326816,"vegetation",TRUE,8,"2026-06-03 11:58:38"
"White-fronted Chat","s(observer_expertise)",2.75694546091592e-06,5.47102331965753e-07,0.389895761721528,"effort",FALSE,9,"2026-06-03 11:58:38"
"White-fronted Chat","s(prop_canopy)",1.75552534649671e-06,3.7752891886873e-07,0.406980957229085,"vegetation",TRUE,10,"2026-06-03 11:58:38"
"White-fronted Chat","s(LA_cwm)",1.25645304716224e-06,2.37679521238425e-07,0.483299954727616,"vegetation",TRUE,11,"2026-06-03 11:58:38"
"White-fronted Chat","s(log(duration_minutes))",1.29475747392028e-06,2.18384310209826e-07,0.546938162653728,"other",FALSE,12,"2026-06-03 11:58:38"
"White-fronted Chat","s(sp_richness)",9.39546556993598e-07,2.08690202939194e-07,0.391346402700392,"vegetation",TRUE,13,"2026-06-03 11:58:38"
"White-fronted Chat","s(FDiv)",8.92751114772164e-07,1.81904463692447e-07,0.435072820487325,"vegetation",TRUE,14,"2026-06-03 11:58:38"
"White-fronted Chat","s(height_cwm)",1.05440190099593e-06,1.21318582485313e-07,0.624119862428552,"vegetation",TRUE,15,"2026-06-03 11:58:38"
"White-fronted Chat","s(wooddensity_cwm)",6.53364709871501e-07,1.05541418696541e-07,0.523784844629447,"vegetation",TRUE,16,"2026-06-03 11:58:38"
"White-fronted Chat","s(log1p(effort_distance_km))",7.7984888122153e-07,7.8721417491642e-08,0.656293113602287,"other",FALSE,17,"2026-06-03 11:58:38"
"White-fronted Chat","s(cover)",7.30398701487817e-07,7.23512522896969e-08,0.701944418147379,"vegetation",TRUE,18,"2026-06-03 11:58:38"
"White-fronted Chat","s(time_observations_started)",9.02564766834233e-07,6.29071411686781e-08,0.526640054550647,"effort",FALSE,19,"2026-06-03 11:58:38"
"White-fronted Chat","s(FRic)",5.90801077206519e-07,4.15387253616457e-08,0.670035277140286,"vegetation",TRUE,20,"2026-06-03 11:58:38"
"White-fronted Chat","s(water_occ)",7.69083814116677e-07,3.30119442958044e-08,0.503077227728735,"landscape",FALSE,21,"2026-06-03 11:58:38"
"White-fronted Chat","s(FEve)",7.3000165159707e-07,2.67674933624535e-08,0.819979817717941,"vegetation",TRUE,22,"2026-06-03 11:58:38"
"White-fronted Chat","s(temp_annual)",5.50096554492232e-07,2.15488600131185e-08,0.566372984217825,"landscape",FALSE,23,"2026-06-03 11:58:38"
"White-fronted Chat","s(lc_trees)",6.65276651781306e-07,1.98270856941197e-08,0.707630061728419,"landscape",FALSE,24,"2026-06-03 11:58:38"
"White-fronted Chat","protocol_type",4,2.58775236342366e-09,1,"effort",FALSE,25,"2026-06-03 11:58:38"
"Square-tailed Kite","s(log(duration_minutes))",1.74338257666529,5.5949688131242,6.25136895839873e-05,"other",FALSE,1,"2026-06-03 12:00:43"
"Square-tailed Kite","s(pielou_evenness)",1.51410750585066,4.07805923258971,0.000394226690391797,"vegetation",TRUE,2,"2026-06-03 12:00:43"
"Square-tailed Kite","s(prop_canopy)",0.924333660519096,4.06754629250423,0.000174006266783433,"vegetation",TRUE,3,"2026-06-03 12:00:43"
"Square-tailed Kite","s(FEve)",0.8958991386918,2.86064734408136,0.00162260432733297,"vegetation",TRUE,4,"2026-06-03 12:00:43"
"Square-tailed Kite","s(elevation)",1.81890137088545,2.31645949937684,2.82478417990006e-06,"landscape",FALSE,5,"2026-06-03 12:00:43"
"Square-tailed Kite","s(LA_cwm)",0.865151026583707,2.13420475147626,0.00511846922602266,"vegetation",TRUE,6,"2026-06-03 12:00:43"
"Square-tailed Kite","s(log1p(nightlights))",2.03402173113253,1.17930125950721,0.00172833941775519,"other",FALSE,7,"2026-06-03 12:00:43"
"Square-tailed Kite","s(observer_expertise)",0.794861331041185,0.96547160330296,0.0267076449919827,"effort",FALSE,8,"2026-06-03 12:00:43"
"Square-tailed Kite","s(time_observations_started)",1.8261350723412,0.617637063748791,0.0456869175648573,"effort",FALSE,9,"2026-06-03 12:00:43"
"Square-tailed Kite","s(water_occ)",1.55463818522855,0.371698570553822,0.0892698303281874,"landscape",FALSE,10,"2026-06-03 12:00:43"
"Square-tailed Kite","s(lc_trees)",0.92948797667282,0.219564693735588,0.0943270646852871,"landscape",FALSE,11,"2026-06-03 12:00:43"
"Square-tailed Kite","s(sp_richness)",0.314919004227989,0.122050058089246,0.277024783389314,"vegetation",TRUE,12,"2026-06-03 12:00:43"
"Square-tailed Kite","s(gini_simpson)",3.05187130590865e-05,6.71240268067388e-06,0.414148571472875,"vegetation",TRUE,13,"2026-06-03 12:00:43"
"Square-tailed Kite","s(FDiv)",2.20649759945829e-05,3.66072816534913e-06,0.52622764635166,"vegetation",TRUE,14,"2026-06-03 12:00:43"
"Square-tailed Kite","s(log1p(effort_distance_km))",1.89192613557141e-05,2.5030303673243e-06,0.55761691479582,"other",FALSE,15,"2026-06-03 12:00:43"
"Square-tailed Kite","s(number_observers)",1.67241566132063e-05,1.40395019185924e-06,0.692036223251123,"effort",FALSE,16,"2026-06-03 12:00:43"
"Square-tailed Kite","s(temp_annual)",2.2240901234153e-05,1.19527056117431e-06,0.491672430887865,"landscape",FALSE,17,"2026-06-03 12:00:43"
"Square-tailed Kite","s(day_of_year)",9.2737606590083e-06,5.80226829986642e-07,0.629030073857051,"effort",FALSE,18,"2026-06-03 12:00:43"
"Square-tailed Kite","s(FRic)",1.3146454982317e-05,5.62151474855984e-07,0.767735697456652,"vegetation",TRUE,19,"2026-06-03 12:00:43"
"Square-tailed Kite","s(height_cwm)",1.05476363500105e-05,3.94721185495257e-07,0.861345840557633,"vegetation",TRUE,20,"2026-06-03 12:00:43"
"Square-tailed Kite","s(log(precip_annual))",1.43617512528567e-05,3.30437251443005e-07,0.712909924500322,"other",FALSE,21,"2026-06-03 12:00:43"
"Square-tailed Kite","s(mean_fhd)",1.35230407363826e-05,2.95452890224946e-07,0.829154293108981,"vegetation",TRUE,22,"2026-06-03 12:00:43"
"Square-tailed Kite","s(wooddensity_cwm)",1.41288264731375e-05,2.4164988241109e-07,0.928251829521585,"vegetation",TRUE,23,"2026-06-03 12:00:43"
"Square-tailed Kite","s(cover)",1.03479394627893e-05,2.86928167986966e-08,0.994995312280235,"vegetation",TRUE,24,"2026-06-03 12:00:43"
"Square-tailed Kite","protocol_type",3,4.94900213006285e-12,1,"effort",FALSE,25,"2026-06-03 12:00:43"
"Masked Woodswallow","s(log(duration_minutes))",1.70334178326821,10.85796944036,0,"other",FALSE,1,"2026-06-03 12:02:57"
"Masked Woodswallow","s(day_of_year)",4.78948033527671,5.55426527620837,0,"effort",FALSE,2,"2026-06-03 12:02:57"
"Masked Woodswallow","s(log(precip_annual))",1.52294132054846,4.27720898390877,0,"other",FALSE,3,"2026-06-03 12:02:57"
"Masked Woodswallow","s(gini_simpson)",1.75087817364109,3.26476737810575,0.00144106246586295,"vegetation",TRUE,4,"2026-06-03 12:02:57"
"Masked Woodswallow","s(observer_expertise)",0.909649400256776,2.49658285941876,0.000728371557872642,"effort",FALSE,5,"2026-06-03 12:02:57"
"Masked Woodswallow","s(pielou_evenness)",0.755506656606851,1.00619603386069,0.0290081406671253,"vegetation",TRUE,6,"2026-06-03 12:02:57"
"Masked Woodswallow","s(time_observations_started)",1.94076587044542,0.966429655337908,0.00793795937356168,"effort",FALSE,7,"2026-06-03 12:02:57"
"Masked Woodswallow","s(log1p(nightlights))",0.863529192198577,0.695125588785684,0.00393535151411917,"other",FALSE,8,"2026-06-03 12:02:57"
"Masked Woodswallow","s(temp_annual)",0.858303027971796,0.669102078004143,0.00317540153063978,"landscape",FALSE,9,"2026-06-03 12:02:57"
"Masked Woodswallow","s(height_cwm)",0.6290442031747,0.562310200467827,0.0818256210975614,"vegetation",TRUE,10,"2026-06-03 12:02:57"
"Masked Woodswallow","s(number_observers)",0.501363394068697,0.334334386363056,0.152527479583479,"effort",FALSE,11,"2026-06-03 12:02:57"
"Masked Woodswallow","s(elevation)",1.03752630315487,0.324879601444695,0.0388207176744123,"landscape",FALSE,12,"2026-06-03 12:02:57"
"Masked Woodswallow","s(water_occ)",0.690531303404497,0.247178558421805,0.0566249092540938,"landscape",FALSE,13,"2026-06-03 12:02:57"
"Masked Woodswallow","s(lc_trees)",0.627680628053459,0.186023913665791,0.0832511009243503,"landscape",FALSE,14,"2026-06-03 12:02:57"
"Masked Woodswallow","s(sp_richness)",1.78864123038013e-06,8.82337889876334e-07,0.18982365181163,"vegetation",TRUE,15,"2026-06-03 12:02:57"
"Masked Woodswallow","s(mean_fhd)",2.13332282000023e-06,4.33038046144076e-07,0.44123923782135,"vegetation",TRUE,16,"2026-06-03 12:02:57"
"Masked Woodswallow","s(FRic)",1.72016685571331e-06,3.74594180856038e-07,0.39320929172832,"vegetation",TRUE,17,"2026-06-03 12:02:57"
"Masked Woodswallow","s(FEve)",2.22721570655623e-06,3.49108367214179e-07,0.541504779059514,"vegetation",TRUE,18,"2026-06-03 12:02:57"
"Masked Woodswallow","s(LA_cwm)",2.21074558935795e-06,2.48812601275036e-07,0.608134620922797,"vegetation",TRUE,19,"2026-06-03 12:02:57"
"Masked Woodswallow","s(prop_canopy)",2.40094468199264e-06,1.39921543702943e-07,0.745163342727973,"vegetation",TRUE,20,"2026-06-03 12:02:57"
"Masked Woodswallow","s(log1p(effort_distance_km))",2.73305230282308e-06,9.70716354633965e-08,0.872073424906319,"other",FALSE,21,"2026-06-03 12:02:57"
"Masked Woodswallow","s(FDiv)",1.64558489794209e-06,5.23530032189134e-08,0.830830570947363,"vegetation",TRUE,22,"2026-06-03 12:02:57"
"Masked Woodswallow","s(wooddensity_cwm)",8.96512009982745e-07,3.58302926522317e-08,0.844149091760737,"vegetation",TRUE,23,"2026-06-03 12:02:57"
"Masked Woodswallow","s(cover)",1.75402933720205e-06,2.87070950414072e-08,0.952200786475786,"vegetation",TRUE,24,"2026-06-03 12:02:57"
"Masked Woodswallow","protocol_type",5,6.66122620545109e-10,1,"effort",FALSE,25,"2026-06-03 12:02:57"
"Crested Bellbird","s(log(duration_minutes))",0.881667135166862,2.48333874967285,0.00319335963003053,"other",FALSE,1,"2026-06-03 12:05:07"
"Crested Bellbird","s(log(precip_annual))",2.10173033725457,2.32285994397804,6.46561462325224e-06,"other",FALSE,2,"2026-06-03 12:05:07"
"Crested Bellbird","s(LA_cwm)",0.846084856022496,1.83142825146458,0.0048268055121734,"vegetation",TRUE,3,"2026-06-03 12:05:07"
"Crested Bellbird","s(day_of_year)",2.76339693413918,1.72415553959467,0.000755368642134879,"effort",FALSE,4,"2026-06-03 12:05:07"
"Crested Bellbird","s(height_cwm)",0.817607018914331,1.49377309574706,0.00861096606075418,"vegetation",TRUE,5,"2026-06-03 12:05:07"
"Crested Bellbird","s(FDiv)",0.764059150099752,1.0793668610838,0.0218975580600375,"vegetation",TRUE,6,"2026-06-03 12:05:07"
"Crested Bellbird","s(prop_canopy)",0.728076123777291,0.77496150118338,0.0658192485394695,"vegetation",TRUE,7,"2026-06-03 12:05:07"
"Crested Bellbird","s(time_observations_started)",1.51662725767609,0.751883940982661,0.0112019371247979,"effort",FALSE,8,"2026-06-03 12:05:07"
"Crested Bellbird","s(lc_trees)",1.78532950553554,0.714898057010567,0.00936704256132082,"landscape",FALSE,9,"2026-06-03 12:05:07"
"Crested Bellbird","s(number_observers)",0.675596566697787,0.694163148557118,0.076236174869443,"effort",FALSE,10,"2026-06-03 12:05:07"
"Crested Bellbird","s(gini_simpson)",0.50036607685167,0.333584486302468,0.119934982524987,"vegetation",TRUE,11,"2026-06-03 12:05:07"
"Crested Bellbird","s(temp_annual)",0.566352298178908,0.145110215349273,0.118529815714802,"landscape",FALSE,12,"2026-06-03 12:05:07"
"Crested Bellbird","s(observer_expertise)",4.90504335225612e-06,7.72129662830665e-07,0.432952347856499,"effort",FALSE,13,"2026-06-03 12:05:07"
"Crested Bellbird","s(pielou_evenness)",3.09529349951225e-06,5.14169150133554e-07,0.397413472847684,"vegetation",TRUE,14,"2026-06-03 12:05:07"
"Crested Bellbird","s(wooddensity_cwm)",2.69580987998094e-06,2.856587323981e-07,0.535783281677851,"vegetation",TRUE,15,"2026-06-03 12:05:07"
"Crested Bellbird","s(water_occ)",4.4854233507758e-06,2.56027191536431e-07,0.481297444670001,"landscape",FALSE,16,"2026-06-03 12:05:07"
"Crested Bellbird","s(cover)",2.39153848507948e-06,1.74798831185493e-07,0.627838392797027,"vegetation",TRUE,17,"2026-06-03 12:05:07"
"Crested Bellbird","s(FRic)",1.00970036525045e-06,1.03870370061755e-07,0.55239917003708,"vegetation",TRUE,18,"2026-06-03 12:05:07"
"Crested Bellbird","s(FEve)",1.77130409858566e-06,9.21216335875492e-08,0.689024755836148,"vegetation",TRUE,19,"2026-06-03 12:05:07"
"Crested Bellbird","s(log1p(nightlights))",1.23174024211564e-06,8.70955992328454e-08,0.422843375819961,"other",FALSE,20,"2026-06-03 12:05:07"
"Crested Bellbird","s(mean_fhd)",1.43141495275908e-06,3.04208841777349e-08,0.798377694132058,"vegetation",TRUE,21,"2026-06-03 12:05:07"
"Crested Bellbird","protocol_type",4,2.6464205969798e-08,0.999999999999999,"effort",FALSE,22,"2026-06-03 12:05:07"
"Crested Bellbird","s(log1p(effort_distance_km))",1.2640873967714e-06,2.56125646721239e-08,0.922893858534416,"other",FALSE,23,"2026-06-03 12:05:07"
"Crested Bellbird","s(sp_richness)",1.47604618283552e-06,1.71067138775995e-08,0.907457532087217,"vegetation",TRUE,24,"2026-06-03 12:05:07"
"Crested Bellbird","s(elevation)",2.31131915413563e-07,2.28794991087695e-09,0.8444997156301,"landscape",FALSE,25,"2026-06-03 12:05:07"
"Rockwarbler","s(log(precip_annual))",5.45131943341218,13.0319147893467,0,"other",FALSE,1,"2026-06-03 12:07:07"
"Rockwarbler","s(mean_fhd)",2.89129225600782,11.9644277559404,0,"vegetation",TRUE,2,"2026-06-03 12:07:07"
"Rockwarbler","s(gini_simpson)",1.8364704962607,11.496466288382,0,"vegetation",TRUE,3,"2026-06-03 12:07:07"
"Rockwarbler","s(cover)",2.83681928232361,10.3130974885646,-2.16442364697755e-07,"vegetation",TRUE,4,"2026-06-03 12:07:07"
"Rockwarbler","s(log(duration_minutes))",1.82470704412024,9.63030770320344,0,"other",FALSE,5,"2026-06-03 12:07:07"
"Rockwarbler","s(lc_trees)",5.9891547680655,8.77640470231007,0,"landscape",FALSE,6,"2026-06-03 12:07:07"
"Rockwarbler","s(water_occ)",4.04171982105408,5.53395768598006,0,"landscape",FALSE,7,"2026-06-03 12:07:07"
"Rockwarbler","s(temp_annual)",4.68180006099382,4.66031906734894,0,"landscape",FALSE,8,"2026-06-03 12:07:07"
"Rockwarbler","s(log1p(effort_distance_km))",2.47848294669863,4.07350950859648,0.00222323010164271,"other",FALSE,9,"2026-06-03 12:07:07"
"Rockwarbler","s(height_cwm)",1.81270840692412,3.81151636636072,0.00116813104093072,"vegetation",TRUE,10,"2026-06-03 12:07:07"
"Rockwarbler","s(pielou_evenness)",0.914184196664329,3.535328897046,0.000241810066479053,"vegetation",TRUE,11,"2026-06-03 12:07:07"
"Rockwarbler","s(wooddensity_cwm)",1.69553379602541,3.39021286199179,0.00139881700394417,"vegetation",TRUE,12,"2026-06-03 12:07:07"
"Rockwarbler","s(FEve)",2.00205700263236,2.59678175757731,0.00882576905873145,"vegetation",TRUE,13,"2026-06-03 12:07:07"
"Rockwarbler","s(observer_expertise)",1.51355215737979,1.95761305330483,0.00492788591380222,"effort",FALSE,14,"2026-06-03 12:07:07"
"Rockwarbler","s(log1p(nightlights))",3.19609404923229,1.81093226928185,0.000280349804943292,"other",FALSE,15,"2026-06-03 12:07:07"
"Rockwarbler","s(number_observers)",1.26521795772432,1.55286337216453,0.0251322081459229,"effort",FALSE,16,"2026-06-03 12:07:07"
"Rockwarbler","s(day_of_year)",1.14963514606667,0.275559001373274,0.126094306064949,"effort",FALSE,17,"2026-06-03 12:07:07"
"Rockwarbler","s(time_observations_started)",0.762714483304152,0.181791862078808,0.134368508610368,"effort",FALSE,18,"2026-06-03 12:07:07"
"Rockwarbler","s(sp_richness)",0.00019666308085402,5.85331020045859e-05,0.307769772004296,"vegetation",TRUE,19,"2026-06-03 12:07:07"
"Rockwarbler","s(LA_cwm)",2.45334594937521e-05,1.5322992339548e-05,0.140944412408258,"vegetation",TRUE,20,"2026-06-03 12:07:07"
"Rockwarbler","s(FRic)",1.96835610915509e-05,5.79685276770823e-06,0.323577296657503,"vegetation",TRUE,21,"2026-06-03 12:07:07"
"Rockwarbler","s(prop_canopy)",2.86888400099521e-06,3.89485461731929e-06,0.00669888691171172,"vegetation",TRUE,22,"2026-06-03 12:07:07"
"Rockwarbler","s(FDiv)",2.69178955008413e-05,1.71192157970989e-06,0.679845893588525,"vegetation",TRUE,23,"2026-06-03 12:07:07"
"Rockwarbler","s(elevation)",1.73715009129961e-05,1.22525608025246e-06,0.488844811669234,"landscape",FALSE,24,"2026-06-03 12:07:07"
"Rockwarbler","protocol_type",3,2.00351694523285e-11,1,"effort",FALSE,25,"2026-06-03 12:07:07"
"Red-winged Parrot","s(temp_annual)",2.38427519976935,5.5855412942221,0,"landscape",FALSE,1,"2026-06-03 12:08:47"
"Red-winged Parrot","s(log(duration_minutes))",1.60222213692662,3.71426096034948,0.000734233984392096,"other",FALSE,2,"2026-06-03 12:08:47"
"Red-winged Parrot","s(elevation)",2.66599999438826,3.60366866462542,0,"landscape",FALSE,3,"2026-06-03 12:08:47"
"Red-winged Parrot","s(time_observations_started)",2.36347917875286,2.1803848804017,5.39400140039392e-05,"effort",FALSE,4,"2026-06-03 12:08:47"
"Red-winged Parrot","s(FEve)",0.882461745086266,2.02982806331502,0.00345957231480498,"vegetation",TRUE,5,"2026-06-03 12:08:47"
"Red-winged Parrot","s(FRic)",0.994432697935926,1.96085670971564,0.00545946298907207,"vegetation",TRUE,6,"2026-06-03 12:08:47"
"Red-winged Parrot","s(day_of_year)",4.64101042624252,1.94296430571079,0.00258720449289562,"effort",FALSE,7,"2026-06-03 12:08:47"
"Red-winged Parrot","s(log(precip_annual))",3.85557011586834,1.44765094373554,0.00215656743121695,"other",FALSE,8,"2026-06-03 12:08:47"
"Red-winged Parrot","s(observer_expertise)",0.830125888965369,1.22044143446275,0.0128529787054469,"effort",FALSE,9,"2026-06-03 12:08:47"
"Red-winged Parrot","s(lc_trees)",0.87841932673747,0.802673519792192,0.00207378808315251,"landscape",FALSE,10,"2026-06-03 12:08:47"
"Red-winged Parrot","s(FDiv)",0.818187984861081,0.615675409726187,0.0848060469065443,"vegetation",TRUE,11,"2026-06-03 12:08:47"
"Red-winged Parrot","s(number_observers)",0.929705823987428,0.614681650963514,0.129360748659161,"effort",FALSE,12,"2026-06-03 12:08:47"
"Red-winged Parrot","s(log1p(nightlights))",0.619196856972863,0.178481078505922,0.0930577788943847,"other",FALSE,13,"2026-06-03 12:08:47"
"Red-winged Parrot","s(wooddensity_cwm)",0.159324889701807,0.0613993054126021,0.26869400795301,"vegetation",TRUE,14,"2026-06-03 12:08:47"
"Red-winged Parrot","s(LA_cwm)",1.24012560811976e-05,3.02139248691847e-06,0.381821509119422,"vegetation",TRUE,15,"2026-06-03 12:08:47"
"Red-winged Parrot","s(log1p(effort_distance_km))",9.07589667752028e-06,2.6997022136961e-06,0.352311548052852,"other",FALSE,16,"2026-06-03 12:08:47"
"Red-winged Parrot","protocol_type",4,2.37866391944878e-06,0.999999999988683,"effort",FALSE,17,"2026-06-03 12:08:47"
"Red-winged Parrot","s(mean_fhd)",8.30651101348779e-06,1.96061628474044e-06,0.391920752245792,"vegetation",TRUE,18,"2026-06-03 12:08:47"
"Red-winged Parrot","s(gini_simpson)",4.12743863709252e-06,5.82923303555082e-07,0.565642629312468,"vegetation",TRUE,19,"2026-06-03 12:08:47"
"Red-winged Parrot","s(height_cwm)",5.44533204670265e-06,1.92447936237207e-07,0.843894119217027,"vegetation",TRUE,20,"2026-06-03 12:08:47"
"Red-winged Parrot","s(cover)",4.75279530871755e-06,1.81043983350148e-07,0.867899531400695,"vegetation",TRUE,21,"2026-06-03 12:08:47"
"Red-winged Parrot","s(sp_richness)",4.00037986796153e-06,1.49138240465899e-07,0.785938399961797,"vegetation",TRUE,22,"2026-06-03 12:08:47"
"Red-winged Parrot","s(water_occ)",4.60043664126954e-06,1.45415501881416e-07,0.674660790367588,"landscape",FALSE,23,"2026-06-03 12:08:47"
"Red-winged Parrot","s(pielou_evenness)",2.03749893163631e-06,1.12165725020222e-07,0.778809725744419,"vegetation",TRUE,24,"2026-06-03 12:08:47"
"Red-winged Parrot","s(prop_canopy)",4.32649642169532e-06,1.03492038869648e-07,0.90074658343377,"vegetation",TRUE,25,"2026-06-03 12:08:47"
"Pacific Baza","s(prop_canopy)",1.75347772123473,8.52334560192856,4.6372203055256e-07,"vegetation",TRUE,1,"2026-06-03 10:55:08"
"Pacific Baza","s(LA_cwm)",1.84117111656735,6.79406957947443,7.17200017585906e-06,"vegetation",TRUE,2,"2026-06-03 10:55:08"
"Pacific Baza","s(height_cwm)",1.82434629738074,4.84515904326699,0.000143287170656259,"vegetation",TRUE,3,"2026-06-03 10:55:08"
"Pacific Baza","s(sp_richness)",1.81878975304496,4.44065257866205,0.000280480925049065,"vegetation",TRUE,4,"2026-06-03 10:55:08"
"Pacific Baza","s(observer_expertise)",1.73652689921701,4.20818037249154,4.06823926178967e-05,"effort",FALSE,5,"2026-06-03 10:55:08"
"Pacific Baza","s(log1p(nightlights))",2.81978323502422,3.41941536972385,0,"other",FALSE,6,"2026-06-03 10:55:08"
"Pacific Baza","s(number_observers)",1.49760357987256,3.06674584554227,0.00224421428092769,"effort",FALSE,7,"2026-06-03 10:55:08"
"Pacific Baza","s(log(duration_minutes))",1.60403420115831,2.98420315262555,0.00317019805268615,"other",FALSE,8,"2026-06-03 10:55:08"
"Pacific Baza","s(log1p(effort_distance_km))",1.61411282705489,2.95802469147821,0.00356249205542514,"other",FALSE,9,"2026-06-03 10:55:08"
"Pacific Baza","s(temp_annual)",3.41755736549251,1.86454272242929,0.000315446764169502,"landscape",FALSE,10,"2026-06-03 10:55:08"
"Pacific Baza","s(time_observations_started)",2.37888423466411,1.69374931395111,0.000554057383383211,"effort",FALSE,11,"2026-06-03 10:55:08"
"Pacific Baza","s(day_of_year)",2.1285936625541,1.24266865356938,0.00275047523680216,"effort",FALSE,12,"2026-06-03 10:55:08"
"Pacific Baza","s(water_occ)",1.67520684415339,1.21961431848065,0.000698169473346444,"landscape",FALSE,13,"2026-06-03 10:55:08"
"Pacific Baza","s(lc_trees)",1.4535810662365,0.601266445551791,0.0148474485034535,"landscape",FALSE,14,"2026-06-03 10:55:08"
"Pacific Baza","s(gini_simpson)",0.224142665281449,0.0856431773643304,0.276899852519052,"vegetation",TRUE,15,"2026-06-03 10:55:08"
"Pacific Baza","s(FRic)",0.000532384340264526,0.000175969811736419,0.294540652315553,"vegetation",TRUE,16,"2026-06-03 10:55:08"
"Pacific Baza","s(cover)",0.000206096189878001,6.64498297152321e-05,0.331342081808226,"vegetation",TRUE,17,"2026-06-03 10:55:08"
"Pacific Baza","s(FDiv)",7.0208667679549e-05,1.96723425117893e-05,0.347943311235224,"vegetation",TRUE,18,"2026-06-03 10:55:08"
"Pacific Baza","s(wooddensity_cwm)",2.81543347982284e-05,3.40672822044446e-06,0.605848185559465,"vegetation",TRUE,19,"2026-06-03 10:55:08"
"Pacific Baza","s(mean_fhd)",2.26840023247999e-05,1.39621934593409e-06,0.725196720674983,"vegetation",TRUE,20,"2026-06-03 10:55:08"
"Pacific Baza","s(FEve)",2.09575030178134e-05,1.37582158213812e-06,0.727649854896447,"vegetation",TRUE,21,"2026-06-03 10:55:08"
"Pacific Baza","s(pielou_evenness)",1.369542243165e-05,5.60382817535502e-07,0.790156283226738,"vegetation",TRUE,22,"2026-06-03 10:55:08"
"Pacific Baza","s(log(precip_annual))",1.22303056511961e-05,3.75387638647307e-07,0.628564836984228,"other",FALSE,23,"2026-06-03 10:55:08"
"Pacific Baza","s(elevation)",1.61468299483386e-05,4.51694394166356e-08,0.975312064406083,"landscape",FALSE,24,"2026-06-03 10:55:08"
"Pacific Baza","protocol_type",4,1.75899185559147e-11,1,"effort",FALSE,25,"2026-06-03 10:55:08"
"Flame Robin","s(elevation)",5.6784395284737,7.27891110117323,0,"landscape",FALSE,1,"2026-06-03 10:57:07"
"Flame Robin","s(temp_annual)",3.5556151996034,5.84158529559107,0,"landscape",FALSE,2,"2026-06-03 10:57:07"
"Flame Robin","s(cover)",0.919226405130031,3.76615499702136,0.000130189840053641,"vegetation",TRUE,3,"2026-06-03 10:57:07"
"Flame Robin","s(pielou_evenness)",1.76916044849053,3.49961412678921,0.000613304306271933,"vegetation",TRUE,4,"2026-06-03 10:57:07"
"Flame Robin","s(day_of_year)",3.13618131964205,3.35896959686599,5.22333262198416e-08,"effort",FALSE,5,"2026-06-03 10:57:07"
"Flame Robin","s(sp_richness)",1.63604753775052,2.95277356204576,0.00215823279104033,"vegetation",TRUE,6,"2026-06-03 10:57:07"
"Flame Robin","s(FEve)",0.866621395371168,2.16208858183982,0.00391160661194223,"vegetation",TRUE,7,"2026-06-03 10:57:07"
"Flame Robin","s(number_observers)",1.49102901232909,1.81821756631058,0.0222840222393788,"effort",FALSE,8,"2026-06-03 10:57:07"
"Flame Robin","s(log(duration_minutes))",1.25065987383642,1.40682951031835,0.0272554471848201,"other",FALSE,9,"2026-06-03 10:57:07"
"Flame Robin","s(wooddensity_cwm)",1.20541985273829,1.26634978664559,0.0172641911918271,"vegetation",TRUE,10,"2026-06-03 10:57:07"
"Flame Robin","s(log1p(effort_distance_km))",1.23664125261038,1.23154780993875,0.0417376797406155,"other",FALSE,11,"2026-06-03 10:57:07"
"Flame Robin","s(LA_cwm)",0.886737901324562,0.768079746641321,0.0502461613733,"vegetation",TRUE,12,"2026-06-03 10:57:07"
"Flame Robin","s(water_occ)",0.920671879608863,0.586745491223195,0.0091561457468865,"landscape",FALSE,13,"2026-06-03 10:57:07"
"Flame Robin","s(gini_simpson)",0.577438101113911,0.454847967275168,0.0859603972170754,"vegetation",TRUE,14,"2026-06-03 10:57:07"
"Flame Robin","s(height_cwm)",0.511210512752028,0.348521789464612,0.11336265776589,"vegetation",TRUE,15,"2026-06-03 10:57:07"
"Flame Robin","s(observer_expertise)",0.512474296981901,0.262263985507865,0.145573736498873,"effort",FALSE,16,"2026-06-03 10:57:07"
"Flame Robin","s(lc_trees)",1.0008108368514,0.169437834889835,0.158490525004268,"landscape",FALSE,17,"2026-06-03 10:57:07"
"Flame Robin","s(mean_fhd)",1.10934230864341e-05,1.62104920962896e-06,0.551571871710784,"vegetation",TRUE,18,"2026-06-03 10:57:07"
"Flame Robin","protocol_type",5,1.42250523057068e-06,0.999999999999993,"effort",FALSE,19,"2026-06-03 10:57:07"
"Flame Robin","s(prop_canopy)",9.32672763518798e-06,1.31882654887273e-06,0.540291482713887,"vegetation",TRUE,20,"2026-06-03 10:57:07"
"Flame Robin","s(time_observations_started)",9.0234624669138e-06,9.01433791367777e-07,0.411184371046311,"effort",FALSE,21,"2026-06-03 10:57:07"
"Flame Robin","s(FDiv)",6.84896101158954e-06,6.63409340055163e-07,0.656446271204264,"vegetation",TRUE,22,"2026-06-03 10:57:07"
"Flame Robin","s(log(precip_annual))",1.13320801656465e-05,5.34733985804073e-07,0.468713619279192,"other",FALSE,23,"2026-06-03 10:57:07"
"Flame Robin","s(FRic)",9.08778131285951e-06,3.47373910159146e-07,0.771395636787338,"vegetation",TRUE,24,"2026-06-03 10:57:07"
"Flame Robin","s(log1p(nightlights))",2.59066981060637e-06,1.76477861716015e-07,0.406971940038947,"other",FALSE,25,"2026-06-03 10:57:07"
"Hooded Robin","s(elevation)",3.44826078902731,6.17833010841223,0,"landscape",FALSE,1,"2026-06-03 11:00:15"
"Hooded Robin","s(sp_richness)",1.84842046153577,5.40122907134204,1.05349884708117e-05,"vegetation",TRUE,2,"2026-06-03 11:00:15"
"Hooded Robin","s(temp_annual)",2.19437553680114,1.9724867681679,2.01159369710435e-05,"landscape",FALSE,3,"2026-06-03 11:00:15"
"Hooded Robin","s(log(precip_annual))",2.77556862795156,1.88927677837894,3.42273231243029e-05,"other",FALSE,4,"2026-06-03 11:00:15"
"Hooded Robin","s(log(duration_minutes))",0.848485501113473,1.86664953150787,0.0084015028503478,"other",FALSE,5,"2026-06-03 11:00:15"
"Hooded Robin","s(observer_expertise)",1.39757612887816,1.63009454711978,0.00940616304331143,"effort",FALSE,6,"2026-06-03 11:00:15"
"Hooded Robin","s(wooddensity_cwm)",1.21671350808214,1.20147523397025,0.0436843309145984,"vegetation",TRUE,7,"2026-06-03 11:00:15"
"Hooded Robin","s(water_occ)",0.807602174778347,1.04938890974639,0.0189548117702761,"landscape",FALSE,8,"2026-06-03 11:00:15"
"Hooded Robin","s(log1p(nightlights))",0.939445467882965,0.642686160864077,0.00828082871518587,"other",FALSE,9,"2026-06-03 11:00:15"
"Hooded Robin","s(gini_simpson)",0.836633992415918,0.555050028408406,0.105549791449848,"vegetation",TRUE,10,"2026-06-03 11:00:15"
"Hooded Robin","s(FRic)",0.546401804292509,0.371367137878668,0.135462699587339,"vegetation",TRUE,11,"2026-06-03 11:00:15"
"Hooded Robin","s(mean_fhd)",0.542161089294505,0.310950115332884,0.152243187598341,"vegetation",TRUE,12,"2026-06-03 11:00:15"
"Hooded Robin","s(number_observers)",0.553464123604101,0.297505868624376,0.184918607250382,"effort",FALSE,13,"2026-06-03 11:00:15"
"Hooded Robin","s(time_observations_started)",1.16145692298234,0.219397294137294,0.195669915983853,"effort",FALSE,14,"2026-06-03 11:00:15"
"Hooded Robin","s(day_of_year)",0.795721100236043,0.164887744594346,0.169098071858992,"effort",FALSE,15,"2026-06-03 11:00:15"
"Hooded Robin","s(cover)",6.73741829857676e-06,1.46109985042492e-06,0.442132856868898,"vegetation",TRUE,16,"2026-06-03 11:00:15"
"Hooded Robin","s(FEve)",5.01554708815499e-06,8.86906289271307e-07,0.491714915848353,"vegetation",TRUE,17,"2026-06-03 11:00:15"
"Hooded Robin","s(lc_trees)",8.14111919750561e-06,6.45677443108897e-07,0.373444825872158,"landscape",FALSE,18,"2026-06-03 11:00:15"
"Hooded Robin","s(pielou_evenness)",5.28753456548723e-06,4.61517971741015e-07,0.711229447144106,"vegetation",TRUE,19,"2026-06-03 11:00:15"
"Hooded Robin","s(log1p(effort_distance_km))",5.47776289562122e-06,3.96011708813931e-07,0.74034230808428,"other",FALSE,20,"2026-06-03 11:00:15"
"Hooded Robin","s(prop_canopy)",5.21179052692121e-06,3.42500963864472e-07,0.705385386718738,"vegetation",TRUE,21,"2026-06-03 11:00:15"
"Hooded Robin","s(LA_cwm)",3.71296435166138e-06,2.43574966278827e-07,0.723421022271003,"vegetation",TRUE,22,"2026-06-03 11:00:15"
"Hooded Robin","s(height_cwm)",4.08241392440067e-06,2.09885468329778e-07,0.772952497725373,"vegetation",TRUE,23,"2026-06-03 11:00:15"
"Hooded Robin","s(FDiv)",3.45999559446527e-06,6.29191886124022e-08,0.89313098576409,"vegetation",TRUE,24,"2026-06-03 11:00:15"
"Hooded Robin","protocol_type",4,8.58839570114484e-12,1,"effort",FALSE,25,"2026-06-03 11:00:15"
"Pale-yellow Robin","s(cover)",0.95605465486104,7.24973823263473,5.16691992746843e-07,"vegetation",TRUE,1,"2026-06-03 11:02:53"
"Pale-yellow Robin","s(log(duration_minutes))",1.49015299931458,7.00232929636357,1.37263307686819e-06,"other",FALSE,2,"2026-06-03 11:02:53"
"Pale-yellow Robin","s(observer_expertise)",0.952501378791578,5.01294892147358,3.89302930403623e-06,"effort",FALSE,3,"2026-06-03 11:02:53"
"Pale-yellow Robin","s(FRic)",0.920013215167124,3.83424835417787,3.10048292728737e-05,"vegetation",TRUE,4,"2026-06-03 11:02:53"
"Pale-yellow Robin","s(prop_canopy)",0.915556041983389,3.61358284191198,5.90407975005203e-05,"vegetation",TRUE,5,"2026-06-03 11:02:53"
"Pale-yellow Robin","s(FEve)",1.35629752270823,3.39761839585623,0.000267512936821701,"vegetation",TRUE,6,"2026-06-03 11:02:53"
"Pale-yellow Robin","s(FDiv)",0.884757842314613,2.55902793112119,0.00083344670664609,"vegetation",TRUE,7,"2026-06-03 11:02:53"
"Pale-yellow Robin","s(log1p(nightlights))",1.3639591013181,1.45651053174998,9.51509514448556e-05,"other",FALSE,8,"2026-06-03 11:02:53"
"Pale-yellow Robin","s(temp_annual)",3.00550531637849,1.29290642363141,0.000703645685759868,"landscape",FALSE,9,"2026-06-03 11:02:53"
"Pale-yellow Robin","s(elevation)",2.42622863277579,1.16524114757805,0.000715858630704891,"landscape",FALSE,10,"2026-06-03 11:02:53"
"Pale-yellow Robin","s(log(precip_annual))",1.93973484128084,1.04972751688932,0.00135367110198858,"other",FALSE,11,"2026-06-03 11:02:53"
"Pale-yellow Robin","s(sp_richness)",0.758034235277319,1.04422465510274,0.0230489347264236,"vegetation",TRUE,12,"2026-06-03 11:02:53"
"Pale-yellow Robin","s(log1p(effort_distance_km))",0.663274338285293,0.356076580568263,0.183480967942285,"other",FALSE,13,"2026-06-03 11:02:53"
"Pale-yellow Robin","s(water_occ)",0.665641840031627,0.221447045653715,0.0790947308021561,"landscape",FALSE,14,"2026-06-03 11:02:53"
"Pale-yellow Robin","s(wooddensity_cwm)",1.02580827745823e-05,2.06230568505772e-06,0.403868288444967,"vegetation",TRUE,15,"2026-06-03 11:02:53"
"Pale-yellow Robin","s(LA_cwm)",6.55498337048303e-06,1.98141618564517e-06,0.306065937476959,"vegetation",TRUE,16,"2026-06-03 11:02:53"
"Pale-yellow Robin","s(number_observers)",6.92614251131597e-06,6.28449887476297e-07,0.730762947515939,"effort",FALSE,17,"2026-06-03 11:02:53"
"Pale-yellow Robin","s(pielou_evenness)",5.63358337394114e-06,4.55351528512321e-07,0.717956634672151,"vegetation",TRUE,18,"2026-06-03 11:02:53"
"Pale-yellow Robin","s(height_cwm)",3.38822843834178e-06,2.94998054039269e-07,0.602164370306017,"vegetation",TRUE,19,"2026-06-03 11:02:53"
"Pale-yellow Robin","s(mean_fhd)",5.71182523916133e-06,2.32005309601059e-07,0.77766042823997,"vegetation",TRUE,20,"2026-06-03 11:02:53"
"Pale-yellow Robin","s(time_observations_started)",3.0411792535816e-06,1.33239709200086e-07,0.705937502648326,"effort",FALSE,21,"2026-06-03 11:02:53"
"Pale-yellow Robin","s(lc_trees)",7.25578781091366e-06,1.30598924352878e-07,0.765318872664773,"landscape",FALSE,22,"2026-06-03 11:02:53"
"Pale-yellow Robin","s(gini_simpson)",2.90696205052593e-06,1.29456756685682e-07,0.82668013321811,"vegetation",TRUE,23,"2026-06-03 11:02:53"
"Pale-yellow Robin","s(day_of_year)",3.94709719477033e-06,1.10996272969905e-07,0.84552803762786,"effort",FALSE,24,"2026-06-03 11:02:53"
"Pale-yellow Robin","protocol_type",4,1.90204982612878e-09,1,"effort",FALSE,25,"2026-06-03 11:02:53"
"Splendid Fairywren","s(sp_richness)",0.959294164763975,7.85532711546053,0,"vegetation",TRUE,1,"2026-06-03 11:05:04"
"Splendid Fairywren","s(log(duration_minutes))",0.95373045082667,6.87005015751313,2.86846874641977e-06,"other",FALSE,2,"2026-06-03 11:05:04"
"Splendid Fairywren","s(pielou_evenness)",1.6421740281179,4.94354195967155,7.92346628658569e-05,"vegetation",TRUE,3,"2026-06-03 11:05:04"
"Splendid Fairywren","s(lc_trees)",2.24325335183304,2.87740449937392,6.24185059749927e-07,"landscape",FALSE,4,"2026-06-03 11:05:04"
"Splendid Fairywren","s(log(precip_annual))",2.41843819492675,2.7974801084706,1.88267612444282e-06,"other",FALSE,5,"2026-06-03 11:05:04"
"Splendid Fairywren","s(wooddensity_cwm)",1.51161947186976,1.72211937258878,0.0244956341106963,"vegetation",TRUE,6,"2026-06-03 11:05:04"
"Splendid Fairywren","s(number_observers)",0.424149083213743,0.245519126037096,0.185309673866667,"effort",FALSE,7,"2026-06-03 11:05:04"
"Splendid Fairywren","s(day_of_year)",0.924778414033589,0.203264021584214,0.155763754373282,"effort",FALSE,8,"2026-06-03 11:05:04"
"Splendid Fairywren","s(cover)",1.23490744358509e-05,3.21890092441364e-06,0.335308729854213,"vegetation",TRUE,9,"2026-06-03 11:05:04"
"Splendid Fairywren","s(observer_expertise)",7.85794725681157e-06,2.5546367849106e-06,0.246040867519938,"effort",FALSE,10,"2026-06-03 11:05:04"
"Splendid Fairywren","s(height_cwm)",3.54037367036157e-06,1.48513447682943e-06,0.146267919488421,"vegetation",TRUE,11,"2026-06-03 11:05:04"
"Splendid Fairywren","s(FEve)",2.67311318513348e-06,1.10083455814314e-06,0.234396694053046,"vegetation",TRUE,12,"2026-06-03 11:05:04"
"Splendid Fairywren","s(temp_annual)",5.72277665464801e-06,5.4144186248735e-07,0.339796332214925,"landscape",FALSE,13,"2026-06-03 11:05:04"
"Splendid Fairywren","s(prop_canopy)",4.36904986967994e-06,4.45721035420984e-07,0.58933341473144,"vegetation",TRUE,14,"2026-06-03 11:05:04"
"Splendid Fairywren","s(elevation)",9.09114764344095e-07,1.25329980647247e-07,0.231432563366366,"landscape",FALSE,15,"2026-06-03 11:05:04"
"Splendid Fairywren","s(mean_fhd)",3.03995293706671e-06,1.11542208660866e-07,0.727822001080381,"vegetation",TRUE,16,"2026-06-03 11:05:04"
"Splendid Fairywren","s(gini_simpson)",7.88938011592591e-07,9.86249678068622e-08,0.524029082434806,"vegetation",TRUE,17,"2026-06-03 11:05:04"
"Splendid Fairywren","s(log1p(effort_distance_km))",3.32375541659624e-06,8.44484617810359e-08,0.918951573404625,"other",FALSE,18,"2026-06-03 11:05:04"
"Splendid Fairywren","s(FRic)",3.98588815690136e-06,7.89490580398728e-08,0.791945207809778,"vegetation",TRUE,19,"2026-06-03 11:05:04"
"Splendid Fairywren","s(water_occ)",2.07740211590988e-06,4.33666850361776e-08,0.661032729693639,"landscape",FALSE,20,"2026-06-03 11:05:04"
"Splendid Fairywren","s(LA_cwm)",3.56076600858814e-06,4.05862387594608e-08,0.885489172544498,"vegetation",TRUE,21,"2026-06-03 11:05:04"
"Splendid Fairywren","s(time_observations_started)",1.74817792813204e-06,2.85917513473089e-08,0.905052591394003,"effort",FALSE,22,"2026-06-03 11:05:04"
"Splendid Fairywren","s(log1p(nightlights))",3.09704361705504e-07,1.04281618128525e-08,0.585095492335447,"other",FALSE,23,"2026-06-03 11:05:04"
"Splendid Fairywren","s(FDiv)",8.28477189681033e-07,1.03115686723472e-08,0.918880648584843,"vegetation",TRUE,24,"2026-06-03 11:05:04"
"Splendid Fairywren","protocol_type",3,3.38071109221065e-11,1,"effort",FALSE,25,"2026-06-03 11:05:04"
"Eastern Bristlebird","s(log(duration_minutes))",1.84571344420317,10.2026562958586,0,"other",FALSE,1,"2026-06-03 11:08:29"
"Eastern Bristlebird","s(day_of_year)",2.89810329081002,2.91345391883473,5.20078199284235e-06,"effort",FALSE,2,"2026-06-03 11:08:29"
"Eastern Bristlebird","s(time_observations_started)",2.85304398582763,2.72313311456567,1.44953486712618e-05,"effort",FALSE,3,"2026-06-03 11:08:29"
"Eastern Bristlebird","s(observer_expertise)",1.4461817808606,2.71490755515948,0.000743819162322246,"effort",FALSE,4,"2026-06-03 11:08:29"
"Eastern Bristlebird","s(lc_trees)",0.924598221642081,1.75123750214465,1.83260770805216e-05,"landscape",FALSE,5,"2026-06-03 11:08:29"
"Eastern Bristlebird","s(log(precip_annual))",1.13811936502056,1.25026324777212,0.00069096374655464,"other",FALSE,6,"2026-06-03 11:08:29"
"Eastern Bristlebird","s(temp_annual)",1.91310248894888,0.966074315596591,0.0101369690459394,"landscape",FALSE,7,"2026-06-03 11:08:29"
"Eastern Bristlebird","s(cover)",0.74337197733199,0.965505396068724,0.0169520958354221,"vegetation",TRUE,8,"2026-06-03 11:08:29"
"Eastern Bristlebird","s(height_cwm)",0.836176924367891,0.656891778148745,0.0527249174017667,"vegetation",TRUE,9,"2026-06-03 11:08:29"
"Eastern Bristlebird","s(number_observers)",2.67673598261298e-05,7.56796649333929e-06,0.355447545554393,"effort",FALSE,10,"2026-06-03 11:08:29"
"Eastern Bristlebird","s(elevation)",5.57027334231374e-05,5.76775566509604e-06,0.233363514263533,"landscape",FALSE,11,"2026-06-03 11:08:29"
"Eastern Bristlebird","s(log1p(effort_distance_km))",1.09263795249179e-05,2.48836433866983e-06,0.426444053336538,"other",FALSE,12,"2026-06-03 11:08:29"
"Eastern Bristlebird","s(prop_canopy)",5.71944084221849e-06,3.90577379088987e-07,0.664383631924414,"vegetation",TRUE,13,"2026-06-03 11:08:29"
"Eastern Bristlebird","s(LA_cwm)",4.34789396602301e-06,3.0530002029139e-07,0.651167836892723,"vegetation",TRUE,14,"2026-06-03 11:08:29"
"Eastern Bristlebird","s(mean_fhd)",3.14254505928458e-06,1.77771976610874e-07,0.640985620142796,"vegetation",TRUE,15,"2026-06-03 11:08:29"
"Eastern Bristlebird","s(wooddensity_cwm)",1.78107754613081e-06,1.46164931311093e-07,0.557615243353812,"vegetation",TRUE,16,"2026-06-03 11:08:29"
"Eastern Bristlebird","s(FDiv)",5.25651022589139e-06,1.05732683335775e-07,0.825295119846948,"vegetation",TRUE,17,"2026-06-03 11:08:29"
"Eastern Bristlebird","s(water_occ)",3.50893267391484e-06,9.3314186646432e-08,0.603676073925028,"landscape",FALSE,18,"2026-06-03 11:08:29"
"Eastern Bristlebird","s(sp_richness)",2.92892036240273e-06,4.20228910843572e-08,0.863974322456848,"vegetation",TRUE,19,"2026-06-03 11:08:29"
"Eastern Bristlebird","s(FEve)",5.0044781750442e-06,2.39939952790792e-08,0.95866444989984,"vegetation",TRUE,20,"2026-06-03 11:08:29"
"Eastern Bristlebird","s(gini_simpson)",3.85460099862525e-06,1.15010653355325e-08,0.94002626766674,"vegetation",TRUE,21,"2026-06-03 11:08:29"
"Eastern Bristlebird","s(pielou_evenness)",3.53859810324563e-06,1.14584356091311e-08,0.93683895429728,"vegetation",TRUE,22,"2026-06-03 11:08:29"
"Eastern Bristlebird","s(FRic)",4.18953997544432e-06,6.71871957394668e-10,0.999201156145723,"vegetation",TRUE,23,"2026-06-03 11:08:29"
"Eastern Bristlebird","s(log1p(nightlights))",5.36576240905202e-08,8.22218767191879e-11,0.976684100673345,"other",FALSE,24,"2026-06-03 11:08:29"
"Eastern Bristlebird","protocol_type",4,1.7634627236636e-11,1,"effort",FALSE,25,"2026-06-03 11:08:29"
"Beautiful Firetail","s(mean_fhd)",1.93209909963791,14.6148160391794,0,"vegetation",TRUE,1,"2026-06-03 11:12:17"
"Beautiful Firetail","s(log(duration_minutes))",0.966563642662588,9.62766190377306,0,"other",FALSE,2,"2026-06-03 11:12:17"
"Beautiful Firetail","s(day_of_year)",4.12223492278936,7.40852260442404,0,"effort",FALSE,3,"2026-06-03 11:12:17"
"Beautiful Firetail","s(log1p(nightlights))",4.7561078366256,3.43559640360532,2.03673252385794e-06,"other",FALSE,4,"2026-06-03 11:12:17"
"Beautiful Firetail","s(temp_annual)",2.80336455935933,2.99513328497665,7.26061994194005e-07,"landscape",FALSE,5,"2026-06-03 11:12:17"
"Beautiful Firetail","s(elevation)",3.70120419462439,2.50236142169037,5.67277948304579e-06,"landscape",FALSE,6,"2026-06-03 11:12:17"
"Beautiful Firetail","s(wooddensity_cwm)",1.20002633840762,1.7320004646485,0.00549487486280387,"vegetation",TRUE,7,"2026-06-03 11:12:17"
"Beautiful Firetail","s(lc_trees)",0.935620252460595,1.61228125888793,4.29518420141939e-06,"landscape",FALSE,8,"2026-06-03 11:12:17"
"Beautiful Firetail","s(observer_expertise)",1.56122466390434,1.32433743843242,0.028027090640715,"effort",FALSE,9,"2026-06-03 11:12:17"
"Beautiful Firetail","s(FDiv)",1.13421418458659,1.28667723718746,0.0186558684966618,"vegetation",TRUE,10,"2026-06-03 11:12:17"
"Beautiful Firetail","s(log(precip_annual))",1.65660292666643,1.27544610888287,0.00052882927243969,"other",FALSE,11,"2026-06-03 11:12:17"
"Beautiful Firetail","s(height_cwm)",1.21930323734863,1.25703987127034,0.0229689927374861,"vegetation",TRUE,12,"2026-06-03 11:12:17"
"Beautiful Firetail","s(cover)",0.781137298173532,1.18658978466467,0.0186422649162657,"vegetation",TRUE,13,"2026-06-03 11:12:17"
"Beautiful Firetail","s(time_observations_started)",2.07154694227648,0.8864363135401,0.0162713033491282,"effort",FALSE,14,"2026-06-03 11:12:17"
"Beautiful Firetail","s(FEve)",0.611138854546834,0.522463721324386,0.0858905304068586,"vegetation",TRUE,15,"2026-06-03 11:12:17"
"Beautiful Firetail","s(water_occ)",0.811843852632031,0.478940812676062,0.0116169668855179,"landscape",FALSE,16,"2026-06-03 11:12:17"
"Beautiful Firetail","s(sp_richness)",7.99842333988623e-05,2.3151371046251e-05,0.314009320756439,"vegetation",TRUE,17,"2026-06-03 11:12:17"
"Beautiful Firetail","s(log1p(effort_distance_km))",3.24777858431717e-05,1.0230575041466e-05,0.344730634383606,"other",FALSE,18,"2026-06-03 11:12:17"
"Beautiful Firetail","s(number_observers)",2.38633778277439e-05,4.40148454921777e-06,0.545588018706235,"effort",FALSE,19,"2026-06-03 11:12:17"
"Beautiful Firetail","s(prop_canopy)",1.93626129726807e-05,2.64572640746159e-06,0.519387957005984,"vegetation",TRUE,20,"2026-06-03 11:12:17"
"Beautiful Firetail","s(LA_cwm)",1.33568115767774e-05,1.30356500732737e-06,0.669891356048505,"vegetation",TRUE,21,"2026-06-03 11:12:17"
"Beautiful Firetail","s(gini_simpson)",1.46557592446504e-05,1.23389486474283e-06,0.700642742282917,"vegetation",TRUE,22,"2026-06-03 11:12:17"
"Beautiful Firetail","s(pielou_evenness)",8.14668785241313e-06,3.76520116967624e-07,0.786969576300359,"vegetation",TRUE,23,"2026-06-03 11:12:17"
"Beautiful Firetail","s(FRic)",1.42555152678757e-05,2.0445761920037e-07,0.878506360704875,"vegetation",TRUE,24,"2026-06-03 11:12:17"
"Beautiful Firetail","protocol_type",3,1.04118421352612e-11,1,"effort",FALSE,25,"2026-06-03 11:12:17"
"Pilotbird","s(log(duration_minutes))",1.81296458282946,10.3112702665136,0,"other",FALSE,1,"2026-06-03 11:16:05"
"Pilotbird","s(mean_fhd)",1.8530158067658,9.7512194373121,0,"vegetation",TRUE,2,"2026-06-03 11:16:05"
"Pilotbird","s(temp_annual)",3.01301632981503,8.75247762728785,0,"landscape",FALSE,3,"2026-06-03 11:16:05"
"Pilotbird","s(height_cwm)",1.84810818784307,5.76961209542194,1.96361201316719e-05,"vegetation",TRUE,4,"2026-06-03 11:16:05"
"Pilotbird","s(observer_expertise)",1.83885262137988,5.65335829672812,2.06870864793984e-06,"effort",FALSE,5,"2026-06-03 11:16:05"
"Pilotbird","s(cover)",1.78032933099261,4.6590132813281,0.000180581818304715,"vegetation",TRUE,6,"2026-06-03 11:16:05"
"Pilotbird","s(FEve)",1.4605580487719,4.6543647037652,8.24564634887004e-05,"vegetation",TRUE,7,"2026-06-03 11:16:05"
"Pilotbird","s(elevation)",3.0912217120218,3.57301975765151,0,"landscape",FALSE,8,"2026-06-03 11:16:05"
"Pilotbird","s(FDiv)",1.60558916559135,1.85270528630687,0.0187081704395112,"vegetation",TRUE,9,"2026-06-03 11:16:05"
"Pilotbird","s(lc_trees)",0.936397988890937,1.63427723793549,1.2046508245156e-05,"landscape",FALSE,10,"2026-06-03 11:16:05"
"Pilotbird","s(log(precip_annual))",2.59625553555082,1.58372380402646,0.000318065411640145,"other",FALSE,11,"2026-06-03 11:16:05"
"Pilotbird","s(gini_simpson)",0.808438010083569,1.39816879211525,0.01354029985704,"vegetation",TRUE,12,"2026-06-03 11:16:05"
"Pilotbird","s(wooddensity_cwm)",0.802322211505437,1.33366037335246,0.0178299193091429,"vegetation",TRUE,13,"2026-06-03 11:16:05"
"Pilotbird","s(water_occ)",1.6197394357712,0.78330471475331,0.00569355657178205,"landscape",FALSE,14,"2026-06-03 11:16:05"
"Pilotbird","s(number_observers)",1.19146815288531,0.710332736216667,0.164800554682017,"effort",FALSE,15,"2026-06-03 11:16:05"
"Pilotbird","s(time_observations_started)",0.865238103827148,0.177330002739604,0.173961462767985,"effort",FALSE,16,"2026-06-03 11:16:05"
"Pilotbird","s(day_of_year)",0.753450740969262,0.133399240179342,0.227376433226769,"effort",FALSE,17,"2026-06-03 11:16:05"
"Pilotbird","s(prop_canopy)",1.67300925439315e-05,5.23043222037245e-06,0.269482907028173,"vegetation",TRUE,18,"2026-06-03 11:16:05"
"Pilotbird","s(sp_richness)",1.93643343393643e-05,4.30000051036052e-06,0.396521148020431,"vegetation",TRUE,19,"2026-06-03 11:16:05"
"Pilotbird","s(FRic)",9.38427030341704e-06,8.60515887872823e-07,0.590554977580853,"vegetation",TRUE,20,"2026-06-03 11:16:05"
"Pilotbird","s(LA_cwm)",6.92979213989434e-06,7.39262834530921e-07,0.668709364869944,"vegetation",TRUE,21,"2026-06-03 11:16:05"
"Pilotbird","s(log1p(effort_distance_km))",8.52577392523035e-06,6.15354902899972e-07,0.762418693159805,"other",FALSE,22,"2026-06-03 11:16:05"
"Pilotbird","s(log1p(nightlights))",9.52498796764359e-06,5.41337109418642e-07,0.485873595637803,"other",FALSE,23,"2026-06-03 11:16:05"
"Pilotbird","s(pielou_evenness)",6.16669012053072e-06,1.94266206066932e-07,0.758552394428835,"vegetation",TRUE,24,"2026-06-03 11:16:05"
"Pilotbird","protocol_type",2,2.75981467316936e-11,0.999999999972402,"effort",FALSE,25,"2026-06-03 11:16:05"
"Tawny-crowned Honeyeater","s(mean_fhd)",1.85729882192436,8.27806809298847,1.25713706711217e-06,"vegetation",TRUE,1,"2026-06-03 11:17:54"
"Tawny-crowned Honeyeater","s(log(duration_minutes))",1.74154153523645,7.13913408041696,1.24223295649983e-06,"other",FALSE,2,"2026-06-03 11:17:54"
"Tawny-crowned Honeyeater","s(wooddensity_cwm)",0.952544346784096,6.69956659087694,6.5087861489399e-07,"vegetation",TRUE,3,"2026-06-03 11:17:54"
"Tawny-crowned Honeyeater","s(observer_expertise)",1.15186368266259,6.31377757362359,2.88147225191437e-07,"effort",FALSE,4,"2026-06-03 11:17:54"
"Tawny-crowned Honeyeater","s(height_cwm)",1.67974864180483,5.28958495059369,3.17957643004574e-05,"vegetation",TRUE,5,"2026-06-03 11:17:54"
"Tawny-crowned Honeyeater","s(LA_cwm)",1.80538741218653,5.06560458949404,5.72361658022214e-05,"vegetation",TRUE,6,"2026-06-03 11:17:54"
"Tawny-crowned Honeyeater","s(elevation)",0.969066014152608,3.48238283396952,0,"landscape",FALSE,7,"2026-06-03 11:17:54"
"Tawny-crowned Honeyeater","s(temp_annual)",0.967504439540804,3.30414488232758,0,"landscape",FALSE,8,"2026-06-03 11:17:54"
"Tawny-crowned Honeyeater","s(gini_simpson)",1.66696658594181,2.91366461591455,0.00296214689264307,"vegetation",TRUE,9,"2026-06-03 11:17:54"
"Tawny-crowned Honeyeater","s(FEve)",1.57129088236241,2.12514431658412,0.0137529413552345,"vegetation",TRUE,10,"2026-06-03 11:17:54"
"Tawny-crowned Honeyeater","s(log1p(nightlights))",2.00330176451177,2.12348748361965,5.49924853834316e-05,"other",FALSE,11,"2026-06-03 11:17:54"
"Tawny-crowned Honeyeater","s(day_of_year)",2.52239470744591,2.09731994987807,0.000104762042337003,"effort",FALSE,12,"2026-06-03 11:17:54"
"Tawny-crowned Honeyeater","s(FRic)",1.37434429222867,1.65318179349501,0.0121081442416409,"vegetation",TRUE,13,"2026-06-03 11:17:54"
"Tawny-crowned Honeyeater","s(time_observations_started)",2.62806155937959,1.60082871404203,0.00133761106527919,"effort",FALSE,14,"2026-06-03 11:17:54"
"Tawny-crowned Honeyeater","s(log1p(effort_distance_km))",0.654475765391548,0.631361056881019,0.0839489064229584,"other",FALSE,15,"2026-06-03 11:17:54"
"Tawny-crowned Honeyeater","s(sp_richness)",0.370386586814484,0.156745167945721,0.204060291968862,"vegetation",TRUE,16,"2026-06-03 11:17:54"
"Tawny-crowned Honeyeater","s(number_observers)",0.0721170701266,0.02516435689575,0.338348412003596,"effort",FALSE,17,"2026-06-03 11:17:54"
"Tawny-crowned Honeyeater","s(cover)",1.39609526830569e-05,2.97736387472429e-06,0.477909777571659,"vegetation",TRUE,18,"2026-06-03 11:17:54"
"Tawny-crowned Honeyeater","s(pielou_evenness)",1.20482846530337e-05,2.50244285990712e-06,0.39521697838881,"vegetation",TRUE,19,"2026-06-03 11:17:54"
"Tawny-crowned Honeyeater","s(water_occ)",2.30007457669988e-05,1.37436272311564e-06,0.477385698767909,"landscape",FALSE,20,"2026-06-03 11:17:54"
"Tawny-crowned Honeyeater","s(FDiv)",1.14464732647376e-05,1.34761797462152e-06,0.613854471896749,"vegetation",TRUE,21,"2026-06-03 11:17:54"
"Tawny-crowned Honeyeater","s(lc_trees)",1.45568192127411e-05,1.31577990868934e-07,0.88315679552079,"landscape",FALSE,22,"2026-06-03 11:17:54"
"Tawny-crowned Honeyeater","s(log(precip_annual))",9.91689940983635e-06,5.4766052316274e-08,0.931585592989218,"other",FALSE,23,"2026-06-03 11:17:54"
"Tawny-crowned Honeyeater","s(prop_canopy)",6.2947043750863e-06,1.90942272757285e-08,0.986572472050497,"vegetation",TRUE,24,"2026-06-03 11:17:54"
"Tawny-crowned Honeyeater","protocol_type",1,3.09377263779676e-14,0.999999859660971,"effort",FALSE,25,"2026-06-03 11:17:54"
"Turquoise Parrot","s(mean_fhd)",1.91253811086002,13.2100509507102,0,"vegetation",TRUE,1,"2026-06-03 11:19:47"
"Turquoise Parrot","s(LA_cwm)",1.72728757325156,7.49671036824711,1.02383793743055e-06,"vegetation",TRUE,2,"2026-06-03 11:19:47"
"Turquoise Parrot","s(log(duration_minutes))",0.956617300306331,7.34642473881424,1.27532591887025e-06,"other",FALSE,3,"2026-06-03 11:19:47"
"Turquoise Parrot","s(temp_annual)",3.8724433601889,5.9312904781773,0,"landscape",FALSE,4,"2026-06-03 11:19:47"
"Turquoise Parrot","s(height_cwm)",1.66956555081313,4.41577552825016,0.000119853330425634,"vegetation",TRUE,5,"2026-06-03 11:19:47"
"Turquoise Parrot","s(lc_trees)",5.47064297508109,4.31448600732196,0,"landscape",FALSE,6,"2026-06-03 11:19:47"
"Turquoise Parrot","s(observer_expertise)",0.93425265565591,3.5277411321823,7.34662157244603e-05,"effort",FALSE,7,"2026-06-03 11:19:47"
"Turquoise Parrot","s(elevation)",2.55110687244306,3.11146672740449,0,"landscape",FALSE,8,"2026-06-03 11:19:47"
"Turquoise Parrot","s(wooddensity_cwm)",1.57421464788757,1.60852399077597,0.0347125539040698,"vegetation",TRUE,9,"2026-06-03 11:19:47"
"Turquoise Parrot","s(log1p(nightlights))",2.06459470189231,1.45932679600548,0.000152127764352805,"other",FALSE,10,"2026-06-03 11:19:47"
"Turquoise Parrot","s(FDiv)",1.03456098602418,1.10490349243081,0.0389199349114815,"vegetation",TRUE,11,"2026-06-03 11:19:47"
"Turquoise Parrot","s(log(precip_annual))",1.88950903927939,1.04150782945747,0.00136191285827203,"other",FALSE,12,"2026-06-03 11:19:47"
"Turquoise Parrot","s(day_of_year)",0.534647696370875,0.0828826453676152,0.276320886930822,"effort",FALSE,13,"2026-06-03 11:19:47"
"Turquoise Parrot","s(FEve)",1.97803949448728e-05,4.34504337844176e-06,0.387225360952339,"vegetation",TRUE,14,"2026-06-03 11:19:47"
"Turquoise Parrot","s(cover)",1.63618682116875e-05,3.67819817856807e-06,0.445464033191385,"vegetation",TRUE,15,"2026-06-03 11:19:47"
"Turquoise Parrot","s(sp_richness)",1.18554305465594e-05,2.67005843953187e-06,0.39602989333308,"vegetation",TRUE,16,"2026-06-03 11:19:47"
"Turquoise Parrot","s(number_observers)",1.50500289747612e-05,2.2929793166116e-06,0.581249509388321,"effort",FALSE,17,"2026-06-03 11:19:47"
"Turquoise Parrot","s(FRic)",9.65676468448635e-06,1.02494712190352e-06,0.568733587027406,"vegetation",TRUE,18,"2026-06-03 11:19:47"
"Turquoise Parrot","s(time_observations_started)",9.88676600552571e-06,1.00669277742288e-06,0.402972769511596,"effort",FALSE,19,"2026-06-03 11:19:47"
"Turquoise Parrot","s(log1p(effort_distance_km))",7.81462215796851e-06,5.25232598878741e-07,0.79487856784912,"other",FALSE,20,"2026-06-03 11:19:47"
"Turquoise Parrot","s(gini_simpson)",9.82518407718825e-06,3.41091155811502e-07,0.862264450559994,"vegetation",TRUE,21,"2026-06-03 11:19:47"
"Turquoise Parrot","s(water_occ)",5.55914727260785e-06,1.96691721115673e-07,0.665598701780184,"landscape",FALSE,22,"2026-06-03 11:19:47"
"Turquoise Parrot","s(pielou_evenness)",2.44390967241995e-06,1.08307267359995e-07,0.861113518302979,"vegetation",TRUE,23,"2026-06-03 11:19:47"
"Turquoise Parrot","s(prop_canopy)",7.2271200312512e-06,3.7756014484879e-08,0.965492398018625,"vegetation",TRUE,24,"2026-06-03 11:19:47"
"Turquoise Parrot","protocol_type",5,1.5781641081136e-08,1,"effort",FALSE,25,"2026-06-03 11:19:47"
"Forest Kingfisher","s(prop_canopy)",1.68615898405537,5.32114831191098,2.82030861225024e-05,"vegetation",TRUE,1,"2026-06-03 11:22:40"
"Forest Kingfisher","s(log(duration_minutes))",0.920168875372204,3.84050515116295,0.00035603876365653,"other",FALSE,2,"2026-06-03 11:22:40"
"Forest Kingfisher","s(observer_expertise)",1.88577403490832,1.919396834141,0.0112470031012337,"effort",FALSE,3,"2026-06-03 11:22:40"
"Forest Kingfisher","s(mean_fhd)",0.831549324852797,1.64498636604841,0.00881473041056369,"vegetation",TRUE,4,"2026-06-03 11:22:40"
"Forest Kingfisher","s(temp_annual)",2.11097638285711,1.5541273468811,0.000258939610608966,"landscape",FALSE,5,"2026-06-03 11:22:40"
"Forest Kingfisher","s(log(precip_annual))",0.923364545777459,1.33834423699754,1.27699681186089e-05,"other",FALSE,6,"2026-06-03 11:22:40"
"Forest Kingfisher","s(lc_trees)",1.63610255049745,0.833897600508475,0.00465439140564394,"landscape",FALSE,7,"2026-06-03 11:22:40"
"Forest Kingfisher","s(FRic)",0.615847755008702,0.534357629664181,0.0850382162447665,"vegetation",TRUE,8,"2026-06-03 11:22:40"
"Forest Kingfisher","s(elevation)",0.691612946708069,0.18096092953338,0.0606875617517285,"landscape",FALSE,9,"2026-06-03 11:22:40"
"Forest Kingfisher","s(height_cwm)",2.15075660537299e-05,5.93432621596168e-06,0.315328880507836,"vegetation",TRUE,10,"2026-06-03 11:22:40"
"Forest Kingfisher","s(FDiv)",1.04153041481858e-05,2.52224694979192e-06,0.380833566853583,"vegetation",TRUE,11,"2026-06-03 11:22:40"
"Forest Kingfisher","s(sp_richness)",7.31308269108624e-06,7.70649819484385e-07,0.579237375594118,"vegetation",TRUE,12,"2026-06-03 11:22:40"
"Forest Kingfisher","s(day_of_year)",7.36698827080438e-06,7.4723726700156e-07,0.447913493809519,"effort",FALSE,13,"2026-06-03 11:22:40"
"Forest Kingfisher","s(water_occ)",4.04683118663844e-06,6.85882398788494e-07,0.176489941621568,"landscape",FALSE,14,"2026-06-03 11:22:40"
"Forest Kingfisher","protocol_type",4,6.4606911819393e-07,0.999999999999165,"effort",FALSE,15,"2026-06-03 11:22:40"
"Forest Kingfisher","s(cover)",6.41441114692249e-06,5.7472137018331e-07,0.686003487708409,"vegetation",TRUE,16,"2026-06-03 11:22:40"
"Forest Kingfisher","s(pielou_evenness)",2.35322181251302e-06,4.1239929821429e-07,0.486474503164138,"vegetation",TRUE,17,"2026-06-03 11:22:40"
"Forest Kingfisher","s(log1p(effort_distance_km))",5.18560965015761e-06,3.46459910548203e-07,0.763109849722733,"other",FALSE,18,"2026-06-03 11:22:40"
"Forest Kingfisher","s(time_observations_started)",4.5217284919321e-06,2.70869606176216e-07,0.586403323713626,"effort",FALSE,19,"2026-06-03 11:22:40"
"Forest Kingfisher","s(wooddensity_cwm)",3.88670737740311e-06,2.50028528496858e-07,0.705800755157099,"vegetation",TRUE,20,"2026-06-03 11:22:40"
"Forest Kingfisher","s(LA_cwm)",3.2524335911707e-06,2.12298121183936e-07,0.728888151605764,"vegetation",TRUE,21,"2026-06-03 11:22:40"
"Forest Kingfisher","s(number_observers)",5.46164604125686e-06,1.77526205909097e-07,0.886860985121896,"effort",FALSE,22,"2026-06-03 11:22:40"
"Forest Kingfisher","s(log1p(nightlights))",3.07725859495652e-06,1.27439806505777e-07,0.555311026987448,"other",FALSE,23,"2026-06-03 11:22:40"
"Forest Kingfisher","s(FEve)",3.58229655894007e-06,1.00678535734783e-07,0.865386973642501,"vegetation",TRUE,24,"2026-06-03 11:22:40"
"Forest Kingfisher","s(gini_simpson)",4.46887667841564e-06,5.54594566676081e-08,0.911930362340373,"vegetation",TRUE,25,"2026-06-03 11:22:40"
"Russet-tailed Thrush","s(log(duration_minutes))",0.923545371009833,4.02635561507685,0.000260799082383079,"other",FALSE,1,"2026-06-03 11:24:20"
"Russet-tailed Thrush","s(LA_cwm)",1.41843671033494,4.02384122570099,0.00018516360965859,"vegetation",TRUE,2,"2026-06-03 11:24:20"
"Russet-tailed Thrush","s(temp_annual)",5.4005959871045,3.86499429780539,0,"landscape",FALSE,3,"2026-06-03 11:24:20"
"Russet-tailed Thrush","s(time_observations_started)",3.04221383219132,3.28160192823787,1.21914093487163e-06,"effort",FALSE,4,"2026-06-03 11:24:20"
"Russet-tailed Thrush","s(observer_expertise)",0.90857899189964,2.48442830645301,0.000821869162756172,"effort",FALSE,5,"2026-06-03 11:24:20"
"Russet-tailed Thrush","s(log1p(nightlights))",1.45547224959899,1.38683811179305,0.000215935451935878,"other",FALSE,6,"2026-06-03 11:24:20"
"Russet-tailed Thrush","s(log(precip_annual))",2.45153183923861,1.26709105241502,0.00135416992548376,"other",FALSE,7,"2026-06-03 11:24:20"
"Russet-tailed Thrush","s(FDiv)",0.774902077928726,1.14746664056337,0.0158170951167413,"vegetation",TRUE,8,"2026-06-03 11:24:20"
"Russet-tailed Thrush","s(lc_trees)",1.87365279904345,0.996090221415321,0.00155073767970548,"landscape",FALSE,9,"2026-06-03 11:24:20"
"Russet-tailed Thrush","s(elevation)",0.80802998822531,0.467676714186357,0.0132181495391864,"landscape",FALSE,10,"2026-06-03 11:24:20"
"Russet-tailed Thrush","s(number_observers)",0.518234887342027,0.276523479193551,0.194438784397776,"effort",FALSE,11,"2026-06-03 11:24:20"
"Russet-tailed Thrush","s(water_occ)",1.2337071149234,0.253746633310519,0.111907894146756,"landscape",FALSE,12,"2026-06-03 11:24:20"
"Russet-tailed Thrush","s(prop_canopy)",0.302688267696266,0.144690662689591,0.182488702850656,"vegetation",TRUE,13,"2026-06-03 11:24:20"
"Russet-tailed Thrush","s(FRic)",1.57062646339195e-05,3.27205940280102e-06,0.427026688247353,"vegetation",TRUE,14,"2026-06-03 11:24:20"
"Russet-tailed Thrush","protocol_type",4,3.07819559173493e-06,0.999999999981047,"effort",FALSE,15,"2026-06-03 11:24:20"
"Russet-tailed Thrush","s(pielou_evenness)",1.08896224504477e-05,2.6610386686363e-06,0.381772021703409,"vegetation",TRUE,16,"2026-06-03 11:24:20"
"Russet-tailed Thrush","s(height_cwm)",1.1520575263596e-05,2.37467924761716e-06,0.424246132642496,"vegetation",TRUE,17,"2026-06-03 11:24:20"
"Russet-tailed Thrush","s(FEve)",9.55673546124499e-06,1.96492152249771e-06,0.412843052101786,"vegetation",TRUE,18,"2026-06-03 11:24:20"
"Russet-tailed Thrush","s(log1p(effort_distance_km))",7.10601293608825e-06,1.33225514841158e-06,0.50838916634849,"other",FALSE,19,"2026-06-03 11:24:20"
"Russet-tailed Thrush","s(cover)",9.1659326425573e-06,1.05870033559124e-06,0.631456373744457,"vegetation",TRUE,20,"2026-06-03 11:24:20"
"Russet-tailed Thrush","s(mean_fhd)",7.81789081350796e-06,1.01787872059941e-06,0.546428035655344,"vegetation",TRUE,21,"2026-06-03 11:24:20"
"Russet-tailed Thrush","s(gini_simpson)",6.15630429022589e-06,5.42728979641935e-07,0.738813501256303,"vegetation",TRUE,22,"2026-06-03 11:24:20"
"Russet-tailed Thrush","s(sp_richness)",6.76911116374723e-06,3.00901176398112e-07,0.841111213903519,"vegetation",TRUE,23,"2026-06-03 11:24:20"
"Russet-tailed Thrush","s(day_of_year)",4.88910918706527e-06,2.71275928610736e-07,0.666859479125096,"effort",FALSE,24,"2026-06-03 11:24:20"
"Russet-tailed Thrush","s(wooddensity_cwm)",5.28241996844869e-06,1.42366801590826e-07,0.851470705312538,"vegetation",TRUE,25,"2026-06-03 11:24:20"
"Chestnut-rumped Heathwren","s(observer_expertise)",3.42258902782341,11.1503447586885,0,"effort",FALSE,1,"2026-06-03 11:26:02"
"Chestnut-rumped Heathwren","s(LA_cwm)",1.86600152135717,7.37582226654312,2.52289827806784e-06,"vegetation",TRUE,2,"2026-06-03 11:26:02"
"Chestnut-rumped Heathwren","s(gini_simpson)",2.04879259261394,6.77753298442532,6.0110806801017e-06,"vegetation",TRUE,3,"2026-06-03 11:26:02"
"Chestnut-rumped Heathwren","s(FRic)",1.87004197426979,5.64485042265282,4.4005006921477e-05,"vegetation",TRUE,4,"2026-06-03 11:26:02"
"Chestnut-rumped Heathwren","s(mean_fhd)",1.73623764701112,5.21902431132609,3.59775558692599e-05,"vegetation",TRUE,5,"2026-06-03 11:26:02"
"Chestnut-rumped Heathwren","s(cover)",2.04761607497945,4.75588318216316,0.000181722925688188,"vegetation",TRUE,6,"2026-06-03 11:26:02"
"Chestnut-rumped Heathwren","s(log(duration_minutes))",0.925823060664756,4.12024011178321,0.000223984162778246,"other",FALSE,7,"2026-06-03 11:26:02"
"Chestnut-rumped Heathwren","s(wooddensity_cwm)",1.64091822138446,3.35495548881107,0.0011125276856303,"vegetation",TRUE,8,"2026-06-03 11:26:02"
"Chestnut-rumped Heathwren","s(lc_trees)",0.961195673675573,2.62728709039468,0,"landscape",FALSE,9,"2026-06-03 11:26:02"
"Chestnut-rumped Heathwren","s(temp_annual)",4.32504370402495,2.51627742950067,4.87434890261706e-05,"landscape",FALSE,10,"2026-06-03 11:26:02"
"Chestnut-rumped Heathwren","s(time_observations_started)",3.08298891292557,1.41473834329296,0.0045577658670144,"effort",FALSE,11,"2026-06-03 11:26:02"
"Chestnut-rumped Heathwren","s(log1p(nightlights))",2.02226911690886,1.36652700098466,0.000485571650635341,"other",FALSE,12,"2026-06-03 11:26:02"
"Chestnut-rumped Heathwren","s(water_occ)",1.79127755380517,1.04128385810129,0.00242814673560987,"landscape",FALSE,13,"2026-06-03 11:26:02"
"Chestnut-rumped Heathwren","s(log(precip_annual))",1.98882532017212,0.863689155233822,0.0059954441476785,"other",FALSE,14,"2026-06-03 11:26:02"
"Chestnut-rumped Heathwren","s(number_observers)",1.1700349882249,0.853710484262063,0.111205151905911,"effort",FALSE,15,"2026-06-03 11:26:02"
"Chestnut-rumped Heathwren","s(day_of_year)",0.901203420511594,0.186325520246564,0.172750743457113,"effort",FALSE,16,"2026-06-03 11:26:02"
"Chestnut-rumped Heathwren","s(height_cwm)",4.7404755121677e-05,1.22897186872615e-05,0.376980769754049,"vegetation",TRUE,17,"2026-06-03 11:26:02"
"Chestnut-rumped Heathwren","s(elevation)",5.69947896082487e-05,5.97406100512121e-06,0.33643897744127,"landscape",FALSE,18,"2026-06-03 11:26:02"
"Chestnut-rumped Heathwren","s(sp_richness)",1.34276532245135e-05,2.27593128292079e-06,0.513395853686441,"vegetation",TRUE,19,"2026-06-03 11:26:02"
"Chestnut-rumped Heathwren","s(FEve)",1.16905147840727e-05,1.76116791503315e-06,0.544692812817785,"vegetation",TRUE,20,"2026-06-03 11:26:02"
"Chestnut-rumped Heathwren","protocol_type",3,8.61676396842076e-07,0.999999998894563,"effort",FALSE,21,"2026-06-03 11:26:02"
"Chestnut-rumped Heathwren","s(FDiv)",1.23066903805788e-05,7.44433492697459e-07,0.705734001667032,"vegetation",TRUE,22,"2026-06-03 11:26:02"
"Chestnut-rumped Heathwren","s(log1p(effort_distance_km))",1.54819740286038e-05,6.16465776178135e-07,0.876303914860851,"other",FALSE,23,"2026-06-03 11:26:02"
"Chestnut-rumped Heathwren","s(pielou_evenness)",1.50419939957419e-05,5.95222013809248e-07,0.807790103195335,"vegetation",TRUE,24,"2026-06-03 11:26:02"
"Chestnut-rumped Heathwren","s(prop_canopy)",1.10320170344671e-05,2.07064694853311e-07,0.903072268858172,"vegetation",TRUE,25,"2026-06-03 11:26:02"
"White-fronted Honeyeater","s(log(precip_annual))",0.952315863749047,2.49612536620536,1.83989442903432e-06,"other",FALSE,1,"2026-06-03 11:29:04"
"White-fronted Honeyeater","s(height_cwm)",1.40751496351433,1.80971892664619,0.0163226153086872,"vegetation",TRUE,2,"2026-06-03 11:29:04"
"White-fronted Honeyeater","s(observer_expertise)",0.87405835082896,1.73502226525648,0.00395806714827351,"effort",FALSE,3,"2026-06-03 11:29:04"
"White-fronted Honeyeater","s(lc_trees)",0.937099346232712,1.65527008252263,1.50235303256752e-05,"landscape",FALSE,4,"2026-06-03 11:29:04"
"White-fronted Honeyeater","s(gini_simpson)",1.20207326363642,1.5460586122142,0.0217591540498335,"vegetation",TRUE,5,"2026-06-03 11:29:04"
"White-fronted Honeyeater","s(day_of_year)",2.57353289273508,1.52890240871497,0.0013881220234585,"effort",FALSE,6,"2026-06-03 11:29:04"
"White-fronted Honeyeater","s(mean_fhd)",0.745478767088614,0.976221550629725,0.0432441314104942,"vegetation",TRUE,7,"2026-06-03 11:29:04"
"White-fronted Honeyeater","s(number_observers)",0.51547850050231,0.354630886990337,0.148839522670808,"effort",FALSE,8,"2026-06-03 11:29:04"
"White-fronted Honeyeater","s(time_observations_started)",0.809818058724646,0.198625903724707,0.125439852502296,"effort",FALSE,9,"2026-06-03 11:29:04"
"White-fronted Honeyeater","s(log1p(effort_distance_km))",6.37836504598368e-07,2.07094892044062e-07,0.330481515156472,"other",FALSE,10,"2026-06-03 11:29:04"
"White-fronted Honeyeater","s(FDiv)",6.11812927944669e-07,5.32296902888998e-08,0.567724711141112,"vegetation",TRUE,11,"2026-06-03 11:29:04"
"White-fronted Honeyeater","s(FRic)",2.82858309891857e-07,2.34594452974337e-08,0.587874450551128,"vegetation",TRUE,12,"2026-06-03 11:29:04"
"White-fronted Honeyeater","s(FEve)",2.80314643740369e-07,1.85074725384543e-08,0.683265022080995,"vegetation",TRUE,13,"2026-06-03 11:29:04"
"White-fronted Honeyeater","s(wooddensity_cwm)",2.57626812590268e-07,1.5744498067259e-08,0.706555534772271,"vegetation",TRUE,14,"2026-06-03 11:29:04"
"White-fronted Honeyeater","protocol_type",5,1.38119346796204e-08,1,"effort",FALSE,15,"2026-06-03 11:29:04"
"White-fronted Honeyeater","s(pielou_evenness)",2.55496048454686e-07,1.19017232023806e-08,0.683736639385615,"vegetation",TRUE,16,"2026-06-03 11:29:04"
"White-fronted Honeyeater","s(cover)",8.74104419702671e-08,6.71037437971378e-09,0.660742654665223,"vegetation",TRUE,17,"2026-06-03 11:29:04"
"White-fronted Honeyeater","s(LA_cwm)",7.73466817471221e-08,4.55559936370979e-09,0.725925749134089,"vegetation",TRUE,18,"2026-06-03 11:29:04"
"White-fronted Honeyeater","s(sp_richness)",1.88452794987427e-07,3.25063322837407e-09,0.880058167619864,"vegetation",TRUE,19,"2026-06-03 11:29:04"
"White-fronted Honeyeater","s(temp_annual)",9.74689959653504e-08,2.53800471010527e-09,0.645816423908694,"landscape",FALSE,20,"2026-06-03 11:29:04"
"White-fronted Honeyeater","s(elevation)",1.43421801714423e-07,2.2684099337099e-09,0.780583319123561,"landscape",FALSE,21,"2026-06-03 11:29:04"
"White-fronted Honeyeater","s(water_occ)",6.95997177936255e-08,1.89099963441772e-09,0.622980174816954,"landscape",FALSE,22,"2026-06-03 11:29:04"
"White-fronted Honeyeater","s(log1p(nightlights))",7.24977073399149e-08,1.01687701747531e-09,0.724838243282688,"other",FALSE,23,"2026-06-03 11:29:04"
"White-fronted Honeyeater","s(prop_canopy)",3.71486969113136e-08,6.60336265186702e-10,0.907988692760053,"vegetation",TRUE,24,"2026-06-03 11:29:04"
"White-fronted Honeyeater","s(log(duration_minutes))",1.49784867553601e-07,1.19538763058887e-10,0.998559852904591,"other",FALSE,25,"2026-06-03 11:29:04"
"Plum-headed Finch","s(log(duration_minutes))",1.84528851487215,6.2337930764772,1.2613180345844e-05,"other",FALSE,1,"2026-06-03 11:33:54"
"Plum-headed Finch","s(elevation)",2.47488980942708,4.00547716657182,0,"landscape",FALSE,2,"2026-06-03 11:33:54"
"Plum-headed Finch","s(lc_trees)",2.61383584468531,3.44172540167957,0,"landscape",FALSE,3,"2026-06-03 11:33:54"
"Plum-headed Finch","s(temp_annual)",2.90270616130618,3.26114218365473,0,"landscape",FALSE,4,"2026-06-03 11:33:54"
"Plum-headed Finch","s(number_observers)",1.57920234139181,2.18965542966356,0.0141455820355881,"effort",FALSE,5,"2026-06-03 11:33:54"
"Plum-headed Finch","s(observer_expertise)",1.60274466901599,1.94076812425173,0.00556416311804586,"effort",FALSE,6,"2026-06-03 11:33:54"
"Plum-headed Finch","s(height_cwm)",0.953833967813429,1.27950718896759,0.0149904307844616,"vegetation",TRUE,7,"2026-06-03 11:33:54"
"Plum-headed Finch","s(FDiv)",0.655732175373492,0.634897244898997,0.0550905968085016,"vegetation",TRUE,8,"2026-06-03 11:33:54"
"Plum-headed Finch","s(log(precip_annual))",0.802598851622806,0.451659882324428,0.0136366266963261,"other",FALSE,9,"2026-06-03 11:33:54"
"Plum-headed Finch","s(time_observations_started)",1.26714407693599,0.437735221263713,0.0450572250820845,"effort",FALSE,10,"2026-06-03 11:33:54"
"Plum-headed Finch","s(prop_canopy)",0.461199613980152,0.265902013489881,0.138300262013215,"vegetation",TRUE,11,"2026-06-03 11:33:54"
"Plum-headed Finch","s(day_of_year)",1.08857008774131,0.256334036647058,0.12262480967405,"effort",FALSE,12,"2026-06-03 11:33:54"
"Plum-headed Finch","s(FRic)",1.10894407168543e-06,2.62989642154965e-07,0.362830841805398,"vegetation",TRUE,13,"2026-06-03 11:33:54"
"Plum-headed Finch","s(log1p(nightlights))",2.12026559714764e-06,1.69070198538482e-07,0.400797236015021,"other",FALSE,14,"2026-06-03 11:33:54"
"Plum-headed Finch","s(LA_cwm)",8.83559340464548e-07,1.48149931757259e-07,0.462910662628543,"vegetation",TRUE,15,"2026-06-03 11:33:54"
"Plum-headed Finch","s(sp_richness)",1.8198189583999e-06,1.44886705405838e-07,0.624182489141624,"vegetation",TRUE,16,"2026-06-03 11:33:54"
"Plum-headed Finch","s(pielou_evenness)",5.82774331538349e-07,7.48532659243498e-08,0.528905470960844,"vegetation",TRUE,17,"2026-06-03 11:33:54"
"Plum-headed Finch","s(FEve)",1.00074118215847e-06,6.14135967638324e-08,0.665664984116774,"vegetation",TRUE,18,"2026-06-03 11:33:54"
"Plum-headed Finch","s(water_occ)",1.24323592085888e-06,5.99035044254469e-08,0.544512325677099,"landscape",FALSE,19,"2026-06-03 11:33:54"
"Plum-headed Finch","s(cover)",1.03195490207736e-06,4.92636620752069e-08,0.794376648238848,"vegetation",TRUE,20,"2026-06-03 11:33:54"
"Plum-headed Finch","s(gini_simpson)",5.47187754493434e-07,4.68896215965989e-08,0.686970993106721,"vegetation",TRUE,21,"2026-06-03 11:33:54"
"Plum-headed Finch","s(mean_fhd)",7.08192661088695e-07,3.50660518130027e-08,0.688726154151626,"vegetation",TRUE,22,"2026-06-03 11:33:54"
"Plum-headed Finch","s(wooddensity_cwm)",9.29789362638554e-07,3.35720781190602e-08,0.806450817920555,"vegetation",TRUE,23,"2026-06-03 11:33:54"
"Plum-headed Finch","s(log1p(effort_distance_km))",1.35185704162609e-06,1.5083377352947e-08,0.972730224790222,"other",FALSE,24,"2026-06-03 11:33:54"
"Plum-headed Finch","protocol_type",4,8.36581267783635e-10,1,"effort",FALSE,25,"2026-06-03 11:33:54"
"Gray Currawong","s(log(duration_minutes))",1.75829288767227,6.49430303678112,1.36134129975485e-05,"other",FALSE,1,"2026-06-03 11:37:02"
"Gray Currawong","s(temp_annual)",3.72887859892627,5.72868233944972,0,"landscape",FALSE,2,"2026-06-03 11:37:02"
"Gray Currawong","s(elevation)",0.922807370505906,1.32822688981471,0.000254974526390783,"landscape",FALSE,3,"2026-06-03 11:37:02"
"Gray Currawong","s(prop_canopy)",0.683671270768792,0.720267256709356,0.0698988904467635,"vegetation",TRUE,4,"2026-06-03 11:37:02"
"Gray Currawong","s(gini_simpson)",0.640546142309742,0.593951676545692,0.077304980015672,"vegetation",TRUE,5,"2026-06-03 11:37:02"
"Gray Currawong","s(FRic)",0.556953527077942,0.41898814294395,0.11498249708703,"vegetation",TRUE,6,"2026-06-03 11:37:02"
"Gray Currawong","s(log1p(nightlights))",1.14720707187209,0.413804547853534,0.0311644138174386,"other",FALSE,7,"2026-06-03 11:37:02"
"Gray Currawong","s(lc_trees)",1.01474687212253,0.219312052473205,0.122207781562371,"landscape",FALSE,8,"2026-06-03 11:37:02"
"Gray Currawong","s(water_occ)",0.534195796562005,0.126458985322991,0.141265278783574,"landscape",FALSE,9,"2026-06-03 11:37:02"
"Gray Currawong","s(height_cwm)",2.85139201434274e-05,8.56104018162837e-06,0.307330153398273,"vegetation",TRUE,10,"2026-06-03 11:37:02"
"Gray Currawong","s(LA_cwm)",1.67453710023232e-05,4.14828098951219e-06,0.348503989518674,"vegetation",TRUE,11,"2026-06-03 11:37:02"
"Gray Currawong","s(FEve)",1.39113079160417e-05,3.47878877581506e-06,0.363701306655413,"vegetation",TRUE,12,"2026-06-03 11:37:02"
"Gray Currawong","s(mean_fhd)",7.27614829335511e-06,1.4478757740786e-06,0.403525153053881,"vegetation",TRUE,13,"2026-06-03 11:37:02"
"Gray Currawong","s(sp_richness)",6.58755809950273e-06,1.22502392122533e-06,0.397306491636912,"vegetation",TRUE,14,"2026-06-03 11:37:02"
"Gray Currawong","s(log1p(effort_distance_km))",7.45323829362489e-06,1.13407429081588e-06,0.566794765796372,"other",FALSE,15,"2026-06-03 11:37:02"
"Gray Currawong","s(number_observers)",5.63004016886304e-06,8.14342644991929e-07,0.5915962424329,"effort",FALSE,16,"2026-06-03 11:37:02"
"Gray Currawong","s(pielou_evenness)",5.12265945216719e-06,4.56290219672946e-07,0.566376996085659,"vegetation",TRUE,17,"2026-06-03 11:37:02"
"Gray Currawong","s(cover)",4.62204295788084e-06,3.97867094859974e-07,0.696129268502199,"vegetation",TRUE,18,"2026-06-03 11:37:02"
"Gray Currawong","s(observer_expertise)",5.46714897221707e-06,3.08301838106335e-07,0.7099368609116,"effort",FALSE,19,"2026-06-03 11:37:02"
"Gray Currawong","protocol_type",3,2.86623844293644e-07,0.999999999787927,"effort",FALSE,20,"2026-06-03 11:37:02"
"Gray Currawong","s(FDiv)",4.20922070092537e-06,2.74069340538705e-07,0.759790537219616,"vegetation",TRUE,21,"2026-06-03 11:37:02"
"Gray Currawong","s(wooddensity_cwm)",4.29649499416687e-06,2.00038318638029e-07,0.76036212065701,"vegetation",TRUE,22,"2026-06-03 11:37:02"
"Gray Currawong","s(log(precip_annual))",4.34148765917186e-06,9.22886166097599e-08,0.641890986642797,"other",FALSE,23,"2026-06-03 11:37:02"
"Gray Currawong","s(day_of_year)",1.64395983595323e-06,6.24924408261282e-08,0.776654749893394,"effort",FALSE,24,"2026-06-03 11:37:02"
"Gray Currawong","s(time_observations_started)",2.3690195499723e-06,4.31324487431272e-08,0.889905563884336,"effort",FALSE,25,"2026-06-03 11:37:02"
"Paradise Riflebird","s(log(duration_minutes))",1.65414682476298,3.74301015011946,0.000746356986228935,"other",FALSE,1,"2026-06-03 11:39:15"
"Paradise Riflebird","s(wooddensity_cwm)",0.861968741295778,2.08154130024126,0.00342800527593157,"vegetation",TRUE,2,"2026-06-03 11:39:15"
"Paradise Riflebird","s(day_of_year)",2.835303827364,1.70954159182527,0.00097183154963143,"effort",FALSE,3,"2026-06-03 11:39:15"
"Paradise Riflebird","s(time_observations_started)",3.76425437246765,1.63928360551101,0.00397261349343336,"effort",FALSE,4,"2026-06-03 11:39:15"
"Paradise Riflebird","s(log1p(effort_distance_km))",1.29255063640869,1.62460181045064,0.0206828345988976,"other",FALSE,5,"2026-06-03 11:39:15"
"Paradise Riflebird","s(temp_annual)",2.30680233878537,1.49142774815912,7.63786721500459e-05,"landscape",FALSE,6,"2026-06-03 11:39:15"
"Paradise Riflebird","s(cover)",1.10675783677733,1.26135237704101,0.0198831389576499,"vegetation",TRUE,7,"2026-06-03 11:39:15"
"Paradise Riflebird","s(gini_simpson)",0.788977585080417,1.24626752946151,0.0215416849100887,"vegetation",TRUE,8,"2026-06-03 11:39:15"
"Paradise Riflebird","s(elevation)",1.72690097043591,1.16530992573447,0.000237491502729892,"landscape",FALSE,9,"2026-06-03 11:39:15"
"Paradise Riflebird","s(FEve)",0.893127620182004,1.06788755543873,0.0189056917354681,"vegetation",TRUE,10,"2026-06-03 11:39:15"
"Paradise Riflebird","s(lc_trees)",1.46489175630632,0.923510621789972,0.00220593429576033,"landscape",FALSE,11,"2026-06-03 11:39:15"
"Paradise Riflebird","s(log(precip_annual))",0.879221592048209,0.808835373184522,0.00134046914816044,"other",FALSE,12,"2026-06-03 11:39:15"
"Paradise Riflebird","s(log1p(nightlights))",0.945086574924126,0.771128190362387,0.00302448537867539,"other",FALSE,13,"2026-06-03 11:39:15"
"Paradise Riflebird","s(observer_expertise)",1.01301568592403,0.704895677999327,0.0569417772164856,"effort",FALSE,14,"2026-06-03 11:39:15"
"Paradise Riflebird","s(number_observers)",3.15811728108391e-05,9.65888218672243e-06,0.332474849191297,"effort",FALSE,15,"2026-06-03 11:39:15"
"Paradise Riflebird","s(pielou_evenness)",7.63909266935189e-06,1.26226923894859e-06,0.470900989205566,"vegetation",TRUE,16,"2026-06-03 11:39:15"
"Paradise Riflebird","s(prop_canopy)",5.57288461199046e-06,9.45556768833217e-07,0.493030967041736,"vegetation",TRUE,17,"2026-06-03 11:39:15"
"Paradise Riflebird","s(FRic)",4.30784805303549e-06,6.97175222722061e-07,0.398161330710945,"vegetation",TRUE,18,"2026-06-03 11:39:15"
"Paradise Riflebird","s(mean_fhd)",4.7711345140597e-06,6.1477086623147e-07,0.536412514248801,"vegetation",TRUE,19,"2026-06-03 11:39:15"
"Paradise Riflebird","s(LA_cwm)",4.1877265530554e-06,4.09179127347397e-07,0.563660506914063,"vegetation",TRUE,20,"2026-06-03 11:39:15"
"Paradise Riflebird","s(height_cwm)",4.1857737722081e-06,2.0059964622593e-07,0.785243036681499,"vegetation",TRUE,21,"2026-06-03 11:39:15"
"Paradise Riflebird","s(sp_richness)",4.81235016254651e-06,1.29847456827047e-07,0.83709496000769,"vegetation",TRUE,22,"2026-06-03 11:39:15"
"Paradise Riflebird","s(FDiv)",3.8184948613652e-06,7.72157819136092e-08,0.867418659962439,"vegetation",TRUE,23,"2026-06-03 11:39:15"
"Paradise Riflebird","s(water_occ)",1.41079560713013e-06,1.28741301773357e-08,0.906164113135798,"landscape",FALSE,24,"2026-06-03 11:39:15"
"Paradise Riflebird","protocol_type",4,2.87898694781629e-12,1,"effort",FALSE,25,"2026-06-03 11:39:15"
"Spotted Quail-thrush","s(log(duration_minutes))",0.941522755469382,5.35324399936974,2.48259604149759e-05,"other",FALSE,1,"2026-06-03 11:41:34"
"Spotted Quail-thrush","s(lc_trees)",1.67973309198805,4.3691604730638,0,"landscape",FALSE,2,"2026-06-03 11:41:34"
"Spotted Quail-thrush","s(log(precip_annual))",3.80977851189909,3.63549606741104,0,"other",FALSE,3,"2026-06-03 11:41:34"
"Spotted Quail-thrush","s(wooddensity_cwm)",0.908290592458291,3.29978089803114,0.000474599933331099,"vegetation",TRUE,4,"2026-06-03 11:41:34"
"Spotted Quail-thrush","s(temp_annual)",2.54610329183074,2.4284034026405,5.02418566672436e-06,"landscape",FALSE,5,"2026-06-03 11:41:34"
"Spotted Quail-thrush","s(FEve)",0.864989773855202,2.1283369121433,0.00538744122526469,"vegetation",TRUE,6,"2026-06-03 11:41:34"
"Spotted Quail-thrush","s(observer_expertise)",0.891511939501553,2.04747440358389,0.0022473119038191,"effort",FALSE,7,"2026-06-03 11:41:34"
"Spotted Quail-thrush","s(log1p(nightlights))",2.66742450648752,1.97603033526276,7.38493603055224e-05,"other",FALSE,8,"2026-06-03 11:41:34"
"Spotted Quail-thrush","s(LA_cwm)",1.21433763979589,1.84242364150822,0.00857412151023174,"vegetation",TRUE,9,"2026-06-03 11:41:34"
"Spotted Quail-thrush","s(time_observations_started)",0.765128841159165,0.173218792264472,0.14850548841971,"effort",FALSE,10,"2026-06-03 11:41:34"
"Spotted Quail-thrush","s(day_of_year)",0.708814975353911,0.121413349822337,0.240640126970056,"effort",FALSE,11,"2026-06-03 11:41:34"
"Spotted Quail-thrush","s(log1p(effort_distance_km))",0.050658007001531,0.0177626071239911,0.296467626641995,"other",FALSE,12,"2026-06-03 11:41:34"
"Spotted Quail-thrush","s(prop_canopy)",1.57248820880915e-05,6.08626411940543e-06,0.26188148508669,"vegetation",TRUE,13,"2026-06-03 11:41:34"
"Spotted Quail-thrush","s(cover)",1.35051826767434e-05,2.99276917352466e-06,0.422589467306131,"vegetation",TRUE,14,"2026-06-03 11:41:34"
"Spotted Quail-thrush","s(gini_simpson)",1.2219496172301e-05,2.23448832522995e-06,0.466405554590799,"vegetation",TRUE,15,"2026-06-03 11:41:34"
"Spotted Quail-thrush","protocol_type",4,2.12133011950755e-06,0.999999999990999,"effort",FALSE,16,"2026-06-03 11:41:34"
"Spotted Quail-thrush","s(FRic)",8.15287672945427e-06,9.39089712236521e-07,0.559831862294637,"vegetation",TRUE,17,"2026-06-03 11:41:34"
"Spotted Quail-thrush","s(mean_fhd)",4.50447607560441e-06,5.09736798569374e-07,0.661868028257336,"vegetation",TRUE,18,"2026-06-03 11:41:34"
"Spotted Quail-thrush","s(height_cwm)",6.33030782401346e-06,3.35085870082097e-07,0.762309747515241,"vegetation",TRUE,19,"2026-06-03 11:41:34"
"Spotted Quail-thrush","s(sp_richness)",5.71128875514926e-06,3.08170025284006e-07,0.806969757787607,"vegetation",TRUE,20,"2026-06-03 11:41:34"
"Spotted Quail-thrush","s(elevation)",8.29895837868403e-06,2.94138892117836e-07,0.630846927349,"landscape",FALSE,21,"2026-06-03 11:41:34"
"Spotted Quail-thrush","s(number_observers)",6.88493618689239e-06,2.89068763476355e-07,0.827707403909186,"effort",FALSE,22,"2026-06-03 11:41:34"
"Spotted Quail-thrush","s(pielou_evenness)",6.54815070785679e-06,4.76899682320549e-08,0.956329293349188,"vegetation",TRUE,23,"2026-06-03 11:41:34"
"Spotted Quail-thrush","s(FDiv)",5.20436015777505e-06,4.45160979546035e-08,0.945244564456375,"vegetation",TRUE,24,"2026-06-03 11:41:34"
"Spotted Quail-thrush","s(water_occ)",6.05123398029511e-06,4.10285562648896e-08,0.893185452927873,"landscape",FALSE,25,"2026-06-03 11:41:34"
"Black-chinned Honeyeater","s(log(duration_minutes))",1.715259046354,4.09727777222911,0.000489938614913976,"other",FALSE,1,"2026-06-03 11:45:38"
"Black-chinned Honeyeater","s(prop_canopy)",1.62007489607265,3.98822005559397,6.08841348131994e-05,"vegetation",TRUE,2,"2026-06-03 11:45:38"
"Black-chinned Honeyeater","s(cover)",1.78872765791489,3.85894832171549,0.00094555922754358,"vegetation",TRUE,3,"2026-06-03 11:45:38"
"Black-chinned Honeyeater","s(observer_expertise)",1.48657486631134,2.52500571984423,0.0010078788824277,"effort",FALSE,4,"2026-06-03 11:45:38"
"Black-chinned Honeyeater","s(day_of_year)",2.47996069188492,2.00919487329859,0.000112034720211596,"effort",FALSE,5,"2026-06-03 11:45:38"
"Black-chinned Honeyeater","s(log(precip_annual))",2.69243352908722,1.71898039942298,0.000221061602042716,"other",FALSE,6,"2026-06-03 11:45:38"
"Black-chinned Honeyeater","s(FEve)",1.08442475727441,1.64268441243564,0.0114439599665574,"vegetation",TRUE,7,"2026-06-03 11:45:38"
"Black-chinned Honeyeater","s(temp_annual)",2.41985944304572,1.34261470357029,0.000929456440092014,"landscape",FALSE,8,"2026-06-03 11:45:38"
"Black-chinned Honeyeater","s(wooddensity_cwm)",0.992898386030085,1.13484718990975,0.0330236737012802,"vegetation",TRUE,9,"2026-06-03 11:45:38"
"Black-chinned Honeyeater","s(sp_richness)",1.46714520914901,1.08542927411381,0.0956810593832547,"vegetation",TRUE,10,"2026-06-03 11:45:38"
"Black-chinned Honeyeater","s(mean_fhd)",1.47066093357531,0.999368982219928,0.0892126379016011,"vegetation",TRUE,11,"2026-06-03 11:45:38"
"Black-chinned Honeyeater","s(log1p(nightlights))",1.54361028917944,0.940541063085207,0.00279444465185863,"other",FALSE,12,"2026-06-03 11:45:38"
"Black-chinned Honeyeater","s(time_observations_started)",1.78151870786399,0.719766547573236,0.0221456879864133,"effort",FALSE,13,"2026-06-03 11:45:38"
"Black-chinned Honeyeater","s(pielou_evenness)",0.508464840582261,0.344648841599833,0.135035139265347,"vegetation",TRUE,14,"2026-06-03 11:45:38"
"Black-chinned Honeyeater","s(height_cwm)",0.366495939929398,0.192822988682843,0.182806066869841,"vegetation",TRUE,15,"2026-06-03 11:45:38"
"Black-chinned Honeyeater","s(number_observers)",0.000138850682950457,4.51844866362893e-05,0.345013989114421,"effort",FALSE,16,"2026-06-03 11:45:38"
"Black-chinned Honeyeater","s(log1p(effort_distance_km))",8.20025444887502e-06,1.74442317828013e-06,0.469186937411055,"other",FALSE,17,"2026-06-03 11:45:38"
"Black-chinned Honeyeater","s(water_occ)",3.7969606830324e-06,3.23707931726071e-07,0.373450765928808,"landscape",FALSE,18,"2026-06-03 11:45:38"
"Black-chinned Honeyeater","s(FDiv)",5.33951198608154e-06,2.81957390508172e-07,0.733393129184647,"vegetation",TRUE,19,"2026-06-03 11:45:38"
"Black-chinned Honeyeater","s(FRic)",2.90948866439679e-06,1.96811453109638e-07,0.629105028629329,"vegetation",TRUE,20,"2026-06-03 11:45:38"
"Black-chinned Honeyeater","s(lc_trees)",4.97348814326677e-06,1.35437563166472e-07,0.675387157547721,"landscape",FALSE,21,"2026-06-03 11:45:38"
"Black-chinned Honeyeater","s(LA_cwm)",1.39824200571746e-06,9.34971983938976e-08,0.721370669600135,"vegetation",TRUE,22,"2026-06-03 11:45:38"
"Black-chinned Honeyeater","s(elevation)",2.66707646620181e-06,3.33191021253181e-08,0.811181492041018,"landscape",FALSE,23,"2026-06-03 11:45:38"
"Black-chinned Honeyeater","s(gini_simpson)",3.414678520067e-06,7.30407222656341e-09,0.991365041916278,"vegetation",TRUE,24,"2026-06-03 11:45:38"
"Black-chinned Honeyeater","protocol_type",4,8.21871836191085e-12,1,"effort",FALSE,25,"2026-06-03 11:45:38"
"Rufous Scrub-bird","s(log(duration_minutes))",2.14466008405228,4.56054009262989,0.000499776076129166,"other",FALSE,1,"2026-06-03 11:59:26"
"Rufous Scrub-bird","s(log(precip_annual))",1.48457435647513,3.40508738530526,0,"other",FALSE,2,"2026-06-03 11:59:26"
"Rufous Scrub-bird","s(observer_expertise)",0.907090199188239,2.44073622944651,0.000894333118802715,"effort",FALSE,3,"2026-06-03 11:59:26"
"Rufous Scrub-bird","s(temp_annual)",2.33292185926893,1.98367335639544,9.9526891849111e-06,"landscape",FALSE,4,"2026-06-03 11:59:26"
"Rufous Scrub-bird","s(FRic)",0.80925211046029,1.4141352069796,0.0124614808280303,"vegetation",TRUE,5,"2026-06-03 11:59:26"
"Rufous Scrub-bird","s(cover)",0.798282967363873,1.31912396948904,0.0154356619996207,"vegetation",TRUE,6,"2026-06-03 11:59:26"
"Rufous Scrub-bird","s(log1p(nightlights))",1.10079806849889,1.12429924638126,0.000641074163624245,"other",FALSE,7,"2026-06-03 11:59:26"
"Rufous Scrub-bird","s(log1p(effort_distance_km))",0.740399036295203,0.950683586233732,0.0484660955373787,"other",FALSE,8,"2026-06-03 11:59:26"
"Rufous Scrub-bird","s(day_of_year)",1.81516302732259,0.874101782059381,0.0106039829811899,"effort",FALSE,9,"2026-06-03 11:59:26"
"Rufous Scrub-bird","s(height_cwm)",0.594746254220246,0.489185777131099,0.0604213958798521,"vegetation",TRUE,10,"2026-06-03 11:59:26"
"Rufous Scrub-bird","s(number_observers)",0.158435290403349,0.0627537076030931,0.272482241068368,"effort",FALSE,11,"2026-06-03 11:59:26"
"Rufous Scrub-bird","s(prop_canopy)",7.43375916129626e-06,1.86010164778124e-06,0.374978264333786,"vegetation",TRUE,12,"2026-06-03 11:59:26"
"Rufous Scrub-bird","s(mean_fhd)",6.11750761662009e-06,9.75766887164149e-07,0.495565590821687,"vegetation",TRUE,13,"2026-06-03 11:59:26"
"Rufous Scrub-bird","s(gini_simpson)",4.05132118689623e-06,6.37946823436884e-07,0.499386337804449,"vegetation",TRUE,14,"2026-06-03 11:59:26"
"Rufous Scrub-bird","s(lc_trees)",7.30222186827898e-06,6.26636502627177e-07,0.368793253825636,"landscape",FALSE,15,"2026-06-03 11:59:26"
"Rufous Scrub-bird","s(pielou_evenness)",3.18856358316771e-06,2.94566707979785e-07,0.682177406928413,"vegetation",TRUE,16,"2026-06-03 11:59:26"
"Rufous Scrub-bird","s(wooddensity_cwm)",3.12542926592178e-06,1.94021287340962e-07,0.620042858814106,"vegetation",TRUE,17,"2026-06-03 11:59:26"
"Rufous Scrub-bird","s(elevation)",3.86216968253217e-06,1.17658190270235e-07,0.635398123153222,"landscape",FALSE,18,"2026-06-03 11:59:26"
"Rufous Scrub-bird","s(LA_cwm)",1.92910416078756e-06,1.05746501280656e-07,0.675775771299835,"vegetation",TRUE,19,"2026-06-03 11:59:26"
"Rufous Scrub-bird","s(sp_richness)",1.70068318323565e-06,1.00626187988894e-07,0.7422977861679,"vegetation",TRUE,20,"2026-06-03 11:59:26"
"Rufous Scrub-bird","s(time_observations_started)",1.39550734455715e-06,8.45082255541972e-08,0.594457833951004,"effort",FALSE,21,"2026-06-03 11:59:26"
"Rufous Scrub-bird","s(FEve)",3.10565683761107e-06,9.36908805375458e-09,0.94590598146425,"vegetation",TRUE,22,"2026-06-03 11:59:26"
"Rufous Scrub-bird","protocol_type",5,4.54856575727132e-09,1,"effort",FALSE,23,"2026-06-03 11:59:26"
"Rufous Scrub-bird","s(FDiv)",2.06660398854262e-06,3.18886856451736e-09,0.992980722289083,"vegetation",TRUE,24,"2026-06-03 11:59:26"
"Rufous Scrub-bird","s(water_occ)",9.33284041498857e-07,1.05937759449227e-09,0.987414942722784,"landscape",FALSE,25,"2026-06-03 11:59:26"
"Indian Peafowl","s(log(duration_minutes))",1.57701216076905,3.80646505571168,0.00043265302870088,"other",FALSE,1,"2026-06-03 12:01:53"
"Indian Peafowl","s(gini_simpson)",0.918599569494808,3.76049415371751,0.000105625584062241,"vegetation",TRUE,2,"2026-06-03 12:01:53"
"Indian Peafowl","s(mean_fhd)",1.75099558096875,3.46647453421897,0.00092520160757581,"vegetation",TRUE,3,"2026-06-03 12:01:53"
"Indian Peafowl","s(cover)",1.68631260351115,3.03474352201247,0.0017662370165763,"vegetation",TRUE,4,"2026-06-03 12:01:53"
"Indian Peafowl","s(water_occ)",3.49158397876757,3.01414866149344,-3.62285132782247e-07,"landscape",FALSE,5,"2026-06-03 12:01:53"
"Indian Peafowl","s(temp_annual)",3.75379675489265,2.87150951624072,1.1045823720357e-05,"landscape",FALSE,6,"2026-06-03 12:01:53"
"Indian Peafowl","s(FEve)",1.64126450472106,2.79926048240029,0.00342650916491205,"vegetation",TRUE,7,"2026-06-03 12:01:53"
"Indian Peafowl","s(log1p(effort_distance_km))",1.44972911610835,2.63506407711962,0.00326627168304661,"other",FALSE,8,"2026-06-03 12:01:53"
"Indian Peafowl","s(observer_expertise)",1.86719431352231,1.73447973419274,0.0165405228120905,"effort",FALSE,9,"2026-06-03 12:01:53"
"Indian Peafowl","s(elevation)",1.45372430117835,1.35922040248581,0.000100612746996132,"landscape",FALSE,10,"2026-06-03 12:01:53"
"Indian Peafowl","s(FDiv)",0.793792680403501,1.28306745740672,0.0210335652688484,"vegetation",TRUE,11,"2026-06-03 12:01:53"
"Indian Peafowl","s(lc_trees)",2.41094161905727,1.09216384166558,0.00337908527774333,"landscape",FALSE,12,"2026-06-03 12:01:53"
"Indian Peafowl","s(time_observations_started)",1.95654318258863,0.716594339922565,0.0297242971388212,"effort",FALSE,13,"2026-06-03 12:01:53"
"Indian Peafowl","s(FRic)",0.606107519863277,0.512912253858704,0.0924769608897651,"vegetation",TRUE,14,"2026-06-03 12:01:53"
"Indian Peafowl","s(log1p(nightlights))",1.52153666250434,0.416528605320219,0.0586363077314936,"other",FALSE,15,"2026-06-03 12:01:53"
"Indian Peafowl","s(number_observers)",0.500590581699865,0.26573494203159,0.184019551087265,"effort",FALSE,16,"2026-06-03 12:01:53"
"Indian Peafowl","s(day_of_year)",0.8188151907817,0.160538345408933,0.186049110666765,"effort",FALSE,17,"2026-06-03 12:01:53"
"Indian Peafowl","s(pielou_evenness)",1.13531691426281e-05,3.91006249526101e-06,0.276926777799147,"vegetation",TRUE,18,"2026-06-03 12:01:53"
"Indian Peafowl","s(height_cwm)",1.27151365819963e-05,3.35432091492251e-06,0.320415976010293,"vegetation",TRUE,19,"2026-06-03 12:01:53"
"Indian Peafowl","s(LA_cwm)",1.78053899751197e-06,2.91311086638049e-07,0.42386564162722,"vegetation",TRUE,20,"2026-06-03 12:01:53"
"Indian Peafowl","s(log(precip_annual))",4.00896393223304e-06,1.70391388291202e-07,0.511936164026294,"other",FALSE,21,"2026-06-03 12:01:53"
"Indian Peafowl","s(sp_richness)",1.88025109922822e-06,1.56264389226989e-07,0.695773293100895,"vegetation",TRUE,22,"2026-06-03 12:01:53"
"Indian Peafowl","s(prop_canopy)",2.27088978688136e-06,4.86332934815155e-08,0.8754046554832,"vegetation",TRUE,23,"2026-06-03 12:01:53"
"Indian Peafowl","protocol_type",4,1.12660557272517e-08,1,"effort",FALSE,24,"2026-06-03 12:01:53"
"Indian Peafowl","s(wooddensity_cwm)",3.19491778147035e-06,2.10391456717187e-09,0.998286906430463,"vegetation",TRUE,25,"2026-06-03 12:01:53"
"Torresian Kingfisher","s(observer_expertise)",2.872197227653,12.7076092160178,0,"effort",FALSE,1,"2026-06-03 12:06:53"
"Torresian Kingfisher","s(temp_annual)",0.887463488996612,1.57688424755381,0.000679349887798608,"landscape",FALSE,2,"2026-06-03 12:06:53"
"Torresian Kingfisher","s(log1p(nightlights))",1.45666007562843,1.32207971284016,0.000314577372693248,"other",FALSE,3,"2026-06-03 12:06:53"
"Torresian Kingfisher","s(day_of_year)",2.10669258628355,1.29661282276888,0.00209639095181136,"effort",FALSE,4,"2026-06-03 12:06:53"
"Torresian Kingfisher","s(log1p(effort_distance_km))",0.857564304230035,0.748218645610798,0.0761868597446956,"other",FALSE,5,"2026-06-03 12:06:53"
"Torresian Kingfisher","s(time_observations_started)",0.550480589782859,0.110512796186242,0.18325081450091,"effort",FALSE,6,"2026-06-03 12:06:53"
"Torresian Kingfisher","s(water_occ)",0.223879358502135,0.0305314479404801,0.244177341154351,"landscape",FALSE,7,"2026-06-03 12:06:53"
"Torresian Kingfisher","s(log(duration_minutes))",4.82465864476234e-08,1.00821569784294e-08,0.413623370731234,"other",FALSE,8,"2026-06-03 12:06:53"
"Torresian Kingfisher","s(gini_simpson)",3.4029577461025e-08,3.79677257804885e-09,0.536522343932095,"vegetation",TRUE,9,"2026-06-03 12:06:53"
"Torresian Kingfisher","s(height_cwm)",2.95767943307608e-08,3.65336822002849e-09,0.583591374208946,"vegetation",TRUE,10,"2026-06-03 12:06:53"
"Torresian Kingfisher","s(wooddensity_cwm)",2.3638892770007e-08,2.01842614731368e-09,0.614349708374268,"vegetation",TRUE,11,"2026-06-03 12:06:53"
"Torresian Kingfisher","s(elevation)",3.12016610574366e-08,1.78192731951275e-09,0.442272473607633,"landscape",FALSE,12,"2026-06-03 12:06:53"
"Torresian Kingfisher","s(log(precip_annual))",3.08121548647792e-08,1.53205270756009e-09,0.47530300506042,"other",FALSE,13,"2026-06-03 12:06:53"
"Torresian Kingfisher","s(number_observers)",1.98869361095522e-08,1.40068814800904e-09,0.761584929628529,"effort",FALSE,14,"2026-06-03 12:06:53"
"Torresian Kingfisher","s(FDiv)",2.2785993645436e-08,1.36290879529369e-09,0.703261076434338,"vegetation",TRUE,15,"2026-06-03 12:06:53"
"Torresian Kingfisher","s(sp_richness)",2.37390869758932e-08,1.30073478523563e-09,0.694688869286373,"vegetation",TRUE,16,"2026-06-03 12:06:53"
"Torresian Kingfisher","s(FRic)",1.99815802042315e-08,1.03326434306626e-09,0.764914279647493,"vegetation",TRUE,17,"2026-06-03 12:06:53"
"Torresian Kingfisher","s(pielou_evenness)",2.05031244852331e-08,8.77723741291413e-10,0.785955552670537,"vegetation",TRUE,18,"2026-06-03 12:06:53"
"Torresian Kingfisher","s(lc_trees)",1.91922515522703e-08,1.32051605936552e-10,0.916524404817109,"landscape",FALSE,19,"2026-06-03 12:06:53"
"Torresian Kingfisher","s(cover)",1.90801244528838e-08,9.86102731802465e-11,0.967003261264058,"vegetation",TRUE,20,"2026-06-03 12:06:53"
"Torresian Kingfisher","s(FEve)",1.73363878620525e-08,7.7848902224608e-11,0.97478067053243,"vegetation",TRUE,21,"2026-06-03 12:06:53"
"Torresian Kingfisher","s(LA_cwm)",1.76176358582588e-08,7.23641036619129e-11,0.973047995573198,"vegetation",TRUE,22,"2026-06-03 12:06:53"
"Torresian Kingfisher","s(mean_fhd)",1.89007029755228e-08,6.53608965122577e-11,0.956309040601206,"vegetation",TRUE,23,"2026-06-03 12:06:53"
"Torresian Kingfisher","protocol_type",4,1.28063730842464e-11,1,"effort",FALSE,24,"2026-06-03 12:06:53"
"Torresian Kingfisher","s(prop_canopy)",1.86739691895322e-08,4.30141352031788e-12,0.994543288481723,"vegetation",TRUE,25,"2026-06-03 12:06:53"
