"species","dev_full","dev_no_FRic","unique_FRic","dev_no_FEve","unique_FEve","dev_no_FDiv","unique_FDiv","dev_no_wooddensity_cwm","unique_wooddensity_cwm","dev_no_LA_cwm","unique_LA_cwm","dev_no_height_cwm","unique_height_cwm","dev_no_sp_richness","unique_sp_richness","dev_no_pielou_evenness","unique_pielou_evenness","dev_no_gini_simpson","unique_gini_simpson","dev_no_cover","unique_cover","dev_no_mean_fhd","unique_mean_fhd","dev_no_prop_canopy","unique_prop_canopy"
"Torresian Kingfisher",0.852559407688143,0.860193881436291,-0.00763447374814763,0.852504332350665,5.50753374783941e-05,0.852647141443725,-8.77337555821311e-05,0.8527688317556,-0.000209424067457276,0.852732600835448,-0.000173193147305128,0.852669020657445,-0.000109612969301898,0.852876189702636,-0.000316782014493366,0.852618066064294,-5.86583761507109e-05,0.853650760937708,-0.00109135324956511,0.852703230300339,-0.000143822612196476,0.852504332742149,5.50749459937716e-05,0.852661809299113,-0.000102401610970304
"Indian Peafowl",0.492825586820034,0.485126813645384,0.0076987731746504,0.46796638957261,0.024859197247424,0.481088806422004,0.0117367803980302,0.500939674612461,-0.00811408779242695,0.498857740848425,-0.00603215402839069,0.485822235748531,0.00700335107150296,0.461238404311309,0.0315871825087256,0.465223603586913,0.0276019832331215,0.473906419227025,0.018919167593009,0.472338512396774,0.02048707442326,0.463959513951674,0.02886607286836,0.465237055562731,0.0275885312573039
"Rufous Scrub-bird",0.75705598073439,0.760636512442526,-0.00358053170813522,0.756410266296641,0.000645714437748968,0.752505572328642,0.00455040840574794,0.754642175999304,0.00241380473508679,0.753346091821938,0.00370988891245205,0.754533019037614,0.0025229616967759,0.756578634434114,0.00047734630027596,0.755810160189296,0.00124582054509437,0.757913558417794,-0.000857577683403998,0.756011760283518,0.00104422045087194,0.759755786151129,-0.00269980541673864,0.742506751432766,0.0145492293016243
"Black-chinned Honeyeater",0.682205060585356,0.696187976741975,-0.013982916156619,0.684862408546833,-0.00265734796147665,0.686009713213831,-0.00380465262847485,0.686384151818534,-0.00417909123317795,0.692897948852988,-0.0106928882676322,0.688168353342403,-0.00596329275704677,0.686874167235815,-0.00466910665045861,0.685541772296222,-0.00333671171086591,0.682104534304338,0.000100526281018309,0.664337703292794,0.0178673572925617,0.688105277314884,-0.00590021672952812,0.678695870178261,0.00350919040709463
"Spotted Quail-thrush",0.334429920194565,0.348215798300458,-0.0137858781058932,0.311989115337352,0.0224408048572126,0.332163903928453,0.00226601626611128,0.342764724774645,-0.00833480458008035,0.330104958759643,0.00432496143492123,0.33406677588774,0.000363144306824381,0.336680961493344,-0.00225104129877918,0.33630931226022,-0.00187939206565535,0.338566806590591,-0.00413688639602655,0.335794605643272,-0.00136468544870727,0.349310409517678,-0.014880489323113,0.341362508330268,-0.00693258813570385
"Paradise Riflebird",0.646762025187168,0.656787173208291,-0.0100251480211231,0.656040525195377,-0.00927850000820907,0.648454487717251,-0.00169246253008237,0.645977109247722,0.000784915939445963,0.64646561844983,0.000296406737338106,0.646173019303726,0.000589005883442018,0.644865830234524,0.00189619495264415,0.646269682790374,0.000492342396794521,0.64529354480455,0.0014684803826186,0.652424762343437,-0.00566273715626908,0.646405771206745,0.00035625398042316,0.646321719737449,0.000440305449719514
"Gray Currawong",0.384426850134791,0.394535686720102,-0.0101088365853104,0.391296622852588,-0.00686977271779671,0.384781137486697,-0.000354287351905402,0.384638113946296,-0.000211263811504991,0.394662316514216,-0.0102354663794251,0.384809644023784,-0.000382793888992594,0.382822910365608,0.00160393976918338,0.386524862091464,-0.00209801195667314,0.390230277552182,-0.00580342741739071,0.384787329177234,-0.000360479042442408,0.385207483685839,-0.000780633551047683,0.382371741508747,0.00205510862604419
"Plum-headed Finch",0.805005641376389,0.828335544213952,-0.023329902837563,0.808986582747188,-0.00398094137079907,0.806420227306988,-0.0014145859305994,0.809347879593756,-0.00434223821736746,0.807843037492579,-0.00283739611619005,0.820498321134683,-0.015492679758294,0.805019076221103,-1.34348447140553e-05,0.828798049312111,-0.0237924079357222,0.821084091422526,-0.0160784500461376,0.806959163644389,-0.00195352226799994,0.806132462447322,-0.00112682107093365,0.823163216398675,-0.0181575750222858
"White-fronted Honeyeater",0.892094373260413,0.902828822280415,-0.0107344490200022,0.891772137720736,0.000322235539677473,0.893500835720722,-0.00140646246030907,0.892217020099459,-0.000122646839045615,0.737923453896516,0.154170919363897,0.894647780655138,-0.00255340739472432,0.891857020712449,0.000237352547964642,0.892577003509511,-0.000482630249097893,0.891946838654141,0.000147534606271926,0.890946969647653,0.00114740361276,0.893490073968751,-0.00139570070833805,0.892039335227347,5.50380330666123e-05
"Chestnut-rumped Heathwren",0.382007381882427,0.390174211417562,-0.00816682953513526,0.381790484720906,0.00021689716152129,0.380437351745662,0.00157003013676543,0.376338247747679,0.00566913413474779,0.373517945660638,0.00848943622178949,0.386887197865424,-0.00487981598299725,0.38930669208062,-0.00729931019819319,0.379980917591221,0.00202646429120579,0.376113046539157,0.00589433534327044,0.379197420839954,0.00280996104247333,0.377806753324555,0.00420062855787245,0.380099433116597,0.00190794876583023
"Russet-tailed Thrush",0.697615782538408,0.701156785475691,-0.0035410029372831,0.696224703590537,0.00139107894787105,0.700088933672738,-0.00247315113432955,0.696081248829611,0.00153453370879753,0.68921154217915,0.00840424035925846,0.701160192754351,-0.00354441021594298,0.697786922064328,-0.000171139525919295,0.700087031286835,-0.00247124874842708,0.695823812652867,0.00179196988554153,0.701754690272571,-0.00413890773416248,0.696913095995767,0.000702686542641495,0.69969512233899,-0.00207933980058195
"Forest Kingfisher",0.534820851887273,0.525863967422804,0.00895688446446907,0.532592791578616,0.00222806030865741,0.538106448225228,-0.003285596337955,0.534088011814503,0.000732840072769747,0.532581984065381,0.00223886782189242,0.535072644270613,-0.000251792383339944,0.533578387320936,0.00124246456633681,0.532582124305734,0.00223872758153965,0.532582080741168,0.00223877114610482,0.532582002360359,0.00223884952691455,0.536953703714348,-0.00213285182707446,0.528396172047315,0.00642467983995831
"Turquoise Parrot",0.690061058826924,0.717819412697002,-0.0277583538700775,0.681711201709527,0.00834985711739678,0.681330649527709,0.0087304092992152,0.671916562128552,0.0181444966983727,0.66055983225639,0.0295012265705344,0.669220263101724,0.0208407957252001,0.660652955790424,0.0294081030364998,0.667972062071213,0.0220889967557109,0.655382488995414,0.03467856983151,0.657923107628908,0.0321379511980158,0.661705399521546,0.0283556593053783,0.694777647717366,-0.0047165888904418
"Tawny-crowned Honeyeater",0.405699786999119,0.422690529385171,-0.0169907423860516,0.405225569835531,0.000474217163587809,0.408622766761628,-0.00292297976250899,0.377089832382927,0.0286099546161918,0.402288272597787,0.00341151440133258,0.394188657745644,0.011511129253475,0.413773545325809,-0.00807375832668966,0.409298784885147,-0.00359899788602808,0.40345521378327,0.00224457321584881,0.408589448894748,-0.00288966189562845,0.404002935415076,0.00169685158404298,0.401896670065617,0.00380311693350172
"Pilotbird",0.528463111889108,0.537504780627604,-0.00904166873849555,0.521692488223711,0.00677062366539782,0.526178672312677,0.00228443957643143,0.526074125820206,0.00238898606890248,0.529538841898186,-0.00107573000907801,0.516860844363604,0.0116022675255043,0.541646824709217,-0.0131837128201087,0.52012020962613,0.00834290226297874,0.538306027613495,-0.00984291572438634,0.530580985464835,-0.00211787357572668,0.534937308710951,-0.00647419682184247,0.537295244580181,-0.00883213269107219
"Beautiful Firetail",0.678880788392923,0.687949592431824,-0.00906880403890109,0.679524011847765,-0.000643223454841801,0.679006921846498,-0.00012613345357515,0.687553317064899,-0.00867252867197577,0.692467499658424,-0.0135867112655008,0.686199465411607,-0.00731867701868438,0.675571401427549,0.00330938696537419,0.69441533076027,-0.0155345423673474,0.677638979189871,0.00124180920305161,0.677274395470791,0.00160639292213227,0.670553393038439,0.00832739535448379,0.678671641870056,0.000209146522866965
"Eastern Bristlebird",0.898344315002816,0.905700737133148,-0.00735642213033183,0.897899198827391,0.000445116175425309,0.898406189696935,-6.18746941187798e-05,0.898480586128019,-0.000136271125203091,0.898331773420039,1.25415827775255e-05,0.898124427826031,0.000219887176784783,0.897837001746489,0.000507313256327468,0.898273403065581,7.09119372355183e-05,0.898397741944329,-5.34269415131128e-05,0.89837332586302,-2.9010860203682e-05,0.898672738596316,-0.000328423593499383,0.898436285470523,-9.19704677071476e-05
"Splendid Fairywren",0.844345707320968,0.86294646000107,-0.0186007526801023,0.845650725728902,-0.00130501840793384,0.844344787183704,9.20137263937804e-07,0.850460181810951,-0.00611447448998303,0.847853963025362,-0.00350825570439428,0.846818262036383,-0.00247255471541485,0.84898114417119,-0.0046354368502215,0.843818381229819,0.000527326091149027,0.850235524657449,-0.00588981733648108,0.850803374766546,-0.00645766744557752,0.850986658429109,-0.00664095110814111,0.835966129416781,0.00837957790418697
"Pale-yellow Robin",0.735319546939883,0.760412990078627,-0.0250934431387437,0.732113522577443,0.00320602436243955,0.745557567005266,-0.0102380200653829,0.734753653781549,0.000565893158333552,0.735541972164412,-0.000222425224528755,0.744007332615197,-0.00868778567531392,0.747293132636465,-0.0119735856965819,0.744542280498935,-0.00922273355905212,0.741111160685482,-0.00579161374559889,0.734602586852214,0.000716960087669305,0.738389722275767,-0.00307017533588416,0.738802376591066,-0.00348282965118318
"Hooded Robin",0.565555872879721,0.687219807120014,-0.121663934240293,0.57425865110904,-0.00870277822931831,0.575558692667924,-0.0100028197882029,0.566623568320401,-0.00106769544068008,0.57370485678507,-0.00814898390534913,0.570512420931328,-0.00495654805160661,0.566894621250927,-0.00133874837120551,0.564954259616651,0.000601613263070622,0.565031166253512,0.000524706626208848,0.576341848786155,-0.0107859759064342,0.5655127477121,4.31251676208388e-05,0.563744272182938,0.00181160069678343
"Flame Robin",0.634790023752492,0.635292894633594,-0.000502870881101347,0.631641293396592,0.00314873035590024,0.633627024302681,0.00116299944981146,0.635200516480492,-0.000410492727999534,0.637540202900301,-0.00275017914780884,0.632217303077522,0.00257272067497072,0.636007414310265,-0.00121739055777259,0.641833261751273,-0.00704323799878048,0.632272449741275,0.00251757401121688,0.626597037631941,0.00819298612055119,0.63079248452869,0.00399753922380208,0.632124056580713,0.00266596717177958
"Pacific Baza",0.269006118857897,0.26521353628003,0.00379258257786663,0.268264177869464,0.000741940988433165,0.268026521229984,0.000979597627912943,0.262894705698881,0.0061114131590162,0.253690884679086,0.0153152341788107,0.263319152880258,0.00568696597763918,0.243898799328664,0.0251073195292331,0.25964818461806,0.00935793423983661,0.262754097073246,0.00625202178465084,0.265384776613861,0.0036213422440361,0.263084881634403,0.00592123722349414,0.254907419578806,0.0140986992790905
"Red-winged Parrot",0.672848231024321,0.702695885617269,-0.0298476545929481,0.680712416148462,-0.00786418512414089,0.676088567919244,-0.0032403368949222,0.69238105710974,-0.0195328260854188,0.671882585176517,0.000965645847803898,0.673810162920096,-0.000961931895774648,0.674947032876142,-0.00209880185182021,0.674660359461893,-0.00181212843757128,0.678047442181012,-0.00519921115669109,0.674586412692032,-0.001738181667711,0.674565828695068,-0.00171759767074675,0.666972596516446,0.00587563450787532
"Rockwarbler",0.575986893466996,0.582513543338758,-0.00652664987176177,0.580810567687067,-0.00482367422007013,0.578335800980289,-0.00234890751329264,0.569665982281507,0.0063209111854895,0.596488097300389,-0.0205012038333924,0.574346240569844,0.00164065289715287,0.578020436995321,-0.00203354352832497,0.571459855719268,0.00452703774772878,0.573536510120662,0.00245038334633485,0.577279176618458,-0.00129228315146135,0.583704049107541,-0.0077171556405442,0.57800304544286,-0.00201615197586302
"Crested Bellbird",0.641575727906976,0.682097288987878,-0.0405215610809022,0.642825566193898,-0.00124983828692227,0.646570775603072,-0.00499504769609616,0.641024815454577,0.000550912452399466,0.666900947072862,-0.0253252191658855,0.661281611469356,-0.0197058835623796,0.664552530644021,-0.0229768027370445,0.641638866227142,-6.3138320166134e-05,0.644761978652034,-0.00318625074505818,0.643006123064434,-0.00143039515745769,0.673090084218403,-0.0315143563114266,0.638344756668066,0.00323097123891058
"Masked Woodswallow",0.367908241616199,0.508118583689397,-0.140210342073198,0.377644870630658,-0.00973662901445893,0.402407934873242,-0.0344996932570424,0.358212813112215,0.00969542850398453,0.391024992894817,-0.0231167512786177,0.338901499712165,0.0290067419040339,0.366548468346037,0.00135977327016162,0.388100892844171,-0.0201926512279721,0.368676646746788,-0.000768405130588456,0.364832691043277,0.00307555057292208,0.360396901984071,0.00751133963212786,0.367844944802964,6.32968132349143e-05
"Square-tailed Kite",0.0920467795764417,0.112158261123964,-0.0201114815475223,0.0989240376628217,-0.00687725808637997,0.0897968883677474,0.00224989120869433,0.0892770122969814,0.00276976727946032,0.104382582126349,-0.0123358025499069,0.109937254452093,-0.0178904748756514,0.0911087726080462,0.000938006968395466,0.107356276579408,-0.0153094970029664,0.114452309859091,-0.0224055302826493,0.0925715869868882,-0.000524807410446554,0.107983513932433,-0.0159367343559912,0.0855848952808013,0.00646188429564036
"White-fronted Chat",0.0856396616098333,0.228092477274863,-0.142452815665029,-0.0275242668543734,0.113163928464207,0.0844942346235335,0.00114542698629976,0.163891085319356,-0.078251423709523,0.0970424554797565,-0.0114027938699232,0.169320651889348,-0.0836809902795143,0.0882505334085764,-0.00261087179874307,0.133430674847252,-0.0477910132374182,-0.114016662364261,0.199656323974095,0.104679709385822,-0.0190400477759886,-0.0952563996663455,0.180896061276179,0.103269879941378,-0.017630218331545
"Rose-crowned Fruit-Dove",0.613086565287931,0.644436846655357,-0.0313502813674259,0.582348572872984,0.0307379924149475,0.644442579471616,-0.0313560141836849,0.566873551236294,0.0462130140516375,0.60734720044866,0.00573936483927062,0.565764886413897,0.0473216788740343,0.55630681191357,0.0567797533743608,0.605394166923151,0.00769239836477964,0.595761660353448,0.0173249049344827,0.5928483552247,0.0202382100632306,0.616611792063287,-0.00352522677535594,0.612301304010549,0.000785261277382321
"Pallid Cuckoo",0.237588071287399,0.213083005033409,0.0245050662539901,0.235288773954441,0.00229929733295853,0.232047484282543,0.0055405870048558,0.226479074536507,0.0111089967508925,0.229555085488417,0.00803298579898187,0.26560711538107,-0.0280190440936706,0.237869013488733,-0.000280942201333345,0.235574151700697,0.00201391958670169,0.237839075024099,-0.000251003736699867,0.245258872953011,-0.00767080166561221,0.235889396192657,0.00169867509474192,0.220436148380027,0.0171519229073726
"Little Eagle",0.127445017205329,0.135438863275683,-0.00799384607035372,0.125513923101825,0.00193109410350442,0.12864046311043,-0.0011954459051014,0.132416616501835,-0.00497159929650626,0.127444410550941,6.06654387946826e-07,0.12857961396697,-0.00113459676164077,0.134535774187877,-0.00709075698254752,0.128511298885473,-0.00106628168014383,0.128604634578799,-0.00115961737347028,0.127795905571999,-0.00035088836667041,0.130957862858102,-0.00351284565277274,0.128291496972463,-0.000846479767133923
"Red-browed Treecreeper",0.55097383074544,0.567350922982761,-0.0163770922373214,0.544362950407249,0.00661088033819091,0.542646872905564,0.0083269578398758,0.555347812803544,-0.00437398205810369,0.543800151701771,0.00717367904366917,0.552679245190905,-0.00170541444546468,0.55152113954426,-0.000547308798820256,0.541785633547888,0.00918819719755148,0.552798522283657,-0.00182469153821729,0.540629236385701,0.0103445943597389,0.537677408831599,0.013296421913841,0.547687906296779,0.00328592444866083
"Chestnut-breasted Munia",-0.482438815423659,-0.516583426109234,0.0341446106855742,-0.503730738196549,0.0212919227728897,-0.485092370916967,0.00265355549330776,-0.472677956379844,-0.00976085904381552,-0.49224626644321,0.00980745101955072,-0.481417457016255,-0.00102135840740458,-0.597841652397819,0.11540283697416,-0.502939552478597,0.0205007370549379,-0.532614199815343,0.0501753843916832,-0.480546910611815,-0.0018919048118447,-0.421955123992219,-0.0604836914314406,-0.552796372125468,0.0703575567018085
"Mangrove Gerygone",0.488532105301749,0.507920164497105,-0.0193880591953556,0.440931503542084,0.0476006017596652,0.509977539180054,-0.0214454338783053,0.486197486966048,0.00233461833570142,0.492404726730822,-0.00387262142907258,0.438418990820453,0.0501131144812965,0.493829393289803,-0.00529728798805429,0.445945848579512,0.0425862567222374,0.458568581487458,0.0299635238142906,0.495279786933338,-0.00674768163158901,0.495439318705007,-0.00690721340325751,0.494454253658607,-0.00592214835685739
"Glossy Black-Cockatoo",0.121127620390639,0.0853135657254264,0.035814054665213,0.0903159828409349,0.0308116375497045,0.113194819620811,0.00793280076982868,0.125046003573228,-0.00391838318258829,0.128809363019587,-0.0076817426289477,0.104422619910806,0.0167050004798337,0.115329743633954,0.00579787675668544,0.138352606037477,-0.0172249856468373,0.129988917393238,-0.00886129700259873,0.116508588354787,0.00461903203585283,0.12408069558684,-0.00295307519620081,0.114579850918543,0.00654776947209613
"Inland Thornbill",0.707992332259509,0.721246600271267,-0.0132542680117579,0.71457437389392,-0.00658204163441067,0.709922820191842,-0.00193048793233286,0.70651679480202,0.00147553745748918,0.712112654913062,-0.00412032265355344,0.713405577273079,-0.00541324501356999,0.709020605076936,-0.00102827281742679,0.712345536937915,-0.00435320467840605,0.713137157376762,-0.00514482511725356,0.707902249980319,9.00822791893852e-05,0.713594303424587,-0.00560197116507843,0.709686858439306,-0.00169452617979748
"Pacific Emerald Dove",0.376363161167703,0.388231303185318,-0.0118681420176149,0.374559059151865,0.00180410201583781,0.372074379166439,0.00428878200126337,0.371292704830875,0.00507045633682757,0.378392116839871,-0.00202895567216854,0.378976199843728,-0.00261303867602558,0.384768017329952,-0.00840485616224929,0.380215028268633,-0.00385186710092972,0.378935239421599,-0.00257207825389638,0.373123743092985,0.00323941807471834,0.381447102774686,-0.00508394160698278,0.37792601276136,-0.00156285159365743
"Wompoo Fruit-Dove",0.725818702684544,0.742778658224284,-0.0169599555397406,0.721653641486821,0.0041650611977232,0.710677588799859,0.0151411138846848,0.720493447446223,0.0053252552383205,0.710646877318446,0.015171825366098,0.719995580599875,0.00582312208466862,0.725268463120741,0.000550239563802957,0.722803274558132,0.00301542812641131,0.724453099259453,0.00136560342509073,0.723585645559067,0.0022330571254765,0.726783442609685,-0.000964739925141456,0.7176013424292,0.00821736025534348
"Australian Spectacled Monarch",0.599378841436679,0.620174990853375,-0.0207961494166962,0.596403709291445,0.00297513214523459,0.602810933144574,-0.00343209170789449,0.602733245707111,-0.00335440427043154,0.601543618546929,-0.00216477711024965,0.596336955879848,0.00304188555683149,0.601018198635753,-0.00163935719907427,0.59624704527616,0.00313179616051895,0.595495076079639,0.00388376535703983,0.601201954584943,-0.00182311314826333,0.600276501092878,-0.000897659656198369,0.601194043755401,-0.0018152023187219
"Superb Parrot",0.380956519248949,0.590444874732225,-0.209488355483277,0.405136700694699,-0.0241801814457505,0.376061651419957,0.00489486782899168,0.333078688139435,0.0478778311095139,0.377946146719075,0.00301037252987391,0.37794101484718,0.00301550440176884,0.400826647158651,-0.0198701279097026,0.377921517143702,0.00303500210524665,0.382014627353229,-0.00105810810428053,0.377892459909684,0.00306405933926468,0.342335785162427,0.038620734086522,0.376723007575792,0.00423351167315689
"Powerful Owl",0.415649781740548,0.445811389372437,-0.0301616076318886,0.411413499325332,0.00423628241521606,0.410111895531952,0.00553788620859597,0.410680197686499,0.00496958405404918,0.452482859490032,-0.0368330777494832,0.464519267600835,-0.0488694858602866,0.448776722212439,-0.0331269404718904,0.416258224908113,-0.000608443167564199,0.45894714591728,-0.0432973641767318,0.466501005804801,-0.0508512240642526,0.415802412503369,-0.000152630762821016,0.41551823073901,0.000131551001538055
"Noisy Pitta",0.477510192691786,0.519823717994049,-0.0423135253022637,0.480221814414177,-0.00271162172239103,0.488322912487946,-0.0108127197961599,0.477922976562513,-0.000412783870727185,0.476796975868529,0.000713216823256535,0.490278518350724,-0.0127683256589379,0.469256595936723,0.00825359675506226,0.48332979632382,-0.00581960363203388,0.488179178410083,-0.010668985718297,0.477615263055768,-0.00010507036398183,0.478318810545879,-0.000808617854093086,0.485548834102202,-0.00803864141041605
"Diamond Firetail",0.665474676747239,0.689143455916282,-0.0236687791690429,0.668758005581996,-0.00328332883475613,0.669480022398639,-0.00400534565139921,0.672570223171625,-0.00709554642438515,0.68059373013903,-0.0151190533917901,0.666132203280345,-0.000657526533105912,0.677099808671798,-0.0116251319245584,0.66701325823293,-0.00153858148569097,0.667819035303222,-0.00234435855598292,0.673698552097779,-0.00822387535053937,0.66571141318941,-0.000236736442170926,0.668045260954342,-0.00257058420710243
"Southern Emuwren",0.675564395348956,0.682105097594145,-0.00654070224518843,0.677140081366409,-0.00157568601745217,0.680627365586081,-0.00506297023712421,0.678149371586451,-0.00258497623749487,0.672496049421159,0.00306834592779703,0.661321826981671,0.0142425683672852,0.675907733006344,-0.000343337657387921,0.683972042232861,-0.00840764688390438,0.682023173484119,-0.00645877813516249,0.679126899938516,-0.00356250458955931,0.680025252559748,-0.00446085721079137,0.675358251522185,0.000206143826771643
"White-browed Babbler",0.696022636450037,0.752373227975817,-0.05635059152578,0.698812532764102,-0.00278989631406501,0.700205020707871,-0.00418238425783413,0.702818340314113,-0.00679570386407602,0.685458346872267,0.0105642895777702,0.677648190949796,0.0183744455002414,0.696415610486923,-0.000392974036886207,0.696852805861602,-0.000830169411565329,0.701018373593105,-0.00499573714306767,0.694821838110244,0.00120079833979314,0.688161865424097,0.00786077102594052,0.635347747068798,0.0606748893812392
"Chestnut-rumped Thornbill",0.781090918979433,0.784163879563071,-0.00307296058363826,0.780956249058944,0.000134669920489272,0.782099704025242,-0.00100878504580881,0.781202769371873,-0.000111850392440105,0.783137891183732,-0.00204697220429928,0.780689616933133,0.000401302046299845,0.7807224446367,0.000368474342733238,0.780186702131737,0.000904216847695594,0.780712661773732,0.000378257205700505,0.774246966367546,0.00684395261188708,0.662438749059795,0.118652169919638,0.775396817258682,0.0056941017207508
"White-browed Woodswallow",0.317385067077296,0.411001777965671,-0.093616710888376,0.310324469254781,0.0070605978225145,0.325150951087237,-0.00776588400994099,0.361967777635224,-0.0445827105579289,0.32197861863679,-0.00459355155949426,0.366708800229009,-0.0493237331517131,0.322839390029664,-0.00545432295236808,0.321829215259967,-0.00444414818267119,0.306829617815081,0.0105554492622148,0.332745288697014,-0.0153602216197181,0.331836812206133,-0.0144517451288372,0.369373313505838,-0.051988246428542
"Forest Raven",0.357343189330475,0.576606841648187,-0.219263652317712,0.375562676343844,-0.0182194870133692,0.365827631155629,-0.00848444182515334,0.362954069092888,-0.00561087976241303,0.363689772804513,-0.00634658347403821,0.36451754587751,-0.00717435654703502,0.358157503751316,-0.000814314420840789,0.361679931603291,-0.00433674227281544,0.362479173149178,-0.005135983818703,0.365511633923251,-0.00816844459277616,0.378613566186316,-0.0212703768558409,0.369488488099795,-0.0121452987693202
"White-bellied Cuckooshrike",0.340679010921847,0.347550167425372,-0.0068711565035246,0.342775068760767,-0.00209605783891975,0.343601524677702,-0.00292251375585445,0.344046647098256,-0.00336763617640823,0.347356061920412,-0.00667705099856447,0.349841882942158,-0.00916287202031035,0.340754612431463,-7.56015096157747e-05,0.342801667399361,-0.00212265647751397,0.344055573032151,-0.00337656211030368,0.340856985645795,-0.000177974723947094,0.341685192820851,-0.00100618189900359,0.340470958392813,0.000208052529034608
"Emu",0.621922859250506,0.69047788044772,-0.0685550211972137,0.633780220823521,-0.0118573615730142,0.650836203093287,-0.0289133438427808,0.6128945677531,0.00902829149740658,0.621380226155343,0.000542633095163447,0.638532145009409,-0.0166092857589024,0.639819836502587,-0.0178969772520809,0.643988482910656,-0.0220656236601492,0.622404148454729,-0.000481289204223079,0.62169819068392,0.000224668566586539,0.592721720861984,0.0292011383885225,0.618610045022568,0.00331281422793828
"Australian Boobook",0.444540132635434,0.450322825699222,-0.00578269306378815,0.444255629408267,0.000284503227167165,0.445553115885942,-0.0010129832505078,0.445070375549447,-0.000530242914012158,0.444763314056037,-0.000223181420602292,0.44185925900189,0.00268087363354463,0.445652385686755,-0.00111225305132051,0.446566353673794,-0.00202622103836003,0.441407145765137,0.00313298687029739,0.444229508692482,0.00031062394295206,0.444767072377647,-0.000226939742212773,0.444026386037752,0.000513746597682829
"Scarlet Robin",0.49793313490084,0.503595805072097,-0.00566267017125754,0.485351405843654,0.0125817290571855,0.495247646086199,0.00268548881464076,0.503161400113544,-0.00522826521270436,0.493884626538595,0.00404850836224491,0.497068732353068,0.000864402547771093,0.498694624121097,-0.000761489220257427,0.500145118824546,-0.00221198392370692,0.500084435139784,-0.00215130023894405,0.497381031054698,0.000552103846141738,0.497836441795036,9.66931058038467e-05,0.49961471061635,-0.00168157571551075
"Bassian Thrush",0.526838884198019,0.523234360662987,0.00360452353503193,0.520518973669571,0.00631991052844871,0.518454653112443,0.00838423108557651,0.517879821139297,0.00895906305872207,0.516702159042118,0.0101367251559016,0.521319966726457,0.00551891747156252,0.521332082106852,0.00550680209116705,0.526884640648966,-4.57564509467323e-05,0.518565350027004,0.00827353417101551,0.510541321159461,0.0162975630385583,0.519957566560377,0.0068813176376421,0.521756993616079,0.00508189058194075
"Collared Sparrowhawk",0.0652692316766992,0.0671616610054584,-0.00189242932875927,0.0656935789257638,-0.000424347249064608,0.0673426595861518,-0.00207342790945264,0.0656320356204296,-0.00036280394373045,0.0650211873925911,0.000248044284108032,0.0620599335999662,0.00320929807673295,0.0667973211567454,-0.00152808948004622,0.0651781021020851,9.11295746140461e-05,0.0699875451276215,-0.00471831345092237,0.0656052739994729,-0.000336042322773775,0.0657045305521338,-0.000435298875434614,0.0652212988854999,4.79327911993149e-05
"Cockatiel",0.49289186441874,0.596662429329579,-0.103770564910839,0.498511194361477,-0.00561932994273706,0.499909147831779,-0.00701728341303914,0.494233478234023,-0.00134161381528314,0.463041003341004,0.029850861077736,0.47945106994411,0.0134407944746303,0.485796696301913,0.00709516811682642,0.48828295978157,0.00460890463716973,0.479375854773224,0.0135160096455155,0.49515181226692,-0.00225994784818023,0.484363268517834,0.00852859590090616,0.482965596325188,0.00992626809355168
"Western Gerygone",0.515284754340418,0.604503419787232,-0.0892186654468147,0.52586832417029,-0.0105835698298724,0.512635031562682,0.00264972277773534,0.523734320985519,-0.00844956664510166,0.508605305747499,0.00667944859291925,0.514550793191221,0.00073396114919666,0.520472606930501,-0.0051878525900837,0.519245063783301,-0.00396030944288339,0.520271255635714,-0.00498650129529632,0.50684623132943,0.00843852301098769,0.513267926977567,0.00201682736285091,0.512970791076954,0.00231396326346378
"Regent Bowerbird",0.608421777960541,0.656665296905436,-0.0482435189448948,0.591150493706648,0.0172712842538937,0.591550432535251,0.0168713454252903,0.606598928614355,0.00182284934618582,0.601833661553266,0.00658811640727475,0.588700180021106,0.0197215979394347,0.608390072315746,3.17056447949327e-05,0.61096834049689,-0.00254656253634833,0.610877982579553,-0.00245620461901219,0.609011520592921,-0.000589742632379764,0.607079661443393,0.00134211651714811,0.595582201272499,0.0128395766880419
"Gang-gang Cockatoo",0.499081304332909,0.504667152110522,-0.00558584777761334,0.527705747412614,-0.0286244430797054,0.495140807545756,0.00394049678715253,0.495085138372587,0.00399616596032176,0.4784496519433,0.0206316523896085,0.466672058196203,0.0324092461367061,0.481596013335752,0.0174852909971572,0.497323349730049,0.00175795460285977,0.498561464692727,0.000519839640182207,0.466292920301057,0.0327883840318515,0.49200012372024,0.00708118061266844,0.502258279426355,-0.00317697509344644
"Australian Logrunner",0.64066726249439,0.729380449812531,-0.0887131873181416,0.629505252094471,0.0111620103999183,0.616692520885029,0.0239747416093603,0.629169343249012,0.0114979192453774,0.608428026223834,0.0322392362705559,0.640108450462883,0.000558812031506428,0.643210647616904,-0.00254338512251495,0.625578374778454,0.0150888877159358,0.640362916665725,0.000304345828664565,0.628317496691732,0.0123497658026579,0.639887797533356,0.000779464961033871,0.627759344273676,0.0129079182207137
"Varied Triller",0.583808615412842,0.618155753306082,-0.0343471378932398,0.584841118323655,-0.00103250291081303,0.583255122105942,0.000553493306899466,0.583565339731674,0.000243275681167554,0.583952348515128,-0.000143733102286214,0.581646834946058,0.00216178046678361,0.579534955310621,0.00427366010222063,0.583810700377403,-2.08496456177709e-06,0.58379745032475,1.11650880917358e-05,0.585149638881977,-0.00134102346913556,0.581426993348752,0.00238162206409009,0.581552406723734,0.00225620868910736
"Purple-backed Fairywren",0.172001181750494,0.377311141938461,-0.205309960187967,0.171476000469062,0.00052518128143203,0.170688977625228,0.00131220412526609,0.119697601809559,0.0523035799409348,0.206272894834458,-0.0342717130839635,0.156408828081362,0.0155923536691324,0.170744802622964,0.0012563791275306,0.347904444780681,-0.175903263030187,0.350679656642876,-0.178678474892382,0.0570671066405357,0.114934075109958,0.156696105513076,0.0153050762374182,0.175024350807446,-0.00302316905695177
"Speckled Warbler",0.61066108523614,0.597992063677197,0.012669021558943,0.597395735207484,0.0132653500286563,0.59679211898985,0.0138689662462904,0.599654696330126,0.0110063889060144,0.606400776869536,0.00426030836660352,0.608861557856113,0.00179952738002698,0.596990786071254,0.0136702991648864,0.597080476749189,0.0135806084869509,0.599104806157612,0.0115562790785279,0.606081868829339,0.00457921640680092,0.597064072161379,0.013597013074761,0.596598433380802,0.0140626518553376
"Peregrine Falcon",0.167062214137836,0.169090413819341,-0.0020281996815045,0.170347969715711,-0.003285755577875,0.170737298577416,-0.00367508443957959,0.175235980825001,-0.00817376668716457,0.175859228245217,-0.00879701410738101,0.171898294621452,-0.00483608048361608,0.17128858781586,-0.00422637367802406,0.172331103496804,-0.00526888935896802,0.171038751391696,-0.00397653725385991,0.171271180158495,-0.0042089660206584,0.172038543012084,-0.00497632887424787,0.168452901572683,-0.00139068743484713
"Gray Goshawk",0.136065557422828,0.141037734841876,-0.00497217741904865,0.137183115988189,-0.00111755856536161,0.137727621342669,-0.00166206391984131,0.132813187901497,0.00325236952133109,0.139031272530142,-0.00296571510731455,0.137739689151832,-0.00167413172900438,0.133672248722132,0.00239330870069523,0.14051287179418,-0.00444731437135287,0.13812164103482,-0.00205608361199194,0.135371483871919,0.000694073550908531,0.141505410326753,-0.00543985290392501,0.136221556425246,-0.000155999002418639
"Red-backed Fairywren",0.779687070781405,0.781869667709594,-0.0021825969281889,0.782334814872564,-0.00264774409115964,0.775806885620241,0.00388018516116329,0.773288692941305,0.00639837784009989,0.779315669541494,0.000371401239910529,0.776035798568265,0.00365127221313932,0.775498341324398,0.0041887294570071,0.777836834474515,0.0018502363068893,0.779349587744408,0.000337483036996211,0.777528229309265,0.00215884147213918,0.785449664316739,-0.00576259353533459,0.774588839559801,0.00509823122160358
"Australian Owlet-nightjar",0.40225798844458,0.416533090430961,-0.0142751019863808,0.402207884132114,5.01043124662703e-05,0.401646084869407,0.000611903575172767,0.405078176950029,-0.00282018850544846,0.402488531158784,-0.000230542714204418,0.402950302371518,-0.000692313926938359,0.403609852002069,-0.00135186355748929,0.401508903238042,0.000749085206538269,0.397968085937469,0.00428990250711081,0.404928387621431,-0.00267039917685136,0.400814795763867,0.00144319268071347,0.402016438964389,0.000241549480190617
"Yellow-tufted Honeyeater",0.656539422324127,0.65746093206035,-0.000921509736223847,0.659537452281833,-0.00299802995770604,0.663059666142497,-0.00652024381837013,0.66013863090476,-0.00359920858063323,0.652935173068597,0.00360424925552905,0.663607619355989,-0.00706819703186268,0.654165385418722,0.00237403690540483,0.657013122903438,-0.000473700579311953,0.639337996171056,0.0172014261530705,0.622208807536532,0.0343306147875948,0.64141167970836,0.0151277426157667,0.643399430266788,0.0131399920573387
"Horsfield's Bronze-Cuckoo",0.257422579389631,0.287726375954297,-0.0303037965646666,0.262019572173534,-0.00459699278390335,0.258001767239271,-0.000579187849640894,0.25801426226793,-0.000591682878299249,0.258612456398331,-0.00118987700870021,0.260252523789226,-0.00282994439959511,0.258169662255152,-0.000747082865520998,0.25558756276184,0.00183501662779095,0.25743486889955,-1.22895099191611e-05,0.253687689070203,0.00373489031942759,0.259047252888682,-0.00162467349905099,0.255837989646253,0.00158458974337805
"Sahul Brush Cuckoo",0.351549265408116,0.358828304305873,-0.00727903889775688,0.349221519102105,0.00232774630601068,0.356414870274033,-0.0048656048659167,0.352198367949863,-0.000649102541747049,0.347938514453796,0.00361075095432006,0.350906114747764,0.000643150660351366,0.352010115181314,-0.000460849773197824,0.351221328293664,0.000327937114451449,0.348306137493999,0.00324312791411718,0.351895665213348,-0.000346399805232322,0.344663453396145,0.00688581201197064,0.350785656990075,0.000763608418041295
"Pheasant Coucal",0.422399999794497,0.434654551020336,-0.0122545512258393,0.421807489882989,0.000592509911507666,0.427532037671826,-0.00513203787732947,0.424278797678294,-0.00187879788379752,0.420482477711092,0.00191752208340457,0.426658159774238,-0.00425815997974127,0.40586548660038,0.0165345131941166,0.421685057781541,0.000714942012955411,0.423700258371856,-0.00130025857735971,0.42355886403128,-0.00115886423678341,0.423586691230503,-0.00118669143600636,0.428589577573128,-0.00618957777863144
"Gray-crowned Babbler",0.634368004863605,0.674194681816767,-0.0398266769531623,0.620722498011002,0.0136455068526035,0.646664522043395,-0.0122965171797897,0.646747532492473,-0.0123795276288677,0.623807172103463,0.0105608327601422,0.636277652571312,-0.00190964770770718,0.637593770801283,-0.0032257659376782,0.645476383933699,-0.011108379070094,0.646298848889043,-0.0119308440254381,0.64917580996588,-0.0148078051022754,0.641324095409539,-0.0069560905459336,0.641463232983718,-0.00709522812011254
"Red-capped Robin",0.596667057590446,0.699819742313498,-0.103152684723052,0.593544761996766,0.00312229559368027,0.604433915627868,-0.00776685803742161,0.591904643394647,0.00476241419579915,0.594127037380246,0.0025400202102005,0.593479688482882,0.00318736910756423,0.594218510152394,0.00244854743805234,0.596604335800204,6.27217902419153e-05,0.603441460837672,-0.00677440324722611,0.596478988672115,0.000188068918331341,0.589562403150586,0.0071046544398603,0.593546485540488,0.00312057204995864
"Fuscous Honeyeater",0.786731772988086,0.797865571724084,-0.011133798735998,0.786167052420896,0.000564720567189814,0.788242554354462,-0.00151078136637672,0.786446272414317,0.000285500573768416,0.782622998953988,0.00410877403409726,0.786134313564588,0.000597459423498092,0.785922452766765,0.000809320221320298,0.785685277655782,0.00104649533230394,0.786794278190706,-6.25052026199668e-05,0.774284576894608,0.0124471960934774,0.782085446097725,0.00464632689036071,0.780667833491977,0.00606393949610873
"Australian Hobby",0.0800282712744066,0.0824010591853756,-0.00237278791096909,0.080234800143153,-0.000206528868746447,0.0799351039538181,9.31673205884082e-05,0.0792788669891631,0.000749404285243463,0.0802347257586317,-0.000206454484225155,0.0859785537652336,-0.00595028249082702,0.0825240668461522,-0.00249579557174565,0.0743207242545261,0.00570754701988048,0.0799350145266619,9.32567477446716e-05,0.0799329839659091,9.52873084974493e-05,0.0800286348754563,-3.6360104974098e-07,0.0796141377561333,0.000414133518273296
"Varied Sittella",0.180601774597813,0.17935262411362,0.00124915048419377,0.176847338427995,0.00375443616981788,0.178661383973012,0.00194039062480167,0.181378226089212,-0.000776451491399072,0.183257264650724,-0.00265549005291088,0.168096050331865,0.0125057242659488,0.177964433333667,0.00263734126414619,0.180927129570939,-0.000325354973125996,0.175905368145404,0.00469640645240901,0.17833169850554,0.00227007609227312,0.165956634715241,0.0146451398825724,0.184108705349166,-0.00350693075135219
"Brahminy Kite",0.485755090529569,0.528689292231792,-0.0429342017022224,0.487199301335361,-0.00144421080579149,0.487021333954102,-0.00126624342453258,0.485453766801072,0.000301323728497283,-0.424654135863334,0.910409226392903,0.488221450354467,-0.00246635982489735,0.485576052993436,0.00017903753613363,0.489144244173348,-0.00338915364377834,0.485987236266576,-0.000232145737006639,0.48684910886412,-0.00109401833455047,0.486014837438142,-0.000259746908573,0.488288916552827,-0.00253382602325797
"White-throated Needletail",0.350581865398817,0.374737956334641,-0.024156090935824,0.355603104814328,-0.00502123941551114,0.350795260085727,-0.000213394686909674,0.340782557916207,0.00979930748260965,0.352418916375972,-0.00183705097715542,0.350326705805133,0.00025515959368394,0.346307361362142,0.00427450403667495,0.344370169618906,0.00621169577991076,0.351187408385872,-0.000605542987055008,0.333718973442414,0.0168628919564029,0.350184345992167,0.00039751940664956,0.348775799149543,0.00180606624927415
"White-winged Triller",0.440966302733301,0.514693777835426,-0.0737274751021247,0.446161023926051,-0.00519472119274988,0.438290813011033,0.00267548972226789,0.436059111257208,0.00490719147609364,0.433952953352618,0.00701334938068315,0.434004563583433,0.00696173914986853,0.434278740056265,0.0066875626770363,0.448369506841745,-0.00740320410844353,0.443360175222587,-0.00239387248928596,0.441031674369763,-6.53716364614754e-05,0.433642620460326,0.0073236822729752,0.434213410472718,0.00675289226058279
"Australian Ringneck",0.621850684474742,0.71300966084286,-0.0911589763681184,0.627828824943751,-0.0059781404690098,0.657292945638177,-0.0354422611634357,0.632972146740118,-0.0111214622653765,0.724745151174799,-0.102894466700057,0.71233256772581,-0.0904818832510685,0.651061605600042,-0.0292109211253008,0.641779859770785,-0.0199291752960433,0.63704082865803,-0.0151901441832882,0.625532866677912,-0.00368218220317051,0.683447349919082,-0.0615966654443407,0.641197484624468,-0.019346800149726
"Brown Falcon",0.154138727559761,0.150082573962794,0.00405615359696757,0.155446026198786,-0.00130729863902423,0.154780314457334,-0.000641586897573043,0.15288489305555,0.00125383450421121,0.15478019430967,-0.00064146674990917,0.13684325675947,0.0172954708002912,0.159507767431623,-0.00536903987186191,0.154780274963086,-0.000641547403324894,0.153860442456254,0.000278285103506942,0.155063021485241,-0.00092429392547988,0.15623171257476,-0.00209298501499861,0.15434473598345,-0.000206008423688425
"Little Lorikeet",0.275547057177988,0.275500341285125,4.67158928632583e-05,0.274922626806022,0.000624430371965745,0.273034449632526,0.00251260754546251,0.267502192433482,0.008044864744506,0.274979108950014,0.000567948227974568,0.263778651480352,0.0117684056976358,0.275465029637543,8.20275404450621e-05,0.278016855399538,-0.00246979822155008,0.279427903616716,-0.00388084643872783,0.272718775867808,0.00282828131018048,0.268792589611163,0.00675446756682546,0.278310588580907,-0.0027635314029188
"Singing Honeyeater",0.590750032268933,0.62553565434325,-0.0347856220743173,0.584560487687767,0.00618954458116616,0.594099610773995,-0.00334957850506268,0.568776844974938,0.0219731872939952,0.585037932420801,0.00571209984813192,0.58737044497496,0.00337958729397281,0.578957724548993,0.0117923077199393,0.587978667327639,0.00277136494129393,0.581634406350949,0.0091156259179842,0.586221540568941,0.00452849169999214,0.557760393260428,0.0329896390085044,0.587295345263226,0.00345468700570717
"Sahul Cicadabird",0.436021996574127,0.452636189045384,-0.0166141924712571,0.440949925762617,-0.00492792918849072,0.438240989372445,-0.00221899279831866,0.437569927271933,-0.00154793069780595,0.432367846710961,0.00365414986316598,0.436473001833016,-0.000451005258889747,0.43857688815406,-0.00255489157993355,0.438583711786816,-0.00256171521268983,0.437738016783146,-0.00171602020901929,0.437385290375833,-0.00136329380170597,0.435162885879545,0.000859110694581999,0.432769639541141,0.00325235703298521
"Eastern Shrike-tit",0.340801909326563,0.351787512491034,-0.0109856031644716,0.339836202570658,0.000965706755904905,0.341109311403892,-0.000307402077329211,0.341811209211252,-0.00100929988468962,0.340683279790201,0.000118629536362158,0.337007993730375,0.00379391559618736,0.338160987443645,0.00264092188291798,0.340928041493695,-0.000126132167132309,0.339174819284861,0.00162709004170186,0.336278334386313,0.0045235749402503,0.339828062939036,0.000973846387526789,0.341814760823097,-0.00101285149653446
"Rose Robin",0.37742529368917,0.388924384587839,-0.0114990908986685,0.378495040833459,-0.00106974714428854,0.376789487181009,0.00063580650816103,0.367280469541308,0.0101448241478624,0.368220123851453,0.0092051698377173,0.371039366161568,0.0063859275276017,0.368609181122429,0.00881611256674109,0.378764958206064,-0.00133966451689399,0.378825909681377,-0.00140061599220725,0.374538112440406,0.00288718124876414,0.374281367844984,0.00314392584418582,0.377385909046337,3.93846428326516e-05
"Black Kite",0.448004610827512,0.506414293928566,-0.0584096831010543,0.449667205115478,-0.00166259428796545,0.446438540341819,0.00156607048569346,0.451013913360971,-0.00300930253345916,0.462543934570562,-0.0145393237430497,0.454901489457902,-0.00689687863039018,0.457818944654953,-0.00981433382744124,0.449906796174465,-0.00190218534695313,0.450203246131888,-0.00219863530437581,0.456784941899159,-0.00878033107164733,0.448517568097829,-0.000512957270316916,0.45183442664835,-0.00382981582083791
"European Goldfinch",0.417109247824774,0.353548996076419,0.0635602517483554,0.448245414694408,-0.0311361668696344,0.439992137274057,-0.0228828894492826,0.439607375195217,-0.0224981273704432,0.416041027806847,0.00106822001792695,0.458847856989411,-0.0417386091646369,0.460060111520471,-0.0429508636956974,0.439034471627572,-0.0219252238027978,0.42077715530464,-0.00366790747986567,0.441965613036198,-0.0248563652114236,0.417130466792899,-2.121896812457e-05,0.416738970098624,0.000370277726149892
"Yellow-throated Miner",0.469810748143466,0.561102765105361,-0.0912920169618945,0.531165314014129,-0.0613545658706631,0.544818462820946,-0.0750077146774796,0.479539823136634,-0.00972907499316733,0.543651181975967,-0.0738404338325012,0.484310941970206,-0.0145001938267399,0.419654677534842,0.0501560706086239,0.454529465557296,0.0152812825861703,0.493081577553291,-0.0232708294098247,0.55946997289398,-0.0896592247505138,0.514032294233596,-0.0442215460901297,0.568926941177086,-0.0991161930336201
"Azure Kingfisher",0.251025549949073,0.261769890444903,-0.0107443404958295,0.24745905687459,0.00356649307448317,0.252897461705864,-0.00187191175679091,0.250603964095266,0.000421585853807527,0.24655760852696,0.00446794142211268,0.252370478044786,-0.00134492809571291,0.247009560945571,0.00401598900350184,0.249990432196451,0.00103511775262202,0.249937559624353,0.00108799032472001,0.251131782017599,-0.000106232068525836,0.248517171013437,0.00250837893563571,0.247892349088847,0.00313320086022556
"Yellow-throated Scrubwren",0.758498198169412,0.771348149822242,-0.01284995165283,0.764608129398662,-0.00610993122925085,0.758920074775588,-0.000421876606176652,0.751113075286302,0.00738512288310911,0.759759433623545,-0.00126123545413359,0.759632008408929,-0.0011338102395172,0.759582523322633,-0.00108432515322099,0.760243418424569,-0.00174522025515789,0.762052884507648,-0.00355468633823597,0.758932036172047,-0.000433838002635412,0.759464338810059,-0.000966140640647484,0.759756276510776,-0.0012580783413646
"Brown-headed Honeyeater",0.4927966312814,0.502692203712565,-0.00989557243116473,0.48955313060253,0.00324350067886991,0.487076598500929,0.00572003278047178,0.484610672106424,0.00818595917497655,0.487136536146403,0.00566009513499754,0.499114819111421,-0.00631818783002092,0.494765328152291,-0.00196869687089041,0.490574469818315,0.00222216146308513,0.488616037048241,0.00418059423315942,0.491491185380679,0.00130544590072101,0.486104614532167,0.00669201674923381,0.490630566094432,0.00216606518696805
"Brown Quail",0.311463774030773,0.348755578041044,-0.0372918040102712,0.312245842605915,-0.000782068575141959,0.328029267231974,-0.0165654932012009,0.319719858517622,-0.00825608448684895,0.329398416292642,-0.0179346422618694,0.317866038090199,-0.00640226405942562,0.334587319026047,-0.023123544995274,0.342260285212847,-0.0307965111820735,0.320943215827533,-0.00947944179675997,0.319647801599433,-0.00818402756865994,0.292856810789266,0.0186069632415071,0.306360381235697,0.00510339279507604
"Rufous Songlark",0.560854371340669,0.606874247981452,-0.0460198766407832,0.559709777124333,0.00114459421633573,0.558587731025105,0.00226664031556367,0.56252566580947,-0.00167129446880165,0.568643412586509,-0.00778904124584068,0.564255677545436,-0.00340130620476742,0.564399952532698,-0.00354558119202952,0.562797970713591,-0.00194359937292243,0.560166926678952,0.000687444661716552,0.561359431413819,-0.000505060073150654,0.559952666305024,0.00090170503564424,0.56774172739732,-0.00688735605665114
"Buff-rumped Thornbill",0.612616761741805,0.63969193650567,-0.0270751747638648,0.613254067864,-0.000637306122194814,0.614023038177669,-0.00140627643586366,0.615561620276862,-0.0029448585350571,0.614226105632482,-0.00160934389067724,0.606411642841419,0.00620511890038622,0.616407030226721,-0.0037902684849157,0.615082517774326,-0.00246575603252075,0.608183054048446,0.00443370769335938,0.614257680452009,-0.00164091871020433,0.613939856604137,-0.00132309486233195,0.616378593550579,-0.00376183180877443
"Tawny Grassbird",0.463395859172084,0.473987583348195,-0.0105917241761116,0.464857095466415,-0.00146123629433115,0.465161844078775,-0.00176598490669105,0.45692432926067,0.00647152991141425,0.480602502535494,-0.01720664336341,0.479605983150088,-0.0162101239780038,0.456290166236927,0.00710569293515717,0.466155322013996,-0.00275946284191181,0.466063982523703,-0.00266812335161937,0.468930150554243,-0.00553429138215933,0.473231271670596,-0.00983541249851189,0.460417841197194,0.00297801797488956
"Little Friarbird",0.552688902883915,0.579943237669542,-0.0272543347856266,0.554252291173588,-0.00156338828967317,0.544530391281927,0.00815851160198844,0.55675711852111,-0.00406821563719495,0.561034032827801,-0.00834512994388592,0.559711499637595,-0.00702259675367989,0.553099516049373,-0.000410613165458096,0.557059441284686,-0.00437053840077084,0.553381177050256,-0.000692274166340989,0.545983811603489,0.00670509128042585,0.55572188349227,-0.00303298060835488,0.559740759371222,-0.00705185648730677
"Topknot Pigeon",0.234968124564027,0.251188219097968,-0.0162200945339417,0.203048587944707,0.0319195366193198,0.173932906922321,0.0610352176417053,0.191566080498188,0.0434020440658384,0.20831173632559,0.0266563882384366,0.246673607182227,-0.0117054826182005,0.135770403961948,0.0991977206020787,0.229466263334017,0.00550186123000965,0.264616736950445,-0.0296486123864186,0.184643429351334,0.0503246952126925,0.23775958299538,-0.0027914584313537,0.179635185152632,0.0553329394113943
"Apostlebird",0.569809189133239,0.665502340469793,-0.0956931513365546,0.629196954319716,-0.0593877651864768,0.570534244485381,-0.000725055352142179,0.590001280764447,-0.0201920916312084,0.58246173904245,-0.0126525499092114,0.569517194402078,0.000291994731160927,0.569820985918391,-1.1796785152618e-05,0.570091748652968,-0.000282559519729553,0.570536945292495,-0.000727756159256576,0.606707344855506,-0.0368981557222675,0.607747870068965,-0.0379386809357266,0.570411663250151,-0.000602474116911944
"Brown Treecreeper",0.693746629211945,0.747727980531954,-0.0539813513200086,0.69196214149473,0.00178448771721562,0.688391654834239,0.00535497437770616,0.686938070208735,0.00680855900320987,0.695561735492441,-0.0018151062804953,0.693665291473513,8.13377384321079e-05,0.6909403943382,0.00280623487374532,0.697814282631119,-0.00406765341917348,0.689957894755992,0.00378873445595318,0.698018391285429,-0.00427176207348412,0.689362801837749,0.00438382737419651,0.687683996057622,0.00606263315432365
"Spangled Drongo",0.502800971617578,0.531936959132246,-0.0291359875146686,0.50146746708936,0.00133350452821723,0.501942124709725,0.000858846907853095,0.501459072655042,0.00134189896253611,0.502873401116051,-7.24294984728591e-05,0.505292125154243,-0.0024911535366654,0.502738451028838,6.25205887401226e-05,0.502988827717459,-0.0001878560998817,0.502653301632991,0.000147669984586374,0.502957346388806,-0.000156374771228096,0.502751550238695,4.94213788830855e-05,0.502757568918625,4.34026989524217e-05
"Restless Flycatcher",0.416329543783681,0.423678667344918,-0.0073491235612369,0.415124120803114,0.00120542298056758,0.413875656617328,0.00245388716635336,0.410530158929268,0.00579938485441311,0.413233746778609,0.00309579700507268,0.42103630632641,-0.00470676254272834,0.412669691522741,0.0036598522609404,0.412666701924937,0.00366284185874466,0.409919212828116,0.00641033095556548,0.414683936967378,0.00164560681630338,0.409565818708114,0.00676372507556738,0.415105443865843,0.00122409991783784
"Large-billed Scrubwren",0.583979083501738,0.585991565110052,-0.00201248160831324,0.589736206261637,-0.00575712275989826,0.583931568762509,4.75147392294817e-05,0.587322875128287,-0.00334379162654841,0.583040125311937,0.000938958189801387,0.586290655604913,-0.00231157210317512,0.585430607879966,-0.00145152437822804,0.587604836513109,-0.00362575301137025,0.584289876535882,-0.000310793034143719,0.580463375465361,0.00351570803637746,0.585811745065727,-0.00183266156398909,0.585239245635668,-0.0012601621339301
"Long-billed Corella",0.0399221035264468,0.0375430697228169,0.00237903380362989,0.0613494733957049,-0.0214273698692581,0.0346469567439979,0.00527514678244884,-0.129899924242205,0.169822027768652,0.0197165673208983,0.0202055362055485,0.0219708441159358,0.017951259410511,0.0347320035419088,0.00519009998453795,-0.170032895314438,0.209954998840885,-0.110719905522092,0.150642009048538,-0.000260132244042008,0.0401822357704888,-0.199306056461308,0.239228159987755,-0.160514443420225,0.200436546946672
"Little Grassbird",0.423112848125344,0.457419568311893,-0.0343067201865488,0.421936557004667,0.00117629112067719,0.423540671208249,-0.000427823082904566,0.425752872143285,-0.00264002401794072,0.423575563742044,-0.00046271561670036,0.425377908630882,-0.00226506050553776,0.408957047358898,0.0141558007664464,0.406057335160967,0.0170555129643771,0.421175722612072,0.00193712551327174,0.428749791953217,-0.005636943827873,0.424269497138573,-0.00115664901322871,0.403154785442788,0.0199580626825555
"Leaden Flycatcher",0.424073496546868,0.426774357693994,-0.00270086114712598,0.427111375206534,-0.00303787865966609,0.425705434126508,-0.00163193757963986,0.426654184704143,-0.00258068815727464,0.424508439814648,-0.000434943267779486,0.417455361524232,0.0066181350226362,0.422561454174599,0.00151204237226948,0.425446183592607,-0.00137268704573862,0.422481921421794,0.00159157512507396,0.423826112665885,0.000247383880983498,0.425973395474062,-0.00189989892719361,0.425213537718222,-0.00114004117135402
"Striped Honeyeater",0.550238927368077,0.543391245518371,0.00684768184970574,0.552157756604424,-0.00191882923634701,0.556713369297635,-0.00647444192955848,0.556233888105383,-0.0059949607373061,0.546333266893926,0.00390566047415009,0.552496163166338,-0.0022572357982612,0.553051900636733,-0.00281297326865637,0.54641543069767,0.00382349667040693,0.551829899552731,-0.00159097218465465,0.55704464674118,-0.00680571937310359,0.555138978042525,-0.00490005067444799,0.545783121542263,0.00445580582581351
"Double-barred Finch",0.592957520086511,0.562952761360041,0.0300047587264703,0.593814802202203,-0.000857282115691471,0.588871724210749,0.00408579587576197,0.589819632720499,0.00313788736601273,0.583813061076445,0.00914445901006622,0.590063209893304,0.00289431019320763,0.587433165641646,0.00552435444486499,0.583399738989736,0.00955778109677563,0.592352159128139,0.00060536095837227,0.583530523726193,0.00942699636031874,0.579897293394994,0.0130602266915172,0.593639674945266,-0.000682154858754891
"Tawny Frogmouth",0.206669277410871,0.229675179249136,-0.0230059018382656,0.20551831598298,0.00115096142789006,0.202890833110276,0.00377844430059487,0.206127827308274,0.000541450102596763,0.190402200109864,0.0162670773010064,0.203442488057488,0.00322678935338208,0.206446375158987,0.000222902251883206,0.202180337468155,0.00448893994271507,0.206087074460522,0.000582202950348415,0.200470108146937,0.00619916926393371,0.20288013524682,0.00378914216405038,0.199340937543082,0.00732833986778864
"Green Catbird",0.550466678327985,0.604677006843607,-0.0542103285156226,0.553341486993297,-0.00287480866531242,0.551077282074114,-0.000610603746129867,0.548469354908738,0.0019973234192463,0.54691573099088,0.00355094733710459,0.550067585500294,0.000399092827690795,0.551613012827806,-0.00114633449982138,0.553212591017744,-0.00274591268975988,0.553176675843115,-0.00270999751513024,0.546920221656484,0.00354645667150089,0.551209327651256,-0.000742649323271283,0.549345918891727,0.00112075943625767
"Swamp Harrier",0.239206042653367,0.272045617639307,-0.03283957498594,0.239043474120653,0.000162568532713708,0.245850479285536,-0.00664443663216849,0.238732826070378,0.000473216582989294,0.240718237479504,-0.00151219482613693,0.245311767554165,-0.00610572490079794,0.241262620300369,-0.00205657764700223,0.238976647834417,0.000229394818949819,0.2426348402094,-0.0034287975560327,0.245652917727153,-0.00644687507378625,0.24193793588113,-0.00273189322776241,0.238193330910826,0.00101271174254119
"Brown Goshawk",0.129225416463678,0.129914369638296,-0.00068895317461784,0.12542009983299,0.00380531663068839,0.128253384609039,0.000972031854639344,0.130516548229637,-0.00129113176595924,0.130272138470058,-0.00104672200637965,0.129451845220593,-0.000226428756914865,0.127350054894252,0.00187536156942594,0.12967503459995,-0.000449618136271368,0.129443444094311,-0.000218027630633111,0.129465175664924,-0.000239759201246192,0.130231192796219,-0.00100577633254059,0.126860474443524,0.00236494202015458
"Shining Bronze-Cuckoo",0.252803767359059,0.262025044778858,-0.00922127741979845,0.252433502454597,0.000370264904461792,0.251942170618765,0.000861596740293791,0.25469364595168,-0.0018898785926208,0.252404497177106,0.000399270181953515,0.255189969637322,-0.00238620227826297,0.254553637581773,-0.00174987022271383,0.251891685297241,0.000912082061818253,0.255451259989371,-0.00264749263031183,0.253672847214538,-0.000869079855478683,0.252620883118807,0.000182884240252423,0.252116177081751,0.000687590277308303
"Jacky-winter",0.516433968287804,0.599787070582989,-0.0833531022951842,0.510535857840177,0.00589811044762745,0.511175175570415,0.00525879271738894,0.510968854179075,0.00546511410872985,0.506844048628405,0.00958991965939904,0.509755301634935,0.00667866665286898,0.511206375277363,0.0052275930104414,0.518990774052137,-0.0025568057643327,0.508860275335552,0.00757369295225196,0.511507641273696,0.00492632701410878,0.512398588098722,0.00403538018908245,0.509089153371294,0.00734481491650996
"Dusky Woodswallow",0.476621119645675,0.467436733970741,0.00918438567493413,0.469587415554446,0.00703370409122916,0.476344397778593,0.00027672186708233,0.478124575013626,-0.00150345536795016,0.476694013921705,-7.28942760298557e-05,0.479777080138896,-0.0031559604932207,0.471543352762213,0.00507776688346229,0.474992384091966,0.00162873555370951,0.478245118991946,-0.00162399934627017,0.479455733411992,-0.00283461376631705,0.480870050041058,-0.00424893039538227,0.472812853614818,0.00380826603085788
"Wedge-tailed Eagle",0.245056684716947,0.276093273698964,-0.0310365889820169,0.24702676332685,-0.00197007860990278,0.244096279393557,0.000960405323390229,0.246135550284369,-0.00107886556742137,0.251732660377495,-0.00667597566054809,0.247794455719607,-0.00273777100265993,0.247308497339017,-0.00225181262206933,0.241334712473334,0.00372197224361384,0.246178107669533,-0.00112142295258585,0.24689793593263,-0.00184125121568224,0.247476106203206,-0.00241942148625884,0.246915796860275,-0.0018591121433279
"Australian Pipit",0.243987862698734,0.216205032018238,0.0277828306804961,0.24117688475614,0.00281097794259469,0.24340705277534,0.000580809923394127,0.24238484583311,0.00160301686562414,0.237302556839657,0.00668530585907715,0.237330319692795,0.00665754300593896,0.235035193057283,0.00895266964145142,0.243281191107906,0.000706671590828073,0.243113518398615,0.000874344300119595,0.244218753148986,-0.000230890450251348,0.24230608248368,0.00168178021505389,0.240040454746286,0.00394740795244805
"Black-faced Monarch",0.629137191450975,0.635399921846096,-0.00626273039512026,0.629139876334647,-2.68488367183295e-06,0.62292817140319,0.00620902004778545,0.628441427559921,0.000695763891053969,0.629657033711858,-0.000519842260883197,0.62233319393828,0.00680399751269489,0.629768472485741,-0.000631281034765285,0.620682389640881,0.00845480181009417,0.629771913301043,-0.000634721850067854,0.624972793629167,0.004164397821808,0.627821705743085,0.00131548570789053,0.629524846284282,-0.00038765483330705
"Osprey",0.46103001710176,0.496627503018475,-0.0355974859167154,0.454316755356455,0.0067132617453049,0.458966550518001,0.00206346658375828,0.458652774812049,0.0023772422897112,0.460124073882509,0.000905943219250693,0.461542357629023,-0.000512340527263511,0.460796156148258,0.000233860953501808,0.461613607379466,-0.000583590277706048,0.456895812746531,0.00413420435522877,0.461314710848919,-0.000284693747159226,0.460880324594852,0.000149692506907828,0.45779903477047,0.00323098233129021
"Rainbow Bee-eater",0.561153578502867,0.576985637653334,-0.0158320591504677,0.560214655250499,0.000938923252367219,0.562902877752125,-0.00174929924925804,0.55520095674066,0.00595262176220623,0.550733071517054,0.0104205069858123,0.559643787780941,0.00150979072192525,0.555389320738816,0.00576425776405087,0.548934670403808,0.0122189080990588,0.553901203218239,0.00725237528462797,0.560632413989503,0.000521164513363037,0.556602192025145,0.00455138647772191,0.553744638729461,0.00740893977340507
"Common Bronzewing",0.474883319912449,0.504206712508862,-0.0293233925964129,0.482438324770465,-0.00755500485801552,0.478922742568652,-0.00403942265620238,0.475854537852791,-0.00097121794034194,0.481710270198271,-0.0068269502858217,0.47971837401487,-0.0048350541024203,0.476517251347884,-0.00163393143543428,0.476265350641107,-0.00138203072865811,0.477600637720546,-0.00271731780809636,0.476145739782248,-0.00126241986979903,0.481471100582793,-0.00658778067034349,0.475943574421247,-0.00106025450879771
"Weebill",0.604577841262225,0.623949600965433,-0.0193717597032083,0.604287035385704,0.000290805876520417,0.602998779137621,0.00157906212460401,0.603747113947988,0.000830727314236279,0.604043341507744,0.000534499754480944,0.60534163882123,-0.000763797559005241,0.607230551010986,-0.00265270974876153,0.603896449093387,0.000681392168837225,0.60170006767956,0.00287777358266483,0.597577264066514,0.00700057719571023,0.603969078457816,0.000608762804408469,0.6112863629865,-0.00670852172427505
"Australian Rufous Fantail",0.488989092701321,0.491503248681726,-0.0025141559804045,0.4878107292928,0.00117836340852179,0.487721168568437,0.00126792413288451,0.488608234635012,0.000380858066309719,0.485600168428668,0.00338892427265303,0.486680049961454,0.0023090427398671,0.488609490059232,0.000379602642089583,0.48882977661127,0.000159316090051598,0.487498282073107,0.00149081062821405,0.487345709716318,0.00164338298500372,0.488223547705524,0.000765544995797229,0.49027277899986,-0.00128368629853842
"White-throated Gerygone",0.510780827496546,0.513243004310796,-0.00246217681425021,0.510770757182106,1.00703144397807e-05,0.509616363422123,0.00116446407442272,0.510573291674521,0.000207535822024818,0.509375336486255,0.00140549101029108,0.506588801848632,0.00419202564791421,0.509258140098585,0.00152268739796058,0.510033050244548,0.000747777251997817,0.509599344048016,0.00118148344852997,0.499562287968656,0.0112185395278898,0.50955677136771,0.00122405612883636,0.507626224242373,0.00315460325417261
"White-naped Honeyeater",0.389444390570834,0.408825761070814,-0.0193813704999791,0.393764293792247,-0.00431990322141218,0.390909819494332,-0.00146542892349738,0.388542757887137,0.000901632683697307,0.389149577781004,0.00029481278983029,0.393875870070477,-0.00443147949964279,0.393429854966297,-0.00398546439546293,0.386618036700269,0.00282635387056562,0.386903553614134,0.00254083695670065,0.394963974727689,-0.00551958415685438,0.389158506884394,0.000285883686440835,0.384420239170401,0.00502415140043361
"White-eared Honeyeater",0.565826333724773,0.569343441416386,-0.00351710769161351,0.564901713696594,0.000924620028178502,0.561602056210886,0.00422427751388676,0.553437705137489,0.0123886285872833,0.550238329503838,0.0155880042209343,0.564223638929268,0.00160269479550512,0.562219027307673,0.00360730641709917,0.562755915265144,0.00307041845962874,0.564946357626563,0.000879976098210111,0.564842941441477,0.000983392283295248,0.564122367601705,0.00170396612306745,0.566101844613069,-0.00027551088829636
"White-breasted Woodswallow",0.564652339541101,0.591926180997469,-0.0272738414563679,0.579818833249014,-0.0151664937079126,0.568829232529202,-0.00417689298810131,0.571013059536544,-0.00636071999544274,0.572480948174899,-0.00782860863379831,0.569644385894438,-0.00499204635333739,0.569719390481309,-0.00506705094020798,0.575728632776392,-0.0110762932352915,0.573283648752163,-0.00863130921106159,0.573346877458809,-0.00869453791770847,0.569339495259018,-0.00468715571791689,0.570929877171588,-0.00627753763048755
"Spiny-cheeked Honeyeater",0.778487042038819,0.781585206391534,-0.00309816435271471,0.781086466948954,-0.0025994249101351,0.77784508495794,0.000641957080878996,0.779551422181317,-0.0010643801424981,0.7793725640828,-0.000885522043980291,0.779644035734544,-0.00115699369572453,0.780178226430954,-0.00169118439213423,0.781162571728598,-0.00267552968977836,0.780821101002569,-0.00233405896374961,0.779566662973418,-0.00107962093459846,0.783270012594608,-0.00478297055578847,0.777923108876656,0.000563933162163854
"White-headed Pigeon",0.397781284924467,0.415752587388525,-0.0179713024640578,0.41317361114564,-0.0153923262211726,0.381145803215336,0.0166354817091315,0.404655518994781,-0.00687423407031384,0.399693601408055,-0.00191231648358747,0.401076941866633,-0.00329565694216588,0.378994653611144,0.0187866313133235,0.362807774916327,0.03497351000814,0.382634614391896,0.0151466705325716,0.364701038897493,0.0330802460269747,0.390465215377397,0.00731606954707065,0.385969452563043,0.0118118323614241
"Peaceful Dove",0.581684958553659,0.621201247554956,-0.0395162890012966,0.578530271935974,0.0031546866176857,0.581573447004296,0.000111511549363397,0.58101755906991,0.00066739948374972,0.582309684070288,-0.000624725516628732,0.579328515754109,0.00235644279955005,0.582752208621688,-0.00106725006802855,0.580660085721588,0.0010248728320712,0.580294188332246,0.00139077022141332,0.580816006420019,0.000868952133640022,0.581785699824488,-0.00010074127082893,0.581755595805716,-7.06372520563603e-05
"Fairy Martin",0.301605996324725,0.303902308721716,-0.00229631239699168,0.31334402445,-0.0117380281252749,0.288076567472228,0.013529428852497,0.302387532356958,-0.000781536032233632,0.31600870448339,-0.0144027081586653,0.311709116040723,-0.0101031197159984,0.282721730167322,0.0188842661574029,0.305590036045232,-0.00398403972050704,0.311576174876215,-0.00997017855149024,0.314959906568458,-0.0133539102437329,0.315333510072051,-0.0137275137473266,0.306046376447578,-0.0044403801228533
"Superb Lyrebird",0.604614040567285,0.615389552480483,-0.0107755119131983,0.603107454608764,0.00150658595852105,0.605083597036967,-0.000469556469682386,0.604529698497858,8.43420694264241e-05,0.604174999542747,0.000439041024537956,0.604571048770269,4.29917970156124e-05,0.603406417442197,0.00120762312508749,0.604458552814709,0.000155487752575456,0.604274584443149,0.000339456124135551,0.596846303321351,0.00776773724593327,0.604124707266531,0.000489333300753292,0.604378873254065,0.00023516731321982
"Channel-billed Cuckoo",0.442689143063819,0.455460582102546,-0.0127714390387266,0.443397213867278,-0.000708070803459027,0.442637664739196,5.14783246234884e-05,0.442663956554834,2.51865089849201e-05,0.442885837780561,-0.000196694716741719,0.442281415221536,0.000407727842283434,0.442355564222642,0.000333578841177573,0.442896621728087,-0.000207478664267957,0.443912876556947,-0.00122373349312749,0.442291719228519,0.000397423835299837,0.443685275691772,-0.000996132627952451,0.442799744265883,-0.000110601202063465
"Scaly-breasted Lorikeet",0.43487028251428,0.469051479419745,-0.0341811969054657,0.44009811606237,-0.00522783354808981,0.435447653816734,-0.000577371302453888,0.425626864395448,0.00924341811883161,0.441972832225173,-0.00710254971089358,0.443939850764523,-0.00906956825024302,0.452385540937673,-0.0175152584233932,0.427717122300995,0.00715316021328499,0.446635056806772,-0.0117647742924923,0.434021740464732,0.00084854204954754,0.435790123521265,-0.000919841006985722,0.448108798030272,-0.0132385155159921
"Tree Martin",0.162137077649663,0.200590322458112,-0.0384532448084494,0.186235988225038,-0.0240989105753752,0.194311326358818,-0.0321742487091551,0.183464144690653,-0.0213270670409897,0.185597633504354,-0.0234605558546912,0.140954324893462,0.021182752756201,0.160051862321741,0.0020852153279225,0.186022516690057,-0.0238854390403939,0.183938030263285,-0.0218009526136215,0.218994863122566,-0.0568577854729025,0.185821077667523,-0.0236840000178603,0.196351690547595,-0.0342146128979317
"Black-shouldered Kite",0.0634028722990678,0.204466609749257,-0.141063737450189,0.0655346265108906,-0.00213175421182273,0.0675306348879081,-0.0041277625888403,0.0646334753990428,-0.00123060309997496,0.061974600924869,0.00142827137419878,0.0643541658689735,-0.000951293569905684,0.0628924467683201,0.000510425530747774,0.0640095615647445,-0.000606689265676724,0.069174843785763,-0.00577197148669514,0.0622789279956011,0.0011239443034667,0.0577399701941812,0.00566290210488663,0.0623703452407928,0.00103252705827499
"White-winged Chough",0.598136040125468,0.622318457927964,-0.0241824178024969,0.602304903708235,-0.00416886358276769,0.598441742133166,-0.000305702007698305,0.59860126123844,-0.000465221112972758,0.597159284020477,0.000976756104990373,0.600551772419426,-0.00241573229395808,0.597068213598087,0.00106782652738036,0.597233883741096,0.000902156384371411,0.600323429845805,-0.00218738972033716,0.591062073622223,0.00707396650324477,0.590338151858468,0.00779788826699945,0.601931617214103,-0.00379557708863587
"Golden-headed Cisticola",0.335354506762849,0.410043537681307,-0.0746890309184577,0.341611432641097,-0.0062569258782475,0.334738108220466,0.000616398542382601,0.343134352418825,-0.00777984565597578,0.338924865906566,-0.00357035914371717,0.349856241871046,-0.0145017351081966,0.358292259337301,-0.022937752574452,0.3352639807448,9.0526018049264e-05,0.337918357233727,-0.00256385047087826,0.343497772027533,-0.00814326526468401,0.333217212231165,0.00213729453168437,0.339655910355473,-0.00430140359262371
"Little Raven",0.51588168163999,0.544645602167742,-0.0287639205277516,0.509365574595736,0.00651610704425498,0.509736625968138,0.00614505567185275,0.518897282234693,-0.00301560059470218,0.521174389098273,-0.0052927074582827,0.510113801818092,0.00576787982189852,0.506579511861302,0.0093021697786887,0.512444749095869,0.00343693254412147,0.511981031310487,0.00390065032950326,0.515205351769809,0.000676329870181958,0.514828957335015,0.00105272430497516,0.509529235693371,0.00635244594661977
"White-cheeked Honeyeater",0.527823646733965,0.517534796252709,0.0102888504812559,0.538085793231733,-0.0102621464977685,0.533630407076207,-0.0058067603422417,0.518913895200202,0.00890975153376272,0.533102393779199,-0.00527874704523423,0.519965158603821,0.00785848813014434,0.522773133292603,0.00505051344136165,0.536375806895035,-0.00855216016106985,0.532228470204349,-0.00440482347038396,0.533682065544945,-0.00585841881097959,0.534229459197935,-0.00640581246397021,0.535881912693951,-0.00805826595998571
"Brown Honeyeater",0.651187910667411,0.644131484934847,0.00705642573256482,0.650307552059595,0.00088035860781599,0.64782107313441,0.0033668375330016,0.649075620984801,0.0021122896826099,0.649895782287399,0.00129212838001214,0.65159462633555,-0.000406715668138546,0.651062851913669,0.000125058753742802,0.651632091120693,-0.000444180453281429,0.64339997703951,0.00778793362790153,0.647482791873206,0.00370511879420565,0.651090241266212,9.7669401199374e-05,0.644463631156007,0.00672427951140442
"Wonga Pigeon",0.422116733091617,0.424806448925477,-0.00268971583386018,0.422396607627704,-0.000279874536087521,0.42355407213215,-0.00143733904053311,0.421778284073922,0.000338449017694309,0.419335803297727,0.00278092979388928,0.422689849295426,-0.000573116203809343,0.422820484852146,-0.000703751760529558,0.422354578398563,-0.000237845306946483,0.424431596400383,-0.00231486330876635,0.416051687157795,0.00606504593382173,0.422799831212305,-0.00068309812068823,0.422151264179223,-3.45310876068705e-05
"Musk Lorikeet",0.343489607587089,0.354560656120817,-0.0110710485337287,0.342811552236381,0.000678055350707307,0.343277194952662,0.00021241263442634,0.343435047503501,5.45600835873961e-05,0.347844500253789,-0.00435489266670014,0.346588097449467,-0.00309848986237793,0.337213221724728,0.00627638586236073,0.347078701844623,-0.00358909425753445,0.343573279418684,-8.3671831595078e-05,0.348488413315613,-0.0049988057285249,0.353028011495803,-0.00953840390871469,0.346096818276008,-0.00260721068891956
"Brown Cuckoo-Dove",0.482778284302994,0.480231146905613,0.00254713739738088,0.483185946918637,-0.000407662615642623,0.483225042112871,-0.000446757809876575,0.483161382091952,-0.000383097788958009,0.482994500795551,-0.000216216492556598,0.481273523304938,0.00150476099805563,0.48325266808088,-0.000474383777886278,0.484374652794841,-0.00159636849184663,0.478392077312839,0.00438620699015546,0.482111709873358,0.000666574429636246,0.479158889526163,0.00361939477683126,0.48273664629969,4.16380033037012e-05
"Bell Miner",0.517297228029129,0.539766152046976,-0.0224689240178466,0.521939413645943,-0.00464218561681418,0.521569890869616,-0.00427266284048633,0.525879728209813,-0.00858250018068418,0.524118996332611,-0.0068217683034818,0.520060791547787,-0.00276356351865781,0.532712111436487,-0.0154148834073574,0.517446636077469,-0.000149408048339739,0.526475692141413,-0.00917846411228374,0.515648188027127,0.00164904000200272,0.507913651507266,0.00938357652186306,0.520906678205482,-0.00360945017635295
"Dollarbird",0.455404300743645,0.476988568198636,-0.0215842674549913,0.457623589459429,-0.00221928871578442,0.45639443533622,-0.000990134592575298,0.45743689440279,-0.0020325936591451,0.449260380577261,0.00614392016638426,0.457063741003045,-0.00165944025940029,0.455416988649944,-1.26879062991025e-05,0.455375341257376,2.89594862686871e-05,0.456113681411561,-0.000709380667915593,0.455902003190638,-0.000497702446992987,0.456764863378815,-0.00136056263517037,0.457201295192304,-0.00179699444865944
"Australian Brushturkey",0.477116558267437,0.523024153446992,-0.0459075951795549,0.477094599635997,2.19586314399445e-05,0.468930767794967,0.00818579047247003,0.474853272482468,0.00226328578496854,0.477159070473514,-4.25122060769278e-05,0.468119088331385,0.00899746993605133,0.474327188874603,0.00278936939283336,0.47434033114227,0.0027762271251669,0.461518792251092,0.0155977660163449,0.467682075235309,0.00943448303212741,0.467993181650271,0.00912337661716578,0.468711847549067,0.00840471071837029
"Mistletoebird",0.286602010319481,0.300056387080849,-0.013454376761368,0.286527447029404,7.45632900771009e-05,0.287355940905979,-0.000753930586497475,0.287888803399445,-0.00128679307996421,0.286564565090519,3.74452289617078e-05,0.289178892914269,-0.00257688259478811,0.287043228280779,-0.000441217961298035,0.284693766344263,0.00190824397521794,0.288641518063553,-0.00203950774407158,0.288724444435539,-0.00212243411605773,0.28731339947989,-0.000711389160408527,0.286031405329384,0.000570604990097145
"Blue-faced Honeyeater",0.489302299271903,0.49271935626891,-0.00341705699700678,0.489824964677667,-0.0005226654057639,0.488260568582708,0.00104173068919455,0.488045055796883,0.00125724347501982,0.492286571970564,-0.00298427269866131,0.488341999751068,0.000960299520835262,0.493507322720128,-0.00420502344822477,0.492004627556049,-0.00270232828414624,0.490260532398438,-0.000958233126534924,0.487482983491678,0.0018193157802246,0.488156110132973,0.00114618913892983,0.490241249501755,-0.000938950229852298
"Whistling Kite",0.446864210276131,0.456953627242397,-0.0100894169662664,0.446177357807141,0.000686852468990307,0.444737162330936,0.00212704794519519,0.448587084377549,-0.00172287410141808,0.443931385999282,0.00293282427684954,0.446212950854288,0.000651259421842965,0.443351796819558,0.00351241345657316,0.447260768227106,-0.000396557950974874,0.447065961263672,-0.000201750987541327,0.447094983263003,-0.000230772986872019,0.446155148208143,0.00070906206798782,0.447567576396019,-0.000703366119888138
"Nankeen Kestrel",0.243817957603973,0.247449949396362,-0.0036319917923896,0.241655430671022,0.00216252693295083,0.240355016486146,0.00346294111782622,0.245047688790836,-0.00122973118686287,0.242985387807039,0.000832569796933746,0.24323640802668,0.000581549577292478,0.24756871050871,-0.00375075290473692,0.241737453893802,0.00208050371017066,0.241112307951626,0.00270564965234699,0.229314954722033,0.0145030028819401,0.24148439504826,0.00233356255571293,0.240412316955953,0.00340564064801932
"Scarlet Myzomela",0.298553511930454,0.293495617234555,0.00505789469589935,0.298990038528695,-0.00043652659824156,0.298573510476229,-1.99985457752794e-05,0.295158308386519,0.00339520354393508,0.302405644463214,-0.00385213253275973,0.302401033660724,-0.0038475217302697,0.294849857850688,0.00370365407976636,0.297119652514831,0.00143385941562285,0.298767814090473,-0.000214302160018942,0.29256808265726,0.00598542927319401,0.299138573430695,-0.000585061500241402,0.298464819425792,8.86925046619802e-05
"Red-whiskered Bulbul",0.611620826511045,0.620782018171253,-0.00916119166020801,0.608515989050985,0.00310483746006063,0.609749797368182,0.00187102914286363,0.612356098202107,-0.00073527169106169,0.611901103432132,-0.000280276921086453,0.611494673282326,0.000126153228719228,0.609946068926254,0.00167475758479108,0.610201338592929,0.00141948791811597,0.607324841057849,0.00429598545319643,0.610537834611206,0.00108299189983885,0.612306982887182,-0.00068615637613656,0.611165521462483,0.000455305048562615
"White-bellied Sea-Eagle",0.328997208740319,0.34383500289515,-0.0148377941548314,0.331020834985847,-0.0020236262455276,0.329822873685326,-0.000825664945007576,0.328333664811874,0.000663543928444754,0.329121971839189,-0.000124763098869718,0.330528572121769,-0.00153136338144999,0.32867824101887,0.000318967721448793,0.326512279473054,0.00248492926726496,0.328856118293201,0.000141090447118297,0.330042672258943,-0.00104546351862456,0.329452542363622,-0.000455333623303245,0.328338003162337,0.000659205577981992
"Yellow-rumped Thornbill",0.587411908738645,0.611300865241492,-0.0238889565028471,0.589187551502235,-0.00177564276359055,0.583797966295489,0.00361394244315616,0.585940801698155,0.00147110704049003,0.589775970734731,-0.00236406199608563,0.587343776851267,6.81318873776426e-05,0.590165232013742,-0.0027533232750967,0.587503538590827,-9.16298521819181e-05,0.589147916824639,-0.0017360080859945,0.589816121709257,-0.00240421297061189,0.59038094585335,-0.00296903711470553,0.588718023038558,-0.00130611429991345
"Variegated Fairywren",0.322678013993743,0.327021106575369,-0.00434309258162618,0.323379024928289,-0.00070101093454572,0.325273304021072,-0.00259529002732917,0.320326117137818,0.00235189685592518,0.32119484209415,0.00148317189959302,0.323141829480377,-0.000463815486633823,0.322889823472591,-0.000211809478848468,0.323935115039697,-0.00125710104595445,0.322401691641914,0.000276322351829006,0.327047324068406,-0.00436931007466296,0.321270999980529,0.00140701401321414,0.323482950102609,-0.000804936108865673
"Fan-tailed Cuckoo",0.254939877721783,0.261052842787809,-0.00611296506602615,0.252661135655322,0.00227874206646084,0.254018838438267,0.000921039283515113,0.25373065340967,0.00120922431211273,0.25502624712892,-8.63694071372434e-05,0.254051067253655,0.000888810468127887,0.255007166446804,-6.72887250214305e-05,0.25545229411294,-0.000512416391157178,0.254921691624937,1.81860968450631e-05,0.255154157725688,-0.000214280003905942,0.254972485409126,-3.26076873439218e-05,0.254104892418092,0.000834985303690639
"Australian Reed Warbler",0.650142744193456,0.657389757298933,-0.00724701310547726,0.649414056114347,0.000728688079108752,0.652992975860624,-0.00285023166716836,0.64942354054214,0.00071920365131628,0.646702575154492,0.00344016903896405,0.652778160989303,-0.00263541679584733,0.64521721045089,0.00492553374256621,0.645695003552824,0.00444774064063225,0.64549307442036,0.00464966977309544,0.648289104903817,0.001853639289639,0.651429739295245,-0.00128699510178876,0.651019590420247,-0.000876846226791517
"Striated Thornbill",0.342557208461977,0.349151836354388,-0.00659462789241116,0.343061827011541,-0.000504618549563518,0.343123247765548,-0.000566039303570576,0.338354308797693,0.00420289966428428,0.342298403525507,0.000258804936470403,0.34420095246686,-0.0016437440048831,0.341751138764215,0.000806069697761758,0.33296267363362,0.00959453482835676,0.336186380316188,0.00637082814578932,0.344162159953636,-0.00160495149165862,0.34293955151328,-0.000382343051303025,0.34071469448396,0.00184251397801716
"House Sparrow",0.419802144125764,0.451079864271508,-0.0312777201457442,0.42512116802558,-0.00531902389981642,0.42986051199972,-0.0100583678739561,0.422792685240952,-0.00299054111518876,0.415038278935818,0.00476386518994554,0.419668291927586,0.000133852198177187,0.419602094497916,0.000200049627847143,0.446076311378181,-0.0262741672524179,0.454893421988497,-0.0350912778627337,0.421501220983879,-0.00169907685811588,0.432566297305304,-0.0127641531795404,0.430614801578384,-0.0108126574526201
"Eurasian Blackbird",0.462148603190958,0.457377617144309,0.00477098604664927,0.460443218534452,0.00170538465650605,0.469384165070176,-0.00723556187921759,0.459895200371579,0.0022534028193788,0.465948429747134,-0.00379982655617622,0.458094913178878,0.00405369001207967,0.46132479317299,0.00082381001796783,0.466490287633116,-0.00434168444215832,0.462472642350414,-0.000324039159455669,0.469836570228749,-0.0076879670377914,0.464931702331882,-0.00278309914092395,0.467283879404485,-0.00513527621352722
"Bar-shouldered Dove",0.455873070652197,0.457911448698807,-0.00203837804660911,0.462852439460265,-0.00697936880806738,0.461779697610747,-0.0059066269585501,0.462937759621176,-0.00706468896897866,0.458845012183776,-0.00297194153157848,0.454348890952982,0.00152417969921564,0.454581606576275,0.00129146407592279,0.461203839003262,-0.005330768351065,0.458554202441423,-0.00268113178922541,0.454242593238677,0.0016304774135199,0.453946093496866,0.00192697715533152,0.451296221594134,0.00457684905806377
"Brown Gerygone",0.495308067043318,0.501737958455876,-0.00642989141255812,0.501432739894589,-0.00612467285127105,0.500824760975488,-0.00551669393216947,0.493090496055451,0.0022175709878674,0.500783386378544,-0.00547531933522538,0.484159819489752,0.0111482475535661,0.492300887054188,0.00300717998913053,0.485361601255976,0.00994646578734176,0.491743654261016,0.00356441278230257,0.491042954410626,0.00426511263269252,0.489542198880739,0.0057658681625789,0.491882668552358,0.00342539849096002
"Torresian Crow",0.678478976919853,0.725922253169647,-0.0474432762497934,0.680072146422428,-0.00159316950257471,0.680428627837907,-0.00194965091805366,0.680262058102646,-0.00178308118279291,0.680367791373875,-0.00188881445402189,0.680108920247131,-0.00162994332727806,0.677037496941856,0.00144147997799704,0.678296981354374,0.000181995565478932,0.678540226669652,-6.12497497991527e-05,0.679296771158371,-0.000817794238518132,0.679455551479704,-0.000976574559850785,0.680006746417919,-0.00152776949806588
"Striated Pardalote",0.463787552482645,0.492681979928633,-0.0288944274459881,0.463956219361966,-0.000168666879320767,0.461653256632221,0.00213429585042441,0.463277116854112,0.000510435628532813,0.464432409655071,-0.000644857172426239,0.464305213030637,-0.000517660547991461,0.463794825875829,-7.27339318368214e-06,0.462764301697043,0.00102325078560217,0.461311460014403,0.00247609246824226,0.464062211259812,-0.00027465877716687,0.464203616584733,-0.000416064102087554,0.464459911664228,-0.000672359181582427
"Pacific Koel",0.430737999716584,0.434729304670919,-0.00399130495433453,0.4286206782687,0.00211732144788429,0.429876606165962,0.000861393550622425,0.429146832821648,0.00159116689493555,0.430421198194983,0.00031680152160074,0.427576645014199,0.00316135470238499,0.427987652971037,0.00275034674554714,0.42969785324949,0.00104014646709355,0.429995810770835,0.000742188945749345,0.428725146536825,0.00201285317975936,0.441416082760571,-0.0106780830439874,0.431465063616758,-0.000727063900174352
"Red-rumped Parrot",0.539811950138724,0.575925533428932,-0.036113583290208,0.536828206505772,0.00298374363295162,0.545645997067887,-0.00583404692916378,0.542129521973691,-0.00231757183496772,0.54415723853666,-0.00434528839793646,0.542723617401373,-0.00291166726264902,0.537973241436128,0.00183870870259539,0.544520179447841,-0.00470822930911718,0.543983205147497,-0.00417125500877369,0.53565423444989,0.0041577156888335,0.541159150750444,-0.00134720061172033,0.542626486885735,-0.00281453674701138
"Yellow-tailed Black-Cockatoo",0.182840679888014,0.190623461275412,-0.00778278138739794,0.182646009318526,0.000194670569488048,0.182130998161222,0.000709681726791228,0.182692422581386,0.000148257306627486,0.182851950945773,-1.12710577592767e-05,0.18029968332191,0.00254099656610346,0.184544779598351,-0.00170409971033705,0.18409144095148,-0.0012507610634663,0.183347780224932,-0.000507100336918587,0.180764781901668,0.00207589798634553,0.185026829145295,-0.00218614925728106,0.184273560801787,-0.00143288091377364
"Sacred Kingfisher",0.399221479685516,0.404943949719277,-0.00572247003376158,0.398978683662908,0.000242796022607683,0.399510767224001,-0.000289287538485505,0.398958515922029,0.000262963763486168,0.397075998908709,0.00214548077680665,0.398487318695883,0.000734160989632138,0.396069221581383,0.00315225810413283,0.398729828568134,0.000491651117381198,0.39839304338465,0.000828436300865321,0.396412239020757,0.00280924066475863,0.392554260857768,0.00666721882774762,0.395777910021155,0.00344356966436055
"Olive-backed Oriole",0.312729224681425,0.319638429877158,-0.00690920519573246,0.31207575705162,0.00065346762980506,0.311531330382479,0.00119789429894657,0.313102433525631,-0.000373208844206163,0.31067198423534,0.00205724044608541,0.311654762365794,0.0010744623156308,0.313550107499922,-0.000820882818496904,0.312852821969328,-0.000123597287902399,0.31314052539258,-0.00041130071115475,0.3085693219339,0.00415990274752492,0.308953140499408,0.00377608418201764,0.311304813814698,0.00142441086672707
"New Holland Honeyeater",0.669751991286192,0.674068827148732,-0.00431683586254017,0.663586653012478,0.00616533827371357,0.666979171251598,0.002772820034594,0.662194470482602,0.00755752080358951,0.666982249626895,0.00276974165929633,0.667954929132892,0.00179706215329922,0.669670629851852,8.13614343396774e-05,0.669277338735978,0.00047465255021395,0.667375954111867,0.00237603717432433,0.66608162587448,0.00367036541171151,0.667912662835669,0.00183932845052281,0.670003716212535,-0.000251724926343289
"White-plumed Honeyeater",0.742458148438948,0.753153660598722,-0.0106955121597745,0.743619262716802,-0.00116111427785481,0.742596041398588,-0.00013789295964084,0.738541463327726,0.0039166851112219,0.742547567106724,-8.9418667776342e-05,0.742214643171065,0.000243505267882971,0.737968891155632,0.00448925728331595,0.740317261093629,0.0021408873453187,0.740460296002701,0.00199785243624695,0.741746741488122,0.000711406950825944,0.742654412512792,-0.000196264073844543,0.743527173934299,-0.00106902549535148
"Australasian Figbird",0.415490184383555,0.43580652115594,-0.0203163367723855,0.414967452543402,0.000522731840152946,0.415719647167336,-0.000229462783781831,0.413770673896613,0.00171951048694136,0.408281351681124,0.007208832702431,0.415792704723004,-0.000302520339449552,0.414374904158586,0.00111528022496882,0.405630005987073,0.00986017839648134,0.408600985874099,0.00688919850945552,0.405715344841742,0.00977483954181224,0.415346116994522,0.000144067389032498,0.416219059212183,-0.000728874828628767
"Pied Butcherbird",0.444477905421965,0.454212848110407,-0.00973494268844194,0.444455260333883,2.26450880820295e-05,0.443366325766614,0.00111157965535025,0.444836784955532,-0.000358879533567003,0.443610454056125,0.000867451365839766,0.440700901309105,0.00377700411285953,0.44554163707029,-0.00106373164832502,0.443890848690094,0.000587056731870261,0.445088730089354,-0.000610824667389875,0.442670541473373,0.00180736394859193,0.444575167807823,-9.72623858581656e-05,0.443779416343822,0.000698489078142517
"Rock Pigeon",0.551476701887126,0.529958178509342,0.0215185233777839,0.560552223028014,-0.00907552114088772,0.56037566333508,-0.00889896144795332,0.549027603063648,0.00244909882347821,0.554774000197274,-0.00329729831014791,0.560449127034948,-0.00897242514782115,0.52145026926674,0.030026432620386,0.541794026199367,0.00968267568775893,0.537376482075564,0.0141002198115627,0.566427709684218,-0.0149510077970916,0.556673052663626,-0.00519635077649927,0.550427455743289,0.00104924614383728
"Yellow Thornbill",0.310478844257569,0.31702937922754,-0.00655053496997149,0.307631134349471,0.00284770990809718,0.309251459214394,0.00122738504317449,0.310410133492578,6.87107649903207e-05,0.305093324098245,0.0053855201593237,0.310193365959561,0.000285478298007513,0.308329175608165,0.00214966864940408,0.303601885302368,0.00687695895520102,0.310012552669705,0.000466291587863654,0.30876775809988,0.00171108615768889,0.308211280738174,0.00226756351939461,0.309722804036565,0.000756040221003618
"Noisy Friarbird",0.380782308694228,0.381907671587873,-0.00112536289364495,0.380269335339332,0.00051297335489614,0.378584575698441,0.00219773299578746,0.382302310430843,-0.00152000173661487,0.376106411504006,0.00467589719022216,0.379475861859527,0.00130644683470138,0.382260461855484,-0.00147815316125532,0.383497860279424,-0.00271555158519543,0.382287537623169,-0.00150522892894023,0.382288653424877,-0.00150634473064831,0.38054305639304,0.000239252301188264,0.382359756164947,-0.00157744747071853
"Rufous Whistler",0.485644492869457,0.511971776871672,-0.0263272840022149,0.482280399364233,0.00336409350522487,0.485989684705992,-0.000345191836534031,0.484898641487719,0.000745851381738882,0.485391104865169,0.000253388004288424,0.480929681533511,0.00471481133594698,0.484473004149315,0.00117148872014289,0.485071274077228,0.000573218792228991,0.485069582197461,0.000574910671996165,0.483283606255453,0.00236088661400463,0.485006230007206,0.000638262862251437,0.485383741913148,0.00026075095630923
"Satin Bowerbird",0.376760239176536,0.377596531474218,-0.000836292297682339,0.377417381770307,-0.000657142593771143,0.375142484687339,0.00161775448919688,0.3770913247662,-0.000331085589664049,0.370911248926434,0.0058489902501011,0.37366115506694,0.00309908410959514,0.375250592438205,0.00150964673833054,0.376450549413339,0.000309689763196064,0.377407199370348,-0.000646960193812496,0.376691707016852,6.85321596836097e-05,0.37656612670289,0.000194112473645369,0.376223595251631,0.000536643924904823
"Australian King-Parrot",0.261515520812447,0.26739147727701,-0.00587595646456318,0.260142369760364,0.00137315105208258,0.261277807428748,0.000237713383698934,0.262649337665801,-0.00113381685335384,0.259171640814399,0.00234387999804742,0.260456608095857,0.00105891271658992,0.261421823687844,9.36971246024987e-05,0.258307506222229,0.00320801459021786,0.258350507159444,0.0031650136530027,0.260165147183723,0.00135037362872331,0.26218767911398,-0.000672158301532888,0.262867070631159,-0.00135154981871211
"Little Corella",0.234837043601072,0.248992408172908,-0.0141553645718356,0.242646626042843,-0.0078095824417706,0.246498295170931,-0.0116612515698585,0.236318552297867,-0.00148150869679475,0.239247312320205,-0.0044102687191323,0.245562991504173,-0.0107259479031008,0.242269585757909,-0.00743254215683625,0.235983304444371,-0.00114626084329891,0.246391563915495,-0.0115545203144222,0.242218865981112,-0.00738182238003965,0.237295086585916,-0.00245804298484378,0.237392845932308,-0.00255580233123506
"Spotted Pardalote",0.350272066655454,0.362250448960828,-0.0119783823053743,0.351382147516085,-0.0011100808606308,0.350800545304536,-0.000528478649082509,0.346487945350803,0.00378412130465117,0.351646408674684,-0.00137434201923015,0.350610642208364,-0.000338575552910447,0.349876811562018,0.000395255093435298,0.351255034866919,-0.000982968211464985,0.349103880194201,0.00116818646125255,0.348400413819288,0.00187165283616619,0.35111524784446,-0.000843181189006614,0.351466098278662,-0.00119403162320791
"Spotted Dove",0.461398138119684,0.470183288350744,-0.00878515023105991,0.462059902727321,-0.000661764607636783,0.454834917735167,0.00656322038451729,0.457163222560637,0.00423491555904676,0.459970181847633,0.00142795627205095,0.458902054711203,0.00249608340848156,0.460170683455057,0.00122745466462748,0.457577197029595,0.00382094109008863,0.459744436433153,0.00165370168653123,0.460676189303486,0.000721948816197859,0.461351927752401,4.62103672830283e-05,0.460330534855505,0.00106760326417904
"White-throated Treecreeper",0.437910050676604,0.433127377785406,0.00478267289119827,0.436443320708982,0.00146672996762204,0.436835752137584,0.00107429853902008,0.437836257014774,7.37936618296908e-05,0.437847174287795,6.28763888093076e-05,0.435784006621073,0.0021260440555313,0.436559202208838,0.00135084846776629,0.436884452741231,0.00102559793537266,0.435950680146269,0.00195937053033468,0.437144777027671,0.000765273648932585,0.436963901154188,0.000946149522416007,0.437405306919747,0.000504743756857162
"Golden Whistler",0.346701322143593,0.35531933948103,-0.00861801733743683,0.345961326346929,0.000739995796664006,0.344952951097671,0.00174837104592246,0.344549566960605,0.00215175518298821,0.345357279837551,0.0013440423060419,0.346872983406617,-0.000171661263023537,0.344695597891744,0.00200572425184925,0.345801936358895,0.000899385784698503,0.345704101212799,0.00099722093079424,0.344791480011344,0.00190984213224954,0.345501359999322,0.00119996214427132,0.345956006080043,0.000745316063550272
"White-browed Scrubwren",0.324420296870436,0.324303378265951,0.000116918604485206,0.323400796958452,0.00101949991198352,0.321330689753348,0.00308960711708778,0.32343101346706,0.000989283403376173,0.32289395853126,0.00152633833917554,0.323406829237078,0.00101346763335841,0.324057857133243,0.000362439737192688,0.323573448171788,0.000846848698647762,0.324757431207843,-0.000337134337407063,0.320286083412371,0.00413421345806469,0.324742921999683,-0.000322625129246745,0.323813568507835,0.00060672836260095
"Gray Shrikethrush",0.377095292747234,0.389964294554871,-0.0128690018076364,0.374615675982502,0.00247961676473252,0.376931118194293,0.000164174552941487,0.377389122894204,-0.000293830146969487,0.378400877653766,-0.00130558490653143,0.377519593057969,-0.000424300310734704,0.377451858221417,-0.000356565474182169,0.377930419377818,-0.000835126630583494,0.375984045652736,0.00111124709449806,0.376539432041093,0.00055586070614122,0.377439895294879,-0.000344602547644457,0.377939877062695,-0.000844584315460417
"Eastern Spinebill",0.323843518769137,0.326662587109039,-0.00281906833990175,0.325162729499116,-0.00131921072997865,0.324097378972174,-0.000253860203036915,0.324847356805372,-0.00100383803623516,0.325746303031124,-0.00190278426198703,0.327690914248702,-0.00384739547956475,0.32041768311528,0.00342583565385701,0.322350515163442,0.00149300360569549,0.322429756025441,0.00141376274369581,0.324446386110558,-0.000602867341421065,0.32047250705742,0.00337101171171716,0.322614404031634,0.00122911473750303
"Eastern Rosella",0.405693584824629,0.413768645656622,-0.00807506083199278,0.406984292486256,-0.00129070766162726,0.404612356092223,0.00108122873240579,0.405647305845512,4.62789791163543e-05,0.396668409585845,0.00902517523878388,0.403821071741334,0.00187251308329439,0.407425405772018,-0.00173182094738883,0.39436742020673,0.0113261646178988,0.403111956013508,0.00258162881112045,0.402584501605222,0.00310908321940678,0.40312016625161,0.00257341857301918,0.405924732242526,-0.000231147417897537
"Silvereye",0.202185979355624,0.210815629503647,-0.00862965014802228,0.20211004301877,7.59363368548482e-05,0.203155810604457,-0.00096983124883282,0.200732598580487,0.00145338077513724,0.202463936441634,-0.000277957086009389,0.202808352200382,-0.000622372844757579,0.203235458835346,-0.00104947947972148,0.202947250565759,-0.000761271210134667,0.203494786357597,-0.00130880700197267,0.200862921040841,0.00132305831478391,0.199519691720238,0.00266628763538662,0.201993137350671,0.000192842004953703
"Little Wattlebird",0.449301505136436,0.453166181910024,-0.00386467677358726,0.44861579522149,0.000685709914946098,0.44803739474037,0.00126411039606594,0.449792589791495,-0.000491084655058538,0.450399580174411,-0.00109807503797466,0.448960445883791,0.000341059252645659,0.449303108843181,-1.60370674417987e-06,0.449226878337553,7.46267988830929e-05,0.448730213370113,0.000571291766322979,0.448721726433311,0.0005797787031252,0.448171208692275,0.00113029644416124,0.449099566285424,0.000201938851012107
"Brown Thornbill",0.303260359663203,0.319394082561464,-0.0161337228982609,0.301914585113599,0.00134577454960416,0.299954475008835,0.00330588465436876,0.302151581192688,0.00110877847051538,0.297850193042972,0.00541016662023097,0.300084822744665,0.00317553691853817,0.302432721442868,0.000827638220334936,0.302733449117327,0.000526910545876169,0.30230341873515,0.000956940928053762,0.30254494672148,0.000715412941723725,0.302444932859985,0.000815426803218833,0.303305575498032,-4.52158348288045e-05
"Yellow-faced Honeyeater",0.353492244010498,0.364156277577557,-0.0106640335670591,0.35108414633925,0.00240809767124794,0.350332134673531,0.00316010933696648,0.351096465392067,0.0023957786184311,0.352801160451618,0.000691083558879813,0.351245302540868,0.00224694146963006,0.348801481002442,0.0046907630080556,0.353084488881194,0.000407755129304299,0.3515112954571,0.00198094855339775,0.349667774940238,0.00382446907025957,0.352179090728965,0.00131315328153342,0.353307645667747,0.000184598342751197
"Black-faced Cuckooshrike",0.216532652958024,0.220050307400257,-0.00351765444223348,0.213503784033145,0.00302886892487891,0.216999745797656,-0.000467092839632116,0.216004706738262,0.000527946219761544,0.21544501676337,0.0010876361946538,0.215098381913762,0.00143427104426186,0.213508609367827,0.00302404359019739,0.213964479592179,0.00256817336584536,0.214187653475737,0.00234499948228675,0.215626598150707,0.000906054807316953,0.216095130860856,0.000437522097167853,0.217146008000034,-0.000613355042009822
"Crimson Rosella",0.448593734936424,0.470553629116433,-0.0219598941800093,0.446196062744011,0.00239767219241294,0.444011853183231,0.00458188175319235,0.449352035144081,-0.000758300207657048,0.448216670642978,0.00037706429344575,0.446681589848502,0.00191214508792203,0.446570971024951,0.00202276391147294,0.446270920893152,0.00232281404327167,0.445548828998127,0.00304490593829676,0.442774513325562,0.00581922161086135,0.447831783799397,0.000761951137026595,0.449630395425829,-0.00103666048940515
"Eastern Whipbird",0.390094688247486,0.395721049451356,-0.0056263612038695,0.389090841629578,0.00100384661790798,0.386963580962437,0.00313110728504973,0.390106295929909,-1.16076824230316e-05,0.388829759201153,0.00126492904633352,0.389665738185257,0.000428950062228983,0.389432627914574,0.000662060332912828,0.388503052058812,0.00159163618867425,0.389261220265485,0.000833467982000957,0.387555366270728,0.00253932197675871,0.38879706199318,0.00129762625430668,0.390331290680028,-0.00023660243254181
"Eastern Yellow Robin",0.371354339185595,0.374342004055561,-0.00298766486996604,0.369058017562799,0.00229632162279653,0.369543710086385,0.00181062909920998,0.371556952589331,-0.000202613403736063,0.370962651725192,0.000391687460403023,0.370719368637821,0.00063497054777456,0.37159843565574,-0.000244096470144672,0.371490822378979,-0.000136483193383441,0.371296265042118,5.80741434773047e-05,0.371557329175977,-0.000202989990382096,0.370320917637588,0.00103342154800723,0.371546753328596,-0.00019241414300053
"Lewin's Honeyeater",0.510466511607825,0.536225887956673,-0.0257593763488478,0.511615793704052,-0.00114928209622644,0.507945852025313,0.0025206595825118,0.508545712978585,0.00192079862923977,0.507342469621135,0.00312404198669025,0.510248083125062,0.000218428482762656,0.509472478720527,0.000994032887297935,0.509997378535584,0.000469133072240946,0.510039291266607,0.000427220341218115,0.510068280482221,0.000398231125604109,0.509619445577882,0.000847066029943111,0.510375308126021,9.12034818035812e-05
"Red Wattlebird",0.346875675984241,0.35730418932299,-0.0104285133387496,0.348490031709865,-0.00161435572562385,0.347510058031372,-0.000634382047131232,0.34689442614526,-1.87501610190433e-05,0.346986335566716,-0.000110659582475192,0.345170544310789,0.0017051316734516,0.345678651476545,0.00119702450769588,0.347679840162318,-0.000804164178077327,0.347520102368861,-0.000644426384619923,0.337418895821404,0.00945678016283713,0.339933689189568,0.00694198679467301,0.34479050661164,0.00208516937260078
"Crested Pigeon",0.316711518434821,0.307431759253697,0.00927975918112395,0.317273270800148,-0.000561752365326573,0.315455747461096,0.0012557709737257,0.314632383730687,0.00207913470413446,0.31275060196811,0.00396091646671171,0.313702622339288,0.00300889609553306,0.316377456901223,0.000334061533598717,0.312102650105691,0.00460886832912999,0.312421842783327,0.00428967565149457,0.315178042448624,0.00153347598619757,0.316224760726345,0.000486757708476726,0.316574486516441,0.000137031918380104
"Gray Butcherbird",0.251108031714378,0.249307255957564,0.00180077575681448,0.250300233412039,0.000807798302339013,0.250010065779678,0.00109796593469996,0.251041789695039,6.62420193392466e-05,0.250034644279555,0.0010733874348236,0.249350035015798,0.00175799669858079,0.248441094177398,0.00266693753698011,0.247729900775561,0.00337813093881706,0.245592930019812,0.00551510169456682,0.250024235871928,0.00108379584245005,0.249044126301641,0.00206390541273707,0.250717252894938,0.000390778819440496
"Galah",0.343092021356306,0.341631601188833,0.00146042016747266,0.343774570798326,-0.000682549442020508,0.346548684472562,-0.00345666311625575,0.340143653977878,0.00294836737842769,0.336064335579068,0.00702768577723784,0.34420310045912,-0.00111107910281377,0.342355854242949,0.000736167113356834,0.340294411643172,0.00279760971313392,0.341124746016694,0.00196727533961166,0.343511532012826,-0.000419510656519961,0.339289396948318,0.00380262440798762,0.341828036585569,0.00126398477073647
"Gray Fantail",0.302663454042892,0.308002477777103,-0.00533902373421086,0.300877279614695,0.00178617442819656,0.299971070961199,0.00269238308169251,0.301761405211469,0.000902048831422975,0.298452053854087,0.00421140018880511,0.30087455298876,0.0017889010541316,0.302377849880209,0.000285604162682751,0.301704003814958,0.000959450227933312,0.301826435978903,0.000837018063988948,0.301732502329961,0.000930951712930284,0.300937871124635,0.0017255829182567,0.302043674396343,0.000619779646549024
"Sulphur-crested Cockatoo",0.337186021783082,0.35190384041982,-0.0147178186367382,0.329437825655016,0.00774819612806593,0.333750828471557,0.00343519331152481,0.328479144159082,0.00870687762400019,0.336831761397058,0.00035426038602332,0.335503244559278,0.00168277722380328,0.33281867378238,0.00436734800070221,0.332683314176068,0.00450270760701388,0.333067012546069,0.00411900923701319,0.32928955425356,0.00789646752952144,0.327100875143589,0.010085146639493,0.331502141070606,0.00568388071247561
"Pied Currawong",0.212102143904224,0.220339521732478,-0.00823737782825484,0.207137309708258,0.00496483419596505,0.208795595587933,0.00330654831629101,0.211657290637829,0.000444853266394513,0.210593204937958,0.00150893896626589,0.209721447212843,0.00238069669138072,0.208196155221675,0.00390598868254874,0.207610300945443,0.00449184295878033,0.207760763152792,0.00434138075143106,0.210697852710968,0.00140429119325514,0.212929805817053,-0.000827661912829014,0.212866190336622,-0.000764046432398358
"Laughing Kookaburra",0.178876908329938,0.183379653850628,-0.00450274552069047,0.178577739547063,0.000299168782875309,0.178285875460438,0.000591032869499603,0.177189945276021,0.00168696305391658,0.176441614258888,0.00243529407104995,0.178464568743535,0.00041233958640266,0.177192065971203,0.00168484235873509,0.173694889586415,0.00518201874352289,0.178837820439639,3.90878902987446e-05,0.175898404527984,0.00297850380195372,0.176836710284831,0.00204019804510711,0.178614322670574,0.000262585659363962
"Willie-wagtail",0.369299648743689,0.372685410283504,-0.00338576153981529,0.369213984337512,8.56644061772438e-05,0.365485399110219,0.00381424963347005,0.368308461739602,0.000991187004086402,0.367726769243662,0.00157287950002677,0.367677009841865,0.0016226389018234,0.365826829028002,0.00347281971568647,0.368110874516384,0.00118877422730462,0.370106749838607,-0.000807101094917828,0.368923746339188,0.000375902404501249,0.367626917308318,0.00167273143537117,0.368679984331005,0.00061966441268424
"Superb Fairywren",0.238192596409332,0.242047430323281,-0.00385483391394895,0.236668045456179,0.00152455095315285,0.233207706166556,0.00498489024277574,0.236473959375715,0.00171863703361699,0.237659447073436,0.000533149335896155,0.234450820168946,0.00374177624038616,0.236594185771071,0.00159841063826149,0.233060296975112,0.00513229943422019,0.23421146582523,0.00398113058410188,0.236988173042447,0.00120442336688537,0.237670542046354,0.000522054362978475,0.236850721786998,0.00134187462233409
"Australian Raven",0.293809603544101,0.296543749223498,-0.00273414567939761,0.293896341489857,-8.6737945756088e-05,0.292826347769154,0.000983255774946512,0.294678341537832,-0.000868737993731217,0.294543351473327,-0.000733747929225981,0.294358959985753,-0.000549356441652715,0.293534081636601,0.000275521907499299,0.293743793575162,6.58099689390124e-05,0.292453774101529,0.0013558294425714,0.292600741197094,0.00120886234700646,0.294105271070885,-0.000295667526784171,0.293564984505706,0.0002446190383944
"Welcome Swallow",0.223753399926727,0.225345155763443,-0.0015917558367165,0.223760842209829,-7.44228310231576e-06,0.224087923760181,-0.000334523833454586,0.225673927848015,-0.00192052792128827,0.224756396821451,-0.001002996894724,0.222661269853824,0.00109213007290246,0.226736805185613,-0.00298340525888627,0.223975715577311,-0.000222315650584365,0.226128374143864,-0.00237497421713728,0.222497961859672,0.00125543806705516,0.22542733177358,-0.00167393184685355,0.224889332667085,-0.00113593274035831
"Noisy Miner",0.309798084760122,0.316276065665186,-0.00647798090506357,0.306532397765189,0.00326568699493379,0.308753050774722,0.00104503398540057,0.308579519795746,0.00121856496437661,0.308657453792398,0.00114063096772449,0.306917907676248,0.00288017708387456,0.307098644727383,0.00269944003273981,0.30818060228343,0.00161748247669224,0.307323047954366,0.002475036805756,0.306488996650075,0.00330908811004704,0.302147812722714,0.00765027203740853,0.30689627730745,0.00290180745267199
"Magpie-lark",0.344311469557014,0.347062676043281,-0.00275120648626703,0.345157989539815,-0.000846519982800498,0.343730796084644,0.000580673472370452,0.343507345411276,0.000804124145738772,0.337567643513186,0.00674382604382867,0.340681143964522,0.00363032559249254,0.344534793531938,-0.000223323974923806,0.343517615717672,0.000793853839342495,0.344374174713701,-6.27051566861603e-05,0.344896592887951,-0.000585123330936355,0.338723823743954,0.00558764581305998,0.340846975225147,0.00346449433186713
"Rainbow Lorikeet",0.347895063430911,0.34642171298142,0.00147335044949126,0.346669852908267,0.00122521052264396,0.347255004205709,0.000640059225201717,0.347706340715829,0.000188722715081968,0.348660109614122,-0.000765046183211326,0.341858663476827,0.00603639995408362,0.348315517788332,-0.000420454357421218,0.347350456244466,0.000544607186445167,0.348006539854514,-0.000111476423603263,0.346979506027054,0.000915557403857348,0.347090248358706,0.000804815072205034,0.347981763240077,-8.66998091661464e-05
"Australian Magpie",0.27181834799409,0.272173639542741,-0.000355291548651604,0.268022985790582,0.00379536220350779,0.271017658987654,0.000800689006435429,0.271091862367194,0.000726485626895756,0.266063317444082,0.00575503055000781,0.270533965898173,0.00128438209591647,0.271390647429697,0.000427700564392619,0.269188465487725,0.00262988250636476,0.267109587361079,0.00470876063301057,0.272198054581279,-0.000379706587189221,0.271903427295481,-8.50793013917328e-05,0.271830060831345,-1.17128372553177e-05
