Species2,COMMON.NAME,Family2,Order2,Total.individuals,Female,Male,Unknown,Complete.measures,Beak.Length_Culmen,Beak.Length_Nares,Beak.Width,Beak.Depth,Tarsus.Length,Wing.Length,Kipps.Distance,Secondary1,Hand.Wing.Index,Tail.Length,Mass,Mass.Source,Mass.Refs.Other,Inference,Traits.inferred,Reference.species,Habitat,Habitat.Density,Migration,Trophic.Level,Trophic.Niche,Primary.Lifestyle,X1_Taxon_sort_1,X2_Taxon_sort_CandB_1,X4_Genus_name_2,X5_Species_name_2,X6_Subspecies_name_2,X8_Taxonomic_notes_2,X9_Family_common_name_2,X10_Family_scientific_name_2,X11_Order_2,X12_Sequence_of_orders_2,X13_Family_within_order_2,X14_Genus_within_family_2,X15_Species_within_genus_2,X16_Subspecies_within_species_2,X17_Species_2,X18_Subspecies_2,X19_Ultrataxon_2,X20_Ultrataxa_per_species_2,X21_Species_per_genus_2,X22_Genera_per_family_2,X23_Families_per_order_2,X24_Species_uniqueness_2,X25_Ultrataxon_uniqueness_2,X26_Patch_clade_3,X27_Hackett_fine_clades_3,X28_Hackett_coarse_clades_3,X29_Population_description_4,X30_Core_taxa_4,X31_Non.breeding_populations_of_core_taxa_4,X32_Extinct_4,X33_Introduced_4,X34_Vagrant_4,X35_Supplementary_4,X36_Endemic_entirely_in_Australia_4,X37_Endemic_breeding_only_4,X38_Non.breeding_only_4,X39_Percent_in_Australia_breeding_4,X40_Percent_in_Australia_non.breeding_4,X41_Global_IUCN_status_2015_5,X42_Global_IUCN_criteria_2015_5,X43_Australian_status_1990_5,X44_Australian_status_criteria_1990_5,X45_Australian_status_2000_5,X46_Australian_status_criteria_2000_5,X47_Australian_status_2010_5,X48_Australian_status_criteria_2010_5,X49_Australian_status_July_2015_5,X50_Australian_status_criteria_July_2015_5,X51_EPBC_Status_July_2015_6,X52_EPBC_year_listed_6,X53_Bonn_Convention_6,X54_CAMBA_6,X55_JAMBA_6,X56_ROKAMBA_6,X57_Migratory_6,X58_EPBC_Marine_6,X59_ACT_status_2015_6,X60_NSW_status_2015_6,X61_NT_status_2015_6,X62_QLD_status_2015_6,X63_SA_status_2015_6,X64_TAS_status_2015_6,X65_VIC_status_2015_6,X66_WA_status_2015,X67_Australian_Capital_Territory_7,X68_New_South_Wales_7,X69_Northern_Territory_7,X70_Queensland_7,X71_South_Australia_7,X72_Tasmania_7,X73_Victoria_7,X74_Western_Australia_7,X75_Norfolk_Island_7,X76_Lord_Howe_Island_7,X77_Heard_Island_7,X78_Macquarie_Island_7,X79_Christmas_Island_7,X80_Cocos_Keeling_Island_7,X81_Ashmore_and_other_Indian_Ocean_islands_7,X82_Coral_Sea_7,X83_Australian_Fishing_Zone_7,X84_Also_in_Papua_New_Guinea_7,X85_Connectivity_with_Papua_New_Guinea_7,X86_Also_in_Indonesia_7,X87_Connectivity_with_Indonesia_7,X88_Also_in_Timor.Leste_7,X89_Connectivity_with_Timor.Leste_7,X90_Also_in_New_Zealand_7,X91_Connectivity_with_New_Zealand_7,X92_Also_in_New_Caledonia_7,X93_Connectivity_with_New_Caledonia_7,X94_Australian_continental_island_only_7,X95_Australian_oceanic_island_only_7,X96_Body_length_8,X97_Body_length_min_8,X98_Body_length_max_8,X99_Body_mass_average_8,X100_Body_mass_min_8,X101_Body_mass_max_8,X102_Male_body_mass_average_8,X103_Male_body_mass_min_8,X104_Male_body_mass_max_8,X105_Female_body_mass_average_8,X106_Female_body_mass_min_8,X107_Female_body_mass_max_8,X108_Unsexed_body_mass_average_8,X109_Unsexed_body_mass_min_8,X110_Unsexed_body_mass_max_8,X111_Source_of_body_mass_data_8,X112_Brain_volume_8,X113_Brain_mass_8,X114_Brain_mass_residual_8,X115_Feeding_habitat_Terrestrial_Arid_shrubland_9,X116_Feeding_habitat_Terrestrial_Chenopod_shrubland_9,X117_Feeding_habitat_Terrestrial_Heath_9,X118_Feeding_habitat_Terrestrial_Triodia_hummock_grassland_9,X119_Feeding_habitat_Terrestrial_Other_grassland_9,X120_Feeding_habitat_Terrestrial_Mallee_9,X121_Feeding_habitat_Terrestrial_Tropical_savanna_woodland_9,X122_Feeding_habitat_Terrestrial_Temperate_dry_sclerophyll_forest_and_woodland_9,X123_Feeding_habitat_Terrestrial_Temperate_wet_sclerophyll_forest_and_woodland_9,X124_Feeding_habitat_Terrestrial_Rainforest_9,X125_Feeding_habitat_Terrestrial_Mangrove_trees_9,X126_Feeding_habitat_Inland_waters_Rivers_and_streams_9,X127_Feeding_habitat_Inland_waters_Deep_open_water_9,X128_Feeding_habitat_Inland_waters_Shallow_open_water_9,X129_Feeding_habitat_Inland_waters_Reeds_and_tall_wet_grassland_9,X130_Feeding_habitat_Inland_waters_Low_marshland_and_wet_grassland_9,X131_Feeding_habitat_Coastal_Sandy_9,X132_Feeding_habitat_Coastal_Rocky_9,X133_Feeding_habitat_Coastal_Soft_mud_9,X134_Feeding_habitat_Coastal_Saltmarsh_9,X135_Feeding_habitat_Coastal_Mangrove_floor_9,X136_Feeding_habitat_Marine_Very_cold_pelagic_9,X137_Feeding_habitat_Marine_Cold_pelagic_9,X138_Feeding_habitat_Marine_Temperate_pelagic_9,X139_Feeding_habitat_Marine_Warm_pelagic_9,X140_Feeding_habitat_Marine_Cold_inshore_9,X141_Feeding_habitat_Marine_Temperate_inshore_9,X142_Feeding_habitat_Marine_Warm_inshore_9,X143_Feeding_habitat_Other_non.Australian_habitat_9,X144_Feeding_habitat_Agricultural_landscapes_9,X145_Feeding_habitat_Urban_landscapes_9,X146_Breeding_habitat_Arid_shrubland_9,X147_Breeding_habitat_Chenopod_shrubland_9,X148_Breeding_habitat_Heath_9,X149_Breeding_habitat_Triodia_hummock_grassland_9,X150_Breeding_habitat_Other_grassland_9,X151_Breeding_habitat_Mallee_9,X152_Breeding_habitat_Tropical_savanna_woodland_9,X153_Breeding_habitat_Temperate_dry_sclerophyll_forest_and_woodland_9,X154_Breeding_habitat_Temperate_wet_sclerophyll_forest_and_woodland_9,X155_Breeding_habitat_Rainforest_9,X156_Breeding_habitat_Mangrove_9,X157_Breeding_habitat_inland_wetland_9,X158_Breeding_habitat_Beaches_and_sand_cays_9,X159_Breeding_habitat_Rocky_coasts_and_islets_9,X160_Breeding_habitat_Other_non.Australian_habitats_9,X161_Breeding_habitat_Agricultural_lands_9,X162_Breeding_habitat_Urban_9,X163_Food_Fruit_10,X164_Food_Nectar_or_pollen_10,X165_Food_Seeds_10,X166_Food_Foliage_or_herbs_10,X167_Food_Corms_or_tubers,X168_Food_Terrestrial_invertebrates_10,X169_Food_Terrestrial_vertebrates_10,X170_Food_Carrion_10,X171_Food_Intertidal_invertebrates_10,X172_Food_Fish_or_invertebrates_Marine_10,X173_Food_fish_or_invertebrates_Inland_waters_10,X174_Feeding_aggregation_Solitary_11,X175_Feeding_aggregation_Pairs_11,X176_Feeding_aggregation_Flocks_11,X177_Mean_Flight_Initiation_Distance_11,X178_Clutch_size_average_12,X179_Clutch_size_min_12,X180_Clutch_size_max_12,X181_Egg_length_12,X182_Egg_diameter_12,X183_Nest_location_Ground_level_12,X184_Nest_location_Supported_12,X185_Nest_location_Hanging_12,X186_Nest_location_Burrow_12,X187_Nest_location_Hollow_12,X188_Nest_location_Floating_12,X189_Nest_aggregation_Solitary_12,X190_Nest_aggregation_Colonial_12,X191_Nest_aggregation_Parasitic_12,X192_Breeding_system_Cooperative_12,X193_National_movement_local_dispersal_13,X194_National_movement_Partial_migrant_13,X195_National_movement_Total_migrant_13,X196_National_movement_Nomadic_or_opportunistic_13,X197_National_movement_Irruptive_13,X198_Nature_of_international_movements_13,X199_Mixing_beyond_Australia_13,X200_Level_of_international_genetic_exchange_13,X201_Level_of_international_genetic_exchange_reliability_13,X202_Maximum_time_elapsed_to_recapture_13,X203_Maximum_distance_of_recapture_13,X204_Number_of_banded_birds_recovered_13,X205_Climate_specialisation_14,X206_Specialisation_index_14,X207_Sensitivity_index_14,X208_Area_of_suitable_climate_inside_range_14,X209_Area_of_suitable_climate_outside_range_14,X210_Percent_of_suitable_climate_currently_inside_range_14,X211_Percent_of_suitable_climate_remaining_inside_range_14,X212_Inside_Range_10th_percentile_14,X213_Inside_Range_90th_percentile_14,X214_Percent_of_suitable_climate_remaining_outside_range_14,X215_Outside_Range_10th_percentile_14,X216_Outside_Range_90th_percentile_14,X217_Climate_model_factor_Annual_mean_temperature_14,X218_Climate_model_factor_Temperature_seasonality_14,X219_Climate_model_factor_Max_temperature_of_warmest_month_14,X220_Climate_model_factor_Min_temperature_of_coldest_month_14,X221_Climate_model_factor_Annual_precipitation_14,X222_Climate_model_factor_Precipitation_seasonality_14,X223_Climate_model_factor_Precipitation_of_wettest_quarter_14,X224_Climate_model_factor_Precipitation_of_driest_quarter_14,X225_Mean_marine_productivity_around_breeding_colonies_14,X226_Maximum_marine_productivity_around_breeding_colonies_14,X227_Change_in_marine_productivity_around_breeding_colonies_14,X228_Change_in_maximum_marine_productivity_around_breeding_colonies_14,X229_BirdLife_Australia_Species_Number_15,X230_BirdLife_Australia_Taxon_ID_15
Anous albivitta,Gray Noddy,Laridae,Charadriiformes,4,2,2,0,4,30,17.3,3.1,5,25.2,201.8,121.9,79.8,60.4,106.5,72.2,Dunning,NA,NO,NA,NA,Marine,3,2,Carnivore,Aquatic predator,Aerial,NA,NA,NA,NA,NA,NA,NA,NA,NA,NA,NA,NA,NA,NA,NA,NA,NA,NA,NA,NA,NA,NA,NA,NA,NA,NA,NA,NA,NA,NA,NA,NA,NA,NA,NA,NA,NA,NA,NA,NA,NA,NA,NA,NA,NA,NA,NA,NA,NA,NA,NA,NA,NA,NA,NA,NA,NA,NA,NA,NA,NA,NA,NA,NA,NA,NA,NA,NA,NA,NA,NA,NA,NA,NA,NA,NA,NA,NA,NA,NA,NA,NA,NA,NA,NA,NA,NA,NA,NA,NA,NA,NA,NA,NA,NA,NA,NA,NA,NA,NA,NA,NA,NA,NA,NA,NA,NA,NA,NA,NA,NA,NA,NA,NA,NA,NA,NA,NA,NA,NA,NA,NA,NA,NA,NA,NA,NA,NA,NA,NA,NA,NA,NA,NA,NA,NA,NA,NA,NA,NA,NA,NA,NA,NA,NA,NA,NA,NA,NA,NA,NA,NA,NA,NA,NA,NA,NA,NA,NA,NA,NA,NA,NA,NA,NA,NA,NA,NA,NA,NA,NA,NA,NA,NA,NA,NA,NA,NA,NA,NA,NA,NA,NA,NA,NA,NA,NA,NA,NA,NA,NA,NA,NA,NA,NA,NA,NA,NA,NA,NA,NA,NA,NA,NA,NA,NA,NA,NA,NA,NA,NA,NA,NA,NA,NA,NA,NA,NA,NA,NA,NA,NA,NA,NA,NA,NA,NA,NA
Anthus australis,Australian Pipit,Motacillidae,Passeriformes,18,8,7,3,8,15.5,9.2,3.4,3.9,25.6,83.8,19.7,67.2,22.6,65.1,24.1,Dunning,NA,NO,NA,NA,Grassland,3,1,Carnivore,Invertivore,Terrestrial,1817,1934,Anthus,novaeseelandiae,NA,NA,Pipits and Wagtails,Motacillidae,Passeriformes,22,35,2,3,0,1,0,0,5,43,7,136,2.9,NA,P9,"Wagtails, Pipits","Wagtails, Pipits",Endemic (entirely Australian),1,0,0,0,0,0,1,0,0,7,7,LC,NA,LC,NA,LC,NA,LC,NA,LC,NA,not listed,NA,not listed,not listed,not listed,not listed,not listed,1,not listed,not listed,not listed,LC,not listed,not listed,not listed,not listed,Core,Core,Core,Core,Core,Core,Core,Core,not listed,not listed,not listed,not listed,not listed,not listed,not listed,not listed,0,present,none,present,none,present,none,present,none,not listed,NA,0,0,16,13,18,25.7,20,39.6,26.2,20,39,26.5,20,39.6,NAV,NAV,NAV,HANZAB,0.84,0.87,0,0,1,1,1,1,0,0,0,0,0,0,0,0,0,0,0,0,0,0,0,0,0,0,0,0,0,0,0,0,1,1,0,1,1,1,1,0,0,0,0,0,0,0,0,0,0,1,0,0,0,0,0,0,1,0,0,1,0,0,1,1,0,12.4,2.8,2,4,22.9,16.7,1,1,0,0,0,0,1,0,0,0,1,1,0,0,0,none,0,nil,certain,2531,4,21,0.391,1.09,1.07,7755,185,98,100,100,100,2,2,2,18,3,8,3,7,55,3,3,NA,NA,NA,NA,647,647
Ardea plumifera,Plumed Egret,Ardeidae,Pelecaniformes,15,7,6,2,14,81.5,60.3,10.5,14,105.3,298.8,89.8,207.9,30.3,117.2,458.8,Dunning,NA,NO,NA,NA,Wetland,3,2,Carnivore,Aquatic predator,Terrestrial,NA,NA,NA,NA,NA,NA,NA,NA,NA,NA,NA,NA,NA,NA,NA,NA,NA,NA,NA,NA,NA,NA,NA,NA,NA,NA,NA,NA,NA,NA,NA,NA,NA,NA,NA,NA,NA,NA,NA,NA,NA,NA,NA,NA,NA,NA,NA,NA,NA,NA,NA,NA,NA,NA,NA,NA,NA,NA,NA,NA,NA,NA,NA,NA,NA,NA,NA,NA,NA,NA,NA,NA,NA,NA,NA,NA,NA,NA,NA,NA,NA,NA,NA,NA,NA,NA,NA,NA,NA,NA,NA,NA,NA,NA,NA,NA,NA,NA,NA,NA,NA,NA,NA,NA,NA,NA,NA,NA,NA,NA,NA,NA,NA,NA,NA,NA,NA,NA,NA,NA,NA,NA,NA,NA,NA,NA,NA,NA,NA,NA,NA,NA,NA,NA,NA,NA,NA,NA,NA,NA,NA,NA,NA,NA,NA,NA,NA,NA,NA,NA,NA,NA,NA,NA,NA,NA,NA,NA,NA,NA,NA,NA,NA,NA,NA,NA,NA,NA,NA,NA,NA,NA,NA,NA,NA,NA,NA,NA,NA,NA,NA,NA,NA,NA,NA,NA,NA,NA,NA,NA,NA,NA,NA,NA,NA,NA,NA,NA,NA,NA,NA,NA,NA,NA,NA,NA,NA,NA,NA,NA,NA,NA,NA,NA,NA,NA,NA,NA,NA,NA,NA,NA,NA,NA,NA,NA,NA,NA
Ardea plumifera,Plumed Egret,Ardeidae,Pelecaniformes,15,7,6,2,14,81.5,60.3,10.5,14,105.3,298.8,89.8,207.9,30.3,117.2,458.8,Dunning,NA,NO,NA,NA,Wetland,3,2,Carnivore,Aquatic predator,Terrestrial,643,379,Ardea,intermedia,NA,NA,"Herons, Egrets and Bitterns",Ardeidae,Pelecaniformes,15,3,8,6,0,1,0,0,2,12,18,10,7.7,NA,Ardeidae,Herons,"Ibises, Herons",Australian,1,0,0,0,0,0,0,0,0,3,3,LC,NA,LC,NA,LC,NA,LC,NA,LC,NA,not listed,NA,not listed,not listed,not listed,not listed,not listed,1,not listed,not listed,not listed,LC,Rare,not listed,Th,not listed,not listed,Core,Core,Core,Core,not listed,Core,Core,not listed,not listed,not listed,not listed,not listed,not listed,not listed,not listed,0,present,certain,present,probable,present,possible,vagrant,NA,not listed,NA,0,0,63,56,70,450,400,500,401,NAV,NAV,NAV,NAV,NAV,450,400,500,"HANZAB, del Hoyo et al. (1992-2013)",4.15,4.3,0,0,0,0,0,1,0,0,0,0,0,0,0,0,1,1,1,0,0,0,1,1,0,0,0,0,0,0,0,0,1,0,0,0,0,0,0,0,0,0,0,0,1,1,0,0,0,0,0,0,0,0,0,0,1,0,0,1,0,1,1,0,1,NAV,2.4,2,6,48,38,0,1,0,0,0,0,0,1,0,0,1,1,0,0,0,annual outward migration Non-marine,1,low,low,2898,2671,25,0.488,0.86,0.92,3449,1678,67,107,94,108,109,26,122,24,3,2,3,43,8,11,7,NA,NA,NA,NA,186,186
Anarhynchus leschenaultii,Greater Sand-Plover,Charadriidae,Charadriiformes,5,3,2,0,4,26.5,16.4,4.2,5.4,36.5,136.4,72,63.5,53.1,49.8,74.8,Dunning,NA,NO,NA,NA,Grassland,3,3,Carnivore,Aquatic predator,Terrestrial,300,537,Charadrius,leschenaultii,NA,NA,"Plovers, Dotterel and Lapwings",Charadriidae,Charadriiformes,11,5,2,8,0,1,0,0,3,30,11,17,5.6,NA,Charadrii,"Waders, Allies","Waders, Allies",Non-breeding migrant,1,0,0,0,0,0,0,0,1,0,5,LC,NA,LC,NA,LC,NA,LC,NA,LC,NA,not listed,NA,A2H,1,1,1,1,1,not listed,VU,VU,LC,Rare,not listed,not listed,VU,not listed,Core,Core,Core,Core,not listed,Core,Core,not listed,not listed,not listed,not listed,not listed,Core,Core,not listed,0,present,certain,present,probable,present,probable,present,certain,present,probable,0,0,24,22,25,77.7,55,121,NAV,NAV,NAV,NAV,NAV,NAV,77.7,55,121,HANZAB,1.26,1.31,-0.13,0,0,0,0,0,0,0,0,0,0,0,0,0,0,0,0,1,0,0,1,0,0,0,0,0,0,0,0,1,0,0,NA,NA,NA,NA,NA,NA,NA,NA,NA,NA,NA,NA,NA,NA,NA,NA,NA,0,0,0,0,0,0,0,0,1,0,0,0,0,1,NAV,3,2,4,NAV,NAV,1,0,0,0,0,0,NA,NA,NA,NA,0,0,1,0,0,annual inward migration Non-marine,1,total,certain,7874,5497,2114,NA,1.04,1.08,NA,NA,NA,NA,NA,NA,NA,NA,NA,NA,NA,NA,NA,NA,NA,NA,NA,NA,NA,NA,NA,141,141
Anarhynchus mongolus,Siberian Sand-Plover,Charadriidae,Charadriiformes,5,2,3,0,4,18,11.4,4,4.2,29.8,128.8,75.8,53.8,58.5,52.8,64,Dunning,NA,NO,NA,NA,Wetland,3,3,Carnivore,Aquatic predator,Terrestrial,297,534,Charadrius,mongolus,NA,NA,"Plovers, Dotterel and Lapwings",Charadriidae,Charadriiformes,11,5,2,7,0,1,0,0,5,30,11,17,5.6,NA,Charadrii,"Waders, Allies","Waders, Allies",Non-breeding migrant,1,0,0,0,0,0,0,0,1,0,6,LC,NA,LC,NA,LC,NA,LC,NA,LC,NA,not listed,NA,A2H,1,1,1,1,1,not listed,VU,VU,LC,Rare,not listed,not listed,EN,not listed,Core,Core,Core,Core,Core,Core,Core,not listed,not listed,not listed,not listed,not listed,not listed,Core,not listed,0,present,certain,present,probable,present,probable,present,certain,present,probable,0,0,20,18,21,74.4,39,110,NAV,NAV,NAV,NAV,NAV,NAV,74.4,39,110,"HANZAB, del Hoyo et al. (1992-2013)",1.13,1.17,-0.09,0,0,0,0,0,0,0,0,0,0,0,0,0,0,0,0,1,0,0,1,1,0,0,0,0,0,0,0,1,0,0,NA,NA,NA,NA,NA,NA,NA,NA,NA,NA,NA,NA,NA,NA,NA,NA,NA,0,0,0,0,0,0,0,0,1,0,0,0,0,1,16.7,3,2,3,NAV,NAV,1,0,0,0,0,0,NA,NA,NA,NA,0,0,1,0,0,annual inward migration Non-marine,1,total,certain,5708,10135,169,NA,1,1.05,NA,NA,NA,NA,NA,NA,NA,NA,NA,NA,NA,NA,NA,NA,NA,NA,NA,NA,NA,NA,NA,139,139
Colluricincla rufogaster,Rufous Shrikethrush,Pachycephalidae,Passeriformes,10,4,6,0,0,24,13.2,4.9,6.6,24.7,90.7,15,78.7,16,73.3,32.3,DataFromSplit,NA,YES,Beak Length; Tarsus Length; Kipp's Distance; Secondary1; Hand-Wing Index,Colluricincla megarhyncha,Forest,1,1,Carnivore,Invertivore,Insessorial,1513,1527,Colluricincla,megarhyncha,NA,NA,"Whistlers, Shrike-thrushes and allies",Pachycephalidae,Passeriformes,22,16,2,1,0,1,0,0,21,5,5,136,6.7,NA,CC5CC6b,"Whistlers, Allies","Cuckoo-Shrikes, Helmetshrikes, Shrike-Flycatchers, Vangas, Whipbirds, Shrike-Thrushes, Whistlers, Shrikes, Monarchs, Vireos, Orioles, Drongos, Fantails, Birds Of Paradise, Crows, Jays, Allies",Australian,1,0,0,0,0,0,0,0,0,6,6,LC,NA,LC,NA,LC,NA,LC,NA,LC,NA,not listed,NA,not listed,not listed,not listed,not listed,not listed,not listed,not listed,not listed,not listed,LC,not listed,not listed,not listed,not listed,not listed,Core,Core,Core,not listed,not listed,not listed,Core,not listed,not listed,not listed,not listed,not listed,not listed,not listed,not listed,0,present,none,present,none,not listed,NA,not listed,NA,not listed,NA,0,0,20,18,21,38.1,28.5,62,39.6,28.5,62,38.8,28.5,57,37,33,41,HANZAB,1.34,1.39,0.12,0,0,0,0,0,0,0,0,1,1,1,0,0,0,0,0,0,0,0,0,0,0,0,0,0,0,0,0,0,0,1,0,0,0,0,0,0,0,0,1,1,1,0,0,0,0,0,1,0,0,0,0,0,1,0,0,0,0,0,1,1,0,NAV,2.4,2,3,25.3,18.8,0,1,0,0,0,0,1,0,0,0,1,0,0,0,0,none,0,medium,low,7037,87,756,0.984,1.05,1.04,547,135,80,64,27,108,22,11,52,10,1,0,0,49,9,22,9,NA,NA,NA,NA,413,413
Esacus magnirostris,Beach Thick-knee,Burhinidae,Charadriiformes,5,2,3,0,4,76.4,46.2,13.1,19.5,89.2,271,114,156.3,42.2,116,1015.9,Dunning,NA,NO,NA,NA,Coastal,3,2,Carnivore,Invertivore,Terrestrial,NA,NA,NA,NA,NA,NA,NA,NA,NA,NA,NA,NA,NA,NA,NA,NA,NA,NA,NA,NA,NA,NA,NA,NA,NA,NA,NA,NA,NA,NA,NA,NA,NA,NA,NA,NA,NA,NA,NA,NA,NA,NA,NA,NA,NA,NA,NA,NA,NA,NA,NA,NA,NA,NA,NA,NA,NA,NA,NA,NA,NA,NA,NA,NA,NA,NA,NA,NA,NA,NA,NA,NA,NA,NA,NA,NA,NA,NA,NA,NA,NA,NA,NA,NA,NA,NA,NA,NA,NA,NA,NA,NA,NA,NA,NA,NA,NA,NA,NA,NA,NA,NA,NA,NA,NA,NA,NA,NA,NA,NA,NA,NA,NA,NA,NA,NA,NA,NA,NA,NA,NA,NA,NA,NA,NA,NA,NA,NA,NA,NA,NA,NA,NA,NA,NA,NA,NA,NA,NA,NA,NA,NA,NA,NA,NA,NA,NA,NA,NA,NA,NA,NA,NA,NA,NA,NA,NA,NA,NA,NA,NA,NA,NA,NA,NA,NA,NA,NA,NA,NA,NA,NA,NA,NA,NA,NA,NA,NA,NA,NA,NA,NA,NA,NA,NA,NA,NA,NA,NA,NA,NA,NA,NA,NA,NA,NA,NA,NA,NA,NA,NA,NA,NA,NA,NA,NA,NA,NA,NA,NA,NA,NA,NA,NA,NA,NA,NA,NA,NA,NA,NA,NA,NA,NA,NA,NA,NA,NA
Haematopus finschi,South Island Oystercatcher,Haematopodidae,Charadriiformes,4,2,2,0,4,90.3,72,7.2,9.4,46.8,252.2,127.8,124.5,50.6,92.5,526,Dunning,NA,NO,NA,NA,Coastal,3,1,Carnivore,Aquatic predator,Terrestrial,NA,NA,NA,NA,NA,NA,NA,NA,NA,NA,NA,NA,NA,NA,NA,NA,NA,NA,NA,NA,NA,NA,NA,NA,NA,NA,NA,NA,NA,NA,NA,NA,NA,NA,NA,NA,NA,NA,NA,NA,NA,NA,NA,NA,NA,NA,NA,NA,NA,NA,NA,NA,NA,NA,NA,NA,NA,NA,NA,NA,NA,NA,NA,NA,NA,NA,NA,NA,NA,NA,NA,NA,NA,NA,NA,NA,NA,NA,NA,NA,NA,NA,NA,NA,NA,NA,NA,NA,NA,NA,NA,NA,NA,NA,NA,NA,NA,NA,NA,NA,NA,NA,NA,NA,NA,NA,NA,NA,NA,NA,NA,NA,NA,NA,NA,NA,NA,NA,NA,NA,NA,NA,NA,NA,NA,NA,NA,NA,NA,NA,NA,NA,NA,NA,NA,NA,NA,NA,NA,NA,NA,NA,NA,NA,NA,NA,NA,NA,NA,NA,NA,NA,NA,NA,NA,NA,NA,NA,NA,NA,NA,NA,NA,NA,NA,NA,NA,NA,NA,NA,NA,NA,NA,NA,NA,NA,NA,NA,NA,NA,NA,NA,NA,NA,NA,NA,NA,NA,NA,NA,NA,NA,NA,NA,NA,NA,NA,NA,NA,NA,NA,NA,NA,NA,NA,NA,NA,NA,NA,NA,NA,NA,NA,NA,NA,NA,NA,NA,NA,NA,NA,NA,NA,NA,NA,NA,NA,NA
Gallirallus sylvestris,Lord Howe Rail,Rallidae,Gruiformes,5,2,3,0,4,53,30.8,4.8,10.3,49,138.6,22.2,113.8,16.2,62.2,494.4,Dunning,NA,NO,NA,NA,Forest,1,1,Carnivore,Invertivore,Terrestrial,236,483,Hypotaenidia,sylvestris,NA,NA,"Crakes, Rails and Swamphens",Rallidae,Gruiformes,10,1,4,1,0,1,0,1,1,12,38,6,7.1,13.8,Rallidae,"Rails, Finfoots","Rails, Finfoots",Endemic (entirely Australian),1,0,0,0,0,0,1,0,0,7,7,EN,D,EN,D,EN,D,EN,D,EN,D,VU,2000,not listed,not listed,not listed,not listed,not listed,not listed,not listed,EN,not listed,LC,not listed,not listed,not listed,not listed,not listed,Core,not listed,not listed,not listed,not listed,not listed,not listed,not listed,Core,not listed,not listed,not listed,not listed,not listed,not listed,0,not listed,NA,not listed,NA,not listed,NA,not listed,NA,not listed,NA,0,1,37,32,42,496,330,780,536,410,780,456,330,615,NAV,NAV,NAV,HANZAB,2.9,3,-0.21,0,0,0,0,0,0,0,0,0,1,0,0,0,0,0,0,0,0,0,0,0,0,0,0,0,0,0,0,0,1,0,0,0,0,0,0,0,0,0,0,1,0,0,0,0,0,1,0,0,0,1,1,0,1,1,0,0,0,0,1,1,1,NAV,2.5,1,4,47.1,33.4,1,0,0,0,0,0,1,0,0,1,1,0,0,0,0,none,0,nil,certain,5505,7,2663,NA,1.26,1.31,NA,NA,NA,NA,NA,NA,NA,NA,NA,NA,NA,NA,NA,NA,NA,NA,NA,NA,NA,NA,NA,966,u966
Malurus assimilis,Purple-backed Fairywren,Maluridae,Passeriformes,14,5,9,0,1,11.7,6.7,2.7,2.9,22.1,47.8,6.6,42.4,13.5,65.1,8,DataFromSplit,NA,NO,NA,NA,Shrubland,2,1,Carnivore,Invertivore,Insessorial,NA,NA,NA,NA,NA,NA,NA,NA,NA,NA,NA,NA,NA,NA,NA,NA,NA,NA,NA,NA,NA,NA,NA,NA,NA,NA,NA,NA,NA,NA,NA,NA,NA,NA,NA,NA,NA,NA,NA,NA,NA,NA,NA,NA,NA,NA,NA,NA,NA,NA,NA,NA,NA,NA,NA,NA,NA,NA,NA,NA,NA,NA,NA,NA,NA,NA,NA,NA,NA,NA,NA,NA,NA,NA,NA,NA,NA,NA,NA,NA,NA,NA,NA,NA,NA,NA,NA,NA,NA,NA,NA,NA,NA,NA,NA,NA,NA,NA,NA,NA,NA,NA,NA,NA,NA,NA,NA,NA,NA,NA,NA,NA,NA,NA,NA,NA,NA,NA,NA,NA,NA,NA,NA,NA,NA,NA,NA,NA,NA,NA,NA,NA,NA,NA,NA,NA,NA,NA,NA,NA,NA,NA,NA,NA,NA,NA,NA,NA,NA,NA,NA,NA,NA,NA,NA,NA,NA,NA,NA,NA,NA,NA,NA,NA,NA,NA,NA,NA,NA,NA,NA,NA,NA,NA,NA,NA,NA,NA,NA,NA,NA,NA,NA,NA,NA,NA,NA,NA,NA,NA,NA,NA,NA,NA,NA,NA,NA,NA,NA,NA,NA,NA,NA,NA,NA,NA,NA,NA,NA,NA,NA,NA,NA,NA,NA,NA,NA,NA,NA,NA,NA,NA,NA,NA,NA,NA,NA,NA
Motacilla tschutschensis,Eastern Yellow Wagtail,Motacillidae,Passeriformes,4,2,2,0,4,15.9,9.5,3.4,3.4,24.3,78.8,26.4,52.3,33.5,66.5,18.5,Updated_literature,Dunning (2021),NO,NA,NA,Grassland,3,3,Carnivore,Invertivore,Terrestrial,NA,NA,NA,NA,NA,NA,NA,NA,NA,NA,NA,NA,NA,NA,NA,NA,NA,NA,NA,NA,NA,NA,NA,NA,NA,NA,NA,NA,NA,NA,NA,NA,NA,NA,NA,NA,NA,NA,NA,NA,NA,NA,NA,NA,NA,NA,NA,NA,NA,NA,NA,NA,NA,NA,NA,NA,NA,NA,NA,NA,NA,NA,NA,NA,NA,NA,NA,NA,NA,NA,NA,NA,NA,NA,NA,NA,NA,NA,NA,NA,NA,NA,NA,NA,NA,NA,NA,NA,NA,NA,NA,NA,NA,NA,NA,NA,NA,NA,NA,NA,NA,NA,NA,NA,NA,NA,NA,NA,NA,NA,NA,NA,NA,NA,NA,NA,NA,NA,NA,NA,NA,NA,NA,NA,NA,NA,NA,NA,NA,NA,NA,NA,NA,NA,NA,NA,NA,NA,NA,NA,NA,NA,NA,NA,NA,NA,NA,NA,NA,NA,NA,NA,NA,NA,NA,NA,NA,NA,NA,NA,NA,NA,NA,NA,NA,NA,NA,NA,NA,NA,NA,NA,NA,NA,NA,NA,NA,NA,NA,NA,NA,NA,NA,NA,NA,NA,NA,NA,NA,NA,NA,NA,NA,NA,NA,NA,NA,NA,NA,NA,NA,NA,NA,NA,NA,NA,NA,NA,NA,NA,NA,NA,NA,NA,NA,NA,NA,NA,NA,NA,NA,NA,NA,NA,NA,NA,NA,NA
Onychoprion aleuticus,Aleutian Tern,Laridae,Charadriiformes,5,2,3,0,4,37.3,23.2,4.1,6.5,17.3,262.2,185,82,69.3,152.4,120,Dunning,NA,NO,NA,NA,Coastal,3,3,Carnivore,Aquatic predator,Aerial,NA,NA,NA,NA,NA,NA,NA,NA,NA,NA,NA,NA,NA,NA,NA,NA,NA,NA,NA,NA,NA,NA,NA,NA,NA,NA,NA,NA,NA,NA,NA,NA,NA,NA,NA,NA,NA,NA,NA,NA,NA,NA,NA,NA,NA,NA,NA,NA,NA,NA,NA,NA,NA,NA,NA,NA,NA,NA,NA,NA,NA,NA,NA,NA,NA,NA,NA,NA,NA,NA,NA,NA,NA,NA,NA,NA,NA,NA,NA,NA,NA,NA,NA,NA,NA,NA,NA,NA,NA,NA,NA,NA,NA,NA,NA,NA,NA,NA,NA,NA,NA,NA,NA,NA,NA,NA,NA,NA,NA,NA,NA,NA,NA,NA,NA,NA,NA,NA,NA,NA,NA,NA,NA,NA,NA,NA,NA,NA,NA,NA,NA,NA,NA,NA,NA,NA,NA,NA,NA,NA,NA,NA,NA,NA,NA,NA,NA,NA,NA,NA,NA,NA,NA,NA,NA,NA,NA,NA,NA,NA,NA,NA,NA,NA,NA,NA,NA,NA,NA,NA,NA,NA,NA,NA,NA,NA,NA,NA,NA,NA,NA,NA,NA,NA,NA,NA,NA,NA,NA,NA,NA,NA,NA,NA,NA,NA,NA,NA,NA,NA,NA,NA,NA,NA,NA,NA,NA,NA,NA,NA,NA,NA,NA,NA,NA,NA,NA,NA,NA,NA,NA,NA,NA,NA,NA,NA,NA,NA
Porphyrio melanotus,Australasian Swamphen,Rallidae,Gruiformes,0,0,0,0,0,56.2,26.2,9.4,21.3,79.9,234.9,69.3,158.3,30.5,85.5,773.9,Inferred,NA,YES,Beak Culmen; Beak Nares; Beak Width; Beak Depth; Tarsus Length; Wing Length; Kipp's Distance; Secondary1; Hand-Wing Index; Tail Length; Body Mass,Porphyrio porphyrio (sensu lato),Wetland,2,1,Herbivore,Herbivore aquatic,Terrestrial,255,467,Porphyrio,porphyrio,NA,Species from del Hoyo et al. (2014),"Crakes, Rails and Swamphens",Rallidae,Gruiformes,10,1,10,1,0,1,0,0,13,7,38,6,8.6,NA,Rallidae,"Rails, Finfoots","Rails, Finfoots",Australian,1,0,0,0,0,0,0,0,0,3,3,LC,NA,LC,NA,LC,NA,LC,NA,LC,NA,not listed,NA,not listed,not listed,not listed,not listed,not listed,1,not listed,not listed,not listed,LC,not listed,not listed,not listed,not listed,Core,Core,Core,Core,Core,Core,Core,Core,Core,Core,not listed,not listed,not listed,not listed,not listed,not listed,0,present,probable,present,possible,present,possible,present,possible,present,none,0,0,46,44,48,793,480,1310,865,528,1310,720,480,1250,NAV,NAV,NAV,del Hoyo et al. (1992-2013),4.7,4.87,-0.18,0,0,0,0,1,0,0,0,0,0,0,0,0,1,1,1,0,0,0,0,0,0,0,0,0,0,0,0,0,1,1,0,0,0,0,0,0,0,0,0,0,0,1,0,0,0,1,1,0,0,1,1,1,0,0,0,0,0,0,1,0,1,34.5,4,2,5,50.8,37.6,0,1,0,0,0,0,1,0,0,1,1,1,0,1,0,possible irregular transboundary dispersal,0,nil,high,2215,268,89,0.532,0.91,0.96,2735,1084,72,120,74,138,85,24,149,7,13,22,4,6,2,1,45,NA,NA,NA,NA,58,58
Pterodroma gouldi,Gray-faced Petrel,Procellariidae,Procellariiformes,6,2,2,2,6,39.7,28.5,9.8,13.1,46.5,313.2,168.5,144.7,53.8,133.8,531.8,DataFromSplit,NA,NO,NA,NA,Marine,3,2,Carnivore,Aquatic predator,Generalist,NA,NA,NA,NA,NA,NA,NA,NA,NA,NA,NA,NA,NA,NA,NA,NA,NA,NA,NA,NA,NA,NA,NA,NA,NA,NA,NA,NA,NA,NA,NA,NA,NA,NA,NA,NA,NA,NA,NA,NA,NA,NA,NA,NA,NA,NA,NA,NA,NA,NA,NA,NA,NA,NA,NA,NA,NA,NA,NA,NA,NA,NA,NA,NA,NA,NA,NA,NA,NA,NA,NA,NA,NA,NA,NA,NA,NA,NA,NA,NA,NA,NA,NA,NA,NA,NA,NA,NA,NA,NA,NA,NA,NA,NA,NA,NA,NA,NA,NA,NA,NA,NA,NA,NA,NA,NA,NA,NA,NA,NA,NA,NA,NA,NA,NA,NA,NA,NA,NA,NA,NA,NA,NA,NA,NA,NA,NA,NA,NA,NA,NA,NA,NA,NA,NA,NA,NA,NA,NA,NA,NA,NA,NA,NA,NA,NA,NA,NA,NA,NA,NA,NA,NA,NA,NA,NA,NA,NA,NA,NA,NA,NA,NA,NA,NA,NA,NA,NA,NA,NA,NA,NA,NA,NA,NA,NA,NA,NA,NA,NA,NA,NA,NA,NA,NA,NA,NA,NA,NA,NA,NA,NA,NA,NA,NA,NA,NA,NA,NA,NA,NA,NA,NA,NA,NA,NA,NA,NA,NA,NA,NA,NA,NA,NA,NA,NA,NA,NA,NA,NA,NA,NA,NA,NA,NA,NA,NA,NA
Threskiornis molucca,Australian Ibis,Threskiornithidae,Pelecaniformes,4,1,3,0,4,161,134.2,14.8,20.6,97.7,351.8,110.3,241.4,31.4,128.8,1794.9,Dunning,NA,NO,NA,NA,Wetland,3,1,Carnivore,Aquatic predator,Terrestrial,654,411,Threskiornis,moluccus,NA,NA,Ibis and Spoonbills,Threskiornithidae,Pelecaniformes,15,4,1,1,0,1,0,1,1,5,13,10,11.5,19.8,Threskiornithidae,Ibises,"Ibises, Herons",Australian,1,0,0,0,0,0,0,0,0,6,6,LC,NA,LC,NA,LC,NA,LC,NA,LC,NA,not listed,NA,not listed,not listed,not listed,not listed,not listed,1,not listed,not listed,not listed,LC,not listed,not listed,not listed,not listed,Core,Core,Core,Core,Core,Core,Core,Core,not listed,not listed,not listed,not listed,not listed,not listed,not listed,not listed,0,present,certain,present,probable,vagrant,NA,vagrant,NA,not listed,NA,0,0,70,65,75,1810,1300,2350,2010,1700,2350,1620,1300,2120,NAV,NAV,NAV,HANZAB,9.9,10.26,-0.01,0,0,0,0,1,0,0,0,0,0,0,0,0,1,1,1,0,0,1,1,1,0,0,0,0,0,0,0,0,1,1,0,0,0,0,0,0,0,0,0,0,1,1,0,0,0,1,1,0,0,0,0,0,1,1,1,1,0,1,0,0,1,32.8,2.8,1,5,66.1,43.8,1,1,0,0,0,0,0,1,0,0,1,0,0,0,0,annual outward migration Non-marine,1,low,low,9504,3273,1546,0.434,0.76,0.83,5411,196,97,133,97,142,4,4,5,6,8,21,6,40,4,3,12,380,725,-8.4,-10.3,179,u179
Todiramphus sordidus,Torresian Kingfisher,Alcedinidae,Coraciiformes,0,0,0,0,0,50.5,41.9,14.3,12.7,15.7,107.3,25.4,81.3,23.8,67.3,66.1,Inferred,NA,YES,Beak Culmen; Beak Nares; Beak Width; Beak Depth; Tarsus Length; Wing Length; Kipp's Distance; Secondary1; Hand-Wing Index; Tail Length; Body Mass,Todiramphus chloris,Woodland,2,1,Carnivore,Invertivore,Insessorial,780,935,Todiramphus,chloris,NA,NA,Kingfishers,Alcedinidae,Coraciiformes,19,3,5,2,0,1,0,0,50,21,18,6,7.6,NA,Alcedinidae,"Kingfishers, Motmots, Todies","Bee-eaters, Kingfishers, Motmots, Todies, Rollers, Ground-Rollers",Australian,1,0,0,0,0,0,0,0,0,3,3,LC,NA,LC,NA,LC,NA,LC,NA,LC,NA,not listed,NA,not listed,not listed,not listed,not listed,not listed,not listed,not listed,VU,not listed,LC,not listed,not listed,not listed,not listed,not listed,Core,Core,Core,not listed,not listed,not listed,Core,not listed,not listed,not listed,not listed,not listed,not listed,not listed,not listed,0,present,certain,present,probable,present,none,not listed,NA,not listed,NA,0,0,25,23,27,73.5,50,100,70,50,90,77,54,100,NAV,NAV,NAV,"HANZAB, del Hoyo et al. (1992-2013)",1.34,1.39,-0.03,0,0,0,0,0,0,0,0,0,0,1,0,0,0,0,0,0,0,0,1,1,0,0,0,0,0,0,0,0,0,1,0,0,0,0,0,0,0,0,0,0,1,0,0,0,0,0,1,0,0,0,0,0,1,0,0,1,0,0,1,1,0,NAV,3.2,2,4,30.7,25.1,0,0,0,1,0,0,1,0,0,0,1,0,0,0,0,local dispersal,1,high,low,993,0,9,0.822,0.83,0.9,NA,NA,NA,NA,NA,NA,NA,NA,NA,16,26,3,13,7,3,22,10,NA,NA,NA,NA,327,327
Acridotheres tristis,Common Myna,Sturnidae,Passeriformes,12,2,9,1,10,26.8,16,6.4,8,38.6,139.8,32.8,106.3,23.6,84.8,116.4,Dunning,NA,NO,NA,NA,Human Modified,3,2,Carnivore,Omnivore,Terrestrial,1924,1879,Acridotheres,tristis,NA,NA,Starlings,Sturnidae,Passeriformes,22,45,4,1,0,1,0,0,2,10,34,136,2.8,NA,M4,"Mockingbirds, Thrashers, Philippine Creepers, Starlings","Mockingbirds, Thrashers, Philippine Creepers, Starlings",Introduced,0,0,0,1,0,0,0,0,0,3,3,LC,NA,Introduced,NA,Introduced,NA,Introduced,NA,Introduced,NA,not listed,NA,not listed,not listed,not listed,not listed,not listed,not listed,not listed,not listed,not listed,not listed,not listed,not listed,not listed,not listed,Introduced,Introduced,not listed,Introduced,Introduced,Introduced,Introduced,Introduced,Introduced,not listed,not listed,not listed,not listed,not listed,not listed,not listed,0,not listed,NA,present,none,not listed,NA,present,none,present,none,NA,NA,25,22,27,113,82,143,NAV,NAV,NAV,NAV,NAV,NAV,112.5,82,143,del Hoyo et al. (1992-2013),NA,NA,NA,0,0,0,0,0,0,0,0,0,0,0,0,0,0,0,0,0,0,0,0,0,0,0,0,0,0,0,0,1,1,1,0,0,0,0,0,0,0,0,0,0,0,0,0,0,1,1,1,0,0,1,0,0,1,1,0,0,0,0,1,1,1,NAV,4,1,6,28.5,21.1,0,0,0,0,1,0,1,0,0,1,1,0,0,0,0,none,0,nil,certain,4447,9,15,NA,NA,NA,NA,NA,NA,NA,NA,NA,NA,NA,NA,NA,NA,NA,NA,NA,NA,NA,NA,NA,NA,NA,NA,998,998
Antigone rubicunda,Brolga,Gruidae,Gruiformes,4,2,1,1,4,162.2,87.7,13.8,22.8,280.2,572.5,233,339.5,40.7,223.8,6222.8,Dunning,NA,NO,NA,NA,Wetland,3,2,Herbivore,Omnivore,Terrestrial,269,466,Antigone,rubicunda,NA,NA,Cranes,Gruidae,Gruiformes,10,2,1,2,0,1,0,1,1,4,4,6,21.8,31.9,Gruidae,"Cranes, Trumpeters, Limpkin","Cranes, Trumpeters, Limpkin",Australian,1,0,0,0,0,0,0,0,0,6,6,LC,NA,LC,NA,LC,NA,LC,NA,LC,NA,not listed,NA,not listed,not listed,not listed,not listed,not listed,not listed,not listed,VU,not listed,LC,VU,not listed,Th,not listed,Extinct,Core,Core,Core,Core,not listed,Core,Core,not listed,not listed,not listed,not listed,not listed,not listed,not listed,not listed,0,present,certain,present,certain,not listed,NA,not listed,NA,not listed,NA,0,0,106,77,134,6250,3630,8730,6840,4760,8730,5660,3630,7260,NAV,NAV,NAV,HANZAB,17.69,18.33,-0.07,0,0,0,0,1,0,1,0,0,0,0,0,0,1,0,1,1,0,0,0,0,0,0,0,0,0,0,0,0,1,0,0,0,0,0,1,0,1,0,0,0,0,1,0,0,0,1,0,0,0,1,1,1,1,1,0,0,0,1,0,1,1,122.2,1.8,1,3,91.8,60.8,1,0,0,0,0,0,1,0,0,0,0,0,1,0,0,irregular outward dispersal,1,low,low,750,72,33,0.549,0.8,0.93,3376,2651,56,84,50,101,93,47,120,40,5,9,11,13,5,4,12,NA,NA,NA,NA,177,u177
Bubulcus coromandus,Eastern Cattle Egret,Ardeidae,Pelecaniformes,14,7,7,0,10,63.3,43.5,8.6,11.5,76.8,244.4,73,171.2,29.9,90.9,366,Dunning,NA,NO,NA,NA,Human Modified,3,2,Carnivore,Omnivore,Terrestrial,633,386,Bubulcus,ibis,coromanda,Subspecies from Marchant and Higgins (1990),"Herons, Egrets and Bitterns",Ardeidae,Pelecaniformes,15,3,7,1,1,0,1,1,2,1,18,10,NA,23,Ardeidae,Herons,"Ibises, Herons",Australian,1,0,0,0,0,0,0,0,0,3,3,not listed,NA,LC,NA,LC,NA,LC,NA,LC,NA,not listed,NA,not listed,not listed,not listed,not listed,not listed,not listed,not listed,not listed,not listed,LC,Rare,not listed,not listed,not listed,Core,Core,Core,Core,Core,Core,Core,Core,not listed,Core,not listed,not listed,not listed,not listed,not listed,not listed,0,present,possible,present,probable,present,possible,present,certain,vagrant,NA,0,0,NA,NA,NA,348,305,390,390,NAV,NAV,336,NAV,NAV,342,305,371,HANZAB,NAV,NA,NA,NA,NA,NA,NA,NA,NA,NA,NA,NA,NA,NA,NA,NA,NA,NA,NA,NA,NA,NA,NA,NA,NA,NA,NA,NA,NA,NA,NA,NA,NA,NA,NA,NA,NA,NA,NA,NA,NA,NA,NA,NA,NA,NA,NA,NA,NA,NA,NA,NA,NA,NA,NA,NA,NA,NA,NA,NA,NA,NA,NA,NA,NA,63.1,NA,NA,NA,NAV,NAV,NA,NA,NA,NA,NA,NA,NA,NA,NA,NA,NA,NA,NA,NA,NA,annual outward migration Non-marine,1,high,high,NAV,NAV,NAV,0.525,1,1.01,1402,220,86,109,48,170,20,8,54,7,25,4,6,37,3,1,19,NA,NA,NA,NA,977,u977
Butorides striata,Striated Heron,Ardeidae,Pelecaniformes,15,5,6,4,9,70.3,52.5,9.2,11.3,47,173.9,51.1,127,28.7,63.7,201.5,Dunning,NA,NO,NA,NA,Wetland,3,1,Carnivore,Aquatic predator,Terrestrial,625,387,Butorides,striata,NA,NA,"Herons, Egrets and Bitterns",Ardeidae,Pelecaniformes,15,3,5,1,0,1,0,0,25,2,18,10,14.1,NA,Ardeidae,Herons,"Ibises, Herons",Australian,1,0,0,0,0,0,0,0,0,3,3,LC,NA,LC,NA,LC,NA,LC,NA,LC,NA,not listed,NA,not listed,not listed,not listed,not listed,not listed,not listed,not listed,not listed,not listed,LC,not listed,not listed,not listed,not listed,not listed,Core,Core,Core,not listed,not listed,not listed,Core,not listed,not listed,not listed,not listed,not listed,not listed,not listed,not listed,0,present,none,present,none,present,none,not listed,NA,vagrant,NA,0,0,43,43,43,193,125,260,NAV,NAV,NAV,NAV,NAV,NAV,193,125,260,del Hoyo et al. (1992-2013),2.48,2.57,-0.07,0,0,0,0,0,0,0,0,0,0,0,0,0,0,0,0,0,0,1,1,1,0,0,0,0,0,0,0,0,0,1,0,0,0,0,0,0,0,0,0,0,1,1,0,0,0,0,1,0,0,0,0,0,0,0,0,1,0,0,1,0,0,31.7,2.5,1,4,41.6,31.8,0,1,0,0,0,0,1,0,0,0,1,0,0,0,0,possible local dispersal,0,nil,low,NAV,NAV,NAV,0.685,0.9,0.95,NA,NA,NA,NA,NA,NA,NA,NA,NA,18,35,2,4,26,1,6,8,NA,NA,NA,NA,193,193
Hylacola cauta,Shy Heathwren,Acanthizidae,Passeriformes,10,4,6,0,2,15.3,8.1,2.6,3.2,22,54.8,5.8,48,10.8,53,15.2,Dunning,NA,NO,NA,NA,Shrubland,2,1,Carnivore,Invertivore,Terrestrial,1328,1124,Calamanthus,cauta,NA,NA,Thornbills and Gerygones,Acanthizidae,Passeriformes,22,10,6,2,0,1,0,0,4,4,13,136,5.2,NA,BC6,"Thornbills, Gerygones","Honeyeaters, Thornbills, Bristlebirds, Australasian Wrens, Allies",Endemic (entirely Australian),1,0,0,0,0,0,1,0,0,7,7,LC,NA,LC,NA,LC,NA,LC,NA,LC,NA,not listed,NA,not listed,not listed,not listed,not listed,not listed,not listed,not listed,VU,not listed,LC,Rare,not listed,not listed,not listed,not listed,Core,not listed,not listed,Core,not listed,Core,Core,not listed,not listed,not listed,not listed,not listed,not listed,not listed,not listed,0,not listed,NA,not listed,NA,not listed,NA,not listed,NA,not listed,NA,0,0,13,12,14,14.7,10,18.5,15.3,10,18.5,14.1,13,16.5,NAV,NAV,NAV,HANZAB,0.81,0.83,0.13,0,1,1,0,0,1,0,1,0,0,0,0,0,0,0,0,0,0,0,0,0,0,0,0,0,0,0,0,0,0,0,0,1,1,0,0,1,0,1,0,0,0,0,0,0,0,0,0,0,0,0,0,0,1,0,0,0,0,0,1,1,0,NAV,3,2,4,20.6,15.2,0,1,0,0,0,0,1,0,0,0,1,0,0,0,0,none,0,nil,certain,3312,3,48,1.097,1.02,1.02,599,334,64,40,13,66,17,2,39,47,15,1,0,27,1,2,7,NA,NA,NA,NA,499,499
Hylacola pyrrhopygia,Chestnut-rumped Heathwren,Acanthizidae,Passeriformes,10,2,6,2,2,14.6,7.2,2.9,3.8,21.6,55.1,5,50,8.9,58,16.8,Dunning,NA,NO,NA,NA,Shrubland,2,1,Carnivore,Invertivore,Terrestrial,1324,1120,Calamanthus,pyrrhopygia,NA,NA,Thornbills and Gerygones,Acanthizidae,Passeriformes,22,10,6,1,0,1,0,0,3,4,13,136,5.2,NA,BC6,"Thornbills, Gerygones","Honeyeaters, Thornbills, Bristlebirds, Australasian Wrens, Allies",Endemic (entirely Australian),1,0,0,0,0,0,1,0,0,7,7,LC,NA,LC,NA,LC,NA,LC,NA,LC,NA,not listed,NA,not listed,not listed,not listed,not listed,not listed,not listed,not listed,not listed,not listed,LC,not listed,not listed,not listed,not listed,not listed,Core,not listed,Core,Core,not listed,Core,not listed,not listed,not listed,not listed,not listed,not listed,not listed,not listed,not listed,0,not listed,NA,not listed,NA,not listed,NA,not listed,NA,not listed,NA,0,0,14,13,16,17,13,20,17.4,14.5,20,16.5,13,20,NAV,NAV,NAV,HANZAB,1.03,1.07,0.2,0,0,1,0,0,1,0,1,0,0,0,0,0,0,0,0,0,0,0,0,0,0,0,0,0,0,0,0,0,0,0,0,0,1,0,0,1,0,1,0,0,0,0,0,0,0,0,0,0,0,1,0,0,1,0,0,0,0,0,1,1,0,11.4,3,3,3,19.6,14.5,0,1,0,0,0,0,1,0,0,0,1,0,0,0,0,none,0,nil,certain,1463,0,12,1.756,1.1,1.08,316,270,54,65,39,80,49,29,70,28,2,4,1,6,1,7,51,NA,NA,NA,NA,498,498
Calidris falcinellus,Broad-billed Sandpiper,Scolopacidae,Charadriiformes,5,2,3,0,4,32.8,26.6,3.7,4.4,21.1,99.2,53.8,46,53.9,36.6,37.1,Dunning,NA,NO,NA,NA,Wetland,3,3,Carnivore,Aquatic predator,Terrestrial,341,610,Calidris,falcinellus,NA,Genus from del Hoyo et al. (2014). Johnstone and Darnell (2015) also list nominate subspecies,"Snipe, Sandpipers, Godwits, Curlew, Stints and Phalaropes",Scolopacidae,Charadriiformes,11,9,5,4,0,1,0,0,2,24,16,17,5.4,NA,Scolopaci,"Sandpipers, Jacanas, Seedsnipes, Allies","Sandpipers, Jacanas, Seedsnipes, Allies",Non-breeding migrant,1,0,0,0,0,0,0,0,1,0,3,LC,NA,LC,NA,LC,NA,LC,NA,LC,NA,not listed,NA,A2H,1,1,1,1,1,not listed,VU,not listed,LC,not listed,not listed,not listed,not listed,not listed,Core,Core,Core,Core,not listed,Core,Core,not listed,not listed,not listed,not listed,not listed,not listed,not listed,not listed,0,present,certain,present,certain,present,probable,present,certain,not listed,NA,0,0,17,16,18,49.8,25.6,74,NAV,NAV,NAV,NAV,NAV,NAV,49.8,25.6,74,"HANZAB, del Hoyo et al. (1992-2013)",0.72,0.75,-0.17,0,0,0,0,0,0,0,0,0,0,0,0,0,0,0,1,0,0,1,1,0,0,0,0,0,0,0,0,1,0,0,NA,NA,NA,NA,NA,NA,NA,NA,NA,NA,NA,NA,NA,NA,NA,NA,NA,0,0,0,0,0,0,0,0,1,0,1,1,0,1,NAV,4,3,4,NAV,NAV,1,0,0,0,0,0,NA,NA,NA,NA,0,0,1,0,0,annual inward migration Non-marine,1,total,certain,4241,8185,112,NA,0.91,1,NA,NA,NA,NA,NA,NA,NA,NA,NA,NA,NA,NA,NA,NA,NA,NA,NA,NA,NA,NA,NA,167,167
Calidris pugnax,Ruff,Scolopacidae,Charadriiformes,10,5,5,0,4,37.6,26.7,3.8,5.1,42.9,163.7,85.3,81.9,51,60,131.7,Dunning,NA,NO,NA,NA,Wetland,3,3,Carnivore,Aquatic predator,Terrestrial,340,612,Calidris,pugnax,NA,Genus from del Hoyo et al. (2014),"Snipe, Sandpipers, Godwits, Curlew, Stints and Phalaropes",Scolopacidae,Charadriiformes,11,9,5,3,0,1,0,1,1,24,16,17,5.4,11.1,Scolopaci,"Sandpipers, Jacanas, Seedsnipes, Allies","Sandpipers, Jacanas, Seedsnipes, Allies",Non-breeding migrant,1,0,0,0,0,0,0,0,1,0,2,LC,NA,LC,NA,LC,NA,LC,NA,LC,NA,not listed,NA,A2H,1,1,1,1,1,not listed,not listed,not listed,LC,Rare,not listed,not listed,not listed,not listed,Core,not listed,Core,Core,not listed,Core,Core,not listed,not listed,not listed,not listed,not listed,not listed,not listed,not listed,0,present,probable,present,probable,present,probable,vagrant,NA,not listed,NA,0,0,26,20,32,138,59,254,174,91,254,101,59,170,NAV,NAV,NAV,HANZAB,NAV,NAV,NAV,0,0,0,0,0,0,0,0,0,0,0,0,0,1,0,1,0,0,1,1,0,0,0,0,0,0,0,0,1,0,0,NA,NA,NA,NA,NA,NA,NA,NA,NA,NA,NA,NA,NA,NA,NA,NA,NA,0,0,0,0,0,0,0,0,1,0,1,1,1,1,NAV,4,4,4,NAV,NAV,1,0,0,0,0,0,NA,NA,NA,NA,0,0,1,0,0,annual inward migration Non-marine,1,total,certain,NAV,NAV,NAV,NA,NA,NA,NA,NA,NA,NA,NA,NA,NA,NA,NA,NA,NA,NA,NA,NA,NA,NA,NA,NA,NA,NA,NA,934,u934
Calidris subruficollis,Buff-breasted Sandpiper,Scolopacidae,Charadriiformes,7,3,4,0,4,22.6,16.2,2.8,3.6,29.2,128.4,69.8,57.8,54.7,55.3,62.1,Dunning,NA,NO,NA,NA,Grassland,3,3,Carnivore,Omnivore,Terrestrial,355,609,Calidris,subruficollis,NA,Genus from del Hoyo et al. (2014),"Snipe, Sandpipers, Godwits, Curlew, Stints and Phalaropes",Scolopacidae,Charadriiformes,11,9,5,15,0,1,0,1,1,24,16,17,5.4,11.1,Scolopaci,"Sandpipers, Jacanas, Seedsnipes, Allies","Sandpipers, Jacanas, Seedsnipes, Allies",Vagrant,0,0,0,0,1,0,0,0,1,0,1,NT,C2a(i),Vagrant,NA,Vagrant,NA,Vagrant,NA,Vagrant,NA,not listed,NA,not listed,not listed,1,1,1,1,not listed,not listed,not listed,LC,not listed,not listed,not listed,not listed,NA,NA,NA,NA,NA,NA,NA,NA,NA,NA,NA,NA,NA,NA,NA,NA,0,not listed,NA,not listed,NA,not listed,NA,not listed,NA,not listed,NA,NA,NA,NA,NA,NA,NA,NA,NA,NA,NA,NA,NA,NA,NA,NA,NA,NA,NA,NA,NA,NA,NA,NA,NA,NA,NA,NA,NA,NA,NA,NA,NA,NA,NA,NA,NA,NA,NA,NA,NA,NA,NA,NA,NA,NA,NA,NA,NA,NA,NA,NA,NA,NA,NA,NA,NA,NA,NA,NA,NA,NA,NA,NA,NA,NA,NA,NA,NA,NA,NA,NA,NA,NA,NA,NA,NA,NA,NA,NA,NA,NA,NA,NA,NA,NA,NA,NA,NAV,NAV,NA,NA,NA,NA,NA,NA,NA,NA,NA,NA,NA,NA,NA,NA,NA,vagrancy,1,total,certain,NAV,NAV,NAV,NA,NA,NA,NA,NA,NA,NA,NA,NA,NA,NA,NA,NA,NA,NA,NA,NA,NA,NA,NA,NA,NA,NA,NA,887,u887
Caligavis chrysops,Yellow-faced Honeyeater,Meliphagidae,Passeriformes,24,11,13,0,4,16.5,7.8,2.6,3.3,18.2,78.1,15,62,19.5,67.1,17.3,Dunning,NA,NO,NA,NA,Forest,2,3,Herbivore,Omnivore,Insessorial,1243,1264,Caligavis,chrysops,NA,Genus from Joseph et al. (2013) and Dickinson and Christidis (2014),Honeyeaters and Chats,Meliphagidae,Passeriformes,22,8,29,1,0,1,0,0,3,3,50,136,3.7,NA,BC7,Honeyeaters,"Honeyeaters, Thornbills, Bristlebirds, Australasian Wrens, Allies",Endemic (entirely Australian),1,0,0,0,0,0,1,0,0,7,7,LC,NA,LC,NA,LC,NA,LC,NA,LC,NA,not listed,NA,not listed,not listed,not listed,not listed,not listed,not listed,not listed,not listed,not listed,LC,not listed,not listed,not listed,not listed,Core,Core,not listed,Core,Core,not listed,Core,not listed,not listed,not listed,not listed,not listed,not listed,not listed,not listed,not listed,0,not listed,NA,not listed,NA,not listed,NA,not listed,NA,not listed,NA,0,0,17,15,18,16.2,11.1,20.8,16.9,12,20.5,15.4,13,20,17.3,11.1,20.8,HANZAB,0.72,0.75,0.06,0,0,0,0,0,0,0,1,1,1,1,0,0,0,0,0,0,0,0,0,0,0,0,0,0,0,0,0,0,1,1,0,0,0,0,0,0,0,1,1,0,0,0,0,0,0,0,1,0,1,0,0,0,1,0,0,0,0,0,1,1,1,5.8,2.4,1,3,20.3,14.6,0,1,1,0,0,0,1,0,0,0,1,1,0,0,0,none,0,nil,certain,4596,770,2640,1.438,0.95,0.98,667,175,79,58,34,77,19,14,28,2,2,13,0,14,0,2,67,NA,NA,NA,NA,614,614
Stercorarius antarcticus,Brown Skua,Stercorariidae,Charadriiformes,12,6,5,1,8,59.2,21.2,11.3,19.5,71.7,401.4,195.1,203,49,148.2,1650,EltonTraits_Model,NA,NO,NA,NA,Marine,3,3,Carnivore,Aquatic predator,Aerial,395,629,Catharacta,antarcticus,NA,Species from del Hoyo et al. (2014),Skuas and Jaegers,Stercorariidae,Charadriiformes,11,12,1,5,0,1,0,0,3,7,1,17,20.3,NA,Lari,"Gulls, Terns, Auks, Crab Plover","Gulls, Terns, Auks, Crab Plover",Australian,1,0,0,0,0,0,0,0,0,2,2,LC,NA,LC,NA,LC,NA,LC,NA,LC,NA,not listed,NA,not listed,not listed,not listed,not listed,not listed,1,not listed,not listed,not listed,LC,VU,not listed,not listed,VU,not listed,Core,not listed,Core,Core,Core,Core,Core,not listed,not listed,Core,Core,not listed,not listed,not listed,not listed,1,not listed,NA,not listed,NA,not listed,NA,present,possible,vagrant,NA,0,0,64,64,64,1760,1220,2210,1700,1250,2150,1870,1430,2180,1720,1220,2210,"HANZAB, del Hoyo et al. (1992-2013)",NAV,NAV,-0.07,0,0,0,0,1,0,0,0,0,0,0,0,0,0,0,0,0,0,0,0,0,0,1,1,0,1,1,0,1,0,0,0,0,0,0,1,0,0,0,0,0,0,0,0,0,1,0,0,0,0,0,0,0,0,1,1,0,1,0,1,1,0,NAV,2,1,2,NAV,NAV,1,0,0,0,0,0,1,0,0,0,1,1,0,0,0,marine outward,1,total,certain,2674,6631,13,NA,1.07,1.19,NA,NA,NA,NA,NA,NA,NA,NA,NA,NA,NA,NA,NA,NA,NA,NA,NA,NA,NA,NA,NA,980,980
Chrysococcyx basalis,Horsfield's Bronze-Cuckoo,Cuculidae,Cuculiformes,5,2,3,0,4,15.9,9.4,4.1,4.2,18,99.6,40.5,59,40.6,68.4,23.1,Dunning,NA,NO,NA,NA,Woodland,2,1,Carnivore,Invertivore,Generalist,169,850,Chalcites,basalis,NA,NA,Cuckoos,Cuculidae,Cuculiformes,7,1,5,1,0,1,0,1,1,8,36,1,15.1,24.3,Cuculidae,Cuckoos,Cuckoos,Endemic (breeding only),1,0,0,0,0,0,0,1,0,7,6,LC,NA,LC,NA,LC,NA,LC,NA,LC,NA,not listed,NA,not listed,not listed,not listed,not listed,not listed,1,not listed,not listed,not listed,LC,not listed,not listed,not listed,not listed,Core,Core,Core,Core,Core,Core,Core,Core,not listed,not listed,not listed,not listed,not listed,not listed,not listed,not listed,0,present,certain,present,certain,present,certain,not listed,NA,not listed,NA,0,0,16,16,16,23.2,17,32,22,17,30,24.3,20,32,NAV,NAV,NAV,HANZAB,0.62,0.64,-0.11,1,1,1,1,1,1,1,1,1,1,1,0,0,0,0,0,0,0,0,1,0,0,0,0,0,0,0,0,0,1,1,1,1,1,1,1,1,1,1,1,0,1,0,0,0,0,1,1,0,0,0,0,0,1,0,0,0,0,0,1,1,0,3.5,1,1,1,17.9,12.1,0,1,0,0,0,0,0,0,1,0,1,1,0,0,0,annual outward migration Non-marine,0,nil,certain,363,9,24,0.402,1.12,1.08,7752,184,98,100,100,100,2,2,2,69,6,11,4,0,5,2,3,NA,NA,NA,NA,342,u342
Chrysococcyx minutillus,Little Bronze-Cuckoo,Cuculidae,Cuculiformes,12,5,5,2,9,18.7,12,5.1,4.7,14.9,92.6,35.2,57.8,37.9,59.4,18.6,Dunning,NA,NO,NA,NA,Forest,1,1,Carnivore,Invertivore,Insessorial,174,855,Chalcites,minutillus,NA,"Species from del Hoyo et al. (2014): Chrysococcyx minutillus (Payne 1997) and C. russatus (Sibley and Monroe 1990, 1993) are retained as separate species contra Christidis and Boles (2008) who treat russatus as a subspecies of C. minutillus.",Cuckoos,Cuculidae,Cuculiformes,7,1,5,4,0,1,0,0,10,8,36,1,15.1,NA,Cuculidae,Cuckoos,Cuckoos,Australian,1,0,0,0,0,0,0,1,0,6,6,LC,NA,LC,NA,LC,NA,LC,NA,LC,NA,not listed,NA,not listed,not listed,not listed,not listed,not listed,1,not listed,not listed,not listed,LC,not listed,not listed,not listed,not listed,not listed,Core,Core,Core,not listed,not listed,not listed,Core,not listed,not listed,not listed,not listed,not listed,not listed,not listed,not listed,0,present,possible,present,possible,present,none,not listed,NA,not listed,NA,0,0,16,14,17,17.7,14.5,21,17.5,14.5,20.2,17.9,15.4,21,NAV,NAV,NAV,HANZAB,0.58,0.6,-0.05,0,0,0,0,0,0,1,0,0,1,1,0,0,0,0,0,0,0,0,0,0,0,0,0,0,0,0,0,0,0,1,0,0,0,0,0,0,1,0,0,1,1,0,0,0,0,0,1,0,0,0,0,0,1,0,0,0,0,0,1,1,0,NAV,1,1,1,18.9,13.7,0,1,1,0,0,0,0,0,1,0,1,1,0,0,0,annual outward migration Non-marine,0,nil,high,559,0,2,0.936,1.18,1.12,834,146,85,87,55,122,21,12,50,9,1,2,2,10,5,68,4,NA,NA,NA,NA,345,345
Chrysococcyx lucidus,Shining Bronze-Cuckoo,Cuculidae,Cuculiformes,4,2,2,0,4,18.3,10.5,5.8,4.7,17.6,102.8,45.2,57.6,44,67.5,24.4,Dunning,NA,NO,NA,NA,Forest,2,1,Carnivore,Invertivore,Insessorial,171,852,Chalcites,lucidus,NA,NA,Cuckoos,Cuculidae,Cuculiformes,7,1,5,3,0,1,0,0,4,8,36,1,15.1,NA,Cuculidae,Cuckoos,Cuckoos,Australian,1,0,0,0,0,0,0,0,0,6,6,LC,NA,LC,NA,LC,NA,LC,NA,LC,NA,not listed,NA,not listed,not listed,not listed,not listed,not listed,1,not listed,not listed,not listed,LC,not listed,not listed,not listed,not listed,Core,Core,not listed,Core,Core,Core,Core,Core,Core,Core,not listed,not listed,not listed,not listed,not listed,not listed,0,present,certain,present,certain,present,certain,present,certain,present,possible,0,0,16,13,18,24.2,16.7,32,24.5,16.7,32,24.5,18,29,NAV,NAV,NAV,HANZAB,0.69,0.71,-0.07,1,0,0,0,0,1,1,1,1,1,0,0,0,0,0,0,0,0,0,0,0,0,0,0,0,0,0,0,1,1,1,1,0,0,0,0,0,1,1,1,1,0,0,0,0,0,0,0,0,0,0,0,0,1,0,0,0,0,0,1,1,1,NAV,1,1,1,18.4,12.6,0,1,0,0,0,0,0,0,1,0,0,1,0,0,0,annual outward migration Non-marine,0,low,certain,644,2,32,0.843,1.17,1.11,1588,201,89,59,43,80,9,6,13,6,3,26,1,17,1,3,42,NA,NA,NA,NA,344,344
Chrysococcyx osculans,Black-eared Cuckoo,Cuculidae,Cuculiformes,5,2,2,1,4,18.4,11.5,4.8,5.1,18.8,115.2,45.4,68.8,39.8,86.4,30.9,Dunning,NA,NO,NA,NA,Shrubland,2,1,Carnivore,Invertivore,Insessorial,170,851,Chalcites,osculans,NA,NA,Cuckoos,Cuculidae,Cuculiformes,7,1,5,2,0,1,0,1,1,8,36,1,15.1,24.3,Cuculidae,Cuckoos,Cuckoos,Endemic (breeding only),1,0,0,0,0,0,0,1,0,7,6,LC,NA,LC,NA,LC,NA,LC,NA,LC,NA,not listed,NA,not listed,not listed,not listed,not listed,not listed,1,not listed,not listed,not listed,LC,not listed,not listed,not listed,not listed,not listed,Core,Core,Core,Core,not listed,Core,Core,not listed,not listed,not listed,not listed,not listed,not listed,not listed,not listed,0,present,certain,present,certain,not listed,NA,not listed,NA,not listed,NA,0,0,19,19,19,30.8,25.5,38.5,29.4,25.5,35.4,32.2,27,38.5,NAV,NAV,NAV,HANZAB,0.73,0.76,-0.11,1,1,1,1,1,1,1,1,0,0,0,0,0,0,0,0,0,0,0,0,0,0,0,0,0,0,0,0,1,1,0,1,1,1,1,1,1,1,1,0,0,0,0,0,0,0,1,0,0,0,0,0,0,1,0,0,0,0,0,1,0,0,NAV,1,1,1,21.1,15.3,0,1,0,0,0,0,0,0,1,0,0,1,0,1,0,annual outward migration Non-marine,0,nil,certain,36,0,4,0.432,1.08,1.05,7183,473,94,100,88,100,7,6,8,11,4,13,1,7,8,54,3,NA,NA,NA,NA,341,u341
Anarhynchus alexandrinus,Kentish Plover,Charadriidae,Charadriiformes,5,2,3,0,4,16.3,10.8,3.1,3.1,26.5,106.2,59.2,48.5,55,44.2,42.3,Dunning,NA,NO,NA,NA,Coastal,3,2,Carnivore,Aquatic predator,Terrestrial,292,529,Charadrius,alexandrinus,NA,NA,"Plovers, Dotterel and Lapwings",Charadriidae,Charadriiformes,11,5,2,4,0,1,0,0,4,30,11,17,5.6,NA,Charadrii,"Waders, Allies","Waders, Allies",Vagrant,0,0,0,0,1,0,0,0,1,0,1,LC,NA,Vagrant,NA,Vagrant,NA,Vagrant,NA,Vagrant,NA,not listed,NA,not listed,not listed,not listed,not listed,not listed,not listed,not listed,not listed,not listed,LC,not listed,not listed,not listed,not listed,NA,NA,NA,NA,NA,NA,NA,NA,NA,NA,NA,NA,NA,NA,NA,NA,0,present,possible,present,possible,present,possible,not listed,NA,not listed,NA,NA,NA,NA,NA,NA,NA,NA,NA,NA,NA,NA,NA,NA,NA,NA,NA,NA,NA,NA,NA,NA,NA,NA,NA,NA,NA,NA,NA,NA,NA,NA,NA,NA,NA,NA,NA,NA,NA,NA,NA,NA,NA,NA,NA,NA,NA,NA,NA,NA,NA,NA,NA,NA,NA,NA,NA,NA,NA,NA,NA,NA,NA,NA,NA,NA,NA,NA,NA,NA,NA,NA,NA,NA,NA,NA,NA,NA,NA,NA,NA,NA,NA,NA,NA,NA,NA,NA,NAV,NAV,NA,NA,NA,NA,NA,NA,NA,NA,NA,NA,NA,NA,NA,NA,NA,vagrancy,1,total,certain,NAV,NAV,NAV,NA,NA,NA,NA,NA,NA,NA,NA,NA,NA,NA,NA,NA,NA,NA,NA,NA,NA,NA,NA,NA,NA,NA,NA,770,770
Anarhynchus bicinctus,Double-banded Plover,Charadriidae,Charadriiformes,5,0,1,4,4,19.2,13.2,3.4,3.8,30.6,127.4,68.8,58.2,54.1,55.8,59.4,Dunning,NA,NO,NA,NA,Riverine,3,2,Carnivore,Aquatic predator,Terrestrial,295,532,Charadrius,bicinctus,NA,NA,"Plovers, Dotterel and Lapwings",Charadriidae,Charadriiformes,11,5,2,6,0,1,0,0,2,30,11,17,5.6,NA,Charadrii,"Waders, Allies","Waders, Allies",Non-breeding migrant,1,0,0,0,0,0,0,0,1,0,6,LC,NA,LC,NA,LC,NA,LC,NA,LC,NA,not listed,NA,A2H,not listed,not listed,not listed,not listed,1,not listed,not listed,not listed,LC,not listed,not listed,not listed,not listed,not listed,Core,not listed,Core,Core,Core,Core,not listed,Core,Core,not listed,not listed,not listed,not listed,not listed,not listed,0,not listed,NA,not listed,NA,not listed,NA,present,certain,present,probable,0,0,20,18,21,70.8,53,88.7,NAV,NAV,NAV,NAV,NAV,NAV,71.5,53,88.7,HANZAB,1.11,1.15,-0.13,0,0,0,0,1,0,0,0,0,0,0,0,0,1,0,1,1,0,0,1,0,0,0,0,0,0,0,0,1,0,0,NA,NA,NA,NA,NA,NA,NA,NA,NA,NA,NA,NA,NA,NA,NA,NA,NA,0,0,0,0,0,1,0,0,1,0,1,0,1,1,NAV,2.9,2,4,34.4,24.9,1,0,0,0,0,0,NA,NA,NA,NA,0,0,1,0,0,annual inward migration Non-marine,1,total,certain,6671,2569,1105,NA,1.01,1.02,NA,NA,NA,NA,NA,NA,NA,NA,NA,NA,NA,NA,NA,NA,NA,NA,NA,NA,NA,NA,NA,140,140
Anarhynchus ruficapillus,Red-capped Plover,Charadriidae,Charadriiformes,5,2,3,0,4,15.7,8.8,2.6,3,24.9,99.2,51.5,46.2,52.7,38.6,37.4,Dunning,NA,NO,NA,NA,Coastal,3,2,Carnivore,Aquatic predator,Terrestrial,294,531,Charadrius,ruficapillus,NA,NA,"Plovers, Dotterel and Lapwings",Charadriidae,Charadriiformes,11,5,2,5,0,1,0,1,1,30,11,17,5.6,11.6,Charadrii,"Waders, Allies","Waders, Allies",Australian,1,0,0,0,0,0,0,0,0,6,6,LC,NA,LC,NA,LC,NA,LC,NA,LC,NA,not listed,NA,not listed,not listed,not listed,not listed,not listed,1,not listed,not listed,not listed,LC,not listed,not listed,not listed,not listed,not listed,Core,Core,Core,Core,Core,Core,Core,not listed,not listed,not listed,not listed,not listed,not listed,not listed,not listed,0,present,certain,present,probable,present,probable,vagrant,NA,not listed,NA,0,0,15,14,16,37.5,27,54,37.3,27,48,37.6,29,54,NAV,NAV,NAV,HANZAB,0.82,0.85,-0.12,0,0,0,0,0,0,0,0,0,0,0,0,0,1,0,0,1,0,0,1,0,0,0,0,0,0,0,0,0,0,0,0,0,0,0,0,0,0,0,0,0,0,1,1,0,0,0,0,0,0,0,0,0,0,0,0,1,0,1,0,0,1,32.8,2,1,3,30.8,22.6,1,0,0,0,0,0,1,1,0,0,0,1,0,1,0,local dispersal,1,low,low,7665,812,508,0.426,1.11,1.08,NA,NA,NA,NA,NA,NA,NA,NA,NA,2,45,15,22,5,6,4,2,NA,NA,NA,NA,143,u143
Anarhynchus veredus,Oriental Plover,Charadriidae,Charadriiformes,5,2,1,2,4,23.9,16.1,3.7,4.3,44,158.6,92.5,64.5,58.9,57.2,95,Dunning,NA,NO,NA,NA,Wetland,3,3,Carnivore,Omnivore,Terrestrial,303,540,Charadrius,veredus,NA,NA,"Plovers, Dotterel and Lapwings",Charadriidae,Charadriiformes,11,5,2,10,0,1,0,1,1,30,11,17,5.6,11.6,Charadrii,"Waders, Allies","Waders, Allies",Non-breeding migrant,1,0,0,0,0,0,0,0,1,0,3,LC,NA,LC,NA,LC,NA,LC,NA,LC,NA,not listed,NA,A2H,not listed,1,1,1,1,not listed,not listed,not listed,LC,not listed,not listed,not listed,not listed,not listed,not listed,Core,Core,not listed,not listed,not listed,Core,not listed,not listed,not listed,not listed,not listed,not listed,Core,not listed,0,present,probable,present,probable,present,probable,vagrant,NA,vagrant,NA,0,0,23,21,25,95,NAV,NAV,NAV,NAV,NAV,NAV,NAV,NAV,95,NAV,NAV,NAV,NAV,NAV,-0.12,0,1,0,0,1,0,0,0,0,0,0,0,0,0,0,0,1,0,0,0,0,0,0,0,0,0,0,0,1,0,0,NA,NA,NA,NA,NA,NA,NA,NA,NA,NA,NA,NA,NA,NA,NA,NA,NA,0,0,0,0,0,1,0,0,1,0,0,0,0,1,NAV,NAV,NAV,NAV,NAV,NAV,1,0,0,0,0,0,NA,NA,NA,NA,0,0,1,0,0,annual inward migration Non-marine,1,total,certain,NAV,NAV,NAV,0.91,1.18,1.16,1736,213,89,2,0,36,4,0,23,4,5,5,2,5,20,1,57,NA,NA,NA,NA,142,u142
Chlamydera maculata,Spotted Bowerbird,Ptilonorhynchidae,Passeriformes,10,5,5,0,4,30.5,15.6,8,9.8,39.8,145.5,26.4,121.9,17.8,109.5,140,Dunning,NA,NO,NA,NA,Shrubland,2,1,Herbivore,Omnivore,Insessorial,980,998,Ptilonorhynchus,maculatus,NA,NA,Bowerbirds and Catbirds,Ptilonorhynchidae,Passeriformes,22,4,5,2,0,1,0,1,1,6,8,136,5.4,11.1,BC2,"Australian Treecreepers, Bowerbirds","Australian Treecreepers, Bowerbirds",Endemic (entirely Australian),1,0,0,0,0,0,1,0,0,7,7,LC,NA,LC,NA,LC,NA,LC,NA,LC,NA,not listed,NA,not listed,not listed,not listed,not listed,not listed,not listed,not listed,not listed,not listed,LC,EN,not listed,Th,not listed,not listed,Core,not listed,Core,Core,not listed,Extinct,not listed,not listed,not listed,not listed,not listed,not listed,not listed,not listed,not listed,0,not listed,NA,not listed,NA,not listed,NA,not listed,NA,not listed,NA,0,0,29,27,31,141,108,169,141,125,169,142,108,162,NAV,NAV,NAV,HANZAB,3.65,3.78,0.2,1,0,0,0,0,0,1,1,0,0,0,0,0,0,0,0,0,0,0,0,0,0,0,0,0,0,0,0,0,1,1,1,0,0,0,0,0,1,1,0,0,0,0,0,0,0,1,0,1,0,0,0,0,0,0,0,0,0,0,1,1,1,NAV,2,1,3,38.9,26.5,0,1,0,0,0,0,1,0,0,0,1,0,0,0,0,none,0,nil,certain,3729,403,29,0.941,0.87,0.97,1357,575,70,97,60,121,30,16,113,13,12,31,0,21,2,0,21,NA,NA,NA,NA,680,u680
Cincloramphus timoriensis,Tawny Grassbird,Locustellidae,Passeriformes,6,3,3,0,0,15.5,8.7,3.4,3.9,22,58.8,9.3,59.4,13.5,78.8,21.6,Dunning,NA,YES,Beak Nares; Kipp's Distance; Secondary1; Hand-Wing Index,Cincloramphus macrurus,Wetland,3,1,Carnivore,Invertivore,Generalist,1869,1789,Cincloramphus,timoriensis,NA,NA,Grassbirds,Locustellidae,Passeriformes,22,39,2,3,0,1,0,0,10,4,13,136,5.2,NA,S11,Old World Warblers I,Old World Warblers I,Australian,1,0,0,0,0,0,0,0,0,6,6,LC,NA,LC,NA,LC,NA,LC,NA,LC,NA,not listed,NA,not listed,not listed,not listed,not listed,not listed,not listed,not listed,not listed,not listed,LC,not listed,not listed,not listed,not listed,not listed,Core,Core,Core,not listed,not listed,not listed,Core,not listed,not listed,not listed,not listed,not listed,not listed,not listed,not listed,0,present,none,present,none,present,none,not listed,NA,not listed,NA,0,0,17,15,20,37.5,35,40,NAV,NAV,NAV,NAV,NAV,NAV,37.5,35,40,del Hoyo et al. (1992-2013),NAV,NAV,0,0,0,1,0,1,0,0,0,0,0,0,0,0,0,1,0,0,0,0,0,0,0,0,0,0,0,0,0,0,1,1,0,0,1,0,1,0,0,0,0,0,0,1,0,0,0,1,1,0,0,0,0,0,1,0,0,0,0,0,1,1,0,6,3.2,3,4,20.3,15.2,1,1,0,0,0,0,NAV,NAV,NAV,NAV,1,0,0,0,0,none,0,nil,certain,1465,0,144,0.821,1.05,1.05,708,90,89,137,72,178,58,18,137,25,1,1,1,47,1,14,10,NA,NA,NA,NA,523,523
Cinclosoma castanotum,Chestnut Quail-thrush,Cinclosomatidae,Passeriformes,6,4,2,0,1,20.8,11.4,3.8,4.7,29.1,100.8,20.8,74.2,21.9,101.3,73.3,Dunning,NA,NO,NA,NA,Woodland,2,1,Carnivore,Invertivore,Terrestrial,1471,1441,Cinclosoma,castanotus,NA,NA,Whipbirds and Wedgebills,Cinclosomatidae,Passeriformes,22,15,1,2,0,1,0,0,3,6,2,136,8.5,NA,CC5CC6d,"Whipbirds, Quail-Thrushes, Allies","Cuckoo-Shrikes, Helmetshrikes, Shrike-Flycatchers, Vangas, Whipbirds, Shrike-Thrushes, Whistlers, Shrikes, Monarchs, Vireos, Orioles, Drongos, Fantails, Birds Of Paradise, Crows, Jays, Allies",Endemic (entirely Australian),1,0,0,0,0,0,1,0,0,7,7,LC,NA,LC,NA,LC,NA,LC,NA,LC,NA,not listed,NA,not listed,not listed,not listed,not listed,not listed,not listed,not listed,VU,not listed,LC,not listed,not listed,not listed,not listed,not listed,Core,not listed,not listed,Core,not listed,Core,Core,not listed,not listed,not listed,not listed,not listed,not listed,not listed,not listed,0,not listed,NA,not listed,NA,not listed,NA,not listed,NA,not listed,NA,0,0,24,21,26,74.5,58,92,76.9,60,92,72.1,58,82.5,NAV,NAV,NAV,HANZAB,NAV,NAV,0.04,1,1,1,0,0,0,0,0,0,0,0,0,0,0,0,0,0,0,0,0,0,0,0,0,0,0,0,0,0,0,0,1,1,1,0,0,0,0,0,0,0,0,0,0,0,0,0,0,0,0,1,0,0,1,0,0,0,0,0,1,1,0,NAV,2,2,3,30.6,21.6,1,1,0,0,0,0,1,0,0,0,1,0,0,0,0,none,0,nil,certain,2954,0,7,0.831,1.16,1.12,1468,150,91,35,10,69,8,1,17,10,10,1,2,8,4,64,1,NA,NA,NA,NA,437,437
Cuculus optatus,Oriental Cuckoo,Cuculidae,Cuculiformes,0,0,0,0,0,24.8,15.3,6.4,7.5,21.6,182.6,87.4,95.3,47.8,146.4,87,DataFromSplit,NA,YES,Beak Culmen; Beak Nares; Beak Width; Beak Depth; Tarsus Length; Wing Length; Kipp's Distance; Secondary1; Hand-Wing Index; Tail Length,Cuculus saturatus,Forest,1,3,Carnivore,Invertivore,Insessorial,187,867,Cuculus,saturatus,NA,Species from del Hoyo et al. (2014). Listed as C.optatus by Johnstone and Darnell (2015).,Cuckoos,Cuculidae,Cuculiformes,7,1,9,1,0,1,0,0,2,10,36,1,14.1,NA,Cuculidae,Cuckoos,Cuckoos,Non-breeding migrant,1,0,0,0,0,0,0,0,1,0,5,LC,NA,LC,NA,LC,NA,LC,NA,LC,NA,not listed,NA,not listed,1,1,1,1,1,not listed,not listed,not listed,LC,not listed,not listed,not listed,not listed,not listed,not listed,Core,Core,not listed,not listed,not listed,Core,not listed,not listed,not listed,not listed,not listed,not listed,not listed,not listed,0,present,probable,present,probable,present,probable,vagrant,NA,not listed,NA,0,0,31,30,32,105,73,156,112,73,139,95.8,74,156,106,73,139,"HANZAB, del Hoyo et al. (1992-2013)",NAV,NAV,-0.08,0,0,0,0,0,0,1,0,1,1,1,0,0,0,0,0,0,0,0,0,0,0,0,0,0,0,0,0,1,1,1,NA,NA,NA,NA,NA,NA,NA,NA,NA,NA,NA,NA,NA,NA,NA,NA,NA,0,0,0,0,0,1,0,0,0,0,0,1,1,0,NAV,1,1,2,NAV,NAV,0,1,0,0,0,0,NA,NA,NA,NA,0,0,1,0,0,annual inward migration Non-marine,1,total,certain,NAV,NAV,NAV,0.797,1.12,1.08,921,108,89,98,42,169,15,8,79,13,4,1,3,21,8,44,5,NA,NA,NA,NA,336,336
Charadrius melanops,Black-fronted Dotterel,Charadriidae,Charadriiformes,5,2,3,0,4,17.3,10.2,3,3.6,24.8,107.8,49.3,58.2,45.8,55.8,33,Dunning,NA,NO,NA,NA,Wetland,3,2,Carnivore,Aquatic predator,Terrestrial,307,542,Elseyornis,melanops,NA,NA,"Plovers, Dotterel and Lapwings",Charadriidae,Charadriiformes,11,5,4,1,0,1,0,1,1,1,11,17,17.5,27,Charadrii,"Waders, Allies","Waders, Allies",Australian,1,0,0,0,0,0,0,0,0,6,6,LC,NA,LC,NA,LC,NA,LC,NA,LC,NA,not listed,NA,not listed,not listed,not listed,not listed,not listed,not listed,not listed,not listed,not listed,LC,not listed,not listed,not listed,not listed,Core,Core,Core,Core,Core,Core,Core,Core,not listed,not listed,not listed,not listed,not listed,not listed,not listed,not listed,0,present,certain,present,certain,not listed,NA,present,certain,not listed,NA,0,0,17,16,18,32.5,27,42,NAV,NAV,NAV,NAV,NAV,NAV,32.5,27,42,HANZAB,0.84,0.87,-0.05,0,0,0,0,0,0,0,0,0,0,0,1,0,1,0,1,0,0,0,0,0,0,0,0,0,0,0,0,0,1,0,0,0,0,0,0,0,0,0,0,0,0,1,0,0,0,1,0,0,0,0,0,0,1,0,0,0,0,1,1,1,0,22.7,2.2,1,4,27.6,21.2,1,0,0,0,0,0,1,0,0,0,1,0,0,1,0,irregular outward dispersal,0,nil,certain,1472,125,39,0.39,1.23,1.16,7741,184,98,100,100,100,2,2,2,20,24,6,6,19,10,3,12,NA,NA,NA,NA,144,u144
Eolophus roseicapilla,Galah,Cacatuidae,Psittaciformes,5,2,3,0,4,31.1,23.1,18.6,27.7,23,256.2,112.6,138.4,44.9,136.8,328,Updated_literature,BoW,NO,NA,NA,Woodland,3,1,Herbivore,Granivore,Terrestrial,833,724,Eolophus,roseicapillus,NA,Species from del Hoyo et al. (2014). Johnstone and Darnell (2015) list population in Western Australia south of the Kimberley as subspecies assimilis,Cockatoos and Corellas,Cacatuidae,Psittaciformes,21,2,6,1,0,1,0,0,3,1,7,4,32.9,NA,Cacatuidae,Parrots,Parrots,Endemic (entirely Australian),1,0,0,0,0,0,1,0,0,7,7,LC,NA,LC,NA,LC,NA,LC,NA,LC,NA,not listed,NA,not listed,not listed,not listed,not listed,not listed,not listed,not listed,not listed,not listed,LC,Unprotected,not listed,not listed,not listed,Core,Core,Core,Core,Core,Core,Core,Core,not listed,not listed,not listed,not listed,not listed,not listed,not listed,not listed,0,not listed,NA,not listed,NA,not listed,NA,present,none,not listed,NA,0,0,35,35,35,306,200,440,317,259,440,296,200,400,NAV,NAV,NAV,HANZAB,6.43,6.66,0.26,1,1,1,1,1,1,1,1,0,0,1,0,0,0,0,0,0,0,0,0,0,0,0,0,0,0,0,0,0,1,1,1,0,0,0,0,1,1,1,0,0,0,0,0,1,0,1,1,0,0,1,0,0,0,0,0,0,0,0,1,1,1,8.9,4.5,2,7,35,26.6,0,0,0,0,1,0,1,1,0,0,1,0,0,0,0,none,0,nil,certain,9951,580,328,0.413,0.89,0.93,7668,171,98,98,96,100,2,2,2,29,9,24,4,5,18,3,8,NA,NA,NA,NA,273,273
Gavicalis fasciogularis,Mangrove Honeyeater,Meliphagidae,Passeriformes,19,9,10,0,4,20.6,9.5,3.1,4.2,25.1,91.4,14.7,77.8,15.9,80.4,26.8,Dunning,NA,NO,NA,NA,Woodland,2,1,Omnivore,Omnivore,Insessorial,1224,1275,Gavicalis,fasciogularis,NA,Genus from Joseph et al. (2013) and Dickinson and Christidis (2014),Honeyeaters and Chats,Meliphagidae,Passeriformes,22,8,26,3,0,1,0,1,1,3,50,136,3.7,8.4,BC7,Honeyeaters,"Honeyeaters, Thornbills, Bristlebirds, Australasian Wrens, Allies",Endemic (entirely Australian),1,0,0,0,0,0,1,0,0,7,7,LC,NA,LC,NA,LC,NA,LC,NA,LC,NA,not listed,NA,not listed,not listed,not listed,not listed,not listed,not listed,not listed,VU,not listed,LC,not listed,not listed,not listed,not listed,not listed,Core,not listed,Core,not listed,not listed,not listed,not listed,not listed,not listed,not listed,not listed,not listed,not listed,not listed,not listed,0,not listed,NA,not listed,NA,not listed,NA,not listed,NA,not listed,NA,0,0,20,20,20,28.2,22,33.1,30.8,26.5,33.1,25.6,22,30,NAV,NAV,NAV,HANZAB,NAV,NAV,0.05,0,0,0,0,0,0,0,0,0,1,1,0,0,0,0,0,0,0,0,0,0,0,0,0,0,0,0,0,0,0,1,0,0,0,0,0,0,0,0,0,0,1,0,0,0,0,0,1,1,1,0,0,0,1,0,0,1,0,0,0,0,1,NAV,2,1,2,22,16.3,0,1,1,0,0,0,1,NAV,0,NAV,1,0,0,0,0,none,0,nil,certain,1653,0,42,2.912,0.84,0.95,NA,NA,NA,NA,NA,NA,NA,NA,NA,13,10,0,19,6,2,27,22,NA,NA,NA,NA,610,u610
Gavicalis virescens,Singing Honeyeater,Meliphagidae,Passeriformes,20,10,10,0,4,19.6,9.3,3.1,3.9,22.6,90.9,16.4,73.6,18.2,81.2,23.3,Dunning,NA,NO,NA,NA,Shrubland,2,1,Omnivore,Invertivore,Insessorial,1217,1268,Gavicalis,virescens,NA,Genus from Joseph et al. (2013) and Dickinson and Christidis (2014),Honeyeaters and Chats,Meliphagidae,Passeriformes,22,8,26,1,0,1,0,0,4,3,50,136,3.7,NA,BC7,Honeyeaters,"Honeyeaters, Thornbills, Bristlebirds, Australasian Wrens, Allies",Endemic (entirely Australian),1,0,0,0,0,0,1,0,0,7,7,LC,NA,LC,NA,LC,NA,LC,NA,LC,NA,not listed,NA,not listed,not listed,not listed,not listed,not listed,not listed,not listed,not listed,not listed,LC,not listed,not listed,not listed,not listed,not listed,Core,Core,Core,Core,not listed,Core,Core,not listed,not listed,not listed,not listed,not listed,not listed,not listed,not listed,0,not listed,NA,not listed,NA,not listed,NA,not listed,NA,not listed,NA,0,0,19,16,24,24.3,19.1,38,27,20,38,23.5,19.1,34,NAV,NAV,NAV,HANZAB,0.92,0.95,0.05,1,1,1,0,0,1,1,0,0,0,1,0,0,0,0,0,0,0,0,0,0,0,0,0,0,0,0,0,0,1,1,1,1,1,0,0,1,1,0,0,0,1,0,0,0,0,1,1,1,1,0,0,0,1,0,0,0,0,0,1,1,1,12,2.2,1,3,NAV,NAV,0,1,0,0,0,0,1,0,0,0,1,0,0,1,0,none,0,nil,certain,3816,153,4342,0.449,0.83,0.9,7002,327,96,98,91,100,5,2,8,5,4,2,3,63,1,0,22,NA,NA,NA,NA,608,608
Geopelia placida,Peaceful Dove,Columbidae,Columbiformes,6,2,4,0,5,13.6,7.4,2.4,2.8,15.2,99,32.8,66,33.2,89.7,47.8,Dunning,NA,NO,NA,NA,Woodland,2,1,Herbivore,Granivore,Terrestrial,122,135,Geopelia,placida,NA,Species from del Hoyo et al. (2014). Listed as subspecies of G.striata by Johnstone and Darnell (2014),Pigeons and Doves,Columbidae,Columbiformes,6,1,9,2,0,1,0,0,3,5,46,1,16.3,NA,Columbidae,"Pigeons, Doves","Pigeons, Doves",Australian,1,0,0,0,0,0,0,0,0,2,2,LC,NA,LC,NA,LC,NA,LC,NA,LC,NA,not listed,NA,not listed,not listed,not listed,not listed,not listed,not listed,not listed,not listed,not listed,LC,not listed,not listed,not listed,not listed,Core,Core,Core,Core,Core,not listed,Core,Core,not listed,not listed,not listed,not listed,not listed,not listed,not listed,not listed,0,present,certain,present,possible,not listed,NA,not listed,NA,not listed,NA,0,0,22,20,24,45.4,NAV,NAV,46.7,NAV,NAV,44.1,NAV,NAV,NAV,NAV,NAV,HANZAB,0.79,0.82,-0.18,1,0,0,1,1,0,1,1,0,1,1,0,0,0,0,0,0,0,0,1,1,0,0,0,0,0,0,0,0,1,1,1,0,0,0,0,0,1,1,0,1,1,0,0,0,0,1,1,0,0,1,0,0,0,0,0,0,0,0,0,1,1,12.1,2,1,3,21.4,17,0,1,0,0,0,0,1,0,0,0,1,0,0,0,0,local dispersal,1,low,high,6817,612,2908,0.441,1.19,1.13,5659,2090,73,101,100,101,39,37,39,6,1,31,2,37,10,7,6,NA,NA,NA,NA,30,30
Gliciphila melanops,Tawny-crowned Honeyeater,Meliphagidae,Passeriformes,16,6,10,0,4,21.3,11.9,2.7,3.5,21.2,78.8,18.2,58.1,23.9,66.2,18.2,Dunning,NA,NO,NA,NA,Shrubland,2,1,Omnivore,Nectarivore,Insessorial,1159,1362,Glyciphila,melanops,NA,Genus from Joseph et al. (2013) and Dickinson and Christidis (2014),Honeyeaters and Chats,Meliphagidae,Passeriformes,22,8,13,1,0,1,0,0,2,1,50,136,5.3,NA,BC7,Honeyeaters,"Honeyeaters, Thornbills, Bristlebirds, Australasian Wrens, Allies",Endemic (entirely Australian),1,0,0,0,0,0,1,0,0,7,7,LC,NA,LC,NA,LC,NA,LC,NA,LC,NA,not listed,NA,not listed,not listed,not listed,not listed,not listed,not listed,not listed,not listed,not listed,LC,not listed,not listed,not listed,not listed,not listed,Core,not listed,not listed,Core,Core,Core,Core,not listed,not listed,not listed,not listed,not listed,not listed,not listed,not listed,0,not listed,NA,not listed,NA,not listed,NA,not listed,NA,not listed,NA,0,0,16,14,18,18.5,12,24,19.3,14.7,22,17.2,14,19,18.7,12,24,HANZAB,0.62,0.64,-0.03,0,0,1,0,0,1,0,0,0,0,0,0,0,0,0,0,0,0,0,0,0,0,0,0,0,0,0,0,0,0,0,0,0,1,0,0,1,0,0,0,0,0,0,0,0,0,0,0,0,1,0,0,0,1,0,0,0,0,0,0,1,1,9.8,2,1,3,NAV,NAV,0,1,0,0,0,0,1,0,0,0,1,0,0,1,0,none,0,nil,certain,1804,5,138,0.977,1.14,1.1,526,293,64,71,43,91,45,30,77,41,28,1,15,9,1,0,4,NA,NA,NA,NA,593,593
Parvipsitta porphyrocephala,Purple-crowned Lorikeet,Psittacidae,Psittaciformes,5,2,3,0,4,15,11,7,11,12.3,103,55.2,46.8,54.2,59.4,44.7,Dunning,NA,NO,NA,NA,Woodland,2,1,Herbivore,Nectarivore,Insessorial,932,753,Glossopsitta,porphyrocephala,NA,NA,"Parrots, Lorikeets and Rosellas",Psittaculidae,Psittaciformes,21,3,17,3,0,1,0,1,1,3,45,4,12.3,20.7,Psittacidae1,Parrots,Parrots,Endemic (entirely Australian),1,0,0,0,0,0,1,0,0,7,7,LC,NA,LC,NA,LC,NA,LC,NA,LC,NA,not listed,NA,not listed,not listed,not listed,not listed,not listed,not listed,not listed,VU,not listed,LC,not listed,not listed,not listed,not listed,not listed,Core,not listed,not listed,Core,not listed,Core,Core,not listed,not listed,not listed,not listed,not listed,not listed,not listed,not listed,0,not listed,NA,not listed,NA,not listed,NA,not listed,NA,not listed,NA,0,0,18,17,19,44.9,39,50,44.3,39,50,45.5,40,50,NAV,NAV,NAV,HANZAB,1.89,1.96,0.22,0,0,1,0,0,1,0,1,1,0,0,0,0,0,0,0,0,0,0,0,0,0,0,0,0,0,0,0,0,1,1,0,0,0,0,0,1,0,1,1,0,0,0,0,0,0,1,1,0,1,0,0,0,0,0,0,0,0,0,0,0,1,NAV,3,2,6,20.4,17,0,0,0,0,1,0,1,1,0,0,0,0,0,1,0,none,0,nil,certain,1532,89,27,1.041,1,1,762,173,81,62,35,80,14,8,38,48,21,2,7,1,0,3,18,NA,NA,NA,NA,259,u259
Parvipsitta pusilla,Little Lorikeet,Psittacidae,Psittaciformes,4,2,2,0,4,14.4,10.2,7.4,9.7,11.2,96.2,52.6,43.6,54.7,55.8,39.4,Dunning,NA,NO,NA,NA,Woodland,2,1,Herbivore,Omnivore,Insessorial,931,752,Glossopsitta,pusilla,NA,NA,"Parrots, Lorikeets and Rosellas",Psittaculidae,Psittaciformes,21,3,17,2,0,1,0,1,1,3,45,4,12.3,20.7,Psittacidae1,Parrots,Parrots,Endemic (entirely Australian),1,0,0,0,0,0,1,0,0,7,7,LC,NA,LC,NA,LC,NA,LC,NA,LC,NA,not listed,NA,not listed,not listed,not listed,not listed,not listed,not listed,not listed,VU,not listed,LC,EN,not listed,not listed,not listed,not listed,Core,not listed,Core,Core,not listed,Core,not listed,not listed,not listed,not listed,not listed,not listed,not listed,not listed,not listed,0,not listed,NA,not listed,NA,not listed,NA,not listed,NA,not listed,NA,0,0,17,16,18,39.5,30,53,39.2,30,48,39.7,34,53,NAV,NAV,NAV,HANZAB,1.59,1.65,0.16,0,0,0,0,0,1,0,1,1,0,0,0,0,0,0,0,0,0,0,0,0,0,0,0,0,0,0,0,0,1,1,0,0,0,0,0,1,0,1,1,0,0,0,0,0,0,0,0,0,1,0,0,0,0,0,0,0,0,0,0,0,1,NAV,4,3,5,19.9,16.5,0,0,0,0,1,0,1,0,0,0,1,0,0,1,0,none,0,nil,certain,NAV,NAV,NAV,1.424,1.27,1.17,592,212,74,51,25,78,34,22,55,9,3,12,0,10,1,2,63,NA,NA,NA,NA,260,u260
Gymnorhina tibicen,Australian Magpie,Artamidae,Passeriformes,30,9,20,1,9,54.7,35.8,11.9,15.8,56.2,256.6,108.3,157.9,40.7,137.2,284.9,Dunning,NA,NO,NA,NA,Woodland,2,1,Carnivore,Invertivore,Terrestrial,1585,1590,Gymnorhina,tibicen,NA,NA,"Woodswallows, Currawongs, Butcherbirds and Magpie",Artamidae,Passeriformes,22,22,3,1,0,1,0,0,9,1,6,136,10.7,NA,CC7,"Shrike-Flycatchers, Helmetshrikes, Vangas, Butcherbirds, Woodswallows, Allies","Cuckoo-Shrikes, Helmetshrikes, Shrike-Flycatchers, Vangas, Whipbirds, Shrike-Thrushes, Whistlers, Shrikes, Monarchs, Vireos, Orioles, Drongos, Fantails, Birds Of Paradise, Crows, Jays, Allies",Australian,1,0,0,0,0,0,0,0,0,6,6,LC,NA,LC,NA,LC,NA,LC,NA,LC,NA,not listed,NA,not listed,not listed,not listed,not listed,not listed,not listed,not listed,not listed,not listed,LC,not listed,not listed,not listed,not listed,Core,Core,Core,Core,Core,Core,Core,Core,not listed,not listed,not listed,not listed,not listed,not listed,not listed,not listed,0,present,none,present,none,not listed,NA,present,none,not listed,NA,0,0,41,37,43,280,190,410,285,212,410,275,190,372,NAV,NAV,NAV,HANZAB,4.65,4.82,0.14,0,0,0,0,1,1,1,1,1,0,0,0,0,0,0,0,0,0,0,0,0,0,0,0,0,0,0,0,0,1,1,0,0,0,0,0,1,1,1,1,0,0,0,0,0,0,1,1,0,0,1,1,0,1,1,1,0,0,0,1,1,1,10.9,3.3,1,6,39.1,27.6,0,1,0,0,0,0,1,0,0,1,1,0,0,1,0,none,0,nil,certain,8687,610,1422,0.461,0.89,0.92,6123,1567,80,78,68,90,12,9,19,7,4,10,3,4,3,1,68,NA,NA,NA,NA,705,705
Icthyophaga leucogaster,White-bellied Sea-Eagle,Accipitridae,Accipitriformes,7,2,1,4,6,71.3,39.2,18.5,24.9,86,556.7,231.8,330.2,41.3,253.3,2827,Dunning,NA,NO,NA,NA,Coastal,2,1,Carnivore,Vertivore,Aerial,715,425,Haliaeetus,leucogaster,NA,NA,"Eagles, Kites, Goshawks and Osprey",Accipitridae,Accipitriformes,16,2,12,1,0,1,0,1,1,8,69,4,7.7,14.6,Accipitridae,"Hawks, Eagles, Secretarybird","Hawks, Eagles, Secretarybird",Australian,1,0,0,0,0,0,0,0,0,3,3,LC,NA,LC,NA,LC,NA,LC,NA,LC,NA,not listed,NA,not listed,1,not listed,not listed,1,1,not listed,not listed,not listed,LC,EN,v,Th,not listed,not listed,Core,Core,Core,Core,Core,Core,Core,not listed,not listed,not listed,not listed,not listed,not listed,not listed,not listed,0,present,certain,present,probable,present,possible,vagrant,NA,not listed,NA,0,0,80,75,85,2820,2120,3900,2400,2120,2900,3240,2900,3900,NAV,NAV,NAV,HANZAB,12.63,13.08,-0.06,0,0,0,0,1,0,0,0,0,0,0,1,1,1,0,0,0,0,0,0,0,0,0,0,0,0,1,1,0,1,1,0,0,1,0,1,0,1,1,1,1,1,1,0,1,0,1,1,0,0,0,0,0,0,1,1,0,1,1,1,0,0,89.9,2,1,3,73.3,55.4,0,1,0,0,0,0,1,0,0,0,1,0,0,1,0,local dispersal,1,high,low,5167,1824,14,0.437,0.85,0.96,2370,1341,64,88,71,104,67,47,90,10,48,5,4,21,4,1,8,NA,NA,NA,NA,226,u226
Cacomantis pallidus,Pallid Cuckoo,Cuculidae,Cuculiformes,5,2,2,1,4,26.5,15.6,6.6,7,22.7,186.2,92.5,94,49.6,162,87.7,Dunning,NA,NO,NA,NA,Forest,2,1,Carnivore,Invertivore,Insessorial,185,866,Heteroscenes,pallidus,NA,Genus from del Hoyo et al. (2014),Cuckoos,Cuculidae,Cuculiformes,7,1,7,1,0,1,0,1,1,7,36,1,15.8,25.1,Cuculidae,Cuckoos,Cuckoos,Endemic (breeding only),1,0,0,0,0,0,0,1,0,7,5,LC,NA,LC,NA,LC,NA,LC,NA,LC,NA,not listed,NA,not listed,not listed,not listed,not listed,not listed,1,not listed,not listed,not listed,LC,not listed,not listed,not listed,not listed,Core,Core,Core,Core,Core,Core,Core,Core,not listed,not listed,not listed,not listed,not listed,not listed,not listed,not listed,0,present,certain,present,certain,present,certain,vagrant,NA,not listed,NA,0,0,31,31,31,87.6,63,118,89.5,64,118,85.6,63,106,NAV,NAV,NAV,HANZAB,1.43,1.48,-0.08,1,1,1,1,1,1,1,1,1,1,1,0,0,0,0,0,0,0,0,0,0,0,0,0,0,0,0,0,0,1,1,1,1,1,1,1,1,1,1,1,1,1,0,0,0,0,1,1,0,0,0,0,0,1,0,0,0,0,0,1,0,0,8.5,1,1,1,24,17.4,0,1,0,0,0,0,0,0,1,0,1,0,0,0,0,annual outward migration Non-marine,0,nil,certain,NAV,NAV,NAV,0.408,1.25,1.16,7728,176,98,100,100,100,2,2,2,28,9,5,2,2,19,11,24,NA,NA,NA,NA,337,u337
Gallirallus philippensis,Buff-banded Rail,Rallidae,Gruiformes,8,1,4,3,4,32.5,16.6,4.1,7.3,42.9,141.5,36.2,100.3,26.5,66.7,205.9,Dunning,NA,NO,NA,NA,Wetland,2,1,Omnivore,Omnivore,Terrestrial,237,479,Hypotaenidia,philippensis,NA,NA,"Crakes, Rails and Swamphens",Rallidae,Gruiformes,10,1,4,2,0,1,0,0,22,12,38,6,7.1,NA,Rallidae,"Rails, Finfoots","Rails, Finfoots",Australian,1,0,0,0,0,0,0,0,0,6,6,LC,NA,LC,NA,LC,NA,LC,NA,LC,NA,not listed,NA,not listed,not listed,not listed,not listed,not listed,1,not listed,not listed,not listed,LC,not listed,not listed,not listed,not listed,Core,Core,Core,Core,Core,not listed,Core,Core,Core,Core,not listed,Extinct,not listed,Core,Core,Core,0,present,certain,present,probable,present,none,present,none,present,probable,0,0,32,30,33,175,115,290,177,126,234,166,115,240,188,130,290,HANZAB,1.97,2.04,-0.12,0,0,1,0,1,0,1,1,0,1,0,0,0,1,1,1,1,0,0,1,0,0,0,0,0,0,0,0,1,1,1,0,0,0,0,1,0,0,0,0,0,0,1,1,0,1,1,1,0,0,0,0,0,1,0,0,1,0,1,1,1,0,NAV,6.5,5,8,35.6,27.6,1,1,0,0,0,0,1,0,0,0,1,0,0,1,0,annual outward migration Non-marine,0,nil,certain,1443,95,41,0.511,0.98,0.99,2602,501,84,139,90,176,46,26,71,17,35,6,4,3,2,1,31,NA,NA,NA,NA,46,46
Aidemosyne modesta,Plum-headed Finch,Estrildidae,Passeriformes,9,5,4,0,4,10.5,7.3,5.8,6.5,14.6,55.9,13.9,42.6,24.6,49.2,12.7,Dunning,NA,NO,NA,NA,Shrubland,2,1,Herbivore,Granivore,Terrestrial,1791,1908,Neochmia,modesta,NA,NA,Weaver Finches,Estrildidae,Passeriformes,22,33,5,4,0,1,0,1,1,4,34,136,3.8,8.6,P7,"Waxbills, Allies","Weavers, Waxbills, Allies",Endemic (entirely Australian),1,0,0,0,0,0,1,0,0,7,7,LC,NA,LC,NA,LC,NA,LC,NA,LC,NA,not listed,NA,not listed,not listed,not listed,not listed,not listed,not listed,not listed,not listed,not listed,LC,not listed,not listed,not listed,not listed,not listed,Core,not listed,Core,not listed,not listed,not listed,not listed,not listed,not listed,not listed,not listed,not listed,not listed,not listed,not listed,0,not listed,NA,not listed,NA,not listed,NA,not listed,NA,not listed,NA,0,0,13,13,13,12.4,11.2,13.8,12.1,11.8,13.8,12.7,11.2,13,NAV,NAV,NAV,HANZAB,NAV,NAV,0.04,1,0,0,0,1,0,1,1,0,0,0,0,0,0,0,0,0,0,0,0,0,0,0,0,0,0,0,0,0,1,0,1,0,0,0,1,0,1,1,0,0,0,0,0,0,0,1,0,0,0,1,0,0,0,0,0,0,0,0,0,1,1,NAV,4.6,3,7,15.9,11.7,0,1,0,0,0,0,1,0,0,0,1,0,0,1,0,none,0,nil,certain,84,0,11,1.84,1.04,1.03,885,210,81,107,89,108,81,20,322,10,10,14,4,26,2,11,23,NA,NA,NA,NA,661,u661
Neophema bourkii,Bourke's Parrot,Psittaculidae,Psittaciformes,4,2,2,0,4,13.2,11.1,7.5,13.3,13.5,118.2,56.6,61.7,47.8,112.2,44.4,Dunning,NA,NO,NA,NA,Shrubland,2,1,Herbivore,Granivore,Terrestrial,917,820,Neopsephotus,bourkii,NA,NA,"Parrots, Lorikeets and Rosellas",Psittaculidae,Psittaciformes,21,3,15,1,0,1,0,1,1,1,45,4,17.7,27.3,Psittacidae1,Parrots,Parrots,Endemic (entirely Australian),1,0,0,0,0,0,1,0,0,7,7,LC,NA,LC,NA,LC,NA,LC,NA,LC,NA,not listed,NA,not listed,not listed,not listed,not listed,not listed,not listed,not listed,not listed,not listed,LC,not listed,not listed,not listed,not listed,not listed,Core,Core,Core,Core,not listed,not listed,Core,not listed,not listed,not listed,not listed,not listed,not listed,not listed,not listed,0,not listed,NA,not listed,NA,not listed,NA,not listed,NA,not listed,NA,0,0,22,20,23,44.5,38,51,46,40,51,42.9,38,47,NAV,NAV,NAV,HANZAB,1.25,1.3,0.04,1,0,0,1,0,0,0,0,0,0,0,0,0,0,0,0,0,0,0,0,0,0,0,0,0,0,0,0,0,0,0,1,0,0,0,0,0,0,0,0,0,0,0,0,0,0,0,0,0,0,1,0,0,0,0,0,0,0,0,0,1,1,NAV,3.5,2,6,21.4,17.3,0,0,0,0,1,0,0,1,0,0,1,0,0,0,0,none,0,nil,certain,1,0,2,0.763,1.23,1.15,2454,257,91,44,18,74,24,14,38,11,56,7,0,18,2,2,4,NA,NA,NA,NA,304,u304
Nesoptilotis leucotis,White-eared Honeyeater,Meliphagidae,Passeriformes,26,12,14,0,4,18.2,8.4,2.5,3.4,21.7,88.8,15.3,73.4,17.3,80.8,23.9,Dunning,NA,NO,NA,NA,Shrubland,2,1,Omnivore,Invertivore,Insessorial,1133,1280,Nesoptilotis,leucotis,NA,Genus from Joseph et al. (2013) and Dickinson and Christidis (2014),Honeyeaters and Chats,Meliphagidae,Passeriformes,22,8,10,1,0,1,0,0,3,2,50,136,4.2,NA,BC7,Honeyeaters,"Honeyeaters, Thornbills, Bristlebirds, Australasian Wrens, Allies",Endemic (entirely Australian),1,0,0,0,0,0,1,0,0,7,7,LC,NA,LC,NA,LC,NA,LC,NA,LC,NA,not listed,NA,not listed,not listed,not listed,not listed,not listed,not listed,not listed,not listed,not listed,LC,not listed,not listed,not listed,not listed,Core,Core,not listed,Core,Core,not listed,Core,Core,not listed,not listed,not listed,not listed,not listed,not listed,not listed,not listed,0,not listed,NA,not listed,NA,not listed,NA,not listed,NA,not listed,NA,0,0,19,17,22,21.6,15,35,25.1,15,35,19.8,15.2,30,20.8,15,30,HANZAB,0.89,0.92,0.07,0,0,1,0,0,1,1,1,1,0,1,0,0,0,0,0,0,0,0,0,0,0,0,0,0,0,0,0,0,1,1,0,0,1,0,0,1,1,1,1,0,0,0,0,0,0,1,1,1,1,0,0,0,1,0,0,0,0,0,0,1,0,8.8,2.1,1,3,21.6,15.6,0,1,0,0,0,0,1,0,0,0,1,1,0,0,0,none,0,nil,certain,4666,25,951,0.83,0.83,0.9,1298,354,79,41,22,64,13,7,20,52,6,11,2,3,5,1,19,NA,NA,NA,NA,617,617
Onychoprion fuscatus,Sooty Tern,Laridae,Charadriiformes,9,4,5,0,8,47.9,29.3,5.4,8.1,21,280.7,189.1,91.1,67.5,152.1,185.7,Dunning,NA,NO,NA,NA,Marine,3,2,Carnivore,Aquatic predator,Aerial,425,647,Onychoprion,fuscata,NA,NA,"Gulls, Terns and Noddies",Laridae,Charadriiformes,11,13,8,1,0,1,0,0,7,4,24,17,8.5,NA,Lari,"Gulls, Terns, Auks, Crab Plover","Gulls, Terns, Auks, Crab Plover",Australian,1,0,0,0,0,0,0,0,0,4,4,LC,NA,LC,NA,LC,NA,LC,NA,LC,NA,not listed,NA,not listed,not listed,not listed,not listed,not listed,1,not listed,VU,not listed,LC,not listed,not listed,not listed,not listed,not listed,Core,Core,Core,not listed,not listed,not listed,Core,Core,Core,not listed,not listed,not listed,Core,Core,Core,1,present,probable,present,probable,not listed,NA,vagrant,NA,present,possible,0,0,35,33,36,180,147,240,NAV,NAV,NAV,NAV,NAV,NAV,180,147,240,"del Hoyo et al. (1992-2013), Cramp et al. (1977-1994)",2.32,2.4,-0.04,0,0,0,0,0,0,0,0,0,0,0,0,0,0,0,0,0,0,0,0,0,0,0,0,1,0,0,1,0,0,0,0,0,0,0,1,0,0,0,0,0,0,0,1,1,0,0,0,0,0,0,0,0,0,0,0,0,1,0,0,0,1,NAV,1,1,2,52.7,35.9,1,0,0,0,0,0,0,1,0,0,0,0,1,0,0,marine outward,1,medium,low,5847,5900,235,NA,1.3,1.23,NA,NA,NA,NA,NA,NA,NA,NA,NA,NA,NA,NA,NA,NA,NA,NA,NA,NA,NA,NA,NA,120,120
Peltohyas australis,Inland Dotterel,Charadriidae,Charadriiformes,5,1,4,0,4,20.3,10.3,4.4,4.1,33,136.4,69.5,66,51.3,63.8,83.5,Dunning,NA,NO,NA,NA,Grassland,3,2,Herbivore,Omnivore,Terrestrial,314,541,Charadrius,australis,NA,NA,"Plovers, Dotterel and Lapwings",Charadriidae,Charadriiformes,11,5,7,1,0,1,0,1,1,30,11,17,5.6,11.6,Charadrii,"Waders, Allies","Waders, Allies",Endemic (entirely Australian),1,0,0,0,0,0,1,0,0,7,7,LC,NA,LC,NA,LC,NA,LC,NA,LC,NA,not listed,NA,not listed,not listed,not listed,not listed,not listed,not listed,not listed,not listed,not listed,LC,not listed,not listed,not listed,not listed,not listed,Core,Core,Core,Core,not listed,Core,Core,not listed,not listed,not listed,not listed,not listed,not listed,not listed,not listed,0,not listed,NA,not listed,NA,not listed,NA,not listed,NA,not listed,NA,0,0,21,19,23,79.2,52,107,75.8,52,100,82.7,68,107,NAV,NAV,NAV,HANZAB,1.15,1.19,-0.16,0,1,0,0,1,0,0,0,0,0,0,0,0,0,0,0,0,0,0,0,0,0,0,0,0,0,0,0,0,0,0,0,1,0,0,1,0,0,0,0,0,0,0,0,0,0,0,0,0,0,1,1,0,1,0,0,0,0,0,0,0,1,NAV,2.7,2,4,37.4,26.8,1,0,0,0,0,0,1,1,0,0,0,0,0,1,0,none,0,nil,certain,NAV,NAV,NAV,0.592,1.21,1.14,3381,282,92,46,25,76,10,6,24,2,2,2,1,66,2,22,4,NA,NA,NA,NA,145,u145
Petroica boodang,Scarlet Robin,Petroicidae,Passeriformes,8,3,5,0,4,12.8,7,3.3,3.1,18.3,73.8,20.4,54.9,27.1,54.2,12.5,Updated_literature,Dunning (2021),NO,NA,NA,Shrubland,1,1,Carnivore,Invertivore,Insessorial,1712,1718,Petroica,multicolor,NA,Species follows BirdLife international (2014). Considered part of P.boodang by Dickinson and Christidis (2014) and Johnstone and Darnell (2015).,Australian Robins,Petroicidae,Passeriformes,22,30,1,4,0,1,0,0,17,11,19,136,3.3,NA,Petroicidae,Australasian Robins,Australasian Robins,Australian,1,0,0,0,0,0,0,0,0,6,6,LC,NA,LC,NA,LC,NA,LC,NA,LC,NA,not listed,NA,not listed,not listed,not listed,not listed,not listed,not listed,not listed,VU,not listed,LC,not listed,not listed,not listed,not listed,Core,Core,not listed,Core,Core,Core,Core,Core,Core,not listed,not listed,not listed,not listed,not listed,not listed,not listed,0,not listed,NA,not listed,NA,not listed,NA,not listed,NA,not listed,NA,0,0,13,12,14,13.2,7.8,20,12.4,9,20,13.4,8.6,18,12.8,7.8,15,HANZAB,0.52,0.54,-0.03,0,0,1,0,0,1,0,1,1,1,0,0,0,0,0,0,0,0,0,0,0,0,0,0,0,0,0,0,0,1,0,0,0,1,0,0,1,0,1,1,1,0,0,0,0,0,1,0,0,0,0,0,0,1,0,0,0,0,0,1,1,0,8,2.7,1,4,19,14.5,0,1,0,0,0,0,1,0,0,0,1,1,0,0,0,none,0,nil,certain,3701,72,489,1.153,1.16,1.12,648,136,83,58,36,73,9,7,11,42,3,27,1,21,3,3,1,NA,NA,NA,NA,380,380
Poodytes gramineus,Little Grassbird,Locustellidae,Passeriformes,8,3,5,0,4,12.9,7.6,2.4,2.8,20,54,9,44.5,16.9,54.9,14.1,Dunning,NA,NO,NA,NA,Wetland,3,1,Carnivore,Invertivore,Generalist,1871,1791,Poodytes,gramineus,NA,NA,Grassbirds,Locustellidae,Passeriformes,22,39,3,1,0,1,0,0,4,4,13,136,5.2,NA,S11,Old World Warblers I,Old World Warblers I,Australian,1,0,0,0,0,0,0,0,0,6,6,LC,NA,LC,NA,LC,NA,LC,NA,LC,NA,not listed,NA,not listed,not listed,not listed,not listed,not listed,not listed,not listed,not listed,not listed,LC,not listed,not listed,not listed,not listed,Core,Core,Core,Core,Core,Core,Core,Core,not listed,not listed,not listed,not listed,not listed,not listed,not listed,not listed,0,present,none,present,none,not listed,NA,not listed,NA,not listed,NA,0,0,14,12,15,12.6,7,15.5,13.4,11.5,15.5,11.6,7,12.5,NAV,NAV,NAV,HANZAB,0.56,0.58,0,0,1,0,0,1,0,0,0,0,0,1,0,0,0,1,1,0,0,0,1,0,0,0,0,0,0,0,0,0,1,0,0,1,0,0,1,0,0,0,0,0,0,1,0,0,0,1,0,0,0,0,0,0,1,0,0,0,0,0,1,1,0,6.5,2.9,2,5,18.1,13.4,0,1,0,0,0,0,1,0,0,0,1,0,0,1,0,none,0,nil,certain,1200,34,186,0.553,0.97,0.99,3639,837,81,67,40,100,17,8,29,22,3,28,12,3,7,3,22,NA,NA,NA,NA,522,522
Psephotellus varius,Mulga Parrot,Psittaculidae,Psittaciformes,4,2,2,0,4,15.3,11.6,8.8,14.1,16.5,134,56.4,77.6,42.1,158.3,61.5,Dunning,NA,NO,NA,NA,Grassland,3,1,Herbivore,Granivore,Generalist,874,811,Psephotellus,varius,NA,Genus from del Hoyo et al. (2014),"Parrots, Lorikeets and Rosellas",Psittaculidae,Psittaciformes,21,3,8,1,0,1,0,1,1,4,45,4,11.2,19.3,Psittacidae1,Parrots,Parrots,Endemic (entirely Australian),1,0,0,0,0,0,1,0,0,7,7,LC,NA,LC,NA,LC,NA,LC,NA,LC,NA,not listed,NA,not listed,not listed,not listed,not listed,not listed,not listed,not listed,not listed,not listed,LC,not listed,not listed,not listed,not listed,not listed,Core,Core,Core,Core,not listed,Core,Core,not listed,not listed,not listed,not listed,not listed,not listed,not listed,not listed,0,not listed,NA,not listed,NA,not listed,NA,not listed,NA,not listed,NA,0,0,30,27,32,61.2,50,71,61.7,50,71,60.6,51,66,NAV,NAV,NAV,HANZAB,1.79,1.85,0.14,1,1,0,0,1,1,0,0,0,0,0,0,0,0,0,0,0,0,0,0,0,0,0,0,0,0,0,0,0,1,0,1,0,0,0,0,1,0,0,0,0,0,0,0,0,0,0,0,0,0,1,0,0,0,0,0,0,0,0,0,1,1,NAV,6,4,7,22.4,18.6,0,0,0,0,1,0,NAV,NAV,0,0,1,0,0,0,0,none,0,nil,certain,1479,9,60,0.635,0.73,0.81,2939,405,88,44,24,66,5,3,10,10,1,1,0,14,7,61,4,NA,NA,NA,NA,296,u296
Ptilotula fusca,Fuscous Honeyeater,Meliphagidae,Passeriformes,19,7,12,0,4,16.1,6.7,2.7,3.4,18.9,81,16.5,61.3,21.1,66.5,17.7,Dunning,NA,NO,NA,NA,Forest,2,1,Omnivore,Invertivore,Insessorial,1231,1298,Ptilotula,fuscus,NA,Genus from Joseph et al. (2013) and Dickinson and Christidis (2014),Honeyeaters and Chats,Meliphagidae,Passeriformes,22,8,27,4,0,1,0,0,2,6,50,136,2.9,NA,BC7,Honeyeaters,"Honeyeaters, Thornbills, Bristlebirds, Australasian Wrens, Allies",Endemic (entirely Australian),1,0,0,0,0,0,1,0,0,7,7,LC,NA,LC,NA,LC,NA,LC,NA,LC,NA,not listed,NA,not listed,not listed,not listed,not listed,not listed,not listed,not listed,not listed,not listed,LC,not listed,not listed,not listed,not listed,Core,Core,not listed,Core,Core,not listed,Core,not listed,not listed,not listed,not listed,not listed,not listed,not listed,not listed,not listed,0,not listed,NA,not listed,NA,not listed,NA,not listed,NA,not listed,NA,0,0,16,14,17,16.2,10,25,18,12,24,16.2,13,21.8,17.7,10,25,HANZAB,0.73,0.76,0.05,0,0,1,0,0,0,1,1,0,0,0,0,0,0,0,0,0,0,0,0,0,0,0,0,0,0,0,0,0,1,1,0,0,0,0,0,0,1,1,0,0,0,0,0,0,0,1,1,0,1,0,0,0,1,0,0,0,0,0,0,0,1,14.6,2.4,1,3,19.6,14.6,0,1,1,0,0,0,1,1,0,0,1,1,0,1,0,none,0,nil,certain,6422,224,1683,1.39,1.06,1.05,593,150,80,52,26,78,20,13,42,0,10,15,1,8,2,4,59,NA,NA,NA,NA,613,613
Ptilotula ornata,Yellow-plumed Honeyeater,Meliphagidae,Passeriformes,13,4,9,0,4,15.9,6.2,2.6,3.3,19.1,81.5,20,60,25.1,67.8,17.6,Dunning,NA,NO,NA,NA,Woodland,2,1,Omnivore,Omnivore,Insessorial,1226,1293,Ptilotula,ornatus,NA,Genus from Joseph et al. (2013) and Dickinson and Christidis (2014),Honeyeaters and Chats,Meliphagidae,Passeriformes,22,8,27,2,0,1,0,1,1,6,50,136,2.9,7,BC7,Honeyeaters,"Honeyeaters, Thornbills, Bristlebirds, Australasian Wrens, Allies",Endemic (entirely Australian),1,0,0,0,0,0,1,0,0,7,7,LC,NA,LC,NA,LC,NA,LC,NA,LC,NA,not listed,NA,not listed,not listed,not listed,not listed,not listed,not listed,not listed,not listed,not listed,LC,not listed,not listed,not listed,not listed,not listed,Core,not listed,not listed,Core,not listed,Core,Core,not listed,not listed,not listed,not listed,not listed,not listed,not listed,not listed,0,not listed,NA,not listed,NA,not listed,NA,not listed,NA,not listed,NA,0,0,16,14,19,17.2,11,23.2,18.6,15.5,23.2,16.6,12.3,21.1,16.8,11,22,HANZAB,0.75,0.78,0.06,0,0,0,0,0,1,0,1,0,0,0,0,0,0,0,0,0,0,0,0,0,0,0,0,0,0,0,0,0,0,0,0,0,0,0,0,1,0,1,0,0,0,0,0,0,0,0,0,0,1,0,0,0,1,0,0,0,0,0,1,1,1,NAV,2.1,1,3,20,14.8,0,1,0,0,0,0,NAV,NAV,0,NAV,1,0,0,1,0,none,0,nil,certain,3330,219,997,0.962,1.12,1.09,988,168,85,18,7,38,6,3,16,44,8,8,2,14,1,22,1,NA,NA,NA,NA,622,u622
Ptilotula penicillata,White-plumed Honeyeater,Meliphagidae,Passeriformes,23,8,14,1,4,16.2,7.2,2.8,3.4,19.8,79,17,62.7,21.4,70,19.4,Dunning,NA,NO,NA,NA,Forest,2,1,Omnivore,Omnivore,Insessorial,1237,1304,Ptilotula,penicillatus,NA,Genus from Joseph et al. (2013) and Dickinson and Christidis (2014),Honeyeaters and Chats,Meliphagidae,Passeriformes,22,8,27,6,0,1,0,0,4,6,50,136,2.9,NA,BC7,Honeyeaters,"Honeyeaters, Thornbills, Bristlebirds, Australasian Wrens, Allies",Endemic (entirely Australian),1,0,0,0,0,0,1,0,0,7,7,LC,NA,LC,NA,LC,NA,LC,NA,LC,NA,not listed,NA,not listed,not listed,not listed,not listed,not listed,not listed,not listed,not listed,not listed,LC,not listed,not listed,not listed,not listed,Core,Core,Core,Core,Core,not listed,Core,Core,not listed,not listed,not listed,not listed,not listed,not listed,not listed,not listed,0,not listed,NA,not listed,NA,not listed,NA,not listed,NA,not listed,NA,0,0,16,14,18,18.3,12,25,19.6,12.4,25,17.1,12,23.5,NAV,NAV,NAV,HANZAB,0.83,0.86,0.1,1,0,0,0,0,1,0,1,0,0,0,0,0,0,0,0,0,0,0,0,0,0,0,0,0,0,0,0,0,1,1,1,0,0,0,0,0,0,1,0,0,0,1,0,0,0,1,1,0,1,0,0,0,1,0,0,0,0,0,0,1,1,9.8,2.3,1,4,20.4,15,0,1,1,0,0,0,1,1,0,1,1,0,0,0,0,none,0,nil,certain,5801,876,10536,0.506,0.94,0.97,5038,1546,77,99,94,102,30,25,35,11,37,5,4,2,15,20,4,NA,NA,NA,NA,625,625
Pyrrholaemus sagittatus,Speckled Warbler,Acanthizidae,Passeriformes,17,5,12,0,4,11.6,6.1,2.5,3,20,60.8,10.2,50.5,16.7,48.9,13.3,Dunning,NA,NO,NA,NA,Woodland,2,1,Carnivore,Invertivore,Terrestrial,1323,1144,Pyrrholaemus,sagittata,NA,NA,Thornbills and Gerygones,Acanthizidae,Passeriformes,22,10,5,2,0,1,0,1,1,2,13,136,6.6,13,BC6,"Thornbills, Gerygones","Honeyeaters, Thornbills, Bristlebirds, Australasian Wrens, Allies",Endemic (entirely Australian),1,0,0,0,0,0,1,0,0,7,7,LC,NA,LC,NA,LC,NA,LC,NA,LC,NA,not listed,NA,not listed,not listed,not listed,not listed,not listed,not listed,not listed,VU,not listed,LC,not listed,not listed,Th,not listed,Core,Core,not listed,Core,not listed,not listed,Core,not listed,not listed,not listed,not listed,not listed,not listed,not listed,not listed,not listed,0,not listed,NA,not listed,NA,not listed,NA,not listed,NA,not listed,NA,0,0,12,11,13,13.3,8,17.5,13.7,12.1,15,12.9,8,17.5,NAV,NAV,NAV,HANZAB,0.6,0.62,0.03,1,0,0,0,0,1,0,1,0,0,0,0,0,0,0,0,0,0,0,0,0,0,0,0,0,0,0,0,0,0,0,1,0,0,0,0,1,0,1,0,0,0,0,0,0,0,1,0,0,0,1,0,0,1,0,0,0,0,0,1,1,1,NAV,3,2,4,19.5,15,0,1,0,0,0,0,1,0,0,0,1,0,0,0,0,none,0,nil,certain,4048,18,716,1.494,1.07,1.06,685,120,85,52,24,90,16,12,34,1,16,7,0,5,0,0,70,NA,NA,NA,NA,504,u504
Radjah radjah,Radjah Shelduck,Anatidae,Anseriformes,6,1,4,1,4,46.3,32,20,14.8,50.1,270,100.2,160.6,38.5,98,885.2,Dunning,NA,NO,NA,NA,Coastal,3,2,Carnivore,Aquatic predator,Terrestrial,24,50,Radjah,radjah,NA,Genus name from Dickinson and Remsen (2013) and del Hoyo et al. (2014),"Ducks, Geese and Swans",Anatidae,Anseriformes,2,2,7,1,0,1,0,0,2,1,53,3,18.5,NA,Anatinae,"Ducks, Geese, Other Waterfowl, Screamers","Ducks, Geese, Other Waterfowl, Screamers",Australian,1,0,0,0,0,0,0,0,0,6,6,LC,NA,LC,NA,LC,NA,LC,NA,LC,NA,not listed,NA,not listed,not listed,not listed,not listed,not listed,1,not listed,not listed,not listed,NT,not listed,not listed,not listed,Other,not listed,not listed,Core,Core,not listed,not listed,not listed,Core,not listed,not listed,not listed,not listed,not listed,not listed,not listed,not listed,0,present,certain,present,probable,vagrant,NA,not listed,NA,not listed,NA,0,0,55,49,61,950,600,1400,934,750,1100,839,600,1130,1010,760,1400,HANZAB,5.18,5.37,-0.1,0,0,0,0,1,0,0,0,0,0,0,0,0,1,0,1,1,0,1,0,0,0,0,0,0,0,0,0,0,0,1,0,0,0,0,0,0,1,0,0,0,0,1,0,0,0,0,1,0,0,1,0,0,0,0,0,1,0,1,0,1,1,NAV,13,6,15,59,41,0,0,0,0,1,0,1,0,0,0,1,0,0,1,0,local dispersal,1,high,high,476,47,12,1.438,0.87,0.91,750,106,88,129,105,132,58,27,151,5,3,2,16,5,4,64,2,NA,NA,NA,NA,206,206
Neosericornis citreogularis,Yellow-throated Scrubwren,Acanthizidae,Passeriformes,13,5,7,1,4,15.5,8.1,3.2,3.2,26.3,66.8,9.9,52.2,16,50.1,17.6,Dunning,NA,NO,NA,NA,Forest,1,1,Carnivore,Invertivore,Terrestrial,1348,1091,Sericornis,citreogularis,NA,NA,Thornbills and Gerygones,Acanthizidae,Passeriformes,22,10,8,1,0,1,0,0,3,10,13,136,3.8,NA,BC6,"Thornbills, Gerygones","Honeyeaters, Thornbills, Bristlebirds, Australasian Wrens, Allies",Endemic (entirely Australian),1,0,0,0,0,0,1,0,0,7,7,LC,NA,LC,NA,LC,NA,LC,NA,LC,NA,not listed,NA,not listed,not listed,not listed,not listed,not listed,not listed,not listed,not listed,not listed,LC,not listed,not listed,not listed,not listed,not listed,Core,not listed,Core,not listed,not listed,Core,not listed,not listed,not listed,not listed,not listed,not listed,not listed,not listed,not listed,0,not listed,NA,not listed,NA,not listed,NA,not listed,NA,not listed,NA,0,0,14,12,15,16.6,13.5,22,17.2,14,22,16,13.5,20.5,NAV,NAV,NAV,HANZAB,0.79,0.82,0.09,0,0,0,0,0,0,0,0,1,1,0,0,0,0,0,0,0,0,0,0,0,0,0,0,0,0,0,0,0,0,0,0,0,0,0,0,0,0,0,1,1,0,0,0,0,0,0,0,0,0,1,0,0,1,0,0,0,0,0,1,1,0,5.6,2.4,2,4,25.2,17.5,0,1,0,0,0,0,1,0,0,0,1,0,0,0,0,none,0,nil,certain,5676,4,741,2.136,1.16,1.11,149,55,73,58,13,92,58,25,123,12,5,4,0,21,1,21,36,NA,NA,NA,NA,493,493
Sericornis magnirostra,Large-billed Scrubwren,Acanthizidae,Passeriformes,11,3,8,0,4,14.7,8.9,2.8,3.3,19.8,55.7,8.8,46.3,16,42.3,9.8,Dunning,NA,NO,NA,NA,Forest,1,2,Carnivore,Invertivore,Insessorial,1367,1110,Sericornis,magnirostris,NA,NA,Thornbills and Gerygones,Acanthizidae,Passeriformes,22,10,8,5,0,1,0,0,16,10,13,136,3.8,NA,BC6,"Thornbills, Gerygones","Honeyeaters, Thornbills, Bristlebirds, Australasian Wrens, Allies",Endemic (entirely Australian),1,0,0,0,0,0,1,0,0,7,7,LC,NA,LC,NA,LC,NA,LC,NA,LC,NA,not listed,NA,not listed,not listed,not listed,not listed,not listed,not listed,not listed,not listed,not listed,LC,not listed,not listed,not listed,not listed,not listed,Core,not listed,Core,not listed,not listed,Core,not listed,not listed,not listed,not listed,not listed,not listed,not listed,not listed,not listed,0,not listed,NA,not listed,NA,not listed,NA,not listed,NA,not listed,NA,0,0,12,11,13,9.7,7,12.2,10.1,7.8,12,9.2,7,12.2,NAV,NAV,NAV,HANZAB,0.6,0.62,0.1,0,0,0,0,0,0,0,0,1,1,0,0,0,0,0,0,0,0,0,0,0,0,0,0,0,0,0,0,0,0,0,0,0,0,0,0,0,0,0,1,1,0,0,0,0,0,0,0,0,0,0,0,0,1,0,0,0,0,0,0,0,1,4.4,3.1,2,5,19.1,14.1,0,1,0,0,0,0,1,0,0,1,1,0,0,0,0,none,0,nil,certain,5593,215,1260,1.838,1.28,1.19,210,69,75,70,23,101,46,26,97,4,9,6,0,42,1,1,36,NA,NA,NA,NA,494,494
Spatula clypeata,Northern Shoveler,Anatidae,Anseriformes,8,4,4,0,4,68.8,47.9,18.6,18.7,33.8,226.4,130.2,94.2,58,75.1,612.6,Dunning,NA,NO,NA,NA,Wetland,3,3,Omnivore,Aquatic predator,Aquatic,32,65,Spatula,clypeata,NA,Genus name from Dickinson and Remsen (2013) and del Hoyo et al. (2014),"Ducks, Geese and Swans",Anatidae,Anseriformes,2,2,10,3,0,1,0,1,1,10,53,3,8.6,15.8,Anatinae,"Ducks, Geese, Other Waterfowl, Screamers","Ducks, Geese, Other Waterfowl, Screamers",Vagrant,0,0,0,0,1,0,0,0,1,0,1,LC,NA,Vagrant,NA,Vagrant,NA,Vagrant,NA,Vagrant,NA,not listed,NA,not listed,1,not listed,1,1,1,not listed,not listed,not listed,LC,not listed,not listed,not listed,not listed,NA,NA,NA,NA,NA,NA,NA,NA,NA,NA,NA,NA,NA,NA,NA,NA,0,not listed,NA,not listed,NA,not listed,NA,vagrant,NA,not listed,NA,NA,NA,NA,NA,NA,NA,NA,NA,NA,NA,NA,NA,NA,NA,NA,NA,NA,NA,NA,NA,NA,NA,NA,NA,NA,NA,NA,NA,NA,NA,NA,NA,NA,NA,NA,NA,NA,NA,NA,NA,NA,NA,NA,NA,NA,NA,NA,NA,NA,NA,NA,NA,NA,NA,NA,NA,NA,NA,NA,NA,NA,NA,NA,NA,NA,NA,NA,NA,NA,NA,NA,NA,NA,NA,NA,NA,NA,NA,NA,NA,NA,NA,NA,NA,NA,NA,NA,NAV,NAV,NA,NA,NA,NA,NA,NA,NA,NA,NA,NA,NA,NA,NA,NA,NA,vagrancy,1,total,certain,NAV,NAV,NAV,NA,NA,NA,NA,NA,NA,NA,NA,NA,NA,NA,NA,NA,NA,NA,NA,NA,NA,NA,NA,NA,NA,NA,NA,905,u905
Spatula rhynchotis,Australasian Shoveler,Anatidae,Anseriformes,4,2,2,0,3,63.8,45.4,19.4,17.4,30.8,224.2,123,101.2,54.8,71,639,Dunning,NA,NO,NA,NA,Wetland,3,1,Carnivore,Aquatic predator,Aquatic,30,63,Spatula,rhynchotis,NA,Genus name from Dickinson and Remsen (2013) and del Hoyo et al. (2014),"Ducks, Geese and Swans",Anatidae,Anseriformes,2,2,10,2,0,1,0,0,2,10,53,3,8.6,NA,Anatinae,"Ducks, Geese, Other Waterfowl, Screamers","Ducks, Geese, Other Waterfowl, Screamers",Australian,1,0,0,0,0,0,0,0,0,6,6,LC,NA,LC,NA,LC,NA,LC,NA,LC,NA,not listed,NA,not listed,not listed,not listed,not listed,not listed,not listed,not listed,not listed,not listed,LC,Rare,not listed,not listed,not listed,Core,Core,not listed,Core,Core,Core,Core,Core,not listed,not listed,not listed,not listed,not listed,not listed,not listed,not listed,0,not listed,NA,not listed,NA,not listed,NA,present,possible,vagrant,NA,0,0,50,45,55,646,530,852,652,540,852,640,530,745,NAV,NAV,NAV,HANZAB,3.54,3.67,-0.19,0,0,0,0,0,0,0,0,0,0,0,0,1,1,0,1,0,0,0,0,0,0,0,0,0,0,0,0,0,1,1,0,0,0,0,1,0,0,0,0,0,0,1,0,0,0,0,0,0,0,1,0,0,0,0,0,1,0,1,0,0,1,NAV,10,9,13,51.9,37.6,1,0,0,0,0,0,1,0,0,0,0,0,0,1,0,possible irregular transboundary dispersal,0,nil,high,3835,982,3,0.597,1.26,1.17,1887,650,74,60,36,107,16,4,75,10,7,7,4,10,12,2,49,NA,NA,NA,NA,212,212
Spilopelia chinensis,Spotted Dove,Columbidae,Columbiformes,14,6,6,2,12,19.4,9.9,3.2,3.4,21.1,137.7,42.6,94.9,31,127.2,159,Dunning,NA,NO,NA,NA,Woodland,3,1,Herbivore,Granivore,Terrestrial,89,100,Streptopelia,chinensis,NA,NA,Pigeons and Doves,Columbidae,Columbiformes,6,1,2,3,0,1,0,0,5,17,46,1,10.9,NA,Columbidae,"Pigeons, Doves","Pigeons, Doves",Introduced,0,0,0,1,0,0,0,0,0,2,2,LC,NA,Introduced,NA,Introduced,NA,Introduced,NA,Introduced,NA,not listed,NA,not listed,not listed,not listed,not listed,not listed,not listed,not listed,not listed,not listed,not listed,not listed,not listed,not listed,not listed,Introduced,Introduced,Introduced,Introduced,Introduced,Introduced,Introduced,Introduced,not listed,not listed,not listed,not listed,not listed,not listed,not listed,not listed,0,not listed,NA,present,none,present,none,present,none,present,none,NA,NA,31,30,33,161,110,205,164,110,205,157,110,192,NAV,NAV,NAV,HANZAB,NA,NA,NA,0,0,1,0,0,0,0,0,0,0,1,0,0,0,0,0,0,0,0,0,0,0,0,0,0,0,0,0,1,1,1,0,0,1,0,0,0,0,0,0,0,1,0,0,0,1,1,1,0,0,1,0,0,0,0,0,0,0,0,1,1,1,12.9,2,1,3,28.6,22.1,0,1,0,0,0,0,1,0,0,0,1,0,0,0,0,none,0,nil,certain,3599,19,183,NA,NA,NA,NA,NA,NA,NA,NA,NA,NA,NA,NA,NA,NA,NA,NA,NA,NA,NA,NA,NA,NA,NA,NA,989,989
Sugomel nigrum,Black Honeyeater,Meliphagidae,Passeriformes,16,5,11,0,4,18,10.6,2.4,2.5,13.6,66.9,17.7,48.3,26.9,41.2,9.9,Dunning,NA,NO,NA,NA,Shrubland,2,3,Omnivore,Nectarivore,Insessorial,1086,1350,Sugomel,niger,NA,Genus from Joseph et al. (2013) and Dickinson and Christidis (2014),Honeyeaters and Chats,Meliphagidae,Passeriformes,22,8,1,1,0,1,0,1,1,1,50,136,5.3,11,BC7,Honeyeaters,"Honeyeaters, Thornbills, Bristlebirds, Australasian Wrens, Allies",Endemic (entirely Australian),1,0,0,0,0,0,1,0,0,7,7,LC,NA,LC,NA,LC,NA,LC,NA,LC,NA,not listed,NA,not listed,not listed,not listed,not listed,not listed,not listed,not listed,not listed,not listed,LC,not listed,not listed,not listed,not listed,not listed,Core,Core,Core,Core,not listed,Core,Core,not listed,not listed,not listed,not listed,not listed,not listed,not listed,not listed,0,not listed,NA,not listed,NA,not listed,NA,not listed,NA,not listed,NA,0,0,12,10,13,9.3,8,12,9.1,NAV,11,9.5,8,12,NAV,NAV,NAV,HANZAB,0.37,0.38,-0.09,1,0,0,1,0,1,0,0,0,0,0,0,0,0,0,0,0,0,0,0,0,0,0,0,0,0,0,0,0,0,0,1,0,0,1,0,1,0,0,0,0,0,0,0,0,0,0,0,0,1,0,0,0,1,0,0,0,0,0,1,1,0,NAV,1.9,1,3,15.5,12.3,0,1,0,0,0,0,0,1,0,0,0,0,0,1,1,none,0,nil,certain,29,0,4,0.53,1.19,1.13,5225,661,89,45,21,71,11,4,21,6,36,19,1,26,5,2,5,NA,NA,NA,NA,589,u589
Symposiachrus trivirgatus,Spectacled Monarch,Monarchidae,Passeriformes,25,6,17,2,8,15.8,9.1,4.9,4.2,18.1,72.6,12.2,60.6,16.7,66,12.7,Dunning,NA,NO,NA,NA,Forest,1,1,Carnivore,Invertivore,Insessorial,1684,1679,Symposiarchus,trivirgatus,NA,NA,Monarch and Flycatchers,Monarchidae,Passeriformes,22,27,4,1,0,1,0,0,9,20,18,136,2.7,NA,CC8,"Shrikes, Monarchs, Drongos, Fantails, Birds Of Paradise, Crows, Jays, Allies","Cuckoo-Shrikes, Helmetshrikes, Shrike-Flycatchers, Vangas, Whipbirds, Shrike-Thrushes, Whistlers, Shrikes, Monarchs, Vireos, Orioles, Drongos, Fantails, Birds Of Paradise, Crows, Jays, Allies",Australian,1,0,0,0,0,0,0,0,0,3,3,LC,NA,LC,NA,LC,NA,LC,NA,LC,NA,not listed,NA,A2H,not listed,not listed,not listed,1,1,not listed,not listed,not listed,LC,not listed,not listed,not listed,not listed,not listed,Core,not listed,Core,not listed,not listed,not listed,not listed,not listed,not listed,not listed,not listed,not listed,not listed,not listed,not listed,0,present,certain,present,certain,present,none,not listed,NA,not listed,NA,0,0,16,14,17,13.1,7.5,16,12.7,7.5,15.5,13.4,11.2,16,13,10.5,15.5,HANZAB,0.63,0.65,0.06,0,0,0,0,0,0,1,0,1,1,1,0,0,0,0,0,0,0,0,0,0,0,0,0,0,0,0,0,0,0,0,0,0,0,0,0,0,0,0,1,1,0,0,0,0,0,0,0,0,0,0,0,0,1,0,0,0,0,0,1,1,0,5.7,2.1,2,3,20.9,15.1,0,1,0,0,0,0,1,0,0,0,1,1,0,0,0,annual outward migration Non-marine,0,nil,high,5482,2,278,1.025,1.16,1.15,212,85,71,71,32,89,39,11,89,11,2,1,0,51,6,13,16,NA,NA,NA,NA,375,375
Synoicus ypsilophorus,Brown Quail,Phasianidae,Galliformes,5,0,2,3,4,15.6,8.4,5.8,6.2,23.2,98,33.4,66.3,33.5,37.6,107.7,Dunning,NA,NO,NA,NA,Grassland,2,1,Herbivore,Granivore,Terrestrial,61,23,Synoicus,ypsilophora,NA,"Genus name from Dickinson and Remsen (2013) and del Hoyo et al. (2014). Johnstone and Darnell (2015) consider small, northern C.y.cervina as separable from other Australian populations",Pheasants and Quail,Phasianidae,Galliformes,3,4,3,1,0,1,0,0,10,3,52,5,10.9,NA,Phasianidae,"Pheasants, Quail, Guineafowl","Pheasants, Quail, Guineafowl",Australian,1,0,0,0,0,0,0,0,0,6,6,LC,NA,LC,NA,LC,NA,LC,NA,LC,NA,not listed,NA,not listed,not listed,not listed,not listed,not listed,not listed,not listed,not listed,not listed,LC,VU,not listed,not listed,not listed,not listed,Core,Core,Core,not listed,Core,Core,Core,not listed,not listed,not listed,not listed,not listed,not listed,not listed,not listed,0,present,none,present,none,present,none,present,none,not listed,NA,0,0,20,17,22,105,69,140,106,75,140,105,69,140,NAV,NAV,NAV,HANZAB,NAV,NAV,-0.28,0,0,1,0,1,0,1,1,1,0,0,0,0,0,0,0,0,0,0,0,0,0,0,0,0,0,0,0,0,1,0,0,0,1,0,1,0,1,1,1,0,0,0,0,0,0,1,0,0,0,1,1,0,1,0,0,0,0,0,1,1,1,5.5,7.9,5,12,30.7,24.1,1,0,0,0,0,0,1,0,0,0,1,0,0,1,1,possible local dispersal,0,nil,high,1449,0,7,0.463,1.17,1.11,4504,581,89,109,86,112,19,5,48,10,2,2,6,69,2,3,6,NA,NA,NA,NA,11,11
Stizoptera bichenovii,Double-barred Finch,Estrildidae,Passeriformes,9,3,6,0,4,9.7,6.9,5.2,6,13.5,50.9,9.1,42,17.8,44.2,9.6,Dunning,NA,NO,NA,NA,Shrubland,2,1,Herbivore,Granivore,Terrestrial,1803,1889,Taeniopygia,bichenovii,NA,Sometimes placed in Stizoptera (Hooper and Price 2015). Note 'Stitzoptera' is a spelling mistake. Also T.bichenoii used in Dickinson and Christidis (2014) should be T.bichenovii (Schodde and Longmore 2014).,Weaver Finches,Estrildidae,Passeriformes,22,33,7,2,0,1,0,0,2,2,34,136,4.8,NA,P7,"Waxbills, Allies","Weavers, Waxbills, Allies",Endemic (entirely Australian),1,0,0,0,0,0,1,0,0,7,7,LC,NA,LC,NA,LC,NA,LC,NA,LC,NA,not listed,NA,not listed,not listed,not listed,not listed,not listed,not listed,not listed,not listed,not listed,LC,not listed,not listed,not listed,not listed,Core,Core,Core,Core,not listed,not listed,Core,Core,not listed,not listed,not listed,not listed,not listed,not listed,not listed,not listed,0,not listed,NA,not listed,NA,not listed,NA,not listed,NA,not listed,NA,0,0,11,10,12,8.9,7,12,8.7,7,11,9.2,8,11,9.6,7,12,HANZAB,0.4,0.41,-0.05,0,0,0,0,1,0,1,1,0,0,0,0,0,0,0,0,0,0,0,0,0,0,0,0,0,0,0,0,0,1,1,0,0,0,0,0,0,1,1,0,0,0,0,0,0,0,1,1,0,0,1,0,0,1,0,0,0,0,0,0,0,1,6.2,4.3,1,10,14.4,10.6,0,1,0,0,0,0,1,1,0,0,1,1,0,0,0,none,0,nil,certain,2358,20,2657,0.628,1.06,1.04,2466,434,85,100,84,103,30,12,77,16,3,12,2,63,4,0,0,NA,NA,NA,NA,655,655
Thalassarche melanophris,Black-browed Albatross,Diomedeidae,Procellariiformes,9,3,5,1,8,115,81.5,20.9,34.9,78.2,506.9,326.5,181,64.3,195.3,3202.9,Dunning,NA,NO,NA,NA,Marine,3,2,Carnivore,Aquatic predator,Aquatic,516,228,Thalassarche,melanophrys,NA,"Genus from Brooke (2004). Diomedea melanophris (Sibley and Monroe 1990, 1993) was split into D. melanophrys and D. impavida following Robertson and Nunn (1998) and Brooke (2004). Christidis and Boles (2008), Dickinson and Remsen (2013) and Johnstone and Darnell (2015) recognise both as subspecies. ACAP (2006) follows Brooke (2004).",Albatrosses,Diomedeidae,Procellariformes,14,2,4,4,0,1,0,1,2,5,4,4,23.2,28.1,Procellariidae,"Albatrosses, Shearwaters, Petrels","Albatrosses, Shearwaters, Petrels",Australian,1,0,0,0,0,0,0,0,0,3,6,NT,A4bd,VU,D2,VU,D2,EN,"B2ab(ii,iii)",EN,"B2ab(ii,iii)",VU,2005,A2S*,not listed,not listed,not listed,1,1,not listed,VU,not listed,LC,not listed,e,not listed,EN,not listed,Core,not listed,Core,Core,Core,Core,Core,not listed,not listed,Core,Core,not listed,not listed,not listed,not listed,1,not listed,NA,not listed,NA,not listed,NA,present,certain,vagrant,NA,0,1,88,80,95,3570,2700,4700,3710,3300,4700,3170,2800,3800,3700,2700,4500,HANZAB,NAV,NAV,0.1,0,0,0,0,0,0,0,0,0,0,0,0,0,0,0,0,0,0,0,0,0,1,1,1,0,0,0,0,0,0,0,0,0,0,0,1,0,0,0,0,0,0,0,0,1,0,0,0,0,0,0,0,0,0,0,1,0,1,0,0,0,1,NAV,1,1,1,103.1,66,1,0,0,0,0,0,0,1,0,0,0,0,1,0,0,marine outward,1,low,low,12200,10023,114,NA,1.15,1.29,NA,NA,NA,NA,NA,NA,NA,NA,NA,NA,NA,NA,NA,NA,NA,NA,NA,215,275,-2.6,-2.2,88,u88
Charadrius cucullatus,Hooded Plover,Charadriidae,Charadriiformes,5,1,2,2,4,21,10.6,3.3,4.3,25.2,138,71.8,66.2,52,60,100,Dunning,NA,NO,NA,NA,Coastal,3,2,Carnivore,Aquatic predator,Terrestrial,304,543,Thinornis,cucullatus,NA,"Treated as polytypic contra Marchant and Higgins (1993), Dickinson and Remsen (2013) and del Hoyo et al. (2014). Treatment based on morphological differences between eastern and western populations (Bennett 2010; Marchant and Higgins 1993), significant ecological differences and demographic isolation across a well known ultrataxon geographic barrier - the Nullabour coast (Schodde and Mason 1999). Preliminary analysis also suggests significant genetic differentiation between eastern mainland and western mainland populations (Bennett 2010).","Plovers, Dotterel and Lapwings",Charadriidae,Charadriiformes,11,5,3,0,0,1,0,0,1,2,11,17,13.9,NA,Charadrii,"Waders, Allies","Waders, Allies",Endemic (entirely Australian),1,0,0,0,0,0,1,0,0,7,7,VU,C1,LC,NA,NT,C1,VU,C1,VU,C1,not listed,NA,not listed,not listed,not listed,not listed,not listed,1,not listed,CR,not listed,LC,VU,not listed,Th,priority,not listed,Core,not listed,not listed,Core,Core,Core,Core,not listed,not listed,not listed,not listed,not listed,not listed,not listed,not listed,0,not listed,NA,not listed,NA,not listed,NA,not listed,NA,not listed,NA,0,0,21,19,23,98.5,82,135,96.9,82,111,101,88,135,100,79,110,HANZAB,1.13,1.17,-0.1,0,0,0,0,0,0,0,0,0,0,0,0,0,0,0,1,1,0,0,1,0,0,0,0,0,0,0,0,0,1,0,0,0,0,0,0,0,0,0,0,0,0,1,1,0,0,1,0,0,0,0,0,0,1,0,0,1,0,1,0,1,1,NAV,2.6,1,4,36.9,29.7,1,0,0,0,0,0,1,0,0,0,1,0,0,1,0,none,0,nil,certain,6741,187,1656,1.22,1.17,1.13,NA,NA,NA,NA,NA,NA,NA,NA,NA,21,42,19,14,1,0,2,1,NA,NA,NA,NA,138,138
Eopsaltria capito,Pale-yellow Robin,Petroicidae,Passeriformes,11,3,4,4,4,13.9,7.2,4.9,3.7,19.5,73.4,19.7,57.5,25.5,50.4,13.9,Dunning,NA,NO,NA,NA,Forest,1,1,Carnivore,Invertivore,Insessorial,1745,1737,Tregellasia,capito,NA,NA,Australian Robins,Petroicidae,Passeriformes,22,30,9,2,0,1,0,0,2,2,19,136,5.8,NA,Petroicidae,Australasian Robins,Australasian Robins,Endemic (entirely Australian),1,0,0,0,0,0,1,0,0,7,7,LC,NA,LC,NA,LC,NA,LC,NA,LC,NA,not listed,NA,not listed,not listed,not listed,not listed,not listed,not listed,not listed,not listed,not listed,LC,not listed,not listed,not listed,not listed,not listed,Core,not listed,Core,not listed,not listed,not listed,not listed,not listed,not listed,not listed,not listed,not listed,not listed,not listed,not listed,0,not listed,NA,not listed,NA,not listed,NA,not listed,NA,not listed,NA,0,0,13,13,14,13.7,8,21,14.6,8,18.3,12.6,10,14.5,13.9,10,21,HANZAB,0.77,0.8,0.13,0,0,0,0,0,0,0,0,1,1,0,0,0,0,0,0,0,0,0,0,0,0,0,0,0,0,0,0,0,0,0,0,0,0,0,0,0,0,0,1,1,0,0,0,0,0,0,0,0,0,0,0,0,1,0,0,0,0,0,1,1,0,8.5,2,2,2,20.2,15.2,0,1,0,0,0,0,1,0,0,1,1,0,0,0,0,none,0,nil,certain,4816,3,164,2.143,1.15,1.14,92,45,68,65,12,107,54,3,150,3,1,1,0,43,20,7,26,NA,NA,NA,NA,396,396
Zanda funerea,Yellow-tailed Black-Cockatoo,Cacatuidae,Psittaciformes,5,2,3,0,4,52.1,42.5,26.7,57.7,31.5,426.2,180.5,243.5,42.7,340.4,674.7,Dunning,NA,NO,NA,NA,Woodland,2,1,Herbivore,Granivore,Insessorial,824,714,Zanda,funereus,NA,Genus from del Hoyo et al. (2014),Cockatoos and Corellas,Cacatuidae,Psittaciformes,21,2,3,1,0,1,0,0,3,3,7,4,22.8,NA,Cacatuidae,Parrots,Parrots,Endemic (entirely Australian),1,0,0,0,0,0,1,0,0,7,7,LC,NA,LC,NA,LC,NA,LC,NA,LC,NA,not listed,NA,not listed,not listed,not listed,not listed,not listed,not listed,not listed,not listed,not listed,LC,VU,not listed,not listed,not listed,Core,Core,not listed,Core,Core,Core,Core,not listed,not listed,not listed,not listed,not listed,not listed,not listed,not listed,not listed,0,not listed,NA,not listed,NA,not listed,NA,not listed,NA,not listed,NA,0,0,60,55,60,661,321,900,648,505,840,674,321,900,NAV,NAV,NAV,HANZAB,15.08,15.62,0.44,1,0,1,0,0,0,0,1,1,1,0,0,0,0,0,0,0,0,0,0,0,0,0,0,0,0,0,0,0,1,1,0,0,0,0,0,0,0,1,1,0,0,0,0,0,0,0,0,0,0,1,0,0,1,0,0,0,0,0,0,1,1,11.7,2,2,3,46.7,35.3,0,0,0,0,1,0,1,0,0,0,1,1,0,1,0,none,0,nil,certain,511,23,1,1.729,0.59,0.8,563,141,80,64,33,87,9,6,16,1,7,36,1,6,3,4,42,NA,NA,NA,NA,267,267
Zapornia pusilla,Baillon's Crake,Rallidae,Gruiformes,5,2,3,0,4,17.4,9.2,2.4,4.8,25,84.4,29.8,54.5,35.3,32.2,35.4,Dunning,NA,NO,NA,NA,Wetland,1,3,Carnivore,Aquatic predator,Terrestrial,245,485,Zapornia,pusilla,NA,Genus from del Hoyo et al. (2014),"Crakes, Rails and Swamphens",Rallidae,Gruiformes,10,1,7,2,0,1,0,0,5,13,38,6,7,NA,Rallidae,"Rails, Finfoots","Rails, Finfoots",Australian,1,0,0,0,0,0,0,0,0,5,5,LC,NA,LC,NA,LC,NA,LC,NA,LC,NA,not listed,NA,not listed,not listed,not listed,not listed,not listed,1,not listed,not listed,not listed,LC,not listed,not listed,Th,not listed,not listed,Core,Core,Core,Core,Core,Core,Core,not listed,not listed,not listed,not listed,not listed,not listed,not listed,not listed,0,present,certain,present,probable,not listed,NA,present,none,vagrant,NA,0,0,17,15,18,33.9,17,55,35.5,23,45,34,17,55,33,20,52,"HANZAB, del Hoyo et al. (1992-2013)",0.75,0.78,-0.13,0,0,0,0,0,0,0,0,0,0,0,0,0,0,0,1,0,0,0,0,0,0,0,0,0,0,0,0,0,0,0,0,0,0,0,0,0,0,0,0,0,0,1,0,0,0,0,0,0,0,0,0,0,0,0,0,0,0,1,1,1,0,NAV,5.9,4,7,27.6,19.9,1,1,0,0,0,0,1,0,0,0,1,1,0,0,0,annual outward migration Non-marine,1,medium,low,13,0,1,1.032,1.04,1.03,788,410,66,61,34,94,40,15,67,18,5,20,8,4,8,1,35,NA,NA,NA,NA,50,50
Zapornia tabuensis,Spotless Crake,Rallidae,Gruiformes,5,2,3,0,4,19.3,9.5,2.3,4.7,24.4,80.4,24.2,57.5,29.5,35.6,42.2,Dunning,NA,NO,NA,NA,Wetland,2,1,Omnivore,Omnivore,Terrestrial,247,490,Zapornia,tabuensis,NA,Genus from del Hoyo et al. (2014),"Crakes, Rails and Swamphens",Rallidae,Gruiformes,10,1,7,3,0,1,0,0,3,13,38,6,7,NA,Rallidae,"Rails, Finfoots","Rails, Finfoots",Australian,1,0,0,0,0,0,0,0,0,3,3,LC,NA,LC,NA,LC,NA,LC,NA,LC,NA,not listed,NA,not listed,not listed,not listed,not listed,not listed,1,not listed,not listed,not listed,LC,Rare,not listed,not listed,not listed,not listed,Core,Core,Core,Core,Core,Core,Core,not listed,not listed,not listed,not listed,not listed,not listed,not listed,not listed,0,present,certain,present,probable,present,none,present,possible,present,possible,0,0,19,17,20,43.5,21,60.5,45.5,34.1,56.7,40,21,58,44.3,21,60.5,del Hoyo et al. (1992-2013),NAV,NAV,-0.13,0,1,1,0,1,0,0,0,0,0,0,1,0,0,1,1,0,0,0,0,0,0,0,0,0,0,0,0,1,0,1,0,1,1,0,1,0,0,0,0,0,0,1,0,1,0,0,1,0,0,1,1,0,1,0,0,1,0,1,1,1,1,NAV,4,2,7,NAV,NAV,1,1,0,0,0,0,1,0,0,0,1,1,0,0,0,annual outward migration Non-marine,1,medium,low,1254,5,13,0.553,1.11,1.07,1579,985,62,102,74,133,194,106,332,10,9,54,12,3,8,3,1,NA,NA,NA,NA,51,51
Acanthagenys rufogularis,Spiny-cheeked Honeyeater,Meliphagidae,Passeriformes,17,5,12,0,4,25.7,11.3,3.7,5,25.1,111.1,25,82.8,23.2,111.4,47.8,Dunning,NA,NO,NA,NA,Shrubland,2,1,Omnivore,Omnivore,Insessorial,1201,1323,Acanthagenys,rufogularis,NA,Genus from Joseph et al. (2013) and Dickinson and Christidis (2014),Honeyeaters and Chats,Meliphagidae,Passeriformes,22,8,24,1,0,1,0,1,1,1,50,136,5.3,11,BC7,Honeyeaters,"Honeyeaters, Thornbills, Bristlebirds, Australasian Wrens, Allies",Endemic (entirely Australian),1,0,0,0,0,0,1,0,0,7,7,LC,NA,LC,NA,LC,NA,LC,NA,LC,NA,not listed,NA,not listed,not listed,not listed,not listed,not listed,not listed,not listed,not listed,not listed,LC,not listed,not listed,not listed,not listed,not listed,Core,Core,Core,Core,not listed,Core,Core,not listed,not listed,not listed,not listed,not listed,not listed,not listed,not listed,0,not listed,NA,not listed,NA,not listed,NA,not listed,NA,not listed,NA,0,0,24,22,27,44.7,32,77,48.3,39,77,42.7,34,45,43.9,32,67,HANZAB,1.16,1.2,-0.02,1,1,1,0,0,1,1,1,0,0,1,0,0,0,0,0,0,0,0,0,0,0,0,0,0,0,0,0,0,1,1,1,1,1,0,0,1,1,1,0,0,0,0,0,0,0,1,1,1,1,0,0,0,1,0,0,0,0,0,1,1,1,9.2,2.2,1,3,NAV,NAV,0,1,0,0,0,0,1,0,0,0,1,1,0,0,0,none,0,nil,certain,4956,193,809,0.482,0.77,0.86,5799,367,94,88,62,94,5,4,7,10,6,1,2,11,4,61,5,NA,NA,NA,NA,640,u640
Acanthiza apicalis,Inland Thornbill,Acanthizidae,Passeriformes,20,8,12,0,4,11,5.9,2.2,2.6,19,51,7.2,43.2,14.2,44.1,7.6,Dunning,NA,NO,NA,NA,Woodland,2,1,Carnivore,Invertivore,Insessorial,1396,1210,Acanthiza,apicalis,NA,NA,Thornbills and Gerygones,Acanthizidae,Passeriformes,22,10,11,4,0,1,0,0,4,14,13,136,3.4,NA,BC6,"Thornbills, Gerygones","Honeyeaters, Thornbills, Bristlebirds, Australasian Wrens, Allies",Endemic (entirely Australian),1,0,0,0,0,0,1,0,0,7,7,LC,NA,LC,NA,LC,NA,LC,NA,LC,NA,not listed,NA,not listed,not listed,not listed,not listed,not listed,not listed,not listed,not listed,not listed,LC,not listed,not listed,not listed,not listed,not listed,Core,Core,Core,Core,not listed,Core,Core,not listed,not listed,not listed,not listed,not listed,not listed,not listed,not listed,0,not listed,NA,not listed,NA,not listed,NA,not listed,NA,not listed,NA,0,0,11,9,12,7.2,4.8,10,7.4,5.6,10,7,4.8,9.4,NAV,NAV,NAV,HANZAB,NAV,NAV,0.05,1,0,1,0,0,1,0,1,0,0,0,0,0,0,0,0,0,0,0,0,0,0,0,0,0,0,0,0,0,0,0,1,0,1,0,0,1,0,1,0,0,0,0,0,0,0,0,0,0,0,1,0,0,1,0,0,0,0,0,1,1,1,NAV,2.6,2,4,16.5,12.2,0,1,0,0,0,0,1,0,0,0,1,0,0,0,0,none,0,nil,certain,6169,20,1224,0.561,1.23,1.16,4299,940,82,50,27,67,13,10,17,68,2,0,2,7,6,0,15,NA,NA,NA,NA,476,476
Acanthiza chrysorrhoa,Yellow-rumped Thornbill,Acanthizidae,Passeriformes,13,5,8,0,4,11.7,6.2,2.1,2.5,18,58.3,9.1,49.1,15.6,37.9,9.3,Dunning,NA,NO,NA,NA,Woodland,2,1,Carnivore,Invertivore,Terrestrial,1382,1191,Acanthiza,chrysorrhoa,NA,NA,Thornbills and Gerygones,Acanthizidae,Passeriformes,22,10,11,1,0,1,0,0,4,14,13,136,3.4,NA,BC6,"Thornbills, Gerygones","Honeyeaters, Thornbills, Bristlebirds, Australasian Wrens, Allies",Endemic (entirely Australian),1,0,0,0,0,0,1,0,0,7,7,LC,NA,LC,NA,LC,NA,LC,NA,LC,NA,not listed,NA,not listed,not listed,not listed,not listed,not listed,not listed,not listed,not listed,not listed,LC,not listed,not listed,not listed,not listed,Core,Core,Core,Core,Core,Core,Core,Core,not listed,not listed,not listed,not listed,not listed,not listed,not listed,not listed,0,not listed,NA,not listed,NA,not listed,NA,not listed,NA,not listed,NA,0,0,11,10,12,9.1,6.5,13,9.1,6.5,11,9.1,7.5,13,NAV,NAV,NAV,HANZAB,0.43,0.45,-0.02,1,0,1,0,1,1,1,1,0,0,0,0,0,0,0,0,0,0,0,0,0,0,0,0,0,0,0,0,0,1,1,1,0,1,0,0,1,1,1,0,0,0,0,0,0,0,1,1,0,0,0,0,0,1,0,0,0,0,0,0,1,1,6.6,3.2,2,5,17.8,12.6,0,1,0,0,0,0,1,0,0,1,1,0,0,0,0,none,0,nil,certain,4783,37,1161,0.63,1.16,1.11,4531,718,86,61,42,77,3,2,5,54,0,3,1,8,3,3,27,NA,NA,NA,NA,486,486
Acanthiza lineata,Striated Thornbill,Acanthizidae,Passeriformes,19,9,10,0,4,9.9,5,2.1,2.8,17.1,51.5,9.4,40,19.1,37.9,6.9,Dunning,NA,NO,NA,NA,Forest,2,1,Omnivore,Invertivore,Insessorial,1391,1182,Acanthiza,lineata,NA,NA,Thornbills and Gerygones,Acanthizidae,Passeriformes,22,10,11,3,0,1,0,0,4,14,13,136,3.4,NA,BC6,"Thornbills, Gerygones","Honeyeaters, Thornbills, Bristlebirds, Australasian Wrens, Allies",Endemic (entirely Australian),1,0,0,0,0,0,1,0,0,7,7,LC,NA,LC,NA,LC,NA,LC,NA,LC,NA,not listed,NA,not listed,not listed,not listed,not listed,not listed,not listed,not listed,not listed,not listed,LC,not listed,not listed,not listed,not listed,Core,Core,not listed,Core,Core,not listed,Core,not listed,not listed,not listed,not listed,not listed,not listed,not listed,not listed,not listed,0,not listed,NA,not listed,NA,not listed,NA,not listed,NA,not listed,NA,0,0,10,9,11,7.3,5,12,7.5,5,12,7.2,5,10,NAV,NAV,NAV,HANZAB,0.51,0.53,0.11,0,0,1,0,0,1,0,1,1,1,1,0,0,0,0,0,0,0,0,0,0,0,0,0,0,0,0,0,0,1,1,0,0,1,0,0,1,0,1,1,1,1,0,0,0,0,1,1,0,0,1,0,0,1,0,0,0,0,0,0,0,1,4.2,2.9,2,4,18.1,12.4,0,1,0,0,0,0,1,0,0,1,1,0,0,0,0,none,0,nil,certain,8582,224,4010,1.618,1.13,1.1,533,158,77,57,30,74,20,17,26,3,1,35,1,3,1,2,55,NA,NA,NA,NA,470,470
Acanthiza nana,Yellow Thornbill,Acanthizidae,Passeriformes,19,8,11,0,4,10,5.2,2.1,2.7,17.2,49.1,8.8,40.8,17.8,36.8,6.2,Dunning,NA,NO,NA,NA,Shrubland,2,1,Carnivore,Invertivore,Insessorial,1387,1187,Acanthiza,nana,NA,NA,Thornbills and Gerygones,Acanthizidae,Passeriformes,22,10,11,2,0,1,0,0,3,14,13,136,3.4,NA,BC6,"Thornbills, Gerygones","Honeyeaters, Thornbills, Bristlebirds, Australasian Wrens, Allies",Endemic (entirely Australian),1,0,0,0,0,0,1,0,0,7,7,LC,NA,LC,NA,LC,NA,LC,NA,LC,NA,not listed,NA,not listed,not listed,not listed,not listed,not listed,not listed,not listed,not listed,not listed,LC,not listed,not listed,not listed,not listed,Core,Core,not listed,Core,Core,not listed,Core,not listed,not listed,not listed,not listed,not listed,not listed,not listed,not listed,not listed,0,not listed,NA,not listed,NA,not listed,NA,not listed,NA,not listed,NA,0,0,9,9,10,6.5,5,10,6.6,5,10,6.3,5,7.5,NAV,NAV,NAV,HANZAB,0.37,0.38,0,1,0,1,0,0,1,1,1,1,1,1,0,0,0,0,0,0,0,0,0,0,0,0,0,0,0,0,0,0,1,1,1,0,1,0,0,1,1,1,1,1,0,0,0,0,0,1,1,0,0,0,0,0,1,0,0,0,0,0,0,1,1,6.3,3.1,3,4,16.5,11.6,0,1,0,0,0,0,1,0,0,1,1,0,0,0,0,none,0,nil,certain,5172,8,537,1.081,1.15,1.11,1474,379,80,63,25,97,15,7,31,2,2,8,4,7,10,0,67,NA,NA,NA,NA,471,471
Acanthiza pusilla,Brown Thornbill,Acanthizidae,Passeriformes,17,5,12,0,4,11.2,5.3,2.1,2.6,18.7,51.8,7.6,44.1,14.6,43.4,7.6,Dunning,NA,NO,NA,NA,Shrubland,2,1,Carnivore,Invertivore,Insessorial,1404,1215,Acanthiza,pusilla,NA,NA,Thornbills and Gerygones,Acanthizidae,Passeriformes,22,10,11,6,0,1,0,0,5,14,13,136,3.4,NA,BC6,"Thornbills, Gerygones","Honeyeaters, Thornbills, Bristlebirds, Australasian Wrens, Allies",Endemic (entirely Australian),1,0,0,0,0,0,1,0,0,7,7,LC,NA,LC,NA,LC,NA,LC,NA,LC,NA,not listed,NA,not listed,not listed,not listed,not listed,not listed,not listed,not listed,not listed,not listed,LC,not listed,not listed,not listed,not listed,Core,Core,not listed,Core,Core,Core,Core,not listed,not listed,not listed,not listed,not listed,not listed,not listed,not listed,not listed,0,not listed,NA,not listed,NA,not listed,NA,not listed,NA,not listed,NA,0,0,10,9,12,9,4.3,15,7.7,5.7,12,6.9,5,9,NAV,NAV,NAV,HANZAB,0.45,0.47,0.05,0,1,1,0,0,1,1,1,1,1,1,0,0,0,0,0,0,0,0,0,0,0,0,0,0,0,0,0,0,1,1,0,0,1,0,0,1,1,1,1,1,0,0,0,0,0,1,1,0,0,1,0,0,1,0,0,0,0,0,1,1,1,6.7,2.9,2,4,17,12.5,0,1,0,0,0,0,1,0,0,0,1,0,0,0,0,none,0,nil,certain,6439,21,4527,1.742,1.14,1.1,552,167,77,65,36,79,9,6,16,1,1,41,1,8,1,0,46,NA,NA,NA,NA,475,475
Acanthiza reguloides,Buff-rumped Thornbill,Acanthizidae,Passeriformes,16,8,8,0,4,11,6,2.2,2.6,16.7,52,7.3,44.7,14,38.9,7.7,Dunning,NA,NO,NA,NA,Forest,2,1,Carnivore,Invertivore,Insessorial,1417,1197,Acanthiza,reguloides,NA,NA,Thornbills and Gerygones,Acanthizidae,Passeriformes,22,10,11,11,0,1,0,0,4,14,13,136,3.4,NA,BC6,"Thornbills, Gerygones","Honeyeaters, Thornbills, Bristlebirds, Australasian Wrens, Allies",Endemic (entirely Australian),1,0,0,0,0,0,1,0,0,7,7,LC,NA,LC,NA,LC,NA,LC,NA,LC,NA,not listed,NA,not listed,not listed,not listed,not listed,not listed,not listed,not listed,not listed,not listed,LC,not listed,not listed,not listed,not listed,Core,Core,not listed,Core,Core,not listed,Core,not listed,not listed,not listed,not listed,not listed,not listed,not listed,not listed,not listed,0,not listed,NA,not listed,NA,not listed,NA,not listed,NA,not listed,NA,0,0,10,10,11,7.4,5,10,7.5,5,10,7.3,5,10,NAV,NAV,NAV,HANZAB,0.39,0.4,-0.01,0,0,1,0,0,1,1,1,1,0,0,0,0,0,0,0,0,0,0,0,0,0,0,0,0,0,0,0,0,1,0,0,0,1,0,0,1,1,1,1,0,0,0,0,0,0,1,0,0,0,1,0,0,1,0,0,0,0,0,0,0,1,4.3,3.6,2,4,16,12.1,0,1,0,0,0,0,1,0,0,1,1,0,0,0,0,none,0,nil,certain,3477,10,859,1.232,1.1,1.08,1010,228,82,48,30,71,9,7,17,5,7,15,0,6,3,0,64,NA,NA,NA,NA,484,484
Acanthiza uropygialis,Chestnut-rumped Thornbill,Acanthizidae,Passeriformes,12,5,7,0,4,10.2,5.3,2,2.3,18,51.8,7.9,44.6,15,38.3,6.4,Dunning,NA,NO,NA,NA,Woodland,2,1,Carnivore,Invertivore,Insessorial,1416,1196,Acanthiza,uropygialis,NA,NA,Thornbills and Gerygones,Acanthizidae,Passeriformes,22,10,11,10,0,1,0,1,1,14,13,136,3.4,8,BC6,"Thornbills, Gerygones","Honeyeaters, Thornbills, Bristlebirds, Australasian Wrens, Allies",Endemic (entirely Australian),1,0,0,0,0,0,1,0,0,7,7,LC,NA,LC,NA,LC,NA,LC,NA,LC,NA,not listed,NA,not listed,not listed,not listed,not listed,not listed,not listed,not listed,not listed,not listed,LC,not listed,not listed,not listed,not listed,not listed,Core,Core,Core,Core,not listed,Core,Core,not listed,not listed,not listed,not listed,not listed,not listed,not listed,not listed,0,not listed,NA,not listed,NA,not listed,NA,not listed,NA,not listed,NA,0,0,10,9,11,6.4,4,8.1,6.5,4,7.5,6.2,4,8.1,6.5,5.4,7.2,HANZAB,0.36,0.37,0.01,1,1,0,0,0,1,0,1,0,0,0,0,0,0,0,0,0,0,0,0,0,0,0,0,0,0,0,0,0,1,0,1,1,0,0,0,1,0,1,0,0,0,0,0,0,0,1,0,0,0,1,0,0,1,0,0,0,0,0,0,0,1,NAV,3.3,2,5,16.2,12.1,0,1,0,0,0,0,1,0,0,1,1,0,0,0,0,none,0,nil,certain,4613,554,360,0.597,1.09,1.07,4142,656,86,66,45,85,7,5,14,5,21,7,1,6,5,54,1,NA,NA,NA,NA,481,u481
Acanthorhynchus tenuirostris,Eastern Spinebill,Meliphagidae,Passeriformes,20,6,12,2,4,26.8,18.9,2.3,2.7,18,65.6,14.2,54.6,20.6,57.1,10.4,Dunning,NA,NO,NA,NA,Forest,2,1,Omnivore,Nectarivore,Insessorial,1164,1242,Acanthorhynchus,tenuirostris,NA,Genus from Joseph et al. (2013) and Dickinson and Christidis (2014),Honeyeaters and Chats,Meliphagidae,Passeriformes,22,8,15,1,0,1,0,0,4,2,50,136,4.2,NA,BC7,Honeyeaters,"Honeyeaters, Thornbills, Bristlebirds, Australasian Wrens, Allies",Endemic (entirely Australian),1,0,0,0,0,0,1,0,0,7,7,LC,NA,LC,NA,LC,NA,LC,NA,LC,NA,not listed,NA,not listed,not listed,not listed,not listed,not listed,not listed,not listed,not listed,not listed,LC,not listed,not listed,not listed,not listed,Core,Core,not listed,Core,Core,Core,Core,not listed,not listed,not listed,not listed,not listed,not listed,not listed,not listed,not listed,0,not listed,NA,not listed,NA,not listed,NA,not listed,NA,not listed,NA,0,0,15,13,16,10.5,6,18,10.9,8.3,16,9.8,7.9,15,10.6,6,18,HANZAB,0.48,0.5,-0.02,0,0,1,0,0,0,0,1,1,1,0,0,0,0,0,0,0,0,0,0,0,0,0,0,0,0,0,0,0,0,1,0,0,1,0,0,0,0,1,1,1,0,0,0,0,0,0,1,0,1,0,0,0,1,0,0,0,0,0,1,1,0,5.8,2.2,1,4,18.9,14.1,0,1,0,0,0,0,1,0,0,0,1,1,0,0,0,none,0,nil,certain,5647,164,5989,1.629,0.98,1,569,122,82,63,36,79,8,5,12,2,1,23,0,8,0,1,65,NA,NA,NA,NA,591,591
Accipiter cirrocephalus,Collared Sparrowhawk,Accipitridae,Accipitriformes,5,2,3,0,4,19.2,10.6,7.7,9.6,60.3,213,81.3,133.7,37.8,155.4,165.7,Dunning,NA,NO,NA,NA,Forest,1,2,Carnivore,Vertivore,Generalist,712,439,Accipiter,cirrocephalus,NA,NA,"Eagles, Kites, Goshawks and Osprey",Accipitridae,Accipitriformes,16,2,10,4,0,1,0,0,3,46,69,4,4.3,NA,Accipitridae,"Hawks, Eagles, Secretarybird","Hawks, Eagles, Secretarybird",Australian,1,0,0,0,0,0,0,0,0,6,6,LC,NA,LC,NA,LC,NA,LC,NA,LC,NA,not listed,NA,not listed,not listed,not listed,not listed,not listed,not listed,not listed,not listed,not listed,LC,not listed,not listed,not listed,not listed,Core,Core,Core,Core,Core,Core,Core,Core,not listed,not listed,not listed,not listed,not listed,not listed,not listed,not listed,0,present,none,present,none,not listed,NA,not listed,NA,not listed,NA,0,0,35,30,40,180,101,300,129,101,156,231,162,300,NAV,NAV,NAV,HANZAB,2.39,2.48,-0.04,1,1,1,1,1,1,1,1,1,1,1,0,0,0,0,0,0,0,0,0,0,0,0,0,0,0,0,0,0,1,1,1,0,0,0,0,1,1,1,1,1,1,0,0,0,0,1,1,0,0,0,0,0,1,1,0,0,0,0,1,0,0,NAV,2.9,2,5,38,31,0,1,0,0,0,0,1,0,0,0,1,1,0,0,0,possible annual outward migration,0,nil,high,1727,109,25,0.392,0.98,1,7748,184,98,100,98,100,2,2,2,13,8,43,3,26,3,1,3,NA,NA,NA,NA,222,222
Accipiter fasciatus,Brown Goshawk,Accipitridae,Accipitriformes,11,8,3,0,9,28.5,19.1,11.2,15.2,71.9,269.9,103.6,167.3,38.3,206,358.7,Dunning,NA,NO,NA,NA,Forest,1,1,Carnivore,Vertivore,Generalist,705,432,Accipiter,fasciatus,NA,Species from del Hoyo et al. (2014),"Eagles, Kites, Goshawks and Osprey",Accipitridae,Accipitriformes,16,2,10,2,0,1,0,0,12,46,69,4,4.3,NA,Accipitridae,"Hawks, Eagles, Secretarybird","Hawks, Eagles, Secretarybird",Australian,1,0,0,0,0,0,0,0,0,6,6,LC,NA,LC,NA,LC,NA,LC,NA,LC,NA,not listed,NA,not listed,not listed,not listed,not listed,not listed,1,not listed,not listed,not listed,LC,not listed,not listed,not listed,not listed,Core,Core,Core,Core,Core,Core,Core,Core,not listed,not listed,not listed,not listed,Core,not listed,not listed,not listed,0,present,certain,present,probable,present,none,not listed,NA,present,none,0,0,43,35,55,371,200,770,287,200,425,454,310,770,NAV,NAV,NAV,"HANZAB, del Hoyo et al. (1992-2013)",4.5,4.66,0.04,1,1,1,0,0,1,1,1,1,1,1,0,0,0,0,0,0,0,0,0,0,0,0,0,0,0,0,0,0,1,1,1,0,0,0,0,1,1,1,1,1,1,0,0,0,0,1,1,0,0,0,0,0,0,1,1,0,0,0,1,0,0,NAV,3.1,2,4,47.7,38.8,0,1,0,0,0,0,1,0,0,0,1,1,0,0,0,annual outward migration Non-marine,1,high,high,5424,1118,449,0.393,0.84,0.91,7755,185,98,99,98,100,2,2,2,6,8,27,2,50,5,1,2,NA,NA,NA,NA,221,221
Accipiter novaehollandiae,Gray Goshawk,Accipitridae,Accipitriformes,8,5,3,0,7,31.6,19.9,11.5,16.5,69,261.9,76,188.3,28.9,183.6,326.1,Dunning,NA,NO,NA,NA,Forest,1,1,Carnivore,Vertivore,Insessorial,703,441,Accipiter,novaehollandiae,NA,Species from del Hoyo et al. (2014). Considered nominate subspecies of Variable Goshawk by Johnstone and Darnell (2015),"Eagles, Kites, Goshawks and Osprey",Accipitridae,Accipitriformes,16,2,10,1,0,1,0,1,1,46,69,4,4.3,9.4,Accipitridae,"Hawks, Eagles, Secretarybird","Hawks, Eagles, Secretarybird",Endemic (entirely Australian),1,0,0,0,0,0,1,0,0,7,7,LC,NA,LC,NA,LC,NA,LC,NA,LC,NA,not listed,NA,not listed,not listed,not listed,not listed,not listed,not listed,not listed,not listed,not listed,NT,EN,e,Th,not listed,not listed,Core,Core,Core,not listed,Core,Core,Core,not listed,not listed,not listed,not listed,not listed,not listed,not listed,not listed,0,not listed,NA,not listed,NA,not listed,NA,not listed,NA,not listed,NA,0,0,48,40,55,565,238,1050,383,238,470,747,515,1050,NAV,NAV,NAV,HANZAB,4.74,4.91,0,0,0,0,0,0,0,1,1,1,1,0,0,0,0,0,0,0,0,0,0,0,0,0,0,0,0,0,0,0,0,1,0,0,0,0,0,0,0,0,1,1,0,0,0,0,0,0,1,0,0,0,0,0,0,1,1,0,0,0,1,0,0,NAV,3,2,4,48.2,38,0,1,0,0,0,0,1,0,0,0,1,0,0,0,0,none,0,nil,high,3545,79,17,0.392,0.98,1,7748,184,98,100,98,100,2,2,2,1,20,1,3,42,2,1,31,NA,NA,NA,NA,220,u220
Acrocephalus australis,Australian Reed Warbler,Acrocephalidae,Passeriformes,8,4,4,0,4,19.8,10.6,3.8,4,23.8,71.5,16.3,55,22.9,67.1,17.7,Dunning,NA,NO,NA,NA,Wetland,3,3,Carnivore,Invertivore,Insessorial,1878,1781,Acrocephalus,australis,NA,NA,Reed-Warblers,Acrocephalidae,Passeriformes,22,40,1,2,0,1,0,0,3,42,6,136,3.1,NA,S11,Old World Warblers I,Old World Warblers I,Endemic (breeding only),1,0,0,0,0,0,0,1,0,7,6,LC,NA,LC,NA,LC,NA,LC,NA,LC,NA,not listed,NA,not listed,not listed,not listed,not listed,not listed,not listed,not listed,not listed,not listed,LC,not listed,not listed,not listed,not listed,Core,Core,Core,Core,Core,Core,Core,Core,not listed,not listed,not listed,not listed,not listed,not listed,not listed,not listed,0,not listed,NA,not listed,NA,not listed,NA,vagrant,NA,not listed,NA,0,0,16,15,18,18.9,15.1,25.3,19.6,15.1,21,18.7,NAV,NAV,NAV,NAV,25.3,HANZAB,NAV,NAV,0.14,0,1,0,0,1,0,1,1,0,0,1,0,0,0,1,1,0,0,0,0,0,0,0,0,0,0,0,0,0,1,1,0,1,0,0,1,0,0,1,0,0,0,1,0,0,0,1,1,0,0,0,0,0,1,0,0,0,0,0,1,1,0,11.5,3.1,1,4,20.2,14.6,0,1,0,0,0,0,1,0,0,0,1,1,0,0,0,annual outward migration Non-marine,0,nil,certain,2582,2118,907,0.481,1.09,1.07,4976,1903,72,109,107,109,50,45,50,4,3,28,1,5,7,1,51,NA,NA,NA,NA,524,524
Actitis hypoleucos,Common Sandpiper,Scolopacidae,Charadriiformes,11,2,3,6,4,30.1,19.9,3.1,4,22.4,109.9,51.1,55.4,48,57.4,48,Dunning,NA,NO,NA,NA,Wetland,3,3,Carnivore,Aquatic predator,Terrestrial,364,575,Actitis,hypoleucos,NA,NA,"Snipe, Sandpipers, Godwits, Curlew, Stints and Phalaropes",Scolopacidae,Charadriiformes,11,9,9,1,0,1,0,1,1,2,16,17,12.2,20.7,Scolopaci,"Sandpipers, Jacanas, Seedsnipes, Allies","Sandpipers, Jacanas, Seedsnipes, Allies",Non-breeding migrant,1,0,0,0,0,0,0,0,1,0,3,LC,NA,LC,NA,LC,NA,LC,NA,LC,NA,not listed,NA,A2H,1,1,1,1,1,not listed,not listed,not listed,LC,Rare,not listed,not listed,not listed,not listed,Core,Core,Core,Core,Core,Core,Core,not listed,not listed,not listed,not listed,Core,Core,Core,not listed,0,present,certain,present,certain,present,probable,present,certain,vagrant,NA,0,0,20,19,21,41.7,35,78,43.3,37,50,43.2,39,48,40.2,35,78,HANZAB,0.86,0.89,-0.14,0,0,0,0,0,0,0,0,0,0,0,1,0,1,0,0,0,1,1,1,1,0,0,0,0,0,0,0,1,0,1,NA,NA,NA,NA,NA,NA,NA,NA,NA,NA,NA,NA,NA,NA,NA,NA,NA,0,0,0,0,0,1,0,0,1,0,1,1,0,1,43,4,3,5,NAV,NAV,1,0,0,0,0,0,NA,NA,NA,NA,0,0,1,0,0,annual inward migration Non-marine,1,total,certain,1933,149,17,NA,0.89,0.99,NA,NA,NA,NA,NA,NA,NA,NA,NA,NA,NA,NA,NA,NA,NA,NA,NA,NA,NA,NA,NA,157,u157
Aegotheles cristatus,Australian Owlet-nightjar,Aegothelidae,Caprimulgiformes,5,2,3,0,4,14,5,4,3.7,23.7,135.8,47,88.8,34.6,121.2,42.8,Dunning,NA,NO,NA,NA,Woodland,2,1,Carnivore,Invertivore,Insessorial,209,183,Aegotheles,cristatus,NA,Species from del Hoyo et al. (2014). Johnstone and Darnell (2015) recognise A.c.leucogaster from the Kimberley as being distinct.,Owlet-nightjars,Aegothelidae,Caprimulgiformes,9,3,1,1,0,1,0,0,3,11,1,7,23.5,NA,Aegothelidae,Owlet-Nightjars,Owlet-Nightjars,Endemic (entirely Australian),1,0,0,0,0,0,1,0,0,7,7,LC,NA,LC,NA,LC,NA,LC,NA,LC,NA,not listed,NA,not listed,not listed,not listed,not listed,not listed,not listed,not listed,not listed,not listed,LC,not listed,not listed,not listed,not listed,Core,Core,Core,Core,Core,Core,Core,Core,not listed,not listed,not listed,not listed,not listed,not listed,not listed,not listed,0,not listed,NA,not listed,NA,not listed,NA,not listed,NA,not listed,NA,0,0,22,19,25,42.8,21,65,42.5,21,65,43.2,21,65,NAV,NAV,NAV,HANZAB,1.42,1.47,0.09,1,0,1,0,1,1,1,1,1,1,1,0,0,0,0,0,0,0,0,0,0,0,0,0,0,0,0,0,0,1,1,1,0,1,0,0,1,1,1,1,1,1,0,0,0,0,1,1,0,0,0,0,0,1,0,0,0,0,0,1,0,0,NAV,3,2,5,27.7,21.6,1,0,0,0,1,0,1,0,0,0,1,0,0,0,0,possible local dispersal,0,nil,high,2147,2,52,0.403,1.14,1.09,7705,229,97,100,89,100,3,3,3,2,5,12,3,14,7,4,54,NA,NA,NA,NA,317,317
Ailuroedus crassirostris,Green Catbird,Ptilonorhynchidae,Passeriformes,24,8,6,10,4,33.7,18.1,9.6,14.4,48.6,155.8,31.9,132.6,19.4,113.7,205.3,Dunning,NA,NO,NA,NA,Forest,1,1,Herbivore,Omnivore,Insessorial,973,991,Ailuroedus,crassirostris,NA,NA,Bowerbirds and Catbirds,Ptilonorhynchidae,Passeriformes,22,4,1,2,0,1,0,1,1,2,8,136,7.7,14.6,BC2,"Australian Treecreepers, Bowerbirds","Australian Treecreepers, Bowerbirds",Endemic (entirely Australian),1,0,0,0,0,0,1,0,0,7,7,LC,NA,LC,NA,LC,NA,LC,NA,LC,NA,not listed,NA,not listed,not listed,not listed,not listed,not listed,not listed,not listed,not listed,not listed,LC,not listed,not listed,not listed,not listed,not listed,Core,not listed,Core,not listed,not listed,not listed,not listed,not listed,not listed,not listed,not listed,not listed,not listed,not listed,not listed,0,not listed,NA,not listed,NA,not listed,NA,not listed,NA,not listed,NA,0,0,32,31,32,208,167,289,216,167,289,200,169,253,NAV,NAV,NAV,HANZAB,4.01,4.15,0.15,0,0,0,0,0,0,0,0,1,1,0,0,0,0,0,0,0,0,0,0,0,0,0,0,0,0,0,0,0,0,1,0,0,0,0,0,0,0,0,0,1,0,0,0,0,0,0,0,1,0,1,1,0,1,1,0,0,0,0,1,1,0,9.7,2.1,1,3,43.3,30.6,0,1,0,0,0,0,1,0,0,0,1,0,0,0,0,none,0,nil,certain,5435,9,447,2.93,1.06,1.09,108,22,83,44,5,92,51,6,128,17,8,0,0,30,4,13,29,NA,NA,NA,NA,676,u676
Alauda arvensis,Eurasian Skylark,Alaudidae,Passeriformes,34,12,22,0,16,14.6,8.8,4.4,4.7,23.6,106.7,36,70.8,33.6,67.6,37.3,Dunning,NA,NO,NA,NA,Grassland,3,2,Omnivore,Omnivore,Terrestrial,1853,1770,Alauda,arvensis,NA,NA,Larks,Alaudidae,Passeriformes,22,37,2,1,0,1,0,0,11,4,21,136,4.4,NA,S3,Larks,"Larks, Allies",Introduced,0,0,0,1,0,0,0,0,0,2,2,LC,NA,Introduced,NA,Introduced,NA,Introduced,NA,Introduced,NA,not listed,NA,not listed,not listed,not listed,not listed,not listed,not listed,not listed,not listed,not listed,not listed,not listed,not listed,not listed,not listed,Introduced,Introduced,not listed,not listed,Introduced,Introduced,Introduced,not listed,not listed,not listed,not listed,not listed,not listed,not listed,not listed,not listed,0,not listed,NA,not listed,NA,not listed,NA,present,none,not listed,NA,NA,NA,18,16,19,40,17,55,40.8,27,55,39.2,17,47,NAV,NAV,NAV,"HANZAB, Cramp et al. (1977-1994)",NA,NA,NA,0,1,0,0,1,0,0,0,0,0,0,0,0,0,0,0,0,0,0,0,0,0,0,0,0,0,0,0,1,1,0,0,0,0,0,1,0,0,0,0,0,0,0,0,0,0,1,0,0,0,1,1,0,1,0,0,0,0,0,1,1,0,NAV,3.5,1,6,23.4,16.8,1,0,0,0,0,0,1,0,0,0,1,0,0,0,0,none,0,nil,certain,72,0,3,NA,NA,NA,NA,NA,NA,NA,NA,NA,NA,NA,NA,NA,NA,NA,NA,NA,NA,NA,NA,NA,NA,NA,NA,993,993
Alectura lathami,Australian Brushturkey,Megapodiidae,Galliformes,4,2,2,0,4,37.8,20.9,12,17.4,80.6,289.8,61.7,228,21.4,218.5,2333.1,Dunning,NA,NO,NA,NA,Forest,1,1,Herbivore,Omnivore,Terrestrial,47,10,Alectura,lathami,NA,NA,Megapodes,Megapodiidae,Galliformes,3,1,1,1,0,1,0,0,2,1,7,5,30.6,NA,Megapodiidae,Megapodes,Megapodes,Endemic (entirely Australian),1,0,0,0,0,0,1,0,0,7,7,LC,NA,LC,NA,LC,NA,LC,NA,LC,NA,not listed,NA,not listed,not listed,not listed,not listed,not listed,not listed,not listed,EN (population),not listed,LC,not listed,not listed,not listed,not listed,not listed,Core,not listed,Core,Introduced,not listed,not listed,not listed,not listed,not listed,not listed,not listed,not listed,not listed,not listed,not listed,0,not listed,NA,not listed,NA,not listed,NA,not listed,NA,not listed,NA,0,0,65,60,70,2230,1400,2950,2520,1400,2950,1940,1700,2510,NAV,NAV,NAV,"HANZAB, Jones et al. (1996)",5.68,5.88,-0.31,1,0,0,0,0,1,1,1,1,1,0,0,0,0,0,0,0,0,0,0,0,0,0,0,0,0,0,0,0,1,1,1,0,0,0,0,0,1,1,1,1,0,0,0,0,0,0,1,1,0,1,1,0,1,1,0,0,0,0,1,1,0,12,22,18,24,92,60,1,0,0,0,0,0,1,0,0,0,1,0,0,0,0,none,0,nil,certain,4382,151,177,0.829,0.98,0.99,602,203,75,50,29,74,32,11,64,11,3,4,0,38,13,13,17,NA,NA,NA,NA,8,8
Alisterus scapularis,Australian King-Parrot,Psittaculidae,Psittaciformes,5,2,3,0,4,26,20.3,13.5,20.2,21.2,210.2,99.5,113.2,46.8,204.4,232.3,Dunning,NA,NO,NA,NA,Forest,1,1,Herbivore,Frugivore,Insessorial,856,764,Alisterus,scapularis,NA,NA,"Parrots, Lorikeets and Rosellas",Psittaculidae,Psittaciformes,21,3,2,1,0,1,0,0,2,3,45,4,12.3,NA,Psittacidae1,Parrots,Parrots,Endemic (entirely Australian),1,0,0,0,0,0,1,0,0,7,7,LC,NA,LC,NA,LC,NA,LC,NA,LC,NA,not listed,NA,not listed,not listed,not listed,not listed,not listed,not listed,not listed,not listed,not listed,LC,not listed,not listed,not listed,not listed,Core,Core,not listed,Core,not listed,not listed,Core,not listed,not listed,not listed,not listed,not listed,not listed,not listed,not listed,not listed,0,not listed,NA,not listed,NA,not listed,NA,not listed,NA,not listed,NA,0,0,43,40,45,207,174,285,202,174,227,236,198,285,NAV,NAV,NAV,HANZAB,4.48,4.64,0.2,1,0,1,0,0,0,0,1,1,1,0,0,0,0,0,0,0,0,0,0,0,0,0,0,0,0,0,0,0,1,1,1,0,0,0,0,0,0,1,1,1,0,0,0,0,0,0,0,1,0,1,0,0,0,0,0,0,0,0,0,1,1,8.7,4.5,3,6,32.6,27.2,0,0,0,0,1,0,1,0,0,0,1,1,0,0,0,none,0,nil,certain,3934,15,40,1.522,1,1.01,574,60,91,73,35,121,19,12,37,3,2,5,0,20,0,2,68,NA,NA,NA,NA,281,281
Amaurornis moluccana,Pale-vented Bush-hen,Rallidae,Gruiformes,4,2,2,0,4,33.1,17.2,5.2,9.6,54.2,131.8,31.9,99.8,24.2,49.5,186.8,Dunning,NA,NO,NA,NA,Wetland,2,1,Carnivore,Omnivore,Terrestrial,249,493,Amaurornis,moluccana,NA,Species from del Hoyo et al. (2014),"Crakes, Rails and Swamphens",Rallidae,Gruiformes,10,1,8,1,0,1,0,0,4,7,38,6,8.6,NA,Rallidae,"Rails, Finfoots","Rails, Finfoots",Australian,1,0,0,0,0,0,0,0,0,4,4,LC,NA,LC,NA,LC,NA,LC,NA,LC,NA,not listed,NA,not listed,not listed,not listed,not listed,not listed,1,not listed,VU,not listed,LC,not listed,not listed,not listed,not listed,not listed,Core,Core,Core,not listed,not listed,not listed,Core,not listed,not listed,not listed,not listed,not listed,not listed,not listed,not listed,0,present,certain,present,probable,not listed,NA,not listed,NA,not listed,NA,0,0,28,24,31,183,129,248,198,129,248,168,135,205,NAV,NAV,NAV,"HANZAB, del Hoyo et al. (1992-2013)",2.13,2.21,-0.07,0,0,0,0,0,0,0,0,0,1,0,0,0,0,1,1,0,0,0,0,0,0,0,0,0,0,0,0,1,0,1,0,0,0,0,0,0,0,0,0,1,0,1,0,0,1,0,1,0,0,1,0,0,1,0,0,0,0,1,1,1,1,NAV,5.5,4,8,NAV,NAV,1,1,0,0,0,0,1,0,0,0,1,0,0,1,0,annual outward migration Non-marine,1,medium,low,NAV,NAV,NAV,0.975,0.96,0.98,181,81,69,185,77,251,106,45,415,12,5,0,1,38,9,21,14,NA,NA,NA,NA,53,53
Amytornis barbatus,Gray Grasswren,Maluridae,Passeriformes,11,5,6,0,3,13.8,7.6,3.6,4.9,24.1,58.5,5.5,49.7,10,102.9,18.4,Dunning,NA,NO,NA,NA,Grassland,3,1,Omnivore,Omnivore,Generalist,1048,1048,Amytornis,barbatus,NA,NA,"Fairy-wrens, Emu-wrens and Grasswrens",Maluridae,Passeriformes,22,6,3,1,0,1,0,0,2,14,6,136,4.4,NA,BC4,Australasian Wrens,"Honeyeaters, Thornbills, Bristlebirds, Australasian Wrens, Allies",Endemic (entirely Australian),1,0,0,0,0,0,1,0,0,7,7,LC,NA,LC,NA,LC,NA,LC,NA,LC,NA,not listed,NA,not listed,not listed,not listed,not listed,not listed,not listed,not listed,EN,not listed,NT,Rare,not listed,not listed,not listed,not listed,Core,not listed,Core,Core,not listed,not listed,not listed,not listed,not listed,not listed,not listed,not listed,not listed,not listed,not listed,0,not listed,NA,not listed,NA,not listed,NA,not listed,NA,not listed,NA,0,0,20,18,21,18.4,15,23,18.8,15,21.5,18,15,23,NAV,NAV,NAV,HANZAB,NAV,NAV,0.08,0,1,0,0,1,0,0,0,0,0,0,0,0,0,0,0,0,0,0,0,0,0,0,0,0,0,0,0,0,0,0,0,1,0,0,1,0,0,0,0,0,0,0,0,0,0,0,0,0,0,1,0,0,1,0,0,0,0,0,0,1,1,NAV,2.3,2,3,19.6,15,0,1,0,0,0,0,1,1,0,NAV,1,0,0,0,0,none,0,nil,certain,1102,0,55,7.005,1.12,1.09,78,187,29,119,86,119,1867,456,3937,2,68,1,0,6,1,17,6,NA,NA,NA,NA,871,871
Amytornis goyderi,Eyrean Grasswren,Maluridae,Passeriformes,9,3,4,2,2,13.6,7.3,3.7,6.1,22.4,57.7,4.1,53.4,7.1,77.5,16.7,Dunning,NA,NO,NA,NA,Grassland,3,1,Omnivore,Granivore,Terrestrial,1062,1076,Amytornis,goyderi,NA,NA,"Fairy-wrens, Emu-wrens and Grasswrens",Maluridae,Passeriformes,22,6,3,7,0,1,0,1,1,14,6,136,4.4,9.7,BC4,Australasian Wrens,"Honeyeaters, Thornbills, Bristlebirds, Australasian Wrens, Allies",Endemic (entirely Australian),1,0,0,0,0,0,1,0,0,7,7,LC,NA,LC,NA,LC,NA,LC,NA,LC,NA,not listed,NA,not listed,not listed,not listed,not listed,not listed,not listed,not listed,not listed,not listed,LC,not listed,not listed,not listed,not listed,not listed,not listed,Core,Core,Core,not listed,not listed,not listed,not listed,not listed,not listed,not listed,not listed,not listed,not listed,not listed,0,not listed,NA,not listed,NA,not listed,NA,not listed,NA,not listed,NA,0,0,16,15,17,16.7,14,18.5,17,15,18.5,16.4,14,17.5,NAV,NAV,NAV,HANZAB,0.78,0.81,0.08,0,0,0,1,1,0,0,0,0,0,0,0,0,0,0,0,0,0,0,0,0,0,0,0,0,0,0,0,0,0,0,0,0,0,0,1,0,0,0,0,0,0,0,0,0,0,0,0,0,0,1,0,0,1,0,0,0,0,0,1,1,1,NAV,2.5,2,3,19.8,15.1,0,1,0,0,0,0,1,0,0,1,1,0,0,0,0,none,0,nil,certain,NAV,NAV,NAV,2.166,1.12,1.09,242,54,82,0,0,9,0,0,55,3,31,2,4,56,3,0,0,NA,NA,NA,NA,515,u515
Amytornis striatus,Striated Grasswren,Maluridae,Passeriformes,11,3,6,2,4,15.1,8,3,3.9,25.3,59.5,4.6,56.2,7.5,82,19.6,Dunning,NA,NO,NA,NA,Grassland,2,1,Omnivore,Omnivore,Terrestrial,1053,1051,Amytornis,striatus,NA,NA,"Fairy-wrens, Emu-wrens and Grasswrens",Maluridae,Passeriformes,22,6,3,4,0,1,0,0,4,14,6,136,4.4,NA,BC4,Australasian Wrens,"Honeyeaters, Thornbills, Bristlebirds, Australasian Wrens, Allies",Endemic (entirely Australian),1,0,0,0,0,0,1,0,0,7,7,LC,NA,LC,NA,LC,NA,LC,NA,LC,NA,not listed,NA,not listed,not listed,not listed,not listed,not listed,not listed,not listed,VU,not listed,NT,Rare,not listed,not listed,priority,not listed,Core,Core,Core,Core,not listed,Core,Core,not listed,not listed,not listed,not listed,not listed,not listed,not listed,not listed,0,not listed,NA,not listed,NA,not listed,NA,not listed,NA,not listed,NA,0,0,17,15,19,18.6,10,21,18.1,15,21,16.5,10,20.5,NAV,NAV,NAV,HANZAB,NAV,NAV,0.08,1,0,1,1,0,1,0,0,0,0,0,0,0,0,0,0,0,0,0,0,0,0,0,0,0,0,0,0,0,0,0,1,0,1,1,0,1,0,0,0,0,0,0,0,0,0,0,0,0,0,1,0,0,1,0,0,0,0,0,1,1,1,NAV,2.2,2,3,19.7,15.4,0,1,0,0,0,0,1,0,0,1,1,0,0,0,0,none,0,nil,certain,68,0,9,0.739,1.05,1.05,1348,1592,46,47,1,108,54,3,201,NA,NA,NA,NA,NA,NA,NA,NA,NA,NA,NA,NA,513,513
Anas acuta,Northern Pintail,Anatidae,Anseriformes,10,5,5,0,4,48.1,31.9,14.5,14.8,36.9,256.7,148.4,107.8,57.8,124.7,944.6,Dunning,NA,NO,NA,NA,Wetland,3,3,Herbivore,Herbivore aquatic,Aquatic,38,68,Anas,acuta,NA,NA,"Ducks, Geese and Swans",Anatidae,Anseriformes,2,2,12,5,0,1,0,1,1,25,53,3,6.3,12.6,Anatinae,"Ducks, Geese, Other Waterfowl, Screamers","Ducks, Geese, Other Waterfowl, Screamers",Vagrant,0,0,0,0,1,0,0,0,1,0,1,LC,NA,Vagrant,NA,Vagrant,NA,Vagrant,NA,Vagrant,NA,not listed,NA,not listed,not listed,not listed,not listed,not listed,1,not listed,not listed,not listed,LC,not listed,not listed,not listed,not listed,NA,NA,NA,NA,NA,NA,NA,NA,NA,NA,NA,NA,NA,NA,NA,NA,0,not listed,NA,present,possible,not listed,NA,vagrant,NA,not listed,NA,NA,NA,NA,NA,NA,NA,NA,NA,NA,NA,NA,NA,NA,NA,NA,NA,NA,NA,NA,NA,NA,NA,NA,NA,NA,NA,NA,NA,NA,NA,NA,NA,NA,NA,NA,NA,NA,NA,NA,NA,NA,NA,NA,NA,NA,NA,NA,NA,NA,NA,NA,NA,NA,NA,NA,NA,NA,NA,NA,NA,NA,NA,NA,NA,NA,NA,NA,NA,NA,NA,NA,NA,NA,NA,NA,NA,NA,NA,NA,NA,NA,NA,NA,NA,NA,NA,NA,NAV,NAV,NA,NA,NA,NA,NA,NA,NA,NA,NA,NA,NA,NA,NA,NA,NA,vagrancy,1,total,certain,NAV,NAV,NAV,NA,NA,NA,NA,NA,NA,NA,NA,NA,NA,NA,NA,NA,NA,NA,NA,NA,NA,NA,NA,NA,NA,NA,NA,800,u800
Anas castanea,Chestnut Teal,Anatidae,Anseriformes,4,2,2,0,2,37.7,28.6,15,12.4,33.9,202,95.1,114.3,45.5,87.7,624,Dunning,NA,NO,NA,NA,Wetland,3,2,Omnivore,Aquatic predator,Aquatic,37,67,Anas,castanea,NA,NA,"Ducks, Geese and Swans",Anatidae,Anseriformes,2,2,12,4,0,1,0,1,1,25,53,3,6.3,12.6,Anatinae,"Ducks, Geese, Other Waterfowl, Screamers","Ducks, Geese, Other Waterfowl, Screamers",Endemic (entirely Australian),1,0,0,0,0,0,1,0,0,7,7,LC,NA,LC,NA,LC,NA,LC,NA,LC,NA,not listed,NA,not listed,not listed,not listed,not listed,not listed,not listed,not listed,not listed,not listed,LC,not listed,not listed,not listed,not listed,Core,Core,not listed,Core,Core,Core,Core,Core,not listed,not listed,not listed,not listed,not listed,not listed,not listed,not listed,0,not listed,NA,not listed,NA,not listed,NA,vagrant,NA,not listed,NA,0,0,43,35,50,638,505,816,683,562,816,593,505,766,NAV,NAV,NAV,HANZAB,3.73,3.86,-0.17,0,0,0,0,0,0,0,0,0,0,0,1,1,1,0,1,0,0,1,1,0,0,0,0,0,0,1,0,0,1,1,0,0,0,0,0,0,0,0,0,0,1,1,0,0,0,1,0,0,0,1,0,0,0,0,0,1,0,1,0,1,1,46.5,9,3,22,52.5,37.5,1,0,0,0,1,0,1,0,0,0,0,0,1,0,0,irregular outward dispersal,0,nil,certain,2355,839,103,0.843,0.91,0.94,1162,180,87,55,27,94,10,6,13,3,13,52,5,1,5,2,20,299,575,-8.9,1,210,u210
Anas gracilis,Gray Teal,Anatidae,Anseriformes,5,2,3,0,3,39.2,30.1,15.3,12,32.9,192.2,91.8,102,47.3,72,488.1,Dunning,NA,NO,NA,NA,Wetland,3,1,Omnivore,Aquatic predator,Aquatic,36,66,Anas,gracilis,NA,Treated as monotypic based on Marchant and Higgins (1990) and del Hoyo et al. (2014),"Ducks, Geese and Swans",Anatidae,Anseriformes,2,2,12,3,0,1,0,1,4,25,53,3,6.3,8.9,Anatinae,"Ducks, Geese, Other Waterfowl, Screamers","Ducks, Geese, Other Waterfowl, Screamers",Australian,1,0,0,0,0,0,0,0,0,3,3,LC,NA,LC,NA,LC,NA,LC,NA,LC,NA,not listed,NA,not listed,not listed,not listed,not listed,not listed,not listed,not listed,not listed,not listed,LC,not listed,not listed,not listed,not listed,Core,Core,Core,Core,Core,Core,Core,Core,not listed,not listed,not listed,not listed,not listed,not listed,not listed,not listed,0,present,certain,present,probable,not listed,NA,present,certain,present,probable,0,0,43,42,44,493,323,670,505,359,670,465,323,524,500,430,565,HANZAB,3.52,3.65,-0.12,0,0,0,0,0,0,0,0,0,0,0,1,1,1,1,1,0,0,1,1,0,0,0,0,0,0,1,0,0,1,1,0,0,0,0,0,0,0,0,0,0,0,1,0,0,0,1,0,0,0,1,0,0,0,0,0,1,0,1,0,1,1,41.6,8,6,14,49.8,36,1,0,0,0,1,0,1,0,0,0,0,0,0,1,0,irregular outward dispersal,1,low,low,11575,3183,5916,0.416,0.99,0.99,6812,1120,86,100,97,100,16,16,16,8,6,5,4,12,6,3,57,NA,NA,NA,NA,211,u211
Anas platyrhynchos,Mallard,Anatidae,Anseriformes,12,6,6,0,4,58.5,41,20.8,17.8,40.6,263.4,133.5,129.9,50.7,86.9,843.4,Dunning,NA,NO,NA,NA,Wetland,3,2,Herbivore,Herbivore aquatic,Aquatic,35,69,Anas,platyrhynchos,NA,NA,"Ducks, Geese and Swans",Anatidae,Anseriformes,2,2,12,2,0,1,0,1,3,25,53,3,6.3,9.6,Anatinae,"Ducks, Geese, Other Waterfowl, Screamers","Ducks, Geese, Other Waterfowl, Screamers",Introduced,0,0,0,1,0,0,0,0,0,2,2,LC,NA,Introduced,NA,Introduced,NA,Introduced,NA,Introduced,NA,not listed,NA,not listed,not listed,not listed,not listed,not listed,not listed,not listed,not listed,not listed,not listed,not listed,not listed,not listed,not listed,Introduced,Introduced,not listed,Introduced,Introduced,Introduced,Introduced,Introduced,Introduced,Introduced,not listed,Introduced,not listed,not listed,not listed,not listed,0,not listed,NA,present,none,not listed,NA,present,possible,present,possible,NA,NA,60,50,70,1230,750,2800,1310,859,2800,1150,750,2400,NAV,NAV,NAV,HANZAB,NA,NA,NA,0,0,0,0,1,0,0,0,0,0,0,1,1,1,0,1,0,0,0,0,0,0,0,0,0,0,0,0,1,1,1,0,0,0,0,1,0,0,0,0,0,0,1,0,0,0,1,1,0,0,1,1,0,0,0,0,0,0,1,0,0,1,NAV,11,4,18,57.7,43,1,0,0,0,0,0,1,0,0,0,1,0,0,0,0,possible irregular transboundary dispersal,0,nil,high,2080,2435,18,NA,NA,NA,NA,NA,NA,NA,NA,NA,NA,NA,NA,NA,NA,NA,NA,NA,NA,NA,NA,NA,NA,NA,NA,948,u948
Anas superciliosa,Pacific Black Duck,Anatidae,Anseriformes,5,2,2,1,4,57.5,40.4,20,15.8,39.2,251.2,118.8,132.8,47.1,78,882.8,Dunning,NA,NO,NA,NA,Wetland,3,2,Herbivore,Herbivore aquatic,Aquatic,34,70,Anas,superciliosa,NA,"Treated as monotypic based on Marchant and Higgins (1990) and del Hoyo et al. (2014). Dickinson and Remsen (2013) recognise superciliosa (Indonesia through Australia to New Zealand) and pelewensis (Micronesia, Melanesia and Polynesia)","Ducks, Geese and Swans",Anatidae,Anseriformes,2,2,12,1,0,1,0,1,2,25,53,3,6.3,10.6,Anatinae,"Ducks, Geese, Other Waterfowl, Screamers","Ducks, Geese, Other Waterfowl, Screamers",Australian,1,0,0,0,0,0,0,0,0,3,3,LC,NA,LC,NA,LC,NA,LC,NA,LC,NA,not listed,NA,not listed,not listed,not listed,not listed,not listed,not listed,not listed,not listed,not listed,LC,not listed,not listed,not listed,not listed,Core,Core,Core,Core,Core,Core,Core,Core,Core,Core,not listed,Core,not listed,not listed,not listed,not listed,0,present,certain,present,probable,present,certain,present,certain,present,probable,0,0,54,47,60,1060,600,1400,1100,765,1400,1010,600,1400,NAV,NAV,NAV,HANZAB,5.33,5.52,-0.12,0,0,0,0,1,0,0,0,0,0,0,1,1,1,0,1,0,0,0,1,0,0,0,0,0,0,0,0,0,1,1,0,0,0,0,1,0,1,1,0,0,0,1,0,1,0,1,1,0,0,1,1,0,0,0,0,1,0,1,0,1,0,38.9,9.1,7,12,58,41,1,1,0,0,1,0,1,0,0,0,1,0,0,1,0,irregular outward dispersal,1,low,low,9916,2676,7760,0.428,0.92,0.95,6318,1601,80,100,100,100,25,25,25,3,4,3,1,26,1,1,61,NA,NA,NA,NA,208,u208
Anhinga novaehollandiae,Australasian Darter,Anhingidae,Suliformes,4,2,2,0,4,87.1,75,9.4,12.6,51.3,353,153.3,199.7,43.5,219,1480.1,Dunning,NA,NO,NA,NA,Wetland,3,1,Carnivore,Aquatic predator,Aquatic,684,350,Anhinga,novaehollandiae,NA,Species follows del Hoyo et al. (2014).,Darter,Anhingidae,Pelecaniformes,15,8,1,1,0,1,0,0,2,4,1,10,29.2,NA,Anhingidae,"Cormorants, Anhingas, Gannets, Frigatebirds","Cormorants, Anhingas, Gannets, Frigatebirds",Australian,1,0,0,0,0,0,0,0,0,6,6,LC,NA,LC,NA,LC,NA,LC,NA,LC,NA,not listed,NA,not listed,not listed,not listed,not listed,not listed,not listed,not listed,not listed,not listed,LC,Rare,not listed,not listed,not listed,Core,Core,Core,Core,Core,not listed,Core,Core,not listed,not listed,not listed,not listed,not listed,not listed,not listed,not listed,0,present,certain,present,certain,present,possible,vagrant,NA,not listed,NA,0,0,90,86,94,1540,900,2600,1660,1200,2100,1720,900,2600,1390,1025,1750,HANZAB,4.56,4.72,-0.29,0,0,0,0,0,0,0,0,0,0,0,1,1,1,0,0,0,0,0,0,0,0,0,0,0,0,0,0,0,1,1,0,0,0,0,0,0,0,0,0,0,1,1,0,0,0,1,0,0,0,0,0,0,0,0,0,0,0,1,1,0,0,24,4,2,6,58.6,37.5,0,1,0,0,0,0,1,1,0,0,1,0,0,1,0,possible irregular transboundary dispersal,0,nil,low,6355,2423,39,0.424,1.22,1.14,4838,2713,64,101,101,101,62,59,63,19,7,10,6,36,5,9,8,183,275,0.2,-2.2,101,101
Anous minutus,Black Noddy,Laridae,Charadriiformes,4,2,2,0,4,49.5,31.2,4.2,6.5,21.9,222,135.8,86.2,61.2,114,112.4,Dunning,NA,NO,NA,NA,Marine,3,2,Carnivore,Aquatic predator,Aerial,401,636,Anous,minutus,NA,NA,"Gulls, Terns and Noddies",Laridae,Charadriiformes,11,13,1,3,0,1,0,0,7,3,24,17,9.3,NA,Lari,"Gulls, Terns, Auks, Crab Plover","Gulls, Terns, Auks, Crab Plover",Australian,1,0,0,0,0,0,0,0,0,4,4,LC,NA,LC,NA,LC,NA,LC,NA,LC,NA,not listed,NA,not listed,not listed,not listed,not listed,not listed,1,not listed,not listed,not listed,LC,not listed,not listed,not listed,not listed,not listed,not listed,not listed,Core,not listed,not listed,not listed,Core,Core,Core,not listed,not listed,not listed,not listed,Core,Core,1,present,probable,present,probable,not listed,NA,vagrant,NA,present,possible,0,0,38,35,40,111,90,144,94,93,95,97.5,90,104,110,98,144,"HANZAB, Urban et al. (1986)",1.51,1.56,-0.11,0,0,0,0,0,0,0,0,0,0,0,0,0,0,0,0,0,0,0,0,0,0,0,0,0,0,0,1,0,0,0,0,0,0,0,0,0,0,0,0,1,0,0,1,1,0,0,0,0,0,0,0,0,0,0,0,0,1,0,0,0,1,NAV,1,1,1,44.9,31.3,0,1,0,0,0,0,0,1,0,0,1,0,0,0,0,marine outward,1,high,low,5086,1032,42,NA,1.24,1.3,NA,NA,NA,NA,NA,NA,NA,NA,NA,NA,NA,NA,NA,NA,NA,NA,NA,NA,NA,NA,NA,124,124
Anous stolidus,Brown Noddy,Laridae,Charadriiformes,8,4,4,0,4,45.6,25.2,4.7,7.6,25.8,265.4,160.8,94.5,63,145.2,177.8,Dunning,NA,NO,NA,NA,Marine,3,2,Carnivore,Aquatic predator,Aerial,397,634,Anous,stolidus,NA,NA,"Gulls, Terns and Noddies",Laridae,Charadriiformes,11,13,1,1,0,1,0,0,4,3,24,17,9.3,NA,Lari,"Gulls, Terns, Auks, Crab Plover","Gulls, Terns, Auks, Crab Plover",Australian,1,0,0,0,0,0,0,0,0,4,4,LC,NA,LC,NA,LC,NA,LC,NA,LC,NA,not listed,NA,not listed,1,1,not listed,1,1,not listed,not listed,not listed,LC,not listed,not listed,not listed,not listed,not listed,Core,Core,Core,not listed,not listed,not listed,Core,Core,Core,not listed,not listed,Core,Core,Core,Core,1,present,probable,present,probable,present,probable,vagrant,NA,present,possible,0,0,43,40,45,185,150,272,196,172,225,172,164,188,186,150,272,"HANZAB, Urban et al. (1986)",2.23,2.31,-0.07,0,0,0,0,0,0,0,0,0,0,0,0,0,0,0,0,0,0,0,0,0,0,0,0,0,0,0,1,0,0,0,0,0,0,0,1,0,0,0,0,1,0,0,1,1,0,0,0,0,0,0,0,0,0,0,0,0,1,0,0,0,1,NAV,1,1,2,53.4,36.2,1,0,0,0,0,0,0,1,0,0,0,0,1,0,0,marine outward,1,high,low,5780,1134,95,NA,1.23,1.23,NA,NA,NA,NA,NA,NA,NA,NA,NA,NA,NA,NA,NA,NA,NA,NA,NA,NA,NA,NA,NA,122,122
Anseranas semipalmata,Magpie Goose,Anseranatidae,Anseriformes,7,3,3,1,4,85.6,42.4,22.8,20.4,87,405.6,144,269,34.9,148.1,2393.4,Dunning,NA,NO,NA,NA,Wetland,3,2,Herbivore,Omnivore,Terrestrial,10,36,Anseranas,semipalmata,NA,NA,Magpie Goose,Anseranatidae,Anseriformes,2,1,1,1,0,1,0,1,1,1,1,3,69.3,76,Skeleton,"Ducks, Geese, Other Waterfowl, Screamers","Ducks, Geese, Other Waterfowl, Screamers",Australian,1,0,0,0,0,0,0,0,0,6,6,LC,NA,LC,NA,LC,NA,LC,NA,LC,NA,not listed,NA,not listed,not listed,not listed,not listed,not listed,1,not listed,VU,not listed,LC,EN,not listed,Th,not listed,not listed,Core,Core,Core,Introduced,not listed,Introduced,Core,not listed,not listed,not listed,not listed,not listed,not listed,not listed,not listed,0,present,certain,present,probable,not listed,NA,not listed,NA,not listed,NA,0,0,80,70,90,2420,1410,3200,2770,1840,3200,2070,1410,2770,NAV,NAV,NAV,HANZAB,8.8,9.12,-0.13,0,0,0,0,1,0,0,0,0,0,0,0,0,1,1,1,0,0,0,0,0,0,0,0,0,0,0,0,0,1,1,0,0,0,0,1,0,0,0,0,0,0,1,0,0,0,0,0,0,0,1,1,1,0,0,0,0,0,0,0,0,1,55.3,8.6,1,16,72,53,0,1,0,0,0,0,0,1,0,1,0,0,1,1,0,annual outward migration Non-marine,1,high,low,9060,2636,814,0.687,0.99,0.99,1577,203,89,134,113,158,34,14,94,12,10,3,9,14,6,43,4,NA,NA,NA,NA,199,u199
Anthochaera carunculata,Red Wattlebird,Meliphagidae,Passeriformes,24,7,14,3,4,32.3,12.8,4.8,6.1,34.1,154.5,39.9,115.2,25.6,163.2,106.1,Dunning,NA,NO,NA,NA,Forest,2,2,Herbivore,Nectarivore,Insessorial,1208,1330,Anthochaera,carunculata,NA,Genus from Joseph et al. (2013) and Dickinson and Christidis (2014),Honeyeaters and Chats,Meliphagidae,Passeriformes,22,8,24,4,0,1,0,0,3,5,50,136,3.1,NA,BC7,Honeyeaters,"Honeyeaters, Thornbills, Bristlebirds, Australasian Wrens, Allies",Endemic (entirely Australian),1,0,0,0,0,0,1,0,0,7,7,LC,NA,LC,NA,LC,NA,LC,NA,LC,NA,not listed,NA,not listed,not listed,not listed,not listed,not listed,not listed,not listed,not listed,not listed,LC,Unprotected,not listed,not listed,not listed,Core,Core,not listed,Core,Core,not listed,Core,Core,not listed,not listed,not listed,not listed,not listed,not listed,not listed,not listed,0,not listed,NA,not listed,NA,not listed,NA,vagrant,NA,not listed,NA,0,0,35,33,37,90.9,44,163,120,99,136,99.4,84,106,72.4,44,163,HANZAB,2.2,2.28,0.06,0,0,1,0,0,1,0,1,1,1,0,0,0,0,0,0,0,0,0,0,0,0,0,0,0,0,0,0,0,1,1,0,0,0,0,0,1,0,1,0,0,0,0,0,0,0,1,1,0,1,0,0,0,1,0,0,0,0,0,1,1,1,8.7,2,1,3,31,21.8,0,1,0,0,0,0,1,0,0,0,1,1,0,1,0,irregular outward dispersal,0,nil,certain,4853,271,701,0.795,1.04,1.04,1256,267,82,57,36,75,10,8,14,76,14,5,1,0,0,3,0,NA,NA,NA,NA,638,638
Anthochaera chrysoptera,Little Wattlebird,Meliphagidae,Passeriformes,12,3,7,2,4,29.1,12.1,4.3,5.9,27.4,129.2,24.7,100,19.8,139.5,67.8,Dunning,NA,NO,NA,NA,Forest,2,1,Herbivore,Nectarivore,Insessorial,1203,1325,Anthochaera,chrysoptera,NA,Genus from Joseph et al. (2013) and Dickinson and Christidis (2014),Honeyeaters and Chats,Meliphagidae,Passeriformes,22,8,24,2,0,1,0,0,3,5,50,136,3.1,NA,BC7,Honeyeaters,"Honeyeaters, Thornbills, Bristlebirds, Australasian Wrens, Allies",Endemic (entirely Australian),1,0,0,0,0,0,1,0,0,7,7,LC,NA,LC,NA,LC,NA,LC,NA,LC,NA,not listed,NA,not listed,not listed,not listed,not listed,not listed,not listed,not listed,not listed,not listed,LC,not listed,not listed,not listed,not listed,not listed,Core,not listed,Core,Core,Core,Core,not listed,not listed,not listed,not listed,not listed,not listed,not listed,not listed,not listed,0,not listed,NA,not listed,NA,not listed,NA,not listed,NA,not listed,NA,0,0,31,27,35,69.7,44,97.7,80,57,95,58.5,44,82,70.2,48,97.7,HANZAB,1.7,1.76,0.05,0,0,1,0,0,1,0,1,0,0,0,0,0,0,0,0,0,0,0,0,0,0,0,0,0,0,0,0,0,1,1,0,0,1,0,0,0,0,1,0,0,0,0,0,0,0,1,1,1,1,0,0,0,1,0,0,0,0,0,1,1,1,7.3,1.7,1,3,27.9,19.9,0,1,0,0,0,0,1,0,0,0,1,1,0,0,0,none,0,nil,certain,2590,4,24,1.769,0.95,0.98,383,153,71,64,32,93,25,15,36,3,22,42,4,2,5,3,20,NA,NA,NA,NA,712,712
Anthochaera phrygia,Regent Honeyeater,Meliphagidae,Passeriformes,11,3,5,3,4,21.6,8.3,3.3,4.4,22.2,110.1,29.4,81.2,26.6,97.2,40,Dunning,NA,NO,NA,NA,Forest,2,2,Herbivore,Omnivore,Insessorial,1207,1329,Anthochaera,phrygia,NA,Genus from Joseph et al. (2013) and Dickinson and Christidis (2014),Honeyeaters and Chats,Meliphagidae,Passeriformes,22,8,24,3,0,1,0,1,1,5,50,136,3.1,7.4,BC7,Honeyeaters,"Honeyeaters, Thornbills, Bristlebirds, Australasian Wrens, Allies",Endemic (entirely Australian),1,0,0,0,0,0,1,0,0,7,7,CR,A2bce,EN,C2a(ii),EN,C2a(ii),CR,A2b,CR,A2b,CR,2015,not listed,not listed,not listed,not listed,not listed,not listed,EN,CR,not listed,EN,EN,not listed,Th,not listed,Core,Core,not listed,Core,Core,not listed,Core,not listed,not listed,not listed,not listed,not listed,not listed,not listed,not listed,not listed,0,not listed,NA,not listed,NA,not listed,NA,not listed,NA,not listed,NA,0,0,23,20,24,40.6,33,45.5,43.4,41,45.5,37.8,33,45,NAV,NAV,NAV,HANZAB,1.03,1.07,-0.03,0,0,0,0,0,0,0,1,0,0,0,0,0,0,0,0,0,0,0,0,0,0,0,0,0,0,0,0,0,1,1,0,0,0,0,0,0,0,1,0,0,0,0,0,0,0,1,1,1,1,0,0,0,1,0,0,0,0,0,1,1,1,NAV,2.2,2,3,24.5,17.8,0,1,0,0,0,0,1,1,0,0,0,0,1,1,0,none,0,nil,certain,3677,176,55,1.502,1.18,1.21,403,135,75,56,27,84,30,19,51,10,1,17,1,2,2,0,66,NA,NA,NA,NA,603,u603
Aphelocephala leucopsis,Southern Whiteface,Acanthizidae,Passeriformes,13,5,8,0,4,10.1,5.8,2.9,4,17.8,60.2,11.8,47.8,19.9,44.2,12.3,Dunning,NA,NO,NA,NA,Woodland,2,1,Carnivore,Invertivore,Terrestrial,1377,1222,Aphelocephala,leucopsis,NA,NA,Thornbills and Gerygones,Acanthizidae,Passeriformes,22,10,10,1,0,1,0,0,2,3,13,136,5.7,NA,BC6,"Thornbills, Gerygones","Honeyeaters, Thornbills, Bristlebirds, Australasian Wrens, Allies",Endemic (entirely Australian),1,0,0,0,0,0,1,0,0,7,7,LC,NA,LC,NA,LC,NA,LC,NA,LC,NA,not listed,NA,not listed,not listed,not listed,not listed,not listed,not listed,not listed,not listed,not listed,LC,not listed,not listed,not listed,not listed,Core,Core,Core,Core,Core,not listed,Core,Core,not listed,not listed,not listed,not listed,not listed,not listed,not listed,not listed,0,not listed,NA,not listed,NA,not listed,NA,not listed,NA,not listed,NA,0,0,12,11,13,12.4,4.3,16,12.4,8.5,16,12.4,10.5,16,NAV,NAV,NAV,HANZAB,0.54,0.56,0,1,1,0,0,0,1,0,1,0,0,0,0,0,0,0,0,0,0,0,0,0,0,0,0,0,0,0,0,0,1,0,1,1,0,0,0,1,0,1,0,0,0,0,0,0,0,1,0,0,0,1,0,0,1,0,0,0,0,0,0,1,1,NAV,3.3,2,6,18.1,13.9,0,1,0,0,0,0,NAV,NAV,0,1,1,0,0,0,0,none,0,nil,certain,3135,20,259,0.566,1.05,1.03,3465,328,91,36,20,52,8,5,11,7,7,3,3,3,19,58,1,NA,NA,NA,NA,466,466
Aprosmictus erythropterus,Red-winged Parrot,Psittaculidae,Psittaciformes,5,2,3,0,4,23.6,17,12,17.1,20,190.2,87.2,104.5,45.5,140,136,Dunning,NA,NO,NA,NA,Forest,2,1,Herbivore,Omnivore,Insessorial,859,767,Aprosmictus,erythropterus,NA,"Subspecies from Schodde and Mason (1997). Dickinson and Remsen (2013) recognise three subspecies, including A.e.coccineopterus across northern Australia from the Kimberley to Cape York Peninsula and A.e.erythropterus from south of the Eninasleigh-Burdekin divide in north Queensland to New South Wales","Parrots, Lorikeets and Rosellas",Psittaculidae,Psittaciformes,21,3,3,1,0,1,0,1,3,2,45,4,14.1,17.4,Psittacidae1,Parrots,Parrots,Australian,1,0,0,0,0,0,0,0,0,6,6,LC,NA,LC,NA,LC,NA,LC,NA,LC,NA,not listed,NA,not listed,not listed,not listed,not listed,not listed,not listed,not listed,not listed,not listed,LC,Rare,not listed,not listed,not listed,not listed,Core,Core,Core,not listed,not listed,not listed,Core,not listed,not listed,not listed,not listed,not listed,not listed,not listed,not listed,0,present,none,present,none,not listed,NA,not listed,NA,not listed,NA,0,0,32,32,32,141,100,210,139,100,210,144,112,178,NAV,NAV,NAV,HANZAB,3.85,3.99,0.21,1,0,1,0,0,0,1,1,0,1,1,0,0,0,0,0,0,0,0,0,0,0,0,0,0,0,0,0,0,1,1,0,0,0,0,0,0,1,1,0,0,0,0,0,0,0,0,0,0,0,1,0,0,0,0,0,0,0,0,0,1,1,32.3,5,4,6,31.1,25.7,0,0,0,0,1,0,1,0,0,0,0,0,0,0,0,none,0,nil,certain,2,0,2,0.615,1.05,1.03,2787,1397,67,100,92,106,69,27,131,30,7,8,2,33,14,2,3,NA,NA,NA,NA,280,u280
Apus pacificus,Pacific Swift,Apodidae,Caprimulgiformes,5,2,2,1,4,8,4.6,4,2.8,12.9,173,118.8,52.5,69.4,71.8,39.4,Dunning,NA,NO,NA,NA,Woodland,1,2,Carnivore,Invertivore,Aerial,224,198,Apus,pacificus,NA,NA,Swifts and Swiftlets,Apodidae,Caprimulgiformes,9,4,5,1,0,1,0,0,4,15,20,7,7.8,NA,Apodidae,"Swifts, Treeswifts","Swifts, Treeswifts",Non-breeding migrant,1,0,0,0,0,0,0,0,1,0,6,LC,NA,LC,NA,LC,NA,LC,NA,LC,NA,not listed,NA,not listed,1,1,1,1,1,not listed,not listed,not listed,LC,not listed,not listed,not listed,not listed,not listed,Core,Core,Core,Core,Core,Core,Core,not listed,not listed,not listed,not listed,not listed,not listed,not listed,not listed,0,present,certain,present,certain,present,certain,vagrant,NA,not listed,NA,0,0,20,18,21,43.5,42.5,44.5,42.5,NAV,NAV,44.5,NAV,NAV,NAV,NAV,NAV,del Hoyo et al. (1992-2013),NAV,NAV,-0.26,1,1,1,1,1,1,1,1,1,1,1,0,0,0,0,0,1,1,1,1,0,0,0,0,0,0,0,0,1,1,1,NA,NA,NA,NA,NA,NA,NA,NA,NA,NA,NA,NA,NA,NA,NA,NA,NA,0,0,0,0,0,1,0,0,0,0,0,0,0,1,NAV,2,1,3,NAV,NAV,0,1,0,0,0,0,NA,NA,NA,NA,0,0,1,0,0,annual inward migration Non-marine,1,total,certain,NAV,NAV,NAV,0.422,1.29,1.22,5952,183,97,108,86,124,3,3,3,12,29,9,3,22,4,1,19,149,225,4.5,2.7,335,335
Aquila audax,Wedge-tailed Eagle,Accipitridae,Accipitriformes,6,2,4,0,6,60.5,40.9,19.6,31.2,104,617.7,244.5,373.2,39.6,387,3449.9,Dunning,NA,NO,NA,NA,Woodland,1,2,Carnivore,Vertivore,Generalist,697,446,Aquila,audax,NA,NA,"Eagles, Kites, Goshawks and Osprey",Accipitridae,Accipitriformes,16,2,7,2,0,1,0,0,2,11,69,4,6.9,NA,Accipitridae,"Hawks, Eagles, Secretarybird","Hawks, Eagles, Secretarybird",Australian,1,0,0,0,0,0,0,0,0,6,6,LC,NA,LC,NA,LC,NA,LC,NA,LC,NA,not listed,NA,not listed,not listed,not listed,not listed,not listed,not listed,not listed,not listed,not listed,LC,not listed,not listed,not listed,not listed,Core,Core,Core,Core,Core,Core,Core,Core,not listed,not listed,not listed,not listed,not listed,not listed,not listed,not listed,0,present,possible,present,possible,not listed,NA,not listed,NA,not listed,NA,0,0,95,85,105,3630,2030,5300,3350,2030,4000,3910,3050,5300,NAV,NAV,NAV,HANZAB,16.24,16.82,0.02,1,1,1,1,1,1,1,1,1,0,1,0,0,0,0,0,0,0,0,0,0,0,0,0,0,0,0,0,0,1,0,1,1,0,0,0,1,1,1,1,1,0,0,0,0,0,1,0,0,0,0,0,0,0,1,1,0,0,0,1,0,1,NAV,2,1,3,73.3,58.9,0,1,0,0,0,0,1,0,0,0,1,0,0,0,0,possible irregular transboundary dispersal,0,nil,low,4335,821,79,0.398,1.04,1.04,7752,186,98,99,98,100,2,2,2,25,2,15,4,3,6,3,43,NA,NA,NA,NA,224,224
Ardea alba,Great Egret,Ardeidae,Pelecaniformes,16,4,7,5,8,126.3,90.4,12,18.1,141.6,378.8,120.7,257.2,32.1,140.5,871.3,Dunning,NA,NO,NA,NA,Wetland,3,2,Carnivore,Aquatic predator,Terrestrial,641,377,Ardea,alba,NA,NA,"Herons, Egrets and Bitterns",Ardeidae,Pelecaniformes,15,3,8,5,0,1,0,0,4,12,18,10,7.7,NA,Ardeidae,Herons,"Ibises, Herons",Australian,1,0,0,0,0,0,0,0,0,4,4,LC,NA,LC,NA,LC,NA,LC,NA,LC,NA,not listed,NA,not listed,1,1,not listed,1,1,not listed,not listed,not listed,LC,not listed,not listed,Th,not listed,Core,Core,Core,Core,Core,Core,Core,Core,not listed,not listed,not listed,not listed,not listed,not listed,not listed,not listed,0,present,certain,present,probable,present,possible,present,certain,present,probable,0,0,93,83,103,930,353,1970,1000,353,1970,861,605,861,NAV,NAV,NAV,HANZAB,5.04,5.22,-0.18,0,0,0,0,1,0,0,0,0,0,0,1,0,1,1,1,0,0,1,1,1,0,0,0,0,0,0,0,0,1,1,0,0,0,0,0,0,0,0,0,0,1,1,0,0,0,0,0,0,0,0,0,0,1,1,0,1,1,1,1,1,0,NAV,2.4,2,6,51.6,36.2,0,1,0,0,0,0,0,1,0,0,1,1,0,0,1,annual outward migration Non-marine,1,low,low,3420,3365,74,0.415,1.01,1.01,5670,2048,73,102,102,102,38,37,38,8,13,3,19,40,6,2,9,NA,NA,NA,NA,187,187
Ardea pacifica,Pacific Heron,Ardeidae,Pelecaniformes,5,1,4,0,4,88.2,72,11.9,16.1,131.3,385.2,153.8,223.5,40.8,161,881,Dunning,NA,NO,NA,NA,Wetland,3,2,Carnivore,Omnivore,Terrestrial,636,376,Ardea,pacifica,NA,NA,"Herons, Egrets and Bitterns",Ardeidae,Pelecaniformes,15,3,8,2,0,1,0,1,1,12,18,10,7.7,14.7,Ardeidae,Herons,"Ibises, Herons",Endemic (entirely Australian),1,0,0,0,0,0,1,0,0,7,7,LC,NA,LC,NA,LC,NA,LC,NA,LC,NA,not listed,NA,not listed,not listed,not listed,not listed,not listed,not listed,not listed,not listed,not listed,LC,not listed,not listed,not listed,not listed,Core,Core,Core,Core,Core,Core,Core,Core,not listed,not listed,not listed,not listed,not listed,not listed,not listed,not listed,0,not listed,NA,not listed,NA,not listed,NA,vagrant,NA,not listed,NA,0,0,91,76,106,881,600,1220,NAV,NAV,NAV,NAV,NAV,NAV,881,600,1220,HANZAB,5.16,5.35,-0.11,0,0,0,0,1,0,0,0,0,0,0,0,0,1,1,1,0,0,0,0,0,0,0,0,0,0,0,0,0,1,0,0,0,0,0,0,0,0,0,0,0,0,1,0,0,0,1,0,0,0,0,0,0,1,1,0,0,0,1,1,1,1,45.3,3.2,2,5,53.5,38.6,0,1,0,0,0,0,0,1,0,0,0,0,0,1,1,possible annual outward migration,0,nil,high,405,249,6,0.416,1.04,1.07,6219,1671,79,100,100,100,27,27,28,3,6,25,6,27,4,1,28,NA,NA,NA,NA,189,u189
Ardenna bulleri,Buller's Shearwater,Procellariidae,Procellariiformes,4,1,3,0,4,41,32.5,7.6,10.2,48.6,276.2,163.2,113,59.1,109,407,Dunning,NA,NO,NA,NA,Marine,3,3,Carnivore,Aquatic predator,Aquatic,580,270,Ardenna,bulleri,NA,NA,Petrels and Shearwaters,Procellariidae,Procellariformes,14,4,11,2,0,1,0,1,1,7,16,4,13.1,21.7,Procellariidae,"Albatrosses, Shearwaters, Petrels","Albatrosses, Shearwaters, Petrels",Non-breeding migrant,1,0,0,0,0,0,0,0,1,0,5,VU,D2,VU,D2,VU,D2,VU,D2,VU,D2,not listed,NA,not listed,not listed,not listed,not listed,not listed,1,not listed,not listed,not listed,LC,not listed,not listed,not listed,not listed,not listed,Core,not listed,Core,not listed,not listed,not listed,not listed,not listed,not listed,not listed,not listed,not listed,not listed,not listed,not listed,1,not listed,NA,not listed,NA,not listed,NA,present,certain,vagrant,NA,0,0,47,46,47,432,339,499,NAV,NAV,NAV,NAV,NAV,NAV,432,339,499,HANZAB,NAV,NAV,-0.06,0,0,0,0,0,0,0,0,0,0,0,0,0,0,0,0,0,0,0,0,0,0,0,1,0,0,0,0,0,0,0,NA,NA,NA,NA,NA,NA,NA,NA,NA,NA,NA,NA,NA,NA,NA,NA,NA,0,0,0,0,0,0,0,0,0,1,0,0,0,1,NAV,1,1,1,65.4,43,1,0,0,1,0,0,NA,NA,NA,NA,0,0,1,0,0,marine inward,1,total,certain,1912,915,4,NA,1.26,1.31,NA,NA,NA,NA,NA,NA,NA,NA,NA,NA,NA,NA,NA,NA,NA,NA,NA,NA,NA,NA,NA,975,u975
Ardenna carneipes,Flesh-footed Shearwater,Procellariidae,Procellariiformes,5,2,3,0,4,47.8,31.1,8.9,12.1,52.1,310.2,188.5,120.5,61,110.2,609,Dunning,NA,NO,NA,NA,Marine,3,3,Carnivore,Aquatic predator,Aerial,584,271,Ardenna,carneipes,NA,NA,Petrels and Shearwaters,Procellariidae,Procellariformes,14,4,11,6,0,1,0,1,1,7,16,4,13.1,21.7,Procellariidae,"Albatrosses, Shearwaters, Petrels","Albatrosses, Shearwaters, Petrels",Australian,1,0,0,0,0,0,0,0,0,6,6,LC,NA,LC,NA,LC,NA,NT,A2bc,NT,A2bc,not listed,NA,not listed,not listed,1,1,1,1,not listed,VU,not listed,LC,Rare,not listed,not listed,priority,not listed,Core,not listed,Core,Core,Core,Core,Core,not listed,Core,not listed,not listed,not listed,not listed,not listed,not listed,1,present,certain,present,certain,not listed,NA,present,probable,vagrant,NA,0,0,43,40,45,600,533,692,NAV,NAV,NAV,NAV,NAV,NAV,600,533,692,HANZAB,NAV,NAV,-0.06,0,0,0,0,0,0,0,0,0,0,0,0,0,0,0,0,0,0,0,0,0,0,0,1,1,0,1,1,0,0,0,0,0,0,0,1,0,0,0,0,0,0,0,0,1,0,0,0,0,0,0,0,0,0,0,0,0,1,0,1,0,0,NAV,1,1,1,69.5,46,1,0,0,1,0,0,0,1,0,0,0,0,1,0,0,marine outward,1,low,low,11031,8762,1230,NA,1.13,1.24,NA,NA,NA,NA,NA,NA,NA,NA,NA,NA,NA,NA,NA,NA,NA,NA,NA,NA,NA,NA,NA,72,u72
Ardenna carneipes,Flesh-footed Shearwater,Procellariidae,Procellariiformes,5,2,3,0,4,47.8,31.1,8.9,12.1,52.1,310.2,188.5,120.5,61,110.2,609,Dunning,NA,NO,NA,NA,Marine,3,3,Carnivore,Aquatic predator,Aerial,p49,p20,Ardenna,carneipes,NA,see parent taxon,Petrels,Procellariidae,Procellariformes,p14,4,11,6,0,1,0,1,NA,NA,NA,NA,NA,NA,Procellariidae,"Albatrosses, Shearwaters, Petrels","Albatrosses, Shearwaters, Petrels",Non-breeding migrant population of Australian breeding taxon,0,1,0,0,0,0,0,0,1,0,5,LC,NA,LC,NA,LC,NA,NT,A2bc,NT,A2bc,not listed,NA,not listed,not listed,not listed,not listed,not listed,not listed,not listed,VU,not listed,LC,not listed,not listed,not listed,not listed,not listed,Core,not listed,Core,Core,Core,Core,Core,not listed,Core,not listed,not listed,not listed,not listed,not listed,not listed,1,present,possible,present,possible,not listed,NA,present,certain,not listed,NA,NA,NA,42,38,46,NA,NA,NA,NA,NA,NA,NA,NA,NA,NA,NA,NA,NA,NA,NA,NA,NA,NA,NA,NA,NA,NA,NA,NA,NA,NA,NA,NA,NA,NA,NA,NA,NA,NA,NA,NA,NA,NA,NA,NA,NA,NA,NA,NA,NA,NA,NA,NA,NA,NA,NA,NA,NA,NA,NA,NA,NA,NA,NA,NA,NA,NA,NA,NA,NA,NA,NA,NA,NA,NA,NA,NA,NA,NA,NA,1,0,0,NA,NA,NA,NA,NA,NA,NA,NA,NA,NA,NA,NA,NA,NA,NA,NA,NA,NA,NA,NA,NA,marine inward,1,total,certain,NAV,NAV,NAV,NA,NA,NA,NA,NA,NA,NA,NA,NA,NA,NA,NA,NA,NA,NA,NA,NA,NA,NA,NA,NA,NA,NA,NA,72,u72
Ardenna grisea,Sooty Shearwater,Procellariidae,Procellariiformes,5,2,3,0,4,47.8,31.1,7.8,10,55.8,295.6,181.5,112,61.8,88,787,Dunning,NA,NO,NA,NA,Marine,3,3,Carnivore,Aquatic predator,Generalist,582,274,Ardenna,grisea,NA,NA,Petrels and Shearwaters,Procellariidae,Procellariformes,14,4,11,4,0,1,0,1,1,7,16,4,13.1,21.7,Procellariidae,"Albatrosses, Shearwaters, Petrels","Albatrosses, Shearwaters, Petrels",Australian,1,0,0,0,0,0,0,0,0,2,2,NT,A2de; A3de; A4de,LC,NA,LC,NA,NT,A2de; A3de; A4de,NT,A2de; A3de; A4de,not listed,NA,not listed,1,1,not listed,1,1,not listed,not listed,not listed,LC,not listed,not listed,not listed,not listed,not listed,Core,not listed,Core,Core,Core,Core,not listed,not listed,not listed,not listed,Core,not listed,not listed,not listed,not listed,1,present,probable,present,probable,not listed,NA,present,probable,present,certain,0,0,43,40,46,748,327,978,613,327,793,708,671,729,836,666,978,HANZAB,5.31,5.5,-0.07,0,0,0,0,0,0,0,0,0,0,0,0,0,0,0,0,0,0,0,0,0,1,1,1,1,0,0,0,0,0,0,0,0,0,0,1,0,0,0,0,0,0,0,0,1,0,0,0,0,0,0,0,0,0,0,0,0,1,0,0,0,1,NAV,1,1,1,75.5,47.4,1,0,0,1,0,0,0,1,0,0,0,0,1,0,0,marine outward,1,low,low,3627,12527,7,NA,1.19,1.27,NA,NA,NA,NA,NA,NA,NA,NA,NA,NA,NA,NA,NA,NA,NA,NA,NA,365,625,-10.6,-6.1,70,u70
Ardenna grisea,Sooty Shearwater,Procellariidae,Procellariiformes,5,2,3,0,4,47.8,31.1,7.8,10,55.8,295.6,181.5,112,61.8,88,787,Dunning,NA,NO,NA,NA,Marine,3,3,Carnivore,Aquatic predator,Generalist,p48,p21,Ardenna,grisea,NA,see parent taxon,Petrels,Procellariidae,Procellariformes,p14,4,11,4,0,1,0,1,NA,NA,NA,NA,NA,NA,Procellariidae,"Albatrosses, Shearwaters, Petrels","Albatrosses, Shearwaters, Petrels",Non-breeding migrant population of Australian breeding taxon,0,1,0,0,0,0,0,0,1,0,3,NT,A2de; A3de; A4de,LC,NA,LC,NA,NT,A2de; A3de; A4de,NT,A2de; A3de; A4de,not listed,NA,not listed,not listed,not listed,not listed,not listed,not listed,not listed,not listed,not listed,LC,not listed,not listed,not listed,not listed,not listed,Core,not listed,Core,Core,Core,Core,not listed,not listed,not listed,Core,Core,not listed,not listed,not listed,not listed,1,present,possible,present,possible,not listed,NA,present,possible,not listed,NA,NA,NA,NAV,NAV,NAV,NA,NA,NA,NA,NA,NA,NA,NA,NA,NA,NA,NA,NA,NA,NA,NA,NA,NA,NA,NA,NA,NA,NA,NA,NA,NA,NA,NA,NA,NA,NA,NA,NA,NA,NA,NA,NA,NA,NA,NA,NA,NA,NA,NA,NA,NA,NA,NA,NA,NA,NA,NA,NA,NA,NA,NA,NA,NA,NA,NA,NA,NA,NA,NA,NA,NA,NA,NA,NA,NA,NA,NA,NA,NA,NA,0,0,1,NA,NA,NA,NA,NA,NA,NA,NA,NA,NA,NA,NA,NA,NA,NA,NA,NA,NA,NA,NA,NA,marine inward,1,total,certain,NAV,NAV,NAV,NA,NA,NA,NA,NA,NA,NA,NA,NA,NA,NA,NA,NA,NA,NA,NA,NA,NA,NA,NA,NA,NA,NA,NA,70,u70
Ardenna pacifica,Wedge-tailed Shearwater,Procellariidae,Procellariiformes,5,2,2,1,4,40.9,30.7,7.9,10.1,46.9,296.8,184.5,116,61.4,130.4,388,Dunning,NA,NO,NA,NA,Marine,3,3,Carnivore,Aquatic predator,Generalist,579,269,Ardenna,pacifica,NA,"Dickinson and Remsen (2013) recognise 2 subspecies: pacifica from Norfolk and Kermadec Islands, Fiji and Tonga and chlororhyncha from the rest of the species' range in Indian and Pacific Oceans (including Great Barrier Reef)",Petrels and Shearwaters,Procellariidae,Procellariformes,14,4,11,1,0,1,0,1,2,7,16,4,13.1,18.3,Procellariidae,"Albatrosses, Shearwaters, Petrels","Albatrosses, Shearwaters, Petrels",Australian,1,0,0,0,0,0,0,0,0,6,6,LC,NA,LC,NA,LC,NA,LC,NA,LC,NA,not listed,NA,not listed,not listed,1,not listed,not listed,1,not listed,not listed,not listed,LC,not listed,not listed,not listed,not listed,not listed,Core,not listed,Core,not listed,not listed,not listed,Core,Core,Core,not listed,not listed,not listed,Core,not listed,Core,1,present,certain,present,certain,present,certain,present,probable,present,certain,0,0,42,38,46,426,300,568,457,430,475,475,411,568,387,300,500,HANZAB,3.97,4.11,-0.06,0,0,0,0,0,0,0,0,0,0,0,0,0,0,0,0,0,0,0,0,0,0,0,1,1,0,0,0,0,0,0,0,0,0,0,0,0,0,0,0,1,0,0,1,0,0,0,0,0,0,0,0,0,0,0,0,0,1,0,0,0,1,NAV,1,1,1,62.4,40.9,1,0,0,1,0,0,0,1,0,0,1,1,0,0,0,marine outward,1,low,low,11486,6852,17796,NA,1.26,1.31,NA,NA,NA,NA,NA,NA,NA,NA,NA,NA,NA,NA,NA,NA,NA,NA,NA,NA,NA,NA,NA,69,u69
Ardenna pacifica,Wedge-tailed Shearwater,Procellariidae,Procellariiformes,5,2,2,1,4,40.9,30.7,7.9,10.1,46.9,296.8,184.5,116,61.4,130.4,388,Dunning,NA,NO,NA,NA,Marine,3,3,Carnivore,Aquatic predator,Generalist,p47,p19,Ardenna,pacifica,NA,see parent taxon,Petrels,Procellariidae,Procellariformes,p14,4,11,1,0,1,0,1,NA,NA,NA,NA,NA,NA,Procellariidae,"Albatrosses, Shearwaters, Petrels","Albatrosses, Shearwaters, Petrels",Non-breeding migrant population of Australian breeding taxon,0,1,0,0,0,0,0,0,1,0,3,LC,NA,LC,NA,LC,NA,LC,NA,LC,NA,not listed,NA,not listed,not listed,not listed,not listed,not listed,not listed,not listed,not listed,not listed,LC,not listed,not listed,not listed,not listed,not listed,Core,not listed,Core,not listed,not listed,not listed,Core,not listed,not listed,not listed,not listed,not listed,not listed,not listed,not listed,1,present,possible,present,possible,present,probable,present,certain,not listed,NA,NA,NA,42,38,46,NA,NA,NA,NA,NA,NA,NA,NA,NA,NA,NA,NA,NA,NA,NA,NA,NA,NA,NA,NA,NA,NA,NA,NA,NA,NA,NA,NA,NA,NA,NA,NA,NA,NA,NA,NA,NA,NA,NA,NA,NA,NA,NA,NA,NA,NA,NA,NA,NA,NA,NA,NA,NA,NA,NA,NA,NA,NA,NA,NA,NA,NA,NA,NA,NA,NA,NA,NA,NA,NA,NA,NA,NA,NA,NA,0,0,1,NA,NA,NA,NA,NA,NA,NA,NA,NA,NA,NA,NA,NA,NA,NA,NA,NA,NA,NA,NA,NA,marine inward,1,total,certain,NAV,NAV,NAV,NA,NA,NA,NA,NA,NA,NA,NA,NA,NA,NA,NA,NA,NA,NA,NA,NA,NA,NA,NA,NA,NA,NA,NA,69,u69
Ardenna tenuirostris,Short-tailed Shearwater,Procellariidae,Procellariiformes,5,2,3,0,4,37.2,22.2,6.5,7.5,49.3,262.2,165,93.2,63.8,82.8,559,Dunning,NA,NO,NA,NA,Marine,3,3,Carnivore,Aquatic predator,Generalist,581,275,Ardenna,tenuirostris,NA,NA,Petrels and Shearwaters,Procellariidae,Procellariformes,14,4,11,3,0,1,0,1,1,7,16,4,13.1,21.7,Procellariidae,"Albatrosses, Shearwaters, Petrels","Albatrosses, Shearwaters, Petrels",Endemic (breeding only),1,0,0,0,0,0,0,1,0,7,2,LC,NA,LC,NA,LC,NA,LC,NA,LC,NA,not listed,NA,not listed,not listed,1,1,1,1,not listed,not listed,not listed,LC,not listed,not listed,not listed,not listed,not listed,Core,not listed,Core,Core,Core,Core,Core,not listed,not listed,not listed,not listed,not listed,not listed,not listed,not listed,1,present,certain,present,certain,not listed,NA,present,certain,present,certain,1,0,43,40,45,585,460,800,595,460,800,546,473,640,599,460,800,HANZAB,4.5,4.66,-0.06,0,0,0,0,0,0,0,0,0,0,0,0,0,0,0,0,0,0,0,0,0,1,1,1,0,0,0,0,0,0,0,0,0,0,0,1,0,0,0,0,0,0,0,0,1,0,0,0,0,0,0,0,0,0,0,0,0,1,0,0,0,1,NAV,1,1,1,71.5,47.2,1,0,0,1,0,0,0,1,0,0,0,0,1,0,0,marine outward,0,nil,certain,17646,13158,3377,NA,1.18,1.27,NA,NA,NA,NA,NA,NA,NA,NA,NA,NA,NA,NA,NA,NA,NA,NA,NA,NA,NA,NA,NA,71,u71
Ardeotis australis,Australian Bustard,Otididae,Otidiformes,2,0,0,2,1,79.3,42,19.4,18.9,175.5,592.5,260.5,332,44,304,4182.4,Dunning,NA,NO,NA,NA,Grassland,3,1,Omnivore,Omnivore,Terrestrial,189,506,Ardeotis,australis,NA,NA,Bustards,Otididae,Otidiformes,8,1,1,1,0,1,0,1,1,8,11,1,22.5,32.6,Otididae,Bustards,Bustards,Australian,1,0,0,0,0,0,0,0,0,6,6,LC,NA,LC,NA,LC,NA,LC,NA,LC,NA,not listed,NA,not listed,not listed,not listed,not listed,not listed,not listed,not listed,EN,not listed,LC,VU,not listed,Th,priority,Extinct,Core,Core,Core,Core,not listed,Core,Core,not listed,not listed,not listed,not listed,not listed,not listed,not listed,not listed,0,present,certain,present,probable,not listed,NA,not listed,NA,not listed,NA,0,0,100,80,120,4890,1980,9900,6780,4100,9900,3000,1980,4000,NAV,NAV,NAV,HANZAB,11.65,12.07,-0.22,1,1,0,1,1,0,0,0,0,0,0,0,0,0,0,0,0,0,0,0,0,0,0,0,0,0,0,0,0,1,0,1,1,1,1,1,0,0,0,0,0,0,0,0,0,0,1,0,0,0,1,1,0,1,1,0,0,0,0,1,1,1,NAV,2.1,1,3,NAV,NAV,1,0,0,0,0,0,1,0,0,0,0,1,0,1,0,irregular outward dispersal,1,low,medium,337,14,2,0.448,1.13,1.1,7049,307,96,101,100,101,8,6,10,33,8,3,1,1,46,0,7,NA,NA,NA,NA,176,u176
Arenaria interpres,Ruddy Turnstone,Scolopacidae,Charadriiformes,10,5,5,0,4,25.4,15.7,3.9,5.5,25.5,148.8,83.4,66.4,55.6,61,136,Dunning,NA,NO,NA,NA,Coastal,3,3,Carnivore,Aquatic predator,Terrestrial,334,587,Arenaria,interpres,NA,NA,"Snipe, Sandpipers, Godwits, Curlew, Stints and Phalaropes",Scolopacidae,Charadriiformes,11,9,4,1,0,1,0,0,2,2,16,17,12.2,NA,Scolopaci,"Sandpipers, Jacanas, Seedsnipes, Allies","Sandpipers, Jacanas, Seedsnipes, Allies",Non-breeding migrant,1,0,0,0,0,0,0,0,1,0,3,LC,NA,LC,NA,LC,NA,NT,A2b,NT,A2b,not listed,NA,A2H,1,1,1,1,1,not listed,not listed,not listed,LC,Rare,not listed,not listed,not listed,not listed,Core,Core,Core,Core,Core,Core,Core,Core,Core,not listed,not listed,Core,Core,Core,not listed,0,present,certain,present,certain,present,probable,present,certain,present,probable,0,0,23,22,24,119,65,195,114,65,195,119,77,135,122,74,170,"HANZAB, Cramp et al. (1977-1994)",1.34,1.39,-0.17,0,0,0,0,0,0,0,0,0,0,0,0,0,0,0,0,1,1,0,0,0,0,0,0,0,0,0,0,1,0,0,NA,NA,NA,NA,NA,NA,NA,NA,NA,NA,NA,NA,NA,NA,NA,NA,NA,0,0,0,0,0,0,0,0,1,0,0,0,0,1,NAV,3.9,3,5,NAV,NAV,1,0,0,0,0,0,NA,NA,NA,NA,0,0,1,0,0,annual inward migration Non-marine,1,total,certain,6454,10014,3316,NA,1.03,1.07,NA,NA,NA,NA,NA,NA,NA,NA,NA,NA,NA,NA,NA,NA,NA,NA,NA,NA,NA,NA,NA,129,129
Artamus cinereus,Black-faced Woodswallow,Artamidae,Passeriformes,17,5,12,0,4,21,13.4,6,7,22.3,119.9,45.7,75.5,37.7,67.7,35.6,Dunning,NA,NO,NA,NA,Woodland,2,1,Carnivore,Invertivore,Aerial,1610,1563,Artamus,cinereus,NA,NA,"Woodswallows, Currawongs, Butcherbirds and Magpie",Artamidae,Passeriformes,22,22,5,4,0,1,0,0,5,11,6,136,4.8,NA,CC7,"Shrike-Flycatchers, Helmetshrikes, Vangas, Butcherbirds, Woodswallows, Allies","Cuckoo-Shrikes, Helmetshrikes, Shrike-Flycatchers, Vangas, Whipbirds, Shrike-Thrushes, Whistlers, Shrikes, Monarchs, Vireos, Orioles, Drongos, Fantails, Birds Of Paradise, Crows, Jays, Allies",Endemic (entirely Australian),1,0,0,0,0,0,1,0,0,7,7,LC,NA,LC,NA,LC,NA,LC,NA,LC,NA,not listed,NA,not listed,not listed,not listed,not listed,not listed,not listed,not listed,not listed,not listed,LC,not listed,not listed,not listed,not listed,not listed,Core,Core,Core,Core,not listed,Core,Core,not listed,not listed,not listed,not listed,not listed,not listed,not listed,not listed,0,present,possible,present,possible,present,none,not listed,NA,not listed,NA,0,0,18,17,19,35.3,24.4,43.5,35.2,24.4,40,35.7,27.4,43.5,NAV,NAV,NAV,HANZAB,0.92,0.95,-0.05,1,1,0,1,1,1,1,0,0,0,0,0,0,0,0,0,0,0,0,0,0,0,0,0,0,0,0,0,0,1,0,1,0,0,0,0,1,1,0,0,0,0,0,0,0,0,1,0,0,1,0,0,0,1,0,0,0,0,0,1,1,1,11.8,3.4,1,5,22.2,16.6,0,1,0,0,0,0,1,0,0,1,1,1,0,0,0,possible local dispersal,0,low,high,719,8,22,0.409,0.79,0.86,7212,173,98,102,100,103,4,3,6,4,7,39,1,12,2,1,34,NA,NA,NA,NA,546,546
Artamus cyanopterus,Dusky Woodswallow,Artamidae,Passeriformes,12,3,8,1,4,19.1,10.7,5.9,6.9,19.3,123.2,55.3,67.4,45,69.2,34.6,Dunning,NA,NO,NA,NA,Woodland,2,1,Carnivore,Invertivore,Aerial,1607,1568,Artamus,cyanopterus,NA,NA,"Woodswallows, Currawongs, Butcherbirds and Magpie",Artamidae,Passeriformes,22,22,5,3,0,1,0,0,2,11,6,136,4.8,NA,CC7,"Shrike-Flycatchers, Helmetshrikes, Vangas, Butcherbirds, Woodswallows, Allies","Cuckoo-Shrikes, Helmetshrikes, Shrike-Flycatchers, Vangas, Whipbirds, Shrike-Thrushes, Whistlers, Shrikes, Monarchs, Vireos, Orioles, Drongos, Fantails, Birds Of Paradise, Crows, Jays, Allies",Endemic (entirely Australian),1,0,0,0,0,0,1,0,0,7,7,LC,NA,LC,NA,LC,NA,LC,NA,LC,NA,not listed,NA,not listed,not listed,not listed,not listed,not listed,not listed,not listed,not listed,not listed,LC,not listed,not listed,not listed,not listed,Core,Core,not listed,Core,Core,Core,Core,Core,not listed,not listed,not listed,not listed,not listed,not listed,not listed,not listed,0,not listed,NA,not listed,NA,not listed,NA,not listed,NA,vagrant,NA,0,0,18,16,20,34.5,26,46.4,33.9,30,38,35.2,26,40.5,NAV,NAV,NAV,HANZAB,1,1.04,0.01,1,0,0,0,0,1,1,1,1,0,0,0,0,0,0,0,0,0,0,0,0,0,0,0,0,0,0,0,0,1,0,1,0,0,0,0,1,1,1,1,0,0,0,0,0,0,1,0,1,0,0,0,0,1,0,0,0,0,0,0,1,1,NAV,2.9,1,5,23,17.2,0,1,0,0,0,0,1,1,0,1,1,1,0,0,0,none,0,nil,certain,2991,8,101,0.844,0.75,0.85,1666,250,87,44,26,59,6,5,7,44,1,42,0,2,1,1,10,NA,NA,NA,NA,547,547
Artamus leucorynchus,White-breasted Woodswallow,Artamidae,Passeriformes,18,5,10,3,4,22.1,14.7,8.3,8.3,18.4,131.4,59,73,44.8,59,41.7,Dunning,NA,NO,NA,NA,Woodland,2,1,Carnivore,Invertivore,Aerial,1618,1559,Artamus,leucorynchus,NA,NA,"Woodswallows, Currawongs, Butcherbirds and Magpie",Artamidae,Passeriformes,22,22,5,6,0,1,0,0,9,11,6,136,4.8,NA,CC7,"Shrike-Flycatchers, Helmetshrikes, Vangas, Butcherbirds, Woodswallows, Allies","Cuckoo-Shrikes, Helmetshrikes, Shrike-Flycatchers, Vangas, Whipbirds, Shrike-Thrushes, Whistlers, Shrikes, Monarchs, Vireos, Orioles, Drongos, Fantails, Birds Of Paradise, Crows, Jays, Allies",Australian,1,0,0,0,0,0,0,0,0,5,5,LC,NA,LC,NA,LC,NA,LC,NA,LC,NA,not listed,NA,not listed,not listed,not listed,not listed,not listed,not listed,not listed,not listed,not listed,LC,not listed,not listed,not listed,not listed,not listed,Core,Core,Core,Core,not listed,Core,Core,not listed,not listed,not listed,not listed,not listed,not listed,not listed,not listed,0,present,certain,present,probable,present,none,not listed,NA,present,none,0,0,18,16,19,42.8,36,49.6,NAV,NAV,NAV,NAV,NAV,NAV,42.8,36,49.6,HANZAB,1.08,1.12,0,0,0,0,0,1,0,1,0,0,1,1,1,1,1,0,0,0,0,0,0,0,0,0,0,0,0,0,0,0,1,1,0,0,0,0,0,0,1,0,0,0,1,1,0,0,0,1,1,0,0,0,0,0,1,0,0,0,0,0,0,1,1,15.8,3.7,2,5,23.3,16.9,0,1,0,0,0,0,1,0,0,1,1,1,0,0,0,local dispersal,1,high,medium,739,0,2,0.49,1.24,1.16,3949,3181,55,100,100,100,97,92,100,48,4,1,2,6,9,17,14,NA,NA,NA,NA,543,543
Artamus minor,Little Woodswallow,Artamidae,Passeriformes,16,4,12,0,4,14.5,8.2,5.7,4.9,14.4,102.7,46.4,56.3,45.1,56.1,16,Dunning,NA,NO,NA,NA,Woodland,2,1,Carnivore,Invertivore,Aerial,1615,1571,Artamus,minor,NA,NA,"Woodswallows, Currawongs, Butcherbirds and Magpie",Artamidae,Passeriformes,22,22,5,5,0,1,0,0,2,11,6,136,4.8,NA,CC7,"Shrike-Flycatchers, Helmetshrikes, Vangas, Butcherbirds, Woodswallows, Allies","Cuckoo-Shrikes, Helmetshrikes, Shrike-Flycatchers, Vangas, Whipbirds, Shrike-Thrushes, Whistlers, Shrikes, Monarchs, Vireos, Orioles, Drongos, Fantails, Birds Of Paradise, Crows, Jays, Allies",Endemic (entirely Australian),1,0,0,0,0,0,1,0,0,7,7,LC,NA,LC,NA,LC,NA,LC,NA,LC,NA,not listed,NA,not listed,not listed,not listed,not listed,not listed,not listed,not listed,not listed,not listed,LC,not listed,not listed,not listed,not listed,not listed,Core,Core,Core,Core,not listed,not listed,Core,not listed,not listed,not listed,not listed,not listed,not listed,not listed,not listed,0,not listed,NA,not listed,NA,not listed,NA,not listed,NA,not listed,NA,0,0,15,13,15,17,13.1,21.5,17.1,13.1,21.5,16.8,14,20.1,NAV,NAV,NAV,HANZAB,0.52,0.54,-0.09,0,0,0,1,1,0,1,0,0,0,0,0,0,0,0,0,0,0,0,0,0,0,0,0,0,0,0,0,0,0,0,0,0,0,1,1,0,1,0,0,0,0,0,0,0,0,0,0,0,1,0,0,0,1,0,0,0,0,0,1,1,1,NAV,2.5,1,4,18.4,14.5,0,1,0,0,1,0,1,0,0,1,1,1,0,0,0,none,0,nil,certain,NAV,NAV,NAV,0.519,1.17,1.12,4794,906,84,99,72,105,35,21,54,29,5,9,1,10,16,1,28,NA,NA,NA,NA,548,548
Artamus personatus,Masked Woodswallow,Artamidae,Passeriformes,9,4,5,0,4,22.6,13.8,5.6,6.4,19.7,120.9,52.6,68.5,43.4,71.6,34.6,Dunning,NA,NO,NA,NA,Woodland,2,1,Carnivore,Invertivore,Aerial,1605,1561,Artamus,personatus,NA,NA,"Woodswallows, Currawongs, Butcherbirds and Magpie",Artamidae,Passeriformes,22,22,5,1,0,1,0,1,1,11,6,136,4.8,10.3,CC7,"Shrike-Flycatchers, Helmetshrikes, Vangas, Butcherbirds, Woodswallows, Allies","Cuckoo-Shrikes, Helmetshrikes, Shrike-Flycatchers, Vangas, Whipbirds, Shrike-Thrushes, Whistlers, Shrikes, Monarchs, Vireos, Orioles, Drongos, Fantails, Birds Of Paradise, Crows, Jays, Allies",Endemic (entirely Australian),1,0,0,0,0,0,1,0,0,7,7,LC,NA,LC,NA,LC,NA,LC,NA,LC,NA,not listed,NA,not listed,not listed,not listed,not listed,not listed,not listed,not listed,not listed,not listed,LC,not listed,not listed,not listed,not listed,not listed,Core,Core,Core,Core,not listed,Core,Core,not listed,not listed,not listed,not listed,not listed,not listed,not listed,not listed,0,not listed,NA,not listed,NA,not listed,NA,vagrant,NA,not listed,NA,0,0,19,18,20,34.7,25.5,44,36.1,31.5,44,33.2,25.5,41,NAV,NAV,NAV,"HANZAB, Johnstone and Storr (2004)",1.03,1.07,0.02,1,1,0,1,1,1,1,1,0,0,0,0,0,0,0,0,0,0,0,0,0,0,0,0,0,0,0,0,0,0,0,1,0,0,0,0,1,0,1,0,0,0,0,0,0,0,0,0,0,1,0,0,0,1,0,0,0,0,0,0,0,1,6.5,2.2,1,4,20.7,16.8,0,1,0,0,0,0,0,1,0,0,0,0,0,1,1,irregular outward dispersal,0,nil,certain,5,0,2,0.43,1.04,1.04,7478,219,97,98,93,100,4,3,5,4,21,17,2,46,8,1,1,NA,NA,NA,NA,544,u544
Artamus superciliosus,White-browed Woodswallow,Artamidae,Passeriformes,12,4,6,2,4,22.9,12.8,5.8,6.3,20.5,119.5,52.4,67.2,43.8,74.1,35.5,Dunning,NA,NO,NA,NA,Woodland,2,3,Carnivore,Invertivore,Aerial,1606,1562,Artamus,superciliosus,NA,NA,"Woodswallows, Currawongs, Butcherbirds and Magpie",Artamidae,Passeriformes,22,22,5,2,0,1,0,1,1,11,6,136,4.8,10.3,CC7,"Shrike-Flycatchers, Helmetshrikes, Vangas, Butcherbirds, Woodswallows, Allies","Cuckoo-Shrikes, Helmetshrikes, Shrike-Flycatchers, Vangas, Whipbirds, Shrike-Thrushes, Whistlers, Shrikes, Monarchs, Vireos, Orioles, Drongos, Fantails, Birds Of Paradise, Crows, Jays, Allies",Endemic (entirely Australian),1,0,0,0,0,0,1,0,0,7,7,LC,NA,LC,NA,LC,NA,LC,NA,LC,NA,not listed,NA,not listed,not listed,not listed,not listed,not listed,not listed,not listed,not listed,not listed,LC,not listed,not listed,not listed,not listed,Core,Core,Core,Core,Core,not listed,Core,Core,not listed,not listed,not listed,not listed,not listed,not listed,not listed,not listed,0,not listed,NA,not listed,NA,not listed,NA,vagrant,NA,not listed,NA,0,0,19,18,20,35.3,30,41.1,35.6,30.5,41.1,35,30,40,NAV,NAV,NAV,HANZAB,1.04,1.08,0.02,1,0,0,1,1,1,1,1,0,0,0,0,0,0,0,0,0,0,0,0,0,0,0,0,0,0,0,0,0,1,1,1,0,0,0,0,1,1,1,0,0,0,0,0,0,0,1,1,0,1,0,0,0,1,0,0,0,0,0,0,1,1,NAV,2.1,1,4,22.8,17.3,0,1,0,0,0,0,1,1,0,0,0,0,0,1,1,irregular outward dispersal,0,nil,certain,29,0,4,0.512,1.04,1.04,4727,2217,68,60,45,85,23,6,40,8,11,12,0,3,31,5,29,NA,NA,NA,NA,545,u545
Ashbyia lovensis,Gibber Chat,Meliphagidae,Passeriformes,10,4,6,0,4,13.9,8.1,3.1,3.6,20.6,74.3,15.7,59.1,21,39.7,17.5,Dunning,NA,NO,NA,NA,Desert,3,2,Carnivore,Invertivore,Terrestrial,1176,1349,Ashbyia,lovensis,NA,Genus from Joseph et al. (2013) and Dickinson and Christidis (2014),Honeyeaters and Chats,Meliphagidae,Passeriformes,22,8,19,1,0,1,0,1,1,1,50,136,5.3,11,BC7,Honeyeaters,"Honeyeaters, Thornbills, Bristlebirds, Australasian Wrens, Allies",Endemic (entirely Australian),1,0,0,0,0,0,1,0,0,7,7,LC,NA,LC,NA,LC,NA,LC,NA,LC,NA,not listed,NA,not listed,not listed,not listed,not listed,not listed,not listed,not listed,not listed,not listed,LC,not listed,not listed,not listed,not listed,not listed,Core,Core,Core,Core,not listed,not listed,not listed,not listed,not listed,not listed,not listed,not listed,not listed,not listed,not listed,0,not listed,NA,not listed,NA,not listed,NA,not listed,NA,not listed,NA,0,0,13,11,14,17.5,13.5,20.5,17.9,13.5,20.5,17.1,13.5,19,NAV,NAV,NAV,HANZAB,0.67,0.69,0,0,1,0,0,1,0,0,0,0,0,0,0,0,0,0,0,0,0,0,0,0,0,0,0,0,0,0,0,0,0,0,0,1,0,0,1,0,0,0,0,0,0,0,0,0,0,0,0,0,0,1,0,0,1,0,0,0,0,0,1,1,0,NAV,2.5,2,4,27.8,26.5,1,1,0,0,0,0,1,1,0,NAV,1,0,0,1,0,none,0,nil,certain,NAV,NAV,NAV,1.229,1.22,1.15,727,398,65,11,0,30,3,0,68,8,34,8,1,46,1,0,3,NA,NA,NA,NA,452,u452
Atrichornis rufescens,Rufous Scrub-bird,Atrichornithidae,Passeriformes,8,0,4,4,3,16.7,9.6,2.9,4.3,22.3,62.9,6.5,54.9,10.7,71.1,24,Dunning,NA,NO,NA,NA,Forest,1,1,Carnivore,Invertivore,Terrestrial,966,966,Atrichornis,rufescens,NA,NA,Scrub-birds,Atrichornithidae,Passeriformes,22,3,1,1,0,1,0,0,2,2,1,136,15.4,NA,BC1,"Scrub-birds, Lyrebirds","Scrub-birds, Lyrebirds",Endemic (entirely Australian),1,0,0,0,0,0,1,0,0,7,7,VU,"B2ab(ii,iii,iv,v)",LC,NA,EN,"B2ab(ii,iv,v)",EN,"B2ab(ii,iv,v)",EN,"B2ab(ii,iv,v)",EN,2014,not listed,not listed,not listed,not listed,not listed,not listed,not listed,VU,not listed,VU,not listed,not listed,not listed,not listed,not listed,Core,not listed,Core,not listed,not listed,not listed,not listed,not listed,not listed,not listed,not listed,not listed,not listed,not listed,not listed,0,not listed,NA,not listed,NA,not listed,NA,not listed,NA,not listed,NA,0,0,17,17,19,NAV,NAV,NAV,NAV,NAV,NAV,NAV,NAV,NAV,NAV,NAV,NAV,NAV,NAV,NAV,0.18,0,0,0,0,0,0,0,0,1,1,0,0,0,0,0,0,0,0,0,0,0,0,0,0,0,0,0,0,0,0,0,0,0,0,0,0,0,0,0,1,1,0,0,0,0,0,0,0,0,0,0,0,0,1,0,0,0,0,0,1,0,0,NAV,2,2,2,22.9,17.5,1,1,0,0,0,0,1,0,0,NAV,1,0,0,0,0,none,0,nil,certain,NAV,NAV,NAV,3.453,1.27,1.22,12,25,32,17,0,58,308,150,633,13,2,2,3,24,18,15,25,NA,NA,NA,NA,355,355
Aviceda subcristata,Pacific Baza,Accipitridae,Accipitriformes,5,2,3,0,3,28.3,19.7,11.6,14.7,36.3,336.6,134.5,200,40.2,202,322.7,Dunning,NA,NO,NA,NA,Forest,2,1,Carnivore,Omnivore,Insessorial,694,423,Aviceda,subcristata,NA,NA,"Eagles, Kites, Goshawks and Osprey",Accipitridae,Accipitriformes,16,2,6,1,0,1,0,0,13,5,69,4,9,NA,Accipitridae,"Hawks, Eagles, Secretarybird","Hawks, Eagles, Secretarybird",Australian,1,0,0,0,0,0,0,0,0,4,4,LC,NA,LC,NA,LC,NA,LC,NA,LC,NA,not listed,NA,not listed,not listed,not listed,not listed,not listed,not listed,not listed,not listed,not listed,LC,not listed,not listed,not listed,not listed,not listed,Core,Core,Core,not listed,not listed,not listed,Core,not listed,not listed,not listed,not listed,not listed,not listed,not listed,not listed,0,present,none,present,none,present,none,not listed,NA,not listed,NA,0,0,40,35,45,327,259,448,307,259,357,347,290,448,NAV,NAV,NAV,HANZAB,4.7,4.87,0.09,0,0,0,0,1,0,1,1,1,0,1,0,0,0,0,0,0,0,0,0,0,0,0,0,0,0,0,0,1,1,1,0,0,0,0,0,0,1,1,1,0,0,0,0,0,0,1,1,0,0,0,0,0,1,1,0,0,0,0,1,1,1,NAV,2.5,2,4,43,34.5,0,1,0,0,0,0,1,0,0,0,1,1,0,0,0,possible annual outward migration,0,nil,high,578,36,4,0.763,1.03,1.07,875,81,92,134,44,191,25,9,87,17,2,0,0,33,9,22,18,NA,NA,NA,NA,234,234
Aythya australis,Hardhead,Anatidae,Anseriformes,5,2,3,0,4,45.6,29.1,20.3,15.5,33.7,213.6,100.1,113.2,47,56,869.4,Dunning,NA,NO,NA,NA,Wetland,3,1,Carnivore,Aquatic predator,Aquatic,28,71,Aythya,australis,NA,NA,"Ducks, Geese and Swans",Anatidae,Anseriformes,2,2,9,1,0,1,0,1,2,12,53,3,8.1,12.7,Anatinae,"Ducks, Geese, Other Waterfowl, Screamers","Ducks, Geese, Other Waterfowl, Screamers",Australian,1,0,0,0,0,0,0,0,0,6,6,LC,NA,LC,NA,LC,NA,LC,NA,LC,NA,not listed,NA,not listed,not listed,not listed,not listed,not listed,not listed,not listed,not listed,not listed,LC,not listed,not listed,not listed,not listed,Core,Core,Core,Core,Core,Core,Core,Core,not listed,not listed,not listed,not listed,not listed,not listed,not listed,not listed,0,present,certain,present,probable,present,certain,vagrant,NA,present,probable,0,0,53,45,60,870,525,1100,902,525,1100,838,530,1060,NAV,NAV,NAV,"HANZAB, del Hoyo et al. (1992-2013)",4.89,5.07,-0.12,0,0,0,0,0,0,0,0,0,0,0,1,1,1,0,0,0,0,0,0,0,0,0,0,0,0,0,0,0,1,1,0,0,0,0,1,0,0,0,0,0,0,1,0,0,0,0,0,0,0,1,1,0,0,0,0,1,0,1,0,1,1,37.1,12,6,18,57,42,1,1,0,0,0,0,0,NAV,0,0,0,0,0,1,1,irregular outward dispersal,1,low,low,1767,1519,69,0.428,1.01,1.01,6163,1685,79,99,92,101,27,27,27,6,15,10,10,11,3,2,43,320,375,-4.2,5.1,215,u215
Barnardius zonarius,Australian Ringneck,Psittaculidae,Psittaciformes,5,2,3,0,4,22.8,18.7,14.3,26.3,21.7,169.2,69,98.2,41.2,204.4,133,Updated_literature,Higgins (1999) ,NO,NA,NA,Forest,2,1,Herbivore,Omnivore,Insessorial,902,796,Barnardius,zonarius,NA,NA,"Parrots, Lorikeets and Rosellas",Psittaculidae,Psittaciformes,21,3,11,1,0,1,0,0,4,1,45,4,17.7,NA,Psittacidae1,Parrots,Parrots,Endemic (entirely Australian),1,0,0,0,0,0,1,0,0,7,7,LC,NA,LC,NA,LC,NA,LC,NA,LC,NA,not listed,NA,not listed,not listed,not listed,not listed,not listed,not listed,not listed,not listed,not listed,LC,not listed,not listed,not listed,not listed,not listed,Core,Core,Core,Core,not listed,Core,Core,not listed,not listed,not listed,not listed,not listed,not listed,not listed,not listed,0,not listed,NA,not listed,NA,not listed,NA,not listed,NA,not listed,NA,0,0,36,28,44,151,102,224,160,120,224,143,102,219,NAV,NAV,NAV,HANZAB,3.91,4.05,0.24,1,1,1,0,0,1,0,1,1,0,0,0,0,0,0,0,0,0,0,0,0,0,0,0,0,0,0,0,0,1,1,1,0,0,0,0,1,0,1,1,0,0,0,0,0,0,1,1,1,0,1,0,0,1,0,0,0,0,0,0,1,1,14.1,4.7,1,7,30.3,24.3,0,0,0,0,1,0,1,0,0,NAV,1,0,0,0,0,none,0,nil,certain,1515,27,169,0.542,0.55,0.67,4832,1410,77,68,46,89,13,8,25,43,2,2,2,34,6,6,6,NA,NA,NA,NA,294,294
Biziura lobata,Musk Duck,Anatidae,Anseriformes,6,3,3,0,4,41.6,23.4,28.2,18.1,46.6,211.5,85.9,129.3,40,105.2,1928.5,Dunning,NA,NO,NA,NA,Wetland,3,2,Carnivore,Aquatic predator,Aquatic,42,41,Biziura,lobata,NA,NA,"Ducks, Geese and Swans",Anatidae,Anseriformes,2,2,14,1,0,1,0,1,2,1,53,3,18.5,23.7,Anatinae,"Ducks, Geese, Other Waterfowl, Screamers","Ducks, Geese, Other Waterfowl, Screamers",Endemic (entirely Australian),1,0,0,0,0,0,1,0,0,7,7,LC,NA,LC,NA,LC,NA,LC,NA,LC,NA,not listed,NA,not listed,not listed,not listed,not listed,not listed,1,not listed,not listed,not listed,LC,Rare,not listed,not listed,not listed,Core,Core,not listed,Core,Core,Core,Core,Core,not listed,not listed,not listed,not listed,not listed,not listed,not listed,not listed,0,not listed,NA,not listed,NA,not listed,NA,not listed,NA,not listed,NA,0,0,61,55,66,1670,993,3120,2400,1810,3120,1550,993,1840,1370,NAV,NAV,HANZAB,8.72,9.03,-0.08,0,0,0,0,0,0,0,0,0,0,0,0,1,1,0,0,0,0,0,0,0,0,0,0,0,0,1,0,0,1,1,0,0,0,0,0,0,0,0,0,0,0,1,0,0,0,1,1,0,0,0,1,0,0,0,0,0,0,1,1,0,0,18.9,2.8,2,7,79,53.7,1,0,0,0,0,0,1,0,0,0,1,0,0,1,0,none,0,nil,certain,2270,86,7,0.639,1.1,1.06,1418,447,76,59,34,119,14,4,73,40,7,23,6,5,5,1,13,NA,NA,NA,NA,217,u217
Botaurus poiciloptilus,Australasian Bittern,Ardeidae,Pelecaniformes,5,0,2,3,4,72.4,50.3,10.8,16.5,96.7,320.4,96.1,221.4,30.3,109.4,1083.7,Dunning,NA,NO,NA,NA,Wetland,1,2,Carnivore,Omnivore,Terrestrial,610,366,Botaurus,poiciloptilus,NA,NA,"Herons, Egrets and Bitterns",Ardeidae,Pelecaniformes,15,3,1,1,0,1,0,1,1,4,18,10,11.2,19.3,Ardeidae,Herons,"Ibises, Herons",Australian,1,0,0,0,0,0,0,0,0,5,5,EN,C1,VU,C2a(ii),VU,C2a(ii),EN,C1,EN,C1,EN,2011,not listed,not listed,not listed,not listed,not listed,not listed,not listed,EN,not listed,LC,VU,not listed,Th,EN,not listed,Core,not listed,Core,Core,Core,Core,Core,not listed,not listed,not listed,not listed,not listed,not listed,not listed,not listed,0,not listed,NA,not listed,NA,not listed,NA,present,possible,extinct,NA,0,0,71,66,76,1110,571,2090,1350,875,2090,868,571,1140,NAV,NAV,NAV,HANZAB,5.8,6.01,-0.12,0,0,0,0,0,0,0,0,0,0,0,0,0,0,1,1,0,0,0,1,0,0,0,0,0,0,0,0,0,0,1,0,0,0,0,0,0,0,0,0,0,0,1,0,0,0,0,1,0,0,0,0,0,0,0,0,0,0,1,1,0,0,10,4.5,4,5,50.6,37.2,0,1,0,0,0,0,1,0,0,NAV,1,0,0,1,0,irregular outward dispersal,0,nil,low,NAV,NAV,NAV,1.176,1.04,1.12,691,377,65,52,26,101,27,9,52,9,10,18,8,5,5,2,43,NA,NA,NA,NA,197,u197
Burhinus grallarius,Bush Thick-knee,Burhinidae,Charadriiformes,5,1,3,1,4,57.1,25.4,10.5,10.7,131.5,290.8,127.6,159.9,44.4,174.2,648.1,Dunning,NA,NO,NA,NA,Woodland,3,3,Carnivore,Invertivore,Terrestrial,270,509,Burhinus,grallarius,NA,NA,Stone-curlews,Burhinidae,Charadriiformes,11,1,1,1,0,1,0,1,1,7,2,17,16.1,25.5,Charadrii,"Waders, Allies","Waders, Allies",Australian,1,0,0,0,0,0,0,0,0,6,6,LC,NA,LC,NA,LC,NA,LC,NA,LC,NA,not listed,NA,not listed,not listed,not listed,not listed,not listed,not listed,not listed,EN,not listed,LC,Rare,not listed,Th,not listed,Extinct,Core,Core,Core,Core,not listed,Core,Core,not listed,not listed,not listed,not listed,not listed,not listed,not listed,not listed,0,present,probable,present,probable,not listed,NA,not listed,NA,not listed,NA,0,0,57,54,59,673,530,1250,721,580,1250,625,530,710,NAV,NAV,NAV,HANZAB,4.31,4.47,-0.12,0,0,0,1,1,1,1,1,0,0,0,0,0,0,0,0,1,0,1,0,0,0,0,0,0,0,0,0,0,1,1,0,0,0,0,1,0,1,1,0,0,0,0,0,0,0,1,1,0,0,1,1,0,1,0,0,0,0,0,1,1,1,25.9,1.9,1,3,57.4,39.9,1,0,0,0,0,0,1,0,0,0,1,0,0,0,0,probable local dispersal,1,low,low,2718,104,184,0.464,1.13,1.09,5328,915,85,113,107,113,30,20,35,8,4,11,11,17,9,36,5,NA,NA,NA,NA,174,u174
Cacatua galerita,Sulphur-crested Cockatoo,Cacatuidae,Psittaciformes,5,2,3,0,4,49.3,40.2,22.4,44.3,28.5,347.3,93.2,266,25.9,198.4,720.4,Dunning,NA,NO,NA,NA,Forest,1,1,Herbivore,Omnivore,Insessorial,848,736,Cacatua,galerita,NA,NA,Cockatoos and Corellas,Cacatuidae,Psittaciformes,21,2,7,5,0,1,0,0,4,12,7,4,14.4,NA,Cacatuidae,Parrots,Parrots,Australian,1,0,0,0,0,0,0,0,0,6,6,LC,NA,LC,NA,LC,NA,LC,NA,LC,NA,not listed,NA,not listed,not listed,not listed,not listed,not listed,not listed,not listed,not listed,not listed,LC,not listed,not listed,not listed,not listed,Core,Core,Core,Core,Core,Core,Core,Core,not listed,not listed,not listed,not listed,not listed,not listed,not listed,not listed,0,present,none,present,none,not listed,NA,present,none,not listed,NA,0,0,52,48,55,735,502,1020,751,560,1020,719,502,915,NAV,NAV,NAV,HANZAB,14.24,14.75,0.39,1,0,1,0,1,1,1,1,1,1,1,0,0,0,0,0,0,0,0,0,0,0,0,0,0,0,0,0,0,1,1,0,0,0,0,0,1,1,1,1,1,0,0,0,0,0,1,1,0,0,1,0,1,0,0,0,0,0,0,0,1,1,15.3,3,2,4,47.2,33.7,0,0,0,0,1,0,1,1,0,0,1,1,0,0,0,none,0,nil,certain,4457,30,33,0.445,0.6,0.81,2980,942,76,94,73,108,24,11,48,1,4,6,1,69,5,2,11,NA,NA,NA,NA,269,269
Cacatua leadbeateri,Pink Cockatoo,Cacatuidae,Psittaciformes,5,0,2,3,4,34.5,27.8,20.2,38.5,22.7,261.4,94.4,167.3,36.1,137.2,396.8,Dunning,NA,NO,NA,NA,Shrubland,2,1,Herbivore,Granivore,Insessorial,837,721,Cacatua,leadbeateri,NA,Genus from del Hoyo et al. (2014),Cockatoos and Corellas,Cacatuidae,Psittaciformes,21,2,7,1,0,1,0,0,2,1,7,4,32.9,NA,Cacatuidae,Parrots,Parrots,Endemic (entirely Australian),1,0,0,0,0,0,1,0,0,7,7,LC,NA,LC,NA,LC,NA,LC,NA,LC,NA,not listed,NA,not listed,not listed,not listed,not listed,not listed,not listed,not listed,VU,not listed,VU,Rare,not listed,Th,Other,not listed,Core,Core,Core,Core,not listed,Core,Core,not listed,not listed,not listed,not listed,not listed,not listed,not listed,not listed,0,not listed,NA,not listed,NA,not listed,NA,not listed,NA,not listed,NA,0,0,39,39,39,385,275,480,390,275,480,385,300,461,NAV,NAV,NAV,HANZAB,8.47,8.77,0.32,1,1,1,1,1,1,0,1,0,0,0,0,0,0,0,0,0,0,0,0,0,0,0,0,0,0,0,0,0,1,0,1,0,0,0,0,1,0,1,0,0,0,0,0,0,0,1,0,1,0,1,0,0,1,0,0,0,0,0,0,1,1,NAV,3.3,2,5,37.9,28.1,0,0,0,0,1,0,1,0,0,0,1,0,0,0,0,none,0,nil,certain,115,520,4,0.757,0.63,0.82,3487,866,80,15,4,40,11,5,17,10,14,5,4,15,6,45,2,NA,NA,NA,NA,270,270
Cacatua sanguinea,Little Corella,Cacatuidae,Psittaciformes,4,0,1,3,4,34,29.6,15.9,30.8,24.2,256.2,95.8,160.5,37.4,121.8,523.7,Dunning,NA,NO,NA,NA,Woodland,2,1,Herbivore,Granivore,Terrestrial,844,732,Cacatua,sanguinea,NA,NA,Cockatoos and Corellas,Cacatuidae,Psittaciformes,21,2,7,4,0,1,0,0,5,12,7,4,14.4,NA,Cacatuidae,Parrots,Parrots,Australian,1,0,0,0,0,0,0,0,0,6,6,LC,NA,LC,NA,LC,NA,LC,NA,LC,NA,not listed,NA,not listed,not listed,not listed,not listed,not listed,not listed,not listed,not listed,not listed,LC,Unprotected,not listed,not listed,not listed,Introduced,Core,Core,Core,Core,Introduced,Core,Core,not listed,not listed,not listed,not listed,not listed,not listed,not listed,not listed,0,present,none,present,none,not listed,NA,not listed,NA,not listed,NA,0,0,38,35,40,497,340,635,542,383,635,452,340,600,NAV,NAV,NAV,HANZAB,8.91,9.23,0.29,1,0,0,1,1,1,1,1,0,0,1,0,0,0,0,0,0,0,0,0,0,0,0,0,0,0,0,0,0,1,1,1,0,0,0,0,1,1,1,0,0,0,0,0,0,0,1,0,0,0,1,0,1,0,0,0,0,0,0,0,0,1,20,3,2,4,41,29.9,0,0,0,0,1,0,1,1,0,0,1,1,0,0,0,none,0,nil,certain,3982,114,27,0.39,1.11,1.08,6282,1552,80,101,101,101,25,25,25,20,8,20,5,3,13,14,18,NA,NA,NA,NA,271,271
Cacatua tenuirostris,Long-billed Corella,Cacatuidae,Psittaciformes,5,0,0,5,4,48.9,44.2,17.2,35.2,23.9,268,117.5,152.2,43.6,119.8,566.6,Dunning,NA,NO,NA,NA,Woodland,2,1,Herbivore,Granivore,Terrestrial,840,728,Cacatua,tenuirostris,NA,NA,Cockatoos and Corellas,Cacatuidae,Psittaciformes,21,2,7,2,0,1,0,1,1,12,7,4,14.4,23.4,Cacatuidae,Parrots,Parrots,Endemic (entirely Australian),1,0,0,0,0,0,1,0,0,7,7,LC,NA,LC,NA,LC,NA,LC,NA,LC,NA,not listed,NA,not listed,not listed,not listed,not listed,not listed,not listed,not listed,not listed,not listed,LC,not listed,not listed,not listed,not listed,Introduced,Core,Introduced,Introduced,Core,Introduced,Core,Introduced,not listed,not listed,not listed,not listed,not listed,not listed,not listed,not listed,0,not listed,NA,not listed,NA,not listed,NA,not listed,NA,not listed,NA,0,0,40,40,40,567,357,718,589,485,718,545,357,718,NAV,NAV,NAV,HANZAB,10.64,11.02,0.32,0,0,0,0,1,0,0,1,0,0,0,0,0,0,0,0,0,0,0,0,0,0,0,0,0,0,0,0,0,1,1,0,0,0,0,0,0,0,1,0,0,0,0,0,0,0,1,1,0,0,1,0,1,0,0,0,0,0,0,0,0,1,3.8,2.9,2,4,39.9,30,0,0,0,0,1,0,0,1,0,0,1,0,0,0,0,none,0,nil,certain,1224,150,1,1.649,1.06,1.09,173,508,25,66,38,98,143,61,280,23,3,43,11,4,3,2,10,NA,NA,NA,NA,272,u272
Cacomantis flabelliformis,Fan-tailed Cuckoo,Cuculidae,Cuculiformes,5,2,3,0,4,21.5,11.5,4.9,5.6,16.7,137.2,59.2,78,43.2,133.4,49.8,Dunning,NA,NO,NA,NA,Forest,2,1,Carnivore,Invertivore,Insessorial,180,861,Cacomantis,flabelliformis,NA,NA,Cuckoos,Cuculidae,Cuculiformes,7,1,6,2,0,1,0,0,6,7,36,1,15.8,NA,Cuculidae,Cuckoos,Cuckoos,Australian,1,0,0,0,0,0,0,0,0,6,6,LC,NA,LC,NA,LC,NA,LC,NA,LC,NA,not listed,NA,not listed,not listed,not listed,not listed,not listed,1,not listed,not listed,not listed,LC,not listed,not listed,not listed,not listed,Core,Core,not listed,Core,Core,Core,Core,Core,not listed,not listed,not listed,not listed,not listed,not listed,not listed,not listed,0,present,none,present,none,not listed,NA,vagrant,NA,present,none,0,0,26,24,28,49.9,31.5,69,49.8,42.6,65,49.9,45,53,44,NAV,NAV,"HANZAB, del Hoyo et al. (1992-2013)",1.09,1.13,-0.07,1,0,1,0,0,1,1,1,1,1,1,0,0,0,0,0,0,0,0,0,0,0,0,0,0,0,0,0,0,1,1,1,0,1,0,1,1,1,1,1,1,1,0,0,0,0,1,1,0,0,0,0,0,1,0,0,0,0,0,1,0,0,10.6,1,1,1,21.4,15.4,0,1,0,0,0,0,0,0,1,0,1,1,0,0,0,annual outward migration Non-marine,0,nil,high,2183,404,50,0.76,1.17,1.11,1359,102,93,51,35,69,5,4,5,4,2,40,0,10,1,0,42,NA,NA,NA,NA,338,338
Cacomantis variolosus,Brush Cuckoo,Cuculidae,Cuculiformes,15,7,5,3,8,20.5,12.9,5.3,5.4,16.3,115.4,45.5,72.9,38.3,112.9,35.8,Dunning,NA,NO,NA,NA,Forest,1,1,Carnivore,Invertivore,Insessorial,182,863,Cacomantis,variolosus,NA,NA,Cuckoos,Cuculidae,Cuculiformes,7,1,6,3,0,1,0,0,8,7,36,1,15.8,NA,Cuculidae,Cuckoos,Cuckoos,Australian,1,0,0,0,0,0,0,0,0,6,6,LC,NA,LC,NA,LC,NA,LC,NA,LC,NA,not listed,NA,not listed,not listed,not listed,not listed,not listed,not listed,not listed,not listed,not listed,LC,not listed,not listed,not listed,not listed,Core,Core,Core,Core,not listed,not listed,Core,Core,not listed,not listed,not listed,not listed,not listed,not listed,not listed,not listed,0,present,certain,present,certain,present,possible,not listed,NA,not listed,NA,0,0,22,20,23,37.4,21.8,49,37.8,28,49,32.1,21.8,38,NAV,NAV,NAV,"HANZAB, del Hoyo et al. (1992-2013)",0.97,1,-0.03,0,0,0,0,0,0,1,1,1,1,1,0,0,0,0,0,0,0,0,0,0,0,0,0,0,0,0,0,0,1,1,0,0,0,0,0,0,1,1,1,1,1,0,0,0,0,1,1,0,0,0,0,0,1,0,0,0,0,0,1,1,0,NAV,1,1,1,18,13.8,0,1,0,0,0,0,0,0,1,0,0,1,0,0,0,annual outward migration Non-marine,1,low,low,1403,0,9,0.598,1.16,1.1,1399,221,86,100,80,126,35,19,65,1,1,5,1,87,2,0,2,NA,NA,NA,NA,339,339
Calamanthus campestris,Rufous Fieldwren,Acanthizidae,Passeriformes,12,4,7,1,4,15.5,8.5,2.7,3.2,22.2,55.1,4,50.5,7.3,43.8,13.9,Dunning,NA,NO,NA,NA,Shrubland,2,1,Carnivore,Invertivore,Terrestrial,1338,1134,Calamanthus,campestris,NA,Dickinson and Christidis (2014) consider C.c.montanellus a separate monotypic species,Thornbills and Gerygones,Acanthizidae,Passeriformes,22,10,6,4,0,1,0,0,7,5,13,136,4.8,NA,BC6,"Thornbills, Gerygones","Honeyeaters, Thornbills, Bristlebirds, Australasian Wrens, Allies",Endemic (entirely Australian),1,0,0,0,0,0,1,0,0,7,7,LC,NA,LC,NA,LC,NA,LC,NA,LC,NA,not listed,NA,not listed,not listed,not listed,not listed,not listed,not listed,not listed,VU,not listed,LC,not listed,not listed,not listed,not listed,not listed,Core,not listed,not listed,Core,not listed,Core,Core,not listed,not listed,not listed,not listed,not listed,not listed,not listed,not listed,0,not listed,NA,not listed,NA,not listed,NA,not listed,NA,not listed,NA,0,0,12,12,14,14.5,9,17,15,11,17,13.5,9,16.5,NAV,NAV,NAV,"HANZAB, R.Johnstone (pers.comm.)",0.64,0.66,0.05,0,1,1,1,1,0,0,0,0,0,1,0,0,0,0,0,0,0,0,1,0,0,0,0,0,0,0,0,0,0,0,0,1,1,1,1,0,0,0,0,0,0,0,0,0,0,0,0,0,0,0,0,0,1,0,0,0,0,0,1,1,0,NAV,3.1,2,4,20.6,15.4,0,1,0,0,0,0,1,0,0,0,1,0,0,0,0,none,0,nil,certain,NAV,NAV,NAV,0.519,1.04,1.04,1193,869,58,62,41,88,46,26,70,6,24,2,2,39,10,12,5,NA,NA,NA,NA,502,502
Calamanthus fuliginosus,Striated Fieldwren,Acanthizidae,Passeriformes,13,4,8,1,4,15.2,7.8,2.7,3.5,21.8,56.1,5.8,48,10.7,51,20.8,Dunning,NA,NO,NA,NA,Shrubland,2,1,Carnivore,Invertivore,Terrestrial,1333,1129,Calamanthus,fuliginosus,NA,NA,Thornbills and Gerygones,Acanthizidae,Passeriformes,22,10,6,3,0,1,0,0,4,4,13,136,5.2,NA,BC6,"Thornbills, Gerygones","Honeyeaters, Thornbills, Bristlebirds, Australasian Wrens, Allies",Endemic (entirely Australian),1,0,0,0,0,0,1,0,0,7,7,LC,NA,LC,NA,LC,NA,LC,NA,LC,NA,not listed,NA,not listed,not listed,not listed,not listed,not listed,not listed,not listed,EN,not listed,LC,not listed,not listed,not listed,not listed,not listed,Core,not listed,not listed,Core,Core,Core,not listed,not listed,not listed,not listed,not listed,not listed,not listed,not listed,not listed,0,not listed,NA,not listed,NA,not listed,NA,not listed,NA,not listed,NA,0,0,14,13,14,19.1,15.5,24,20.6,18,24,17.7,15.5,21,NAV,NAV,NAV,HANZAB,0.7,0.73,-0.02,0,1,1,0,1,0,0,0,0,0,0,0,0,0,0,0,0,0,0,1,0,0,0,0,0,0,0,0,0,0,0,0,1,1,0,1,0,0,0,0,0,0,0,0,0,0,0,0,0,0,0,0,0,1,0,0,0,0,0,1,1,0,8.6,3,3,4,20.9,15.6,0,1,0,0,0,0,1,0,0,0,1,0,0,0,0,none,0,nil,certain,269,0,3,3.063,1.08,1.05,128,73,63,54,41,68,8,3,19,11,23,57,2,1,0,0,6,NA,NA,NA,NA,500,500
Calidris acuminata,Sharp-tailed Sandpiper,Scolopacidae,Charadriiformes,5,2,3,0,4,27.4,20.5,2.8,3.9,28.7,128.8,70.4,58.6,54.5,53.4,66.1,Dunning,NA,NO,NA,NA,Wetland,3,3,Carnivore,Aquatic predator,Terrestrial,343,604,Calidris,acuminata,NA,NA,"Snipe, Sandpipers, Godwits, Curlew, Stints and Phalaropes",Scolopacidae,Charadriiformes,11,9,5,5,0,1,0,1,1,24,16,17,5.4,11.1,Scolopaci,"Sandpipers, Jacanas, Seedsnipes, Allies","Sandpipers, Jacanas, Seedsnipes, Allies",Non-breeding migrant,1,0,0,0,0,0,0,0,1,0,6,LC,NA,LC,NA,LC,NA,LC,NA,LC,NA,not listed,NA,A2H,1,1,1,1,1,not listed,not listed,not listed,LC,not listed,not listed,not listed,not listed,Core,Core,Core,Core,Core,Core,Core,Core,Core,not listed,not listed,not listed,not listed,not listed,not listed,not listed,0,present,certain,present,certain,present,probable,present,certain,present,probable,0,0,20,17,22,67.1,49,111,75.5,54,111,58.8,49,105,NAV,NAV,NAV,HANZAB,0.99,1.03,-0.16,0,0,0,0,0,0,0,0,0,0,0,0,0,1,0,1,0,0,1,1,0,0,0,0,0,0,0,0,1,0,0,NA,NA,NA,NA,NA,NA,NA,NA,NA,NA,NA,NA,NA,NA,NA,NA,NA,0,0,1,0,0,0,0,0,1,0,1,0,0,1,20.3,4,3,4,NAV,NAV,1,0,0,0,0,0,NA,NA,NA,NA,0,0,1,0,0,annual inward migration Non-marine,1,total,certain,3130,11830,562,0.407,0.9,0.99,7017,184,97,105,84,110,3,2,3,10,51,14,12,2,6,3,3,NA,NA,NA,NA,163,u163
Calidris alba,Sanderling,Scolopacidae,Charadriiformes,5,2,3,0,4,30,21.2,3.4,4.2,23.1,119.6,62.7,57,52.3,50.2,51.7,Dunning,NA,NO,NA,NA,Coastal,3,3,Carnivore,Aquatic predator,Terrestrial,348,596,Calidris,alba,NA,Subspecies from Higgins and Davies (1996). Dickinson and Remsen (2013) and del Hoyo et al. (2014) recognise two subspecies of which C.a.alba most likely to visit Australia,"Snipe, Sandpipers, Godwits, Curlew, Stints and Phalaropes",Scolopacidae,Charadriiformes,11,9,5,10,0,1,0,0,2,24,16,17,5.4,NA,Scolopaci,"Sandpipers, Jacanas, Seedsnipes, Allies","Sandpipers, Jacanas, Seedsnipes, Allies",Non-breeding migrant,1,0,0,0,0,0,0,0,1,0,3,LC,NA,LC,NA,LC,NA,LC,NA,LC,NA,not listed,NA,A2H,1,1,1,1,1,not listed,VU,not listed,LC,Rare,not listed,not listed,not listed,not listed,Core,Core,Core,Core,Core,Core,Core,not listed,not listed,not listed,not listed,not listed,not listed,Core,not listed,0,present,certain,present,certain,present,probable,present,certain,present,probable,0,0,22,21,22,57.8,36,76,55.4,36,70,60.2,53,76,NAV,NAV,NAV,HANZAB,1.01,1.05,-0.13,0,0,0,0,0,0,0,0,0,0,0,0,0,0,0,0,1,0,0,0,0,0,0,0,0,0,0,0,1,0,0,NA,NA,NA,NA,NA,NA,NA,NA,NA,NA,NA,NA,NA,NA,NA,NA,NA,0,0,0,0,0,1,0,0,1,0,0,0,0,1,32,3.9,3,4,NAV,NAV,1,0,0,0,0,0,NA,NA,NA,NA,0,0,1,0,0,annual inward migration Non-marine,1,total,certain,4930,10150,2167,NA,1.02,1.02,NA,NA,NA,NA,NA,NA,NA,NA,NA,NA,NA,NA,NA,NA,NA,NA,NA,NA,NA,NA,NA,166,166
Calidris canutus,Red Knot,Scolopacidae,Charadriiformes,9,4,5,0,4,37.5,26.6,4.1,5.7,29.9,164.4,95.2,69.1,57.9,60.4,141.9,Dunning,NA,NO,NA,NA,Coastal,3,3,Carnivore,Aquatic predator,Terrestrial,337,593,Calidris,canutus,NA,NA,"Snipe, Sandpipers, Godwits, Curlew, Stints and Phalaropes",Scolopacidae,Charadriiformes,11,9,5,2,0,1,0,0,5,24,16,17,5.4,NA,Scolopaci,"Sandpipers, Jacanas, Seedsnipes, Allies","Sandpipers, Jacanas, Seedsnipes, Allies",Non-breeding migrant,1,0,0,0,0,0,0,0,1,0,3,LC,NA,LC,NA,NT,A3c,VU,A3c; A4bc,EN,A2bc; A3c; A4bc,not listed,NA,A2H,1,1,1,1,1,not listed,not listed,VU,LC,not listed,not listed,not listed,not listed,not listed,Core,Core,Core,Core,Core,Core,Core,not listed,Core,not listed,not listed,not listed,not listed,Core,not listed,0,present,certain,present,certain,vagrant,NA,present,certain,vagrant,NA,0,0,24,23,25,132,91,215,NAV,NAV,NAV,NAV,NAV,NAV,132,91,215,Cramp et al. (1977-1994),1.32,1.37,-0.19,0,0,0,0,0,0,0,0,0,0,0,0,0,0,0,1,1,0,1,0,0,0,0,0,0,0,0,0,1,0,0,NA,NA,NA,NA,NA,NA,NA,NA,NA,NA,NA,NA,NA,NA,NA,NA,NA,0,0,0,0,0,0,0,0,1,0,1,0,0,1,21.3,3.7,3,4,NAV,NAV,1,0,0,0,0,0,NA,NA,NA,NA,0,0,1,0,0,annual inward migration Non-marine,1,total,certain,7034,11575,2893,NA,0.95,1.02,NA,NA,NA,NA,NA,NA,NA,NA,NA,NA,NA,NA,NA,NA,NA,NA,NA,NA,NA,NA,NA,164,164
Calidris ferruginea,Curlew Sandpiper,Scolopacidae,Charadriiformes,5,2,3,0,4,38.5,31.6,3.2,4.3,29.1,129,70.5,58,54.9,48.6,58.1,Dunning,NA,NO,NA,NA,Coastal,3,3,Carnivore,Aquatic predator,Terrestrial,345,607,Calidris,ferruginea,NA,NA,"Snipe, Sandpipers, Godwits, Curlew, Stints and Phalaropes",Scolopacidae,Charadriiformes,11,9,5,7,0,1,0,1,1,24,16,17,5.4,11.1,Scolopaci,"Sandpipers, Jacanas, Seedsnipes, Allies","Sandpipers, Jacanas, Seedsnipes, Allies",Non-breeding migrant,1,0,0,0,0,0,0,0,1,0,4,LC,NA,LC,NA,NT,A3c; A4bc,EN,A2bc; A3c; A4bc,CR,A2bc; A3c; A4bc,CR,2015,A2H,1,1,1,1,1,not listed,EN,VU,LC,not listed,not listed,not listed,VU,Core,Core,Core,Core,Core,Core,Core,Core,not listed,not listed,not listed,not listed,not listed,not listed,Core,not listed,0,present,certain,present,certain,present,probable,present,certain,vagrant,NA,0,0,21,18,23,62.3,NAV,NAV,60.1,NAV,NAV,64.5,NAV,NAV,59,NAV,NAV,HANZAB,0.99,1.03,-0.12,0,0,0,0,0,0,0,0,0,0,0,0,0,1,0,1,0,0,1,1,0,0,0,0,0,0,0,0,1,0,0,NA,NA,NA,NA,NA,NA,NA,NA,NA,NA,NA,NA,NA,NA,NA,NA,NA,0,0,1,0,0,0,0,0,1,0,1,0,0,1,25.2,3.8,3,4,NAV,NAV,1,0,0,0,0,0,NA,NA,NA,NA,0,0,1,0,0,annual inward migration Non-marine,1,total,certain,6633,13100,6868,NA,0.92,1,NA,NA,NA,NA,NA,NA,NA,NA,NA,NA,NA,NA,NA,NA,NA,NA,NA,NA,NA,NA,NA,161,u161
Calidris fuscicollis,White-rumped Sandpiper,Scolopacidae,Charadriiformes,5,2,3,0,4,26.5,18.8,2.9,4,23.6,118.4,64,54.3,54,47.8,43,Dunning,NA,NO,NA,NA,Wetland,3,3,Carnivore,Aquatic predator,Terrestrial,354,601,Calidris,fuscicollis,NA,NA,"Snipe, Sandpipers, Godwits, Curlew, Stints and Phalaropes",Scolopacidae,Charadriiformes,11,9,5,14,0,1,0,1,1,24,16,17,5.4,11.1,Scolopaci,"Sandpipers, Jacanas, Seedsnipes, Allies","Sandpipers, Jacanas, Seedsnipes, Allies",Vagrant,0,0,0,0,1,0,0,0,1,0,1,LC,NA,Vagrant,NA,Vagrant,NA,Vagrant,NA,Vagrant,NA,not listed,NA,not listed,not listed,not listed,not listed,not listed,not listed,not listed,not listed,not listed,LC,not listed,not listed,not listed,not listed,NA,NA,NA,NA,NA,NA,NA,NA,NA,NA,NA,NA,NA,NA,NA,NA,0,not listed,NA,not listed,NA,not listed,NA,vagrant,NA,not listed,NA,NA,NA,NA,NA,NA,NA,NA,NA,NA,NA,NA,NA,NA,NA,NA,NA,NA,NA,NA,NA,NA,NA,NA,NA,NA,NA,NA,NA,NA,NA,NA,NA,NA,NA,NA,NA,NA,NA,NA,NA,NA,NA,NA,NA,NA,NA,NA,NA,NA,NA,NA,NA,NA,NA,NA,NA,NA,NA,NA,NA,NA,NA,NA,NA,NA,NA,NA,NA,NA,NA,NA,NA,NA,NA,NA,NA,NA,NA,NA,NA,NA,NA,NA,NA,NA,NA,NA,NAV,NAV,NA,NA,NA,NA,NA,NA,NA,NA,NA,NA,NA,NA,NA,NA,NA,vagrancy,1,total,certain,NAV,NAV,NAV,NA,NA,NA,NA,NA,NA,NA,NA,NA,NA,NA,NA,NA,NA,NA,NA,NA,NA,NA,NA,NA,NA,NA,NA,849,u849
Calidris melanotos,Pectoral Sandpiper,Scolopacidae,Charadriiformes,5,3,0,2,4,32.1,23.1,3.4,4.8,26,125.2,67.1,58.6,53.4,54.4,79.7,Dunning,NA,NO,NA,NA,Wetland,3,3,Carnivore,Aquatic predator,Terrestrial,356,603,Calidris,melanotos,NA,NA,"Snipe, Sandpipers, Godwits, Curlew, Stints and Phalaropes",Scolopacidae,Charadriiformes,11,9,5,16,0,1,0,1,1,24,16,17,5.4,11.1,Scolopaci,"Sandpipers, Jacanas, Seedsnipes, Allies","Sandpipers, Jacanas, Seedsnipes, Allies",Non-breeding migrant,1,0,0,0,0,0,0,0,1,0,2,LC,NA,LC,NA,LC,NA,LC,NA,LC,NA,not listed,NA,A2H,not listed,1,1,1,1,not listed,not listed,not listed,LC,Rare,not listed,not listed,not listed,not listed,not listed,not listed,not listed,not listed,not listed,Core,Core,not listed,not listed,not listed,not listed,not listed,not listed,not listed,not listed,0,present,probable,vagrant,NA,vagrant,NA,present,certain,not listed,NA,0,0,22,19,24,71.8,45,105,85,62,105,58.5,45,86,NAV,NAV,NAV,HANZAB,1.02,1.06,-0.12,0,0,0,0,0,0,0,0,0,0,0,0,0,1,0,1,0,0,0,1,0,0,0,0,0,0,0,0,1,0,0,NA,NA,NA,NA,NA,NA,NA,NA,NA,NA,NA,NA,NA,NA,NA,NA,NA,0,0,1,0,0,0,0,0,1,0,1,1,1,0,23,4,3,4,NAV,NAV,1,0,0,0,0,0,NA,NA,NA,NA,0,0,1,0,0,annual inward migration Non-marine,1,total,certain,NAV,NAV,NAV,0.557,0.92,1,2322,1195,66,71,35,152,26,15,111,4,10,47,19,3,12,4,1,NA,NA,NA,NA,978,u978
Calidris ruficollis,Red-necked Stint,Scolopacidae,Charadriiformes,4,2,2,0,4,19,13.7,2.4,3.3,18.8,99.5,54.2,45.2,54.5,43.5,26.8,Dunning,NA,NO,NA,NA,Grassland,3,3,Carnivore,Aquatic predator,Terrestrial,347,599,Calidris,ruficollis,NA,NA,"Snipe, Sandpipers, Godwits, Curlew, Stints and Phalaropes",Scolopacidae,Charadriiformes,11,9,5,9,0,1,0,1,1,24,16,17,5.4,11.1,Scolopaci,"Sandpipers, Jacanas, Seedsnipes, Allies","Sandpipers, Jacanas, Seedsnipes, Allies",Non-breeding migrant,1,0,0,0,0,0,0,0,1,0,6,LC,NA,LC,NA,LC,NA,LC,NA,NT,A2bc; A3c; A4bc,not listed,NA,A2H,1,1,1,1,1,not listed,not listed,not listed,LC,not listed,not listed,not listed,not listed,not listed,Core,Core,Core,Core,Core,Core,Core,Core,Core,not listed,not listed,not listed,not listed,Core,not listed,0,present,certain,present,certain,present,probable,present,certain,present,probable,0,0,15,13,16,28.5,22.1,33.5,26.4,22.3,33.5,27.5,22.1,31.3,30,NAV,NAV,HANZAB,0.66,0.68,-0.09,0,0,0,0,0,0,0,0,0,0,0,0,0,1,0,1,1,0,1,1,0,0,0,0,0,0,0,0,1,0,0,NA,NA,NA,NA,NA,NA,NA,NA,NA,NA,NA,NA,NA,NA,NA,NA,NA,0,0,1,0,0,0,0,0,1,0,1,0,0,1,16.4,4,3,4,NAV,NAV,1,0,0,0,0,0,NA,NA,NA,NA,0,0,1,0,0,annual inward migration Non-marine,1,total,certain,7970,12491,35402,NA,0.9,0.99,NA,NA,NA,NA,NA,NA,NA,NA,NA,NA,NA,NA,NA,NA,NA,NA,NA,NA,NA,NA,NA,162,u162
Calidris tenuirostris,Great Knot,Scolopacidae,Charadriiformes,5,2,3,0,4,45,32.5,4.5,6.2,34.4,175.6,101.2,75.5,57.3,63.8,192,Dunning,NA,NO,NA,NA,Grassland,3,3,Carnivore,Aquatic predator,Terrestrial,336,592,Calidris,tenuirostris,NA,NA,"Snipe, Sandpipers, Godwits, Curlew, Stints and Phalaropes",Scolopacidae,Charadriiformes,11,9,5,1,0,1,0,1,1,24,16,17,5.4,11.1,Scolopaci,"Sandpipers, Jacanas, Seedsnipes, Allies","Sandpipers, Jacanas, Seedsnipes, Allies",Non-breeding migrant,1,0,0,0,0,0,0,0,1,0,6,VU,A4bcd,LC,NA,NT,A3c,EN,A2bc; A3c; A4bc,EN,A2bc; A3c; A4bc,not listed,NA,A2H,1,1,1,1,1,not listed,VU,VU,LC,Rare,not listed,Th,VU,not listed,Core,Core,Core,Core,Core,Core,Core,not listed,not listed,not listed,not listed,not listed,not listed,Core,not listed,0,present,certain,present,certain,present,probable,present,certain,vagrant,NA,0,0,27,26,28,156,115,282,NAV,NAV,NAV,NAV,NAV,NAV,156,115,282,HANZAB,1.54,1.6,-0.19,0,0,0,0,0,0,0,0,0,0,0,0,0,0,0,0,1,0,1,0,0,0,0,0,0,0,0,0,1,0,0,NA,NA,NA,NA,NA,NA,NA,NA,NA,NA,NA,NA,NA,NA,NA,NA,NA,0,0,0,0,0,0,0,0,1,0,0,0,0,1,NAV,4,3,4,NAV,NAV,1,0,0,0,0,0,NA,NA,NA,NA,0,0,1,0,0,annual inward migration Non-marine,1,total,certain,7645,10177,4299,NA,0.92,1,NA,NA,NA,NA,NA,NA,NA,NA,NA,NA,NA,NA,NA,NA,NA,NA,NA,NA,NA,NA,NA,165,u165
Callocephalon fimbriatum,Gang-gang Cockatoo,Cacatuidae,Psittaciformes,5,2,3,0,4,32.5,25.3,20.3,39.6,18.2,252.6,96,159.2,37.6,135,256,Dunning,NA,NO,NA,NA,Woodland,2,2,Herbivore,Omnivore,Insessorial,832,720,Callocephalon,fimbriatum,NA,NA,Cockatoos and Corellas,Cacatuidae,Psittaciformes,21,2,5,1,0,1,0,1,1,1,7,4,32.9,43.5,Cacatuidae,Parrots,Parrots,Endemic (entirely Australian),1,0,0,0,0,0,1,0,0,7,7,LC,NA,LC,NA,LC,NA,LC,NA,LC,NA,not listed,NA,not listed,not listed,not listed,not listed,not listed,not listed,not listed,VU,not listed,LC,not listed,not listed,not listed,not listed,Core,Core,not listed,not listed,Introduced,Extinct,Core,not listed,not listed,not listed,not listed,not listed,not listed,not listed,not listed,not listed,0,not listed,NA,not listed,NA,not listed,NA,not listed,NA,not listed,NA,0,0,35,32,37,257,165,305,255,172,300,259,165,305,NAV,NAV,NAV,HANZAB,7.48,7.75,0.38,0,0,1,0,0,0,0,1,1,0,0,0,0,0,0,0,0,0,0,0,0,0,0,0,0,0,0,0,0,0,1,0,0,0,0,0,0,0,1,1,0,0,0,0,0,0,0,0,0,0,1,0,0,0,0,0,0,0,0,0,1,1,7.5,2,1,4,34.6,26.5,0,0,0,0,1,0,1,1,0,0,1,1,0,0,0,none,0,nil,certain,119,0,1,2.248,0.91,1,202,156,56,57,23,87,50,18,83,7,3,14,1,2,3,1,68,NA,NA,NA,NA,268,u268
Calonectris leucomelas,Streaked Shearwater,Procellariidae,Procellariiformes,4,2,2,0,4,48.9,39.1,9.7,12.2,48.2,319.2,195,124.2,61,131.8,580,Dunning,NA,NO,NA,NA,Marine,3,3,Carnivore,Aquatic predator,Generalist,586,276,Calonectris,leucomelas,NA,NA,Petrels and Shearwaters,Procellariidae,Procellariformes,14,4,12,1,0,1,0,1,1,4,16,4,15.7,25,Procellariidae,"Albatrosses, Shearwaters, Petrels","Albatrosses, Shearwaters, Petrels",Non-breeding migrant,1,0,0,0,0,0,0,0,1,0,6,LC,NA,LC,NA,LC,NA,LC,NA,LC,NA,not listed,NA,not listed,1,1,1,1,1,not listed,not listed,not listed,LC,not listed,not listed,not listed,not listed,not listed,Core,Core,Core,not listed,not listed,not listed,Core,not listed,not listed,not listed,not listed,not listed,not listed,not listed,not listed,1,present,certain,present,certain,present,certain,vagrant,NA,vagrant,NA,0,0,48,48,48,483,440,NAV,538,NAV,NAV,476,468,484,440,NAV,NAV,HANZAB,NAV,NAV,-0.03,0,0,0,0,0,0,0,0,0,0,0,0,0,0,0,0,0,0,0,0,0,0,0,1,1,0,0,0,0,0,0,NA,NA,NA,NA,NA,NA,NA,NA,NA,NA,NA,NA,NA,NA,NA,NA,NA,0,0,0,0,0,0,0,0,0,1,0,1,0,1,NAV,1,1,1,NAV,NAV,1,0,0,1,0,0,NA,NA,NA,NA,0,0,1,0,0,marine inward,1,total,certain,3776,6119,1,NA,1.18,1.27,NA,NA,NA,NA,NA,NA,NA,NA,NA,NA,NA,NA,NA,NA,NA,NA,NA,377,625,-6.2,-6.1,853,u853
Calyptorhynchus banksii,Red-tailed Black-Cockatoo,Cacatuidae,Psittaciformes,5,2,2,1,4,51.7,39,29.7,62.1,29.2,420.2,185.5,228.2,44.9,291,721.9,Dunning,NA,NO,NA,NA,Forest,2,1,Herbivore,Granivore,Insessorial,814,704,Calyptorhynchus,banksii,NA,NA,Cockatoos and Corellas,Cacatuidae,Psittaciformes,21,2,2,1,0,1,0,0,5,2,7,4,26.1,NA,Cacatuidae,Parrots,Parrots,Endemic (entirely Australian),1,0,0,0,0,0,1,0,0,7,7,LC,NA,LC,NA,LC,NA,LC,NA,LC,NA,not listed,NA,not listed,not listed,not listed,not listed,not listed,not listed,not listed,not listed,not listed,LC,not listed,not listed,not listed,not listed,not listed,Core,Core,Core,Core,not listed,Core,Core,not listed,not listed,not listed,not listed,not listed,not listed,not listed,not listed,0,not listed,NA,not listed,NA,not listed,NA,not listed,NA,not listed,NA,0,0,58,55,60,682,424,1000,687,555,920,678,424,1000,NAV,NAV,NAV,HANZAB,11.95,12.38,0.33,1,0,0,0,0,0,1,1,1,0,0,0,0,0,0,0,0,0,0,0,0,0,0,0,0,0,0,0,0,1,1,1,0,0,0,0,0,1,1,1,0,0,0,0,0,0,0,0,0,0,1,0,0,0,0,0,0,0,0,0,0,1,10.9,1,1,2,51.4,34.6,0,0,0,0,1,0,1,1,0,0,1,0,0,1,0,none,0,nil,certain,73,7,2,0.57,1.04,1.13,3447,2097,62,89,70,110,48,20,102,4,4,4,6,10,40,28,5,NA,NA,NA,NA,264,264
Calyptorhynchus lathami,Glossy Black-Cockatoo,Cacatuidae,Psittaciformes,5,2,2,1,4,46.3,36.8,29.3,54.1,20.8,346.6,159.2,188.5,45.8,237.6,437,Dunning,NA,NO,NA,NA,Forest,2,1,Herbivore,Granivore,Insessorial,820,710,Calyptorhynchus,lathami,NA,NA,Cockatoos and Corellas,Cacatuidae,Psittaciformes,21,2,2,2,0,1,0,0,3,2,7,4,26.1,NA,Cacatuidae,Parrots,Parrots,Endemic (entirely Australian),1,0,0,0,0,0,1,0,0,7,7,LC,NA,LC,NA,LC,NA,LC,NA,LC,NA,not listed,NA,not listed,not listed,not listed,not listed,not listed,not listed,VU,VU,not listed,VU,not listed,not listed,not listed,not listed,Core,Core,not listed,Core,Core,Extinct,Core,not listed,not listed,not listed,not listed,not listed,not listed,not listed,not listed,not listed,0,not listed,NA,not listed,NA,not listed,NA,not listed,NA,not listed,NA,0,0,48,47,48,460,335,515,469,400,515,420,335,500,NAV,NAV,NAV,HANZAB,9.78,10.13,0.34,0,0,1,1,0,0,1,1,1,0,0,0,0,0,0,0,0,0,0,0,0,0,0,0,0,0,0,0,0,1,1,0,0,0,0,0,0,1,1,1,0,0,0,0,0,0,1,1,0,0,1,0,0,0,0,0,0,0,0,0,1,1,NAV,1,1,1,43.8,32.6,0,0,0,0,1,0,1,1,0,0,1,1,0,0,0,none,0,nil,certain,0,0,1,1.728,1.1,1.23,451,49,90,51,25,79,27,14,43,18,4,2,1,15,0,0,59,NA,NA,NA,NA,265,265
Carduelis carduelis,European Goldfinch,Fringillidae,Passeriformes,30,11,19,0,12,15.4,11.2,5.5,7.2,14.7,77.4,25.8,51.6,33.4,48.6,16,Dunning,NA,NO,NA,NA,Woodland,2,1,Herbivore,Granivore,Insessorial,1841,1956,Carduelis,carduelis,NA,NA,Old World Finches,Fringillidae,Passeriformes,22,36,4,1,0,1,0,0,14,2,57,136,4,NA,P10,"Finches, Allies","Finches, Allies",Introduced,0,0,0,1,0,0,0,0,0,2,2,LC,NA,Introduced,NA,Introduced,NA,Introduced,NA,Introduced,NA,not listed,NA,not listed,not listed,not listed,not listed,not listed,not listed,not listed,not listed,not listed,not listed,not listed,not listed,not listed,not listed,Introduced,Introduced,not listed,Introduced,Introduced,Introduced,Introduced,Introduced,Introduced,not listed,not listed,not listed,not listed,not listed,not listed,not listed,0,not listed,NA,not listed,NA,not listed,NA,present,possible,not listed,NA,NA,NA,12,12,12,17.6,10.8,30,17.8,11.7,30,17.4,10.8,23.5,NAV,NAV,NAV,Cramp et al. (1977-1994),NA,NA,NA,0,0,0,0,1,1,0,0,0,0,0,0,0,0,0,0,0,0,0,0,0,0,0,0,0,0,0,0,1,1,1,0,0,0,0,0,1,0,0,0,0,0,0,0,0,1,1,1,0,0,1,0,0,1,0,0,0,0,0,0,0,1,NAV,4.8,2,7,16.2,12.6,0,1,0,0,0,0,0,1,0,0,1,1,0,1,0,none,0,nil,certain,2130,8,85,NA,NA,NA,NA,NA,NA,NA,NA,NA,NA,NA,NA,NA,NA,NA,NA,NA,NA,NA,NA,NA,NA,NA,NA,996,996
Carterornis leucotis,White-eared Monarch,Monarchidae,Passeriformes,12,3,9,0,4,15.3,9,4.4,4.3,18.6,69.2,11.8,57.7,17,63.7,11.4,Dunning,NA,NO,NA,NA,Shrubland,1,1,Carnivore,Invertivore,Insessorial,1688,1673,Carterornis,leucotis,NA,NA,Monarch and Flycatchers,Monarchidae,Passeriformes,22,27,5,1,0,1,0,1,1,3,18,136,5.1,10.8,CC8,"Shrikes, Monarchs, Drongos, Fantails, Birds Of Paradise, Crows, Jays, Allies","Cuckoo-Shrikes, Helmetshrikes, Shrike-Flycatchers, Vangas, Whipbirds, Shrike-Thrushes, Whistlers, Shrikes, Monarchs, Vireos, Orioles, Drongos, Fantails, Birds Of Paradise, Crows, Jays, Allies",Endemic (entirely Australian),1,0,0,0,0,0,1,0,0,7,7,LC,NA,LC,NA,LC,NA,LC,NA,LC,NA,not listed,NA,not listed,not listed,not listed,not listed,not listed,not listed,not listed,VU,not listed,LC,not listed,not listed,not listed,not listed,not listed,Core,not listed,Core,not listed,not listed,not listed,not listed,not listed,not listed,not listed,not listed,not listed,not listed,not listed,not listed,0,not listed,NA,not listed,NA,not listed,NA,not listed,NA,not listed,NA,0,0,15,15,15,12.1,10.8,17.5,12.4,10.8,17.5,11.7,10.8,14.3,NAV,NAV,NAV,HANZAB,0.52,0.54,-0.01,0,0,0,0,0,0,1,1,1,1,1,0,0,0,0,0,0,0,0,0,0,0,0,0,0,0,0,0,0,0,0,0,0,0,0,0,0,0,0,0,1,0,0,0,0,0,0,0,0,0,0,0,0,1,0,0,0,0,0,1,1,0,NAV,2.4,2,3,19.5,12.1,0,1,0,0,0,0,1,0,0,0,1,1,0,0,0,none,0,nil,certain,463,0,2,1.295,1.25,1.2,102,67,60,80,25,120,76,30,135,8,3,0,1,39,19,6,24,NA,NA,NA,NA,376,u376
Centropus phasianinus,Pheasant Coucal,Cuculidae,Cuculiformes,6,3,3,0,5,38.4,21.6,10.8,16.9,54.3,246.2,32.4,213.4,13.3,335.5,382,Dunning,NA,NO,NA,NA,Shrubland,2,1,Carnivore,Invertivore,Terrestrial,157,838,Centropus,phasianinus,NA,Species from del Hoyo et al. (2014). Johnstone and Darnell (2015) also tentatively recognise C.p.highami from Pilbara and Gascoyne but not melanurus from northern Australia,Cuckoos,Cuculidae,Cuculiformes,7,1,1,2,0,1,0,0,8,26,36,1,10.2,NA,Cuculidae,Cuckoos,Cuckoos,Australian,1,0,0,0,0,0,0,0,0,6,6,LC,NA,LC,NA,LC,NA,LC,NA,LC,NA,not listed,NA,not listed,not listed,not listed,not listed,not listed,not listed,not listed,not listed,not listed,LC,not listed,not listed,not listed,not listed,not listed,Core,Core,Core,not listed,not listed,not listed,Core,not listed,not listed,not listed,not listed,not listed,not listed,not listed,not listed,0,present,certain,present,probable,not listed,NA,not listed,NA,not listed,NA,0,0,59,54,63,386,200,600,318,200,485,453,242,600,NAV,NAV,NAV,HANZAB,4.12,4.27,0.01,0,0,1,0,1,0,1,1,1,1,1,0,0,0,0,0,0,0,0,0,0,0,0,0,0,0,0,0,0,1,1,0,0,0,0,0,0,1,1,1,0,0,0,0,0,0,1,1,0,0,0,0,0,1,1,0,0,0,0,1,1,0,30.5,3.5,2,5,38.7,29.3,0,1,0,0,0,0,0,0,0,0,1,0,0,0,0,local dispersal,1,high,low,NAV,NAV,NAV,0.746,0.96,0.99,1974,153,93,113,96,128,16,8,43,21,2,0,0,9,2,62,4,NA,NA,NA,NA,349,349
Certhionyx variegatus,Pied Honeyeater,Meliphagidae,Passeriformes,11,3,8,0,4,20.1,11,3.3,3.4,20.9,84.8,22.5,59.8,27.4,63.1,26.3,Dunning,NA,NO,NA,NA,Shrubland,2,2,Herbivore,Nectarivore,Insessorial,1170,1248,Certhionyx,variegatus,NA,Genus from Joseph et al. (2013) and Dickinson and Christidis (2014),Honeyeaters and Chats,Meliphagidae,Passeriformes,22,8,16,1,0,1,0,1,1,1,50,136,5.3,11,BC7,Honeyeaters,"Honeyeaters, Thornbills, Bristlebirds, Australasian Wrens, Allies",Endemic (entirely Australian),1,0,0,0,0,0,1,0,0,7,7,LC,NA,LC,NA,LC,NA,LC,NA,LC,NA,not listed,NA,not listed,not listed,not listed,not listed,not listed,not listed,not listed,VU,not listed,LC,not listed,not listed,not listed,not listed,not listed,Core,Core,Core,Core,not listed,not listed,Core,not listed,not listed,not listed,not listed,not listed,not listed,not listed,not listed,0,not listed,NA,not listed,NA,not listed,NA,not listed,NA,not listed,NA,0,0,17,15,20,26.4,22,34,27.2,22,34,25.5,22,29,NAV,NAV,NAV,HANZAB,0.84,0.87,0,1,0,0,1,0,0,0,0,0,0,0,0,0,0,0,0,0,0,0,0,0,0,0,0,0,0,0,0,0,0,0,1,0,0,1,0,0,0,0,0,0,0,0,0,0,0,0,0,1,1,1,0,0,1,0,0,0,0,0,1,0,0,NAV,2.6,1,3,21.9,15.3,0,1,0,0,0,0,1,1,0,NAV,0,0,0,1,0,none,0,nil,certain,29,0,9,0.527,1.07,1.06,4340,369,92,34,15,56,12,8,16,3,14,6,0,60,3,1,12,NA,NA,NA,NA,602,u602
Ceyx azureus,Azure Kingfisher,Alcedinidae,Coraciiformes,6,0,1,5,4,49,39.6,6.6,8.6,10.3,74,18.3,55.4,24.9,35.2,34.9,Dunning,NA,NO,NA,NA,Riverine,2,1,Carnivore,Vertivore,Insessorial,768,908,Ceyx,azureus,NA,NA,Kingfishers,Alcedinidae,Coraciiformes,19,3,1,2,0,1,0,0,6,9,18,6,10.1,NA,Alcedinidae,"Kingfishers, Motmots, Todies","Bee-eaters, Kingfishers, Motmots, Todies, Rollers, Ground-Rollers",Australian,1,0,0,0,0,0,0,0,0,6,6,LC,NA,LC,NA,LC,NA,LC,NA,LC,NA,not listed,NA,not listed,not listed,not listed,not listed,not listed,not listed,not listed,not listed,not listed,LC,EN,not listed,not listed,not listed,not listed,Core,Core,Core,Core,Core,Core,Core,not listed,not listed,not listed,not listed,not listed,not listed,not listed,not listed,0,present,none,present,none,not listed,NA,not listed,NA,not listed,NA,0,0,18,16,19,35.2,20,51,35.9,20,51,29.9,25,43.5,NAV,NAV,NAV,HANZAB,0.98,1.02,0,0,0,0,0,0,0,1,1,1,1,1,1,1,1,0,0,0,0,0,0,1,0,0,0,0,0,0,0,0,1,0,0,0,0,0,0,0,1,1,1,1,0,1,0,0,0,1,0,0,0,0,0,0,0,0,0,0,1,1,1,0,0,11.7,5.6,4,7,21.5,18.3,1,0,0,1,0,0,1,0,0,0,1,1,0,0,0,none,0,medium,low,1103,203,158,0.539,0.97,0.98,1718,282,86,104,77,130,18,9,60,9,4,1,1,78,3,1,4,NA,NA,NA,NA,319,319
Chalcophaps longirostris,Pacific Emerald Dove,Columbidae,Columbiformes,4,2,2,0,4,22.7,10.7,2.8,4,25.9,152,48.7,103.3,32,87,136.5,DataFromSplit,NA,NO,NA,NA,Forest,1,1,Herbivore,Omnivore,Generalist,130,107,Chalcophaps,longirostris,NA,Species from del Hoyo et al. (2014). Johnstone and Darnell (2015) maintain as subspecies of C.indica,Pigeons and Doves,Columbidae,Columbiformes,6,1,10,1,0,1,0,0,4,3,46,1,19.4,NA,Columbidae,"Pigeons, Doves","Pigeons, Doves",Australian,1,0,0,0,0,0,0,0,0,4,4,LC,NA,LC,NA,LC,NA,LC,NA,LC,NA,not listed,NA,not listed,not listed,not listed,not listed,not listed,not listed,not listed,not listed,not listed,LC,not listed,not listed,not listed,not listed,not listed,Core,Core,Core,not listed,not listed,not listed,Core,Core,Core,not listed,not listed,Core,not listed,not listed,not listed,0,present,probable,present,probable,present,none,not listed,NA,present,none,0,0,25,23,27,136,100,192,138,100,192,134,104,168,NAV,NAV,NAV,HANZAB,1.25,1.3,-0.24,1,0,0,0,0,0,1,1,1,1,1,0,0,0,0,0,0,0,0,0,1,0,0,0,0,0,0,0,0,0,1,1,0,0,0,0,0,0,0,0,1,0,0,0,0,0,0,1,1,0,1,0,0,0,0,0,0,0,0,1,1,0,NAV,2,2,2,28.4,21.3,0,1,0,0,0,0,1,0,0,0,1,0,0,0,0,probable local dispersal,1,high,certain,4382,46,20,0.959,1.08,1.1,441,150,75,108,71,127,74,29,177,13,2,1,1,74,2,0,6,NA,NA,NA,NA,33,33
Chalcophaps longirostris,Pacific Emerald Dove,Columbidae,Columbiformes,4,2,2,0,4,22.7,10.7,2.8,4,25.9,152,48.7,103.3,32,87,136.5,DataFromSplit,NA,NO,NA,NA,Forest,1,1,Herbivore,Omnivore,Generalist,133,110,Chalcophaps,indica,NA,Species from del Hoyo et al. (2014),Pigeons and Doves,Columbidae,Columbiformes,6,1,10,2,0,1,0,0,6,3,46,1,19.4,NA,Columbidae,"Pigeons, Doves","Pigeons, Doves",Australian,1,0,0,0,0,0,0,0,0,2,2,LC,NA,NT,D2,NT,A3ce; D2,NT,D2,NT,D2,EN,2005,not listed,not listed,not listed,not listed,not listed,not listed,not listed,not listed,not listed,LC,not listed,not listed,not listed,not listed,not listed,not listed,not listed,not listed,not listed,not listed,not listed,not listed,not listed,not listed,not listed,not listed,Core,not listed,not listed,not listed,0,not listed,NA,present,none,not listed,NA,not listed,NA,not listed,NA,0,1,25,23,27,130,89,171,NAV,NAV,NAV,NAV,NAV,NAV,130,89,171,del Hoyo et al. (1992-2013),NAV,NA,NA,0,0,0,0,0,0,0,0,0,1,0,0,0,0,0,0,0,0,0,0,0,0,0,0,0,0,0,0,1,0,0,0,0,0,0,0,0,0,0,0,1,0,0,0,0,1,0,0,1,0,1,0,0,1,0,0,0,0,0,1,1,0,NAV,2,2,2,NAV,NAV,0,1,0,0,0,0,1,0,0,0,1,0,0,0,0,none,0,nil,certain,NAV,NAV,NAV,NA,1.23,1.22,NA,NA,NA,NA,NA,NA,NA,NA,NA,NA,NA,NA,NA,NA,NA,NA,NA,NA,NA,NA,NA,5065,5065
Charadrius semipalmatus,Semipalmated Plover,Charadriidae,Charadriiformes,5,2,3,0,4,14.5,8.5,3.2,3.7,22.9,118.4,65,51,56,51.8,46.7,Dunning,NA,NO,NA,NA,Wetland,3,3,Carnivore,Aquatic predator,Terrestrial,289,524,Charadrius,semipalmatus,NA,NA,"Plovers, Dotterel and Lapwings",Charadriidae,Charadriiformes,11,5,2,2,0,1,0,1,1,30,11,17,5.6,11.6,Charadrii,"Waders, Allies","Waders, Allies",Vagrant,0,0,0,0,1,0,0,0,1,0,1,LC,NA,Vagrant,NA,Vagrant,NA,Vagrant,NA,Vagrant,NA,not listed,NA,not listed,not listed,not listed,not listed,not listed,not listed,not listed,not listed,not listed,LC,not listed,not listed,not listed,not listed,NA,NA,NA,NA,NA,NA,NA,NA,NA,NA,NA,NA,NA,NA,NA,NA,0,not listed,NA,not listed,NA,not listed,NA,vagrant,NA,vagrant,NA,NA,NA,NA,NA,NA,NA,NA,NA,NA,NA,NA,NA,NA,NA,NA,NA,NA,NA,NA,NA,NA,NA,NA,NA,NA,NA,NA,NA,NA,NA,NA,NA,NA,NA,NA,NA,NA,NA,NA,NA,NA,NA,NA,NA,NA,NA,NA,NA,NA,NA,NA,NA,NA,NA,NA,NA,NA,NA,NA,NA,NA,NA,NA,NA,NA,NA,NA,NA,NA,NA,NA,NA,NA,NA,NA,NA,NA,NA,NA,NA,NA,NA,NA,NA,NA,NA,NA,NAV,NAV,NA,NA,NA,NA,NA,NA,NA,NA,NA,NA,NA,NA,NA,NA,NA,vagrancy,1,total,certain,NAV,NAV,NAV,NA,NA,NA,NA,NA,NA,NA,NA,NA,NA,NA,NA,NA,NA,NA,NA,NA,NA,NA,NA,NA,NA,NA,NA,2509,u2509
Chenonetta jubata,Maned Duck,Anatidae,Anseriformes,6,3,3,0,4,36.5,15.3,13.6,9.7,47.8,258.8,121.2,136.5,47,93.7,807.5,Dunning,NA,NO,NA,NA,Wetland,3,1,Herbivore,Herbivore terrestrial,Terrestrial,43,54,Chenonetta,jubata,NA,NA,"Ducks, Geese and Swans",Anatidae,Anseriformes,2,2,15,1,0,1,0,1,1,1,53,3,18.5,28.2,Anatinae,"Ducks, Geese, Other Waterfowl, Screamers","Ducks, Geese, Other Waterfowl, Screamers",Endemic (entirely Australian),1,0,0,0,0,0,1,0,0,7,7,LC,NA,LC,NA,LC,NA,LC,NA,LC,NA,not listed,NA,not listed,not listed,not listed,not listed,not listed,not listed,not listed,not listed,not listed,LC,not listed,not listed,not listed,not listed,Core,Core,Core,Core,Core,Core,Core,Core,not listed,not listed,not listed,not listed,not listed,not listed,not listed,not listed,0,vagrant,NA,not listed,NA,not listed,NA,vagrant,NA,not listed,NA,0,0,48,47,48,808,662,984,815,700,955,800,662,984,NAV,NAV,NAV,HANZAB,4.08,4.23,-0.18,0,0,0,0,1,0,0,0,0,0,0,0,0,1,0,1,0,0,0,0,0,0,0,0,0,0,0,0,0,1,1,0,0,0,0,0,0,1,1,0,0,0,0,0,0,0,1,1,0,0,1,1,0,0,0,0,0,0,0,0,0,1,25.5,10.5,8,11,57.4,41.7,0,0,0,0,1,0,1,0,0,0,1,0,0,1,0,irregular outward dispersal,0,nil,high,3327,1719,2168,0.546,0.92,0.94,4938,1345,79,84,69,98,22,16,25,3,6,5,2,6,2,0,75,NA,NA,NA,NA,202,u202
Cheramoeca leucosterna,White-backed Swallow,Hirundinidae,Passeriformes,12,5,6,1,4,9,4.3,3.5,2.3,14.1,101.6,55.5,46,54.7,72.9,14.1,Dunning,NA,NO,NA,NA,Riverine,3,1,Carnivore,Invertivore,Aerial,1881,1820,Cheramoeca,leucosterna,NA,NA,Swallows and Martins,Hirundinidae,Passeriformes,22,41,1,1,0,1,0,1,1,1,20,136,7.2,13.8,S6,"Swallows, Martins","Swallows, Martins",Endemic (entirely Australian),1,0,0,0,0,0,1,0,0,7,7,LC,NA,LC,NA,LC,NA,LC,NA,LC,NA,not listed,NA,not listed,not listed,not listed,not listed,not listed,not listed,not listed,not listed,not listed,LC,not listed,not listed,not listed,not listed,not listed,Core,Core,Core,Core,not listed,Core,Core,not listed,not listed,not listed,not listed,not listed,not listed,not listed,not listed,0,not listed,NA,not listed,NA,not listed,NA,not listed,NA,not listed,NA,0,0,14,13,15,14,11,17,14.4,12.5,16.5,13.6,11,17,14,NAV,NAV,HANZAB,0.41,0.42,-0.15,1,1,0,1,1,1,0,0,0,0,0,1,1,1,0,1,0,0,0,0,0,0,0,0,0,0,0,0,0,0,0,1,1,0,1,1,1,0,0,0,0,0,1,0,0,0,0,0,0,0,0,0,0,1,0,0,0,0,0,1,1,1,NAV,4.5,3,6,17.1,12.4,0,0,0,1,0,0,0,1,0,0,1,0,0,0,0,none,0,nil,certain,860,127,15,0.452,1.26,1.17,5508,717,88,93,82,100,9,7,14,8,25,13,1,17,7,21,7,NA,NA,NA,NA,358,u358
Chlidonias hybrida,Whiskered Tern,Laridae,Charadriiformes,6,3,3,0,4,35,20.1,4.3,7.5,23,231.8,144.5,82.8,63.6,85.8,83.7,Dunning,NA,NO,NA,NA,Wetland,3,3,Carnivore,Aquatic predator,Aerial,441,660,Chlidonias,hybrida,NA,NA,"Gulls, Terns and Noddies",Laridae,Charadriiformes,11,13,13,1,0,1,0,0,3,4,24,17,8.5,NA,Lari,"Gulls, Terns, Auks, Crab Plover","Gulls, Terns, Auks, Crab Plover",Australian,1,0,0,0,0,0,0,0,0,4,4,LC,NA,LC,NA,LC,NA,LC,NA,LC,NA,not listed,NA,not listed,not listed,not listed,not listed,not listed,1,not listed,not listed,not listed,LC,not listed,not listed,not listed,not listed,not listed,Core,Core,Core,Core,not listed,Core,Core,not listed,not listed,not listed,not listed,Core,not listed,not listed,not listed,0,present,probable,present,probable,present,probable,vagrant,NA,present,probable,0,0,24,23,25,85.6,60,110,87.5,79,110,87,79,92,84,60,101,"HANZAB, Cramp et al. (1977-1994)",1.48,1.53,-0.05,0,0,0,0,0,0,0,0,0,0,0,0,1,1,0,1,0,0,0,1,0,0,0,0,0,0,1,1,0,0,1,0,0,0,0,0,0,0,0,0,0,0,1,0,0,0,0,0,0,0,0,0,0,1,1,0,0,1,1,0,0,1,NAV,2.5,2,4,38.4,27.7,0,0,0,0,0,1,0,1,0,0,0,0,1,0,0,probable irregular outward dispersal,1,medium,low,5830,327,32,0.4,0.99,1,7463,197,97,100,78,103,3,3,3,23,24,10,8,13,8,5,9,NA,NA,NA,NA,110,110
Chlidonias leucopterus,White-winged Tern,Laridae,Charadriiformes,8,4,4,0,4,30,16.7,3.8,5.7,18.7,208.2,126.9,79.9,61.4,75.4,54.2,Dunning,NA,NO,NA,NA,Wetland,3,3,Carnivore,Aquatic predator,Aerial,443,662,Chlidonias,leucopterus,NA,NA,"Gulls, Terns and Noddies",Laridae,Charadriiformes,11,13,13,2,0,1,0,1,1,4,24,17,8.5,15.7,Lari,"Gulls, Terns, Auks, Crab Plover","Gulls, Terns, Auks, Crab Plover",Non-breeding migrant,1,0,0,0,0,0,0,0,1,0,3,LC,NA,LC,NA,LC,NA,LC,NA,LC,NA,not listed,NA,not listed,1,1,1,1,1,not listed,not listed,not listed,LC,not listed,not listed,not listed,not listed,not listed,Core,Core,Core,Core,Core,Core,Core,not listed,not listed,not listed,not listed,not listed,not listed,not listed,not listed,0,present,probable,present,probable,present,probable,present,possible,present,probable,0,0,22,20,23,64.9,49,78,63.2,51,73,59,49,74,68.6,57,78,HANZAB,NAV,NAV,-0.05,0,0,0,0,1,0,0,0,0,0,0,0,1,1,1,1,0,0,0,0,0,0,0,0,0,0,0,1,1,0,0,NA,NA,NA,NA,NA,NA,NA,NA,NA,NA,NA,NA,NA,NA,NA,NA,NA,0,0,0,0,0,1,1,0,1,1,1,0,0,1,NAV,2.8,2,4,NAV,NAV,0,0,0,0,0,1,NA,NA,NA,NA,0,0,1,0,0,marine inward,1,total,certain,56,0,1,0.484,1.11,1.12,2570,739,78,110,60,172,53,32,83,15,45,6,13,5,6,3,7,235,375,-6.7,-10.1,109,u109
Chloris chloris,European Greenfinch,Fringillidae,Passeriformes,30,14,16,0,8,14.4,11,7.6,8.8,17.3,85.3,27.8,57.4,32.5,55.7,26,Dunning,NA,NO,NA,NA,Woodland,2,1,Herbivore,Granivore,Generalist,1837,1960,Chloris,chloris,NA,NA,Old World Finches,Fringillidae,Passeriformes,22,36,2,1,0,1,0,0,10,5,57,136,3,NA,P10,"Finches, Allies","Finches, Allies",Introduced,0,0,0,1,0,0,0,0,0,2,2,LC,NA,Introduced,NA,Introduced,NA,Introduced,NA,Introduced,NA,not listed,NA,not listed,not listed,not listed,not listed,not listed,not listed,not listed,not listed,not listed,not listed,not listed,not listed,not listed,not listed,Introduced,Introduced,not listed,not listed,Introduced,Introduced,Introduced,not listed,Introduced,not listed,not listed,not listed,not listed,not listed,not listed,not listed,0,not listed,NA,not listed,NA,not listed,NA,present,possible,not listed,NA,NA,NA,16,16,16,25.4,18.7,38.5,25.8,18.7,38.5,26.9,19,37.5,NAV,NAV,NAV,Cramp et al. (1977-1994),NA,NA,NA,0,0,0,0,0,0,0,0,0,0,0,0,0,0,0,0,0,0,0,0,0,0,0,0,0,0,0,0,1,1,1,0,0,0,0,0,0,0,0,0,0,0,0,0,0,1,1,1,0,0,1,0,0,1,0,0,0,0,0,0,0,1,NAV,4.7,2,7,21.8,14.5,0,1,0,0,0,0,1,1,0,0,1,0,0,1,0,none,0,nil,certain,2240,0,15,NA,NA,NA,NA,NA,NA,NA,NA,NA,NA,NA,NA,NA,NA,NA,NA,NA,NA,NA,NA,NA,NA,NA,NA,997,997
Cincloramphus cruralis,Brown Songlark,Locustellidae,Passeriformes,13,6,7,0,4,20.3,11.1,4.2,4.5,34.3,94.3,22.3,73,23,86.4,49.2,Dunning,NA,NO,NA,NA,Grassland,3,3,Carnivore,Invertivore,Terrestrial,1867,1796,Cincloramphus,cruralis,NA,NA,Grassbirds,Locustellidae,Passeriformes,22,39,2,1,0,1,0,1,1,4,13,136,5.2,10.9,S11,Old World Warblers I,Old World Warblers I,Endemic (entirely Australian),1,0,0,0,0,0,1,0,0,7,7,LC,NA,LC,NA,LC,NA,LC,NA,LC,NA,not listed,NA,not listed,not listed,not listed,not listed,not listed,not listed,not listed,not listed,not listed,LC,not listed,not listed,not listed,not listed,not listed,Core,Core,Core,Core,not listed,Core,Core,not listed,not listed,not listed,not listed,not listed,not listed,not listed,not listed,0,not listed,NA,not listed,NA,not listed,NA,not listed,NA,not listed,NA,0,0,23,19,25,53.2,28.4,81.3,74,65,81.3,32.4,28.4,36.3,NAV,NAV,NAV,HANZAB,1.12,1.16,-0.04,1,1,0,1,1,1,0,0,0,0,0,0,0,0,0,0,0,0,0,0,0,0,0,0,0,0,0,0,0,1,0,1,1,0,1,1,1,0,0,0,0,0,0,0,0,0,1,0,0,0,1,0,0,1,0,0,0,0,0,1,1,0,NAV,3.1,2,5,22.8,16.6,1,1,0,0,0,0,1,0,0,0,0,0,1,0,0,none,0,nil,certain,NAV,NAV,NAV,0.439,1.16,1.11,6840,200,97,93,81,97,2,2,3,13,1,7,1,7,7,63,1,NA,NA,NA,NA,508,u508
Cincloramphus mathewsi,Rufous Songlark,Locustellidae,Passeriformes,11,4,7,0,4,16.6,8.8,3.6,3.9,25.7,86.2,17.8,64.2,21.4,78.4,29.3,Dunning,NA,NO,NA,NA,Grassland,3,3,Carnivore,Invertivore,Terrestrial,1868,1795,Cincloramphus,mathewsi,NA,NA,Grassbirds,Locustellidae,Passeriformes,22,39,2,2,0,1,0,1,1,4,13,136,5.2,10.9,S11,Old World Warblers I,Old World Warblers I,Endemic (entirely Australian),1,0,0,0,0,0,1,0,0,7,7,LC,NA,LC,NA,LC,NA,LC,NA,LC,NA,not listed,NA,not listed,not listed,not listed,not listed,not listed,not listed,not listed,not listed,not listed,LC,not listed,not listed,not listed,not listed,Core,Core,Core,Core,Core,not listed,Core,Core,not listed,not listed,not listed,not listed,not listed,not listed,not listed,not listed,0,not listed,NA,not listed,NA,not listed,NA,not listed,NA,not listed,NA,0,0,20,19,21,29.7,18.9,44,36.4,29.8,44,23.1,18.9,31,NAV,NAV,NAV,HANZAB,0.9,0.93,0.01,0,0,0,0,0,1,1,1,0,0,0,0,0,0,0,0,0,0,0,0,0,0,0,0,0,0,0,0,0,1,0,0,0,0,0,0,1,1,1,0,0,0,0,0,0,0,1,0,0,0,0,0,0,1,0,0,0,0,0,1,1,0,NAV,2.9,1,5,20.8,15.6,1,1,0,0,0,0,1,0,0,0,1,1,0,0,0,none,0,nil,certain,683,0,68,0.448,1.15,1.1,7494,171,98,99,95,101,3,2,3,9,54,10,0,2,13,10,2,NA,NA,NA,NA,509,u509
Cinclosoma castaneothorax,Chestnut-breasted Quail-thrush,Cinclosomatidae,Passeriformes,11,4,7,0,4,19.1,10.1,4.6,5,28.8,94.4,23.5,71.3,24.8,91.5,62.4,Dunning,NA,NO,NA,NA,Shrubland,2,1,Carnivore,Invertivore,Terrestrial,1475,1449,Cinclosoma,castaneothorax,NA,NA,Whipbirds and Wedgebills,Cinclosomatidae,Passeriformes,22,15,1,3,0,1,0,0,2,6,2,136,8.5,NA,CC5CC6d,"Whipbirds, Quail-Thrushes, Allies","Cuckoo-Shrikes, Helmetshrikes, Shrike-Flycatchers, Vangas, Whipbirds, Shrike-Thrushes, Whistlers, Shrikes, Monarchs, Vireos, Orioles, Drongos, Fantails, Birds Of Paradise, Crows, Jays, Allies",Endemic (entirely Australian),1,0,0,0,0,0,1,0,0,7,7,LC,NA,LC,NA,LC,NA,LC,NA,LC,NA,not listed,NA,not listed,not listed,not listed,not listed,not listed,not listed,not listed,not listed,not listed,LC,not listed,not listed,not listed,not listed,not listed,Core,Core,Core,not listed,not listed,not listed,Core,not listed,not listed,not listed,not listed,not listed,not listed,not listed,not listed,0,not listed,NA,not listed,NA,not listed,NA,not listed,NA,not listed,NA,0,0,23,21,25,62.7,50,87,64.6,50,76,60.8,51,87,NAV,NAV,NAV,HANZAB,NAV,NAV,0.04,1,0,0,0,0,0,0,0,0,0,0,0,0,0,0,0,0,0,0,0,0,0,0,0,0,0,0,0,0,0,0,1,0,0,0,0,0,0,0,0,0,0,0,0,0,0,0,0,0,0,1,0,0,1,0,0,0,0,0,1,1,1,NAV,2,2,3,29.1,23,1,1,0,0,0,0,1,0,0,1,1,0,0,0,0,none,0,nil,certain,NAV,NAV,NAV,0.773,1.28,1.19,1529,1133,57,69,39,98,130,74,190,3,57,11,7,8,8,4,1,NA,NA,NA,NA,438,438
Cinclosoma cinnamomeum,Cinnamon Quail-thrush,Cinclosomatidae,Passeriformes,11,5,6,0,4,18.9,10.6,3.9,4.7,27.2,86.6,17.8,69.2,20.4,80.9,56.1,Dunning,NA,NO,NA,NA,Shrubland,2,1,Carnivore,Invertivore,Terrestrial,1478,1445,Cinclosoma,cinnamomeum,NA,NA,Whipbirds and Wedgebills,Cinclosomatidae,Passeriformes,22,15,1,4,0,1,0,0,3,6,2,136,8.5,NA,CC5CC6d,"Whipbirds, Quail-Thrushes, Allies","Cuckoo-Shrikes, Helmetshrikes, Shrike-Flycatchers, Vangas, Whipbirds, Shrike-Thrushes, Whistlers, Shrikes, Monarchs, Vireos, Orioles, Drongos, Fantails, Birds Of Paradise, Crows, Jays, Allies",Endemic (entirely Australian),1,0,0,0,0,0,1,0,0,7,7,LC,NA,LC,NA,LC,NA,LC,NA,LC,NA,not listed,NA,not listed,not listed,not listed,not listed,not listed,not listed,not listed,not listed,not listed,LC,not listed,not listed,not listed,not listed,not listed,Core,Core,Core,Core,not listed,not listed,Core,not listed,not listed,not listed,not listed,not listed,not listed,not listed,not listed,0,not listed,NA,not listed,NA,not listed,NA,not listed,NA,not listed,NA,0,0,20,18,24,56.1,50,67,57.2,50,67,55,50,65.5,NAV,NAV,NAV,HANZAB,1.47,1.52,0.05,0,1,0,0,1,0,0,0,0,0,0,0,0,0,0,0,0,0,0,0,0,0,0,0,0,0,0,0,0,0,0,0,1,0,0,1,0,0,0,0,0,0,0,0,0,0,0,0,0,0,1,0,0,1,0,0,0,0,0,1,1,1,NAV,2.5,2,3,27.8,20,1,1,0,0,0,0,1,0,0,0,1,0,0,0,0,none,0,nil,certain,NAV,NAV,NAV,1.075,1.21,1.15,994,535,65,5,0,46,0,0,46,1,10,2,1,82,1,1,2,NA,NA,NA,NA,439,439
Cinclosoma punctatum,Spotted Quail-thrush,Cinclosomatidae,Passeriformes,12,6,6,0,3,22.2,11.8,4.7,5.5,33.1,110.3,24,85.8,21.8,114.3,113.3,Dunning,NA,NO,NA,NA,Forest,2,1,Carnivore,Invertivore,Terrestrial,1467,1437,Cinclosoma,punctatum,NA,NA,Whipbirds and Wedgebills,Cinclosomatidae,Passeriformes,22,15,1,1,0,1,0,0,3,6,2,136,8.5,NA,CC5CC6d,"Whipbirds, Quail-Thrushes, Allies","Cuckoo-Shrikes, Helmetshrikes, Shrike-Flycatchers, Vangas, Whipbirds, Shrike-Thrushes, Whistlers, Shrikes, Monarchs, Vireos, Orioles, Drongos, Fantails, Birds Of Paradise, Crows, Jays, Allies",Endemic (entirely Australian),1,0,0,0,0,0,1,0,0,7,7,LC,NA,LC,NA,LC,NA,LC,NA,LC,NA,not listed,NA,not listed,not listed,not listed,not listed,not listed,not listed,not listed,not listed,not listed,LC,not listed,not listed,not listed,not listed,Core,Core,not listed,Core,Core,Core,Core,not listed,not listed,not listed,not listed,not listed,not listed,not listed,not listed,not listed,0,not listed,NA,not listed,NA,not listed,NA,not listed,NA,not listed,NA,0,0,28,24,30,112,84,144,115,84,144,107,88,117,NAV,NAV,NAV,HANZAB,2.11,2.19,0.03,0,0,0,0,0,0,0,1,0,0,0,0,0,0,0,0,0,0,0,0,0,0,0,0,0,0,0,0,0,0,0,0,0,0,0,0,0,0,1,0,0,0,0,0,0,0,0,0,0,0,1,0,0,1,0,0,0,0,0,1,1,0,NAV,2,2,5,33.9,23.6,1,1,0,0,0,0,1,0,0,0,1,0,0,0,0,none,0,nil,certain,36,0,1,1.74,1.24,1.17,399,98,80,59,31,82,18,9,28,3,5,8,1,6,1,0,75,NA,NA,NA,NA,436,436
Circus approximans,Swamp Harrier,Accipitridae,Accipitriformes,8,6,2,0,8,39.5,21.9,11.9,16.4,89.3,406.9,181.9,225,44.7,233.2,746.2,Dunning,NA,NO,NA,NA,Wetland,3,2,Carnivore,Vertivore,Aerial,701,443,Circus,approximans,NA,NA,"Eagles, Kites, Goshawks and Osprey",Accipitridae,Accipitriformes,16,2,9,1,0,1,0,1,1,14,69,4,6.4,12.7,Accipitridae,"Hawks, Eagles, Secretarybird","Hawks, Eagles, Secretarybird",Australian,1,0,0,0,0,0,0,0,0,6,6,LC,NA,LC,NA,LC,NA,LC,NA,LC,NA,not listed,NA,not listed,not listed,not listed,not listed,not listed,1,not listed,not listed,not listed,LC,not listed,not listed,not listed,not listed,Core,Core,Core,Core,Core,Core,Core,Core,not listed,not listed,not listed,not listed,not listed,not listed,not listed,not listed,0,present,certain,present,probable,not listed,NA,present,certain,present,possible,0,0,55,50,60,754,520,1080,640,520,720,867,700,1080,NAV,NAV,NAV,HANZAB,5.48,5.68,-0.03,0,0,1,0,1,0,0,0,0,0,0,0,1,1,1,1,0,0,0,1,0,0,0,0,0,0,0,0,1,1,0,0,0,0,0,1,0,0,0,0,0,0,1,0,0,0,1,0,0,0,0,0,0,0,1,1,0,0,0,1,0,1,NAV,3.6,3,4,50.4,38.9,1,0,0,0,0,0,1,0,0,0,1,1,0,0,0,annual outward migration Non-marine,0,nil,high,4033,1521,35,0.458,0.83,0.95,4816,718,87,118,73,125,29,11,39,3,19,57,7,1,3,1,7,NA,NA,NA,NA,219,u219
Circus assimilis,Spotted Harrier,Accipitridae,Accipitriformes,9,6,3,0,8,36.1,20.2,11.2,16.2,95.2,421.6,191.6,234,45,271.1,558.6,Dunning,NA,NO,NA,NA,Grassland,3,2,Carnivore,Vertivore,Aerial,702,442,Circus,assimilis,NA,NA,"Eagles, Kites, Goshawks and Osprey",Accipitridae,Accipitriformes,16,2,9,2,0,1,0,1,1,14,69,4,6.4,12.7,Accipitridae,"Hawks, Eagles, Secretarybird","Hawks, Eagles, Secretarybird",Endemic (entirely Australian),1,0,0,0,0,0,1,0,0,7,7,LC,NA,LC,NA,LC,NA,LC,NA,LC,NA,not listed,NA,not listed,not listed,not listed,not listed,not listed,not listed,not listed,VU,not listed,LC,not listed,not listed,not listed,not listed,not listed,Core,Core,Core,Core,not listed,Core,Core,not listed,not listed,not listed,not listed,not listed,not listed,not listed,not listed,0,not listed,NA,not listed,NA,vagrant,NA,not listed,NA,not listed,NA,0,0,56,50,62,568,412,745,465,412,537,671,530,745,NAV,NAV,NAV,HANZAB,NAV,NAV,-0.03,1,1,0,1,1,1,0,0,0,0,0,0,0,0,1,1,0,0,0,0,0,0,0,0,0,0,0,0,0,1,0,1,1,0,0,0,1,0,0,0,0,0,0,0,0,0,1,0,0,0,0,0,0,0,1,0,0,0,0,1,0,0,22,3.7,2,4,50.7,39.1,0,1,0,0,0,0,1,0,0,0,1,0,0,0,0,possible annual outward migration,0,nil,high,602,868,7,0.409,0.98,1,7370,415,95,97,92,100,6,4,7,33,13,10,1,33,3,4,4,NA,NA,NA,NA,218,u218
Cisticola exilis,Golden-headed Cisticola,Cisticolidae,Passeriformes,12,5,7,0,4,11.6,6.4,2.1,2.5,17.4,45.2,7.7,38.8,16.4,40.8,7,Dunning,NA,NO,NA,NA,Grassland,2,1,Carnivore,Invertivore,Terrestrial,1859,1776,Cisticola,exilis,NA,NA,Cisticolas,Cisticolidae,Passeriformes,22,38,1,2,0,1,0,0,12,44,27,136,1.8,NA,S10,"Cisticolas, Allies","Cisticolas, Allies",Australian,1,0,0,0,0,0,0,0,0,6,6,LC,NA,LC,NA,LC,NA,LC,NA,LC,NA,not listed,NA,not listed,not listed,not listed,not listed,not listed,not listed,not listed,not listed,not listed,LC,not listed,not listed,not listed,not listed,Core,Core,Core,Core,Core,not listed,Core,Core,not listed,not listed,not listed,not listed,not listed,not listed,not listed,not listed,0,present,certain,present,probable,present,none,not listed,NA,not listed,NA,0,0,10,9,11,7.8,6,10,8.5,7,10,7,6,8,NAV,NAV,NAV,del Hoyo et al. (1992-2013),0.39,0.4,-0.01,0,0,1,0,1,0,0,0,0,0,0,0,0,0,1,1,0,0,0,0,0,0,0,0,0,0,0,0,0,1,1,0,0,1,0,1,0,0,0,0,0,0,1,0,0,0,1,1,0,0,0,0,0,1,0,0,0,0,0,1,1,0,5.4,3.6,3,6,NAV,NAV,0,1,0,0,0,0,1,0,0,0,1,0,0,0,0,local dispersal,1,high,high,1309,41,97,0.513,1.16,1.1,2616,625,81,104,82,115,23,11,62,6,12,7,3,61,3,3,6,NA,NA,NA,NA,525,525
Cladorhynchus leucocephalus,Banded Stilt,Recurvirostridae,Charadriiformes,5,0,0,5,3,72.2,57.2,4.4,4,82.8,196.4,102.3,94.5,52,77.4,216,Dunning,NA,NO,NA,NA,Wetland,3,1,Carnivore,Aquatic predator,Terrestrial,280,519,Cladorhynchus,leucocephalus,NA,NA,Stilts and Avocets,Recurvirostridae,Charadriiformes,11,4,1,1,0,1,0,1,1,1,3,17,27,37.4,Charadrii,"Waders, Allies","Waders, Allies",Endemic (entirely Australian),1,0,0,0,0,0,1,0,0,7,7,LC,NA,LC,NA,LC,NA,LC,NA,LC,NA,not listed,NA,not listed,not listed,not listed,not listed,not listed,not listed,not listed,not listed,not listed,LC,VU,not listed,not listed,not listed,not listed,Core,not listed,not listed,Core,not listed,Core,Core,not listed,not listed,not listed,not listed,not listed,not listed,not listed,not listed,0,not listed,NA,not listed,NA,not listed,NA,not listed,NA,not listed,NA,0,0,39,35,43,317,270,390,321,270,390,313,270,360,NAV,NAV,NAV,HANZAB,1.61,1.67,-0.28,0,0,0,0,0,0,0,0,0,0,0,0,0,1,0,0,0,0,0,1,0,0,0,0,0,0,0,0,0,0,0,0,0,0,0,0,0,0,0,0,0,0,1,0,0,0,0,0,0,0,0,0,0,0,0,0,0,0,1,0,0,1,NAV,3,1,5,54.4,39,1,0,0,0,0,0,0,1,0,0,0,0,0,1,0,none,0,nil,certain,4119,1182,6,0.703,1.22,1.15,966,382,72,77,56,110,32,17,75,42,14,5,18,5,1,2,14,NA,NA,NA,NA,147,u147
Climacteris affinis,White-browed Treecreeper,Climacteridae,Passeriformes,11,5,6,0,4,17.5,9.1,3.2,3,19.2,84.8,23.9,61.4,27.9,58.4,21.7,Dunning,NA,NO,NA,NA,Shrubland,2,1,Carnivore,Invertivore,Insessorial,995,976,Climacteris,affinis,NA,NA,Treecreepers,Climacteridae,Passeriformes,22,5,2,2,0,1,0,0,2,5,2,136,9,NA,BC3,"Australian Treecreepers, Bowerbirds","Australian Treecreepers, Bowerbirds",Endemic (entirely Australian),1,0,0,0,0,0,1,0,0,7,7,LC,NA,LC,NA,LC,NA,LC,NA,LC,NA,not listed,NA,not listed,not listed,not listed,not listed,not listed,not listed,not listed,not listed,not listed,LC,Rare,not listed,Th,not listed,not listed,Core,Core,Core,Core,not listed,Core,Core,not listed,not listed,not listed,not listed,not listed,not listed,not listed,not listed,0,not listed,NA,not listed,NA,not listed,NA,not listed,NA,not listed,NA,0,0,15,14,16,20.8,15,28.5,20.9,17,28.5,20.8,15,25,NAV,NAV,NAV,HANZAB,NAV,NAV,0.02,1,0,0,0,0,0,0,0,0,0,0,0,0,0,0,0,0,0,0,0,0,0,0,0,0,0,0,0,0,0,0,1,0,0,0,0,0,0,0,0,0,0,0,0,0,0,0,0,0,0,0,0,0,1,0,0,0,0,0,1,1,0,3.1,2.3,1,3,18.8,16.7,0,0,0,0,1,0,1,0,0,1,1,0,0,0,0,none,0,nil,certain,1097,0,44,0.768,1.17,1.12,2006,594,77,25,3,76,17,3,36,4,13,13,3,6,4,50,8,NA,NA,NA,NA,561,561
Climacteris erythrops,Red-browed Treecreeper,Climacteridae,Passeriformes,6,3,3,0,4,20.6,10.5,3,3.5,21.5,83.3,21,62.2,25.2,64.2,23.3,Dunning,NA,NO,NA,NA,Forest,2,1,Carnivore,Invertivore,Insessorial,994,979,Climacteris,erythrops,NA,NA,Treecreepers,Climacteridae,Passeriformes,22,5,2,1,0,1,0,1,1,5,2,136,9,16.5,BC3,"Australian Treecreepers, Bowerbirds","Australian Treecreepers, Bowerbirds",Endemic (entirely Australian),1,0,0,0,0,0,1,0,0,7,7,LC,NA,LC,NA,LC,NA,LC,NA,LC,NA,not listed,NA,not listed,not listed,not listed,not listed,not listed,not listed,not listed,not listed,not listed,NT,not listed,not listed,not listed,not listed,Core,Core,not listed,Core,not listed,not listed,Core,not listed,not listed,not listed,not listed,not listed,not listed,not listed,not listed,not listed,0,not listed,NA,not listed,NA,not listed,NA,not listed,NA,not listed,NA,0,0,16,15,16,23.5,20,30,23.7,20,30,23.2,20,26.6,NAV,NAV,NAV,HANZAB,0.88,0.91,0.06,0,0,0,0,0,0,0,1,1,0,0,0,0,0,0,0,0,0,0,0,0,0,0,0,0,0,0,0,0,0,0,0,0,0,0,0,0,0,1,1,0,0,0,0,0,0,0,0,0,0,0,0,0,1,0,0,0,0,0,0,1,1,NAV,2,2,2,22.8,16.8,0,0,0,0,1,0,1,0,0,1,1,0,0,0,0,none,0,nil,certain,3001,0,23,1.826,1.34,1.25,243,55,81,51,16,85,23,11,44,2,8,13,0,15,0,0,62,NA,NA,NA,NA,560,u560
Climacteris picumnus,Brown Treecreeper,Climacteridae,Passeriformes,10,5,5,0,4,18.6,10,3.4,3.6,23.2,89,23.1,65.9,25.9,63.4,28.9,Dunning,NA,NO,NA,NA,Forest,2,1,Carnivore,Invertivore,Insessorial,999,980,Climacteris,picumnus,NA,NA,Treecreepers,Climacteridae,Passeriformes,22,5,2,4,0,1,0,0,3,5,2,136,9,NA,BC3,"Australian Treecreepers, Bowerbirds","Australian Treecreepers, Bowerbirds",Endemic (entirely Australian),1,0,0,0,0,0,1,0,0,7,7,LC,NA,LC,NA,LC,NA,LC,NA,LC,NA,not listed,NA,not listed,not listed,not listed,not listed,not listed,not listed,VU,not listed,not listed,LC,not listed,not listed,not listed,not listed,Core,Core,not listed,Core,Core,not listed,Core,not listed,not listed,not listed,not listed,not listed,not listed,not listed,not listed,not listed,0,not listed,NA,not listed,NA,not listed,NA,not listed,NA,not listed,NA,0,0,16,14,18,32,21,44.5,33.2,21,42,30.8,22.5,44.5,NAV,NAV,NAV,HANZAB,1,1.04,0.03,1,0,0,0,0,1,1,1,0,0,0,0,0,0,0,0,0,0,0,0,0,0,0,0,0,0,0,0,0,1,0,1,0,0,0,0,1,1,1,0,0,0,0,0,0,0,1,0,0,1,0,0,0,1,0,0,0,0,0,0,1,1,5.1,2.7,2,4,22.5,17.5,0,0,0,0,1,0,1,0,0,1,1,0,0,0,0,none,0,nil,certain,5086,28,1642,0.661,1.04,1.04,2125,1280,62,80,52,96,30,7,81,4,8,12,5,6,17,1,47,NA,NA,NA,NA,555,555
Colluricincla harmonica,Gray Shrikethrush,Pachycephalidae,Passeriformes,19,7,12,0,4,26.4,14.6,5.5,7.9,31.1,123.2,23.9,100.5,19.2,102.1,65.8,Dunning,NA,NO,NA,NA,Forest,2,1,Carnivore,Invertivore,Insessorial,1522,1537,Colluricincla,harmonica,NA,NA,"Whistlers, Shrike-thrushes and allies",Pachycephalidae,Passeriformes,22,16,2,3,0,1,0,0,5,5,5,136,6.7,NA,CC5CC6b,"Whistlers, Allies","Cuckoo-Shrikes, Helmetshrikes, Shrike-Flycatchers, Vangas, Whipbirds, Shrike-Thrushes, Whistlers, Shrikes, Monarchs, Vireos, Orioles, Drongos, Fantails, Birds Of Paradise, Crows, Jays, Allies",Australian,1,0,0,0,0,0,0,0,0,6,6,LC,NA,LC,NA,LC,NA,LC,NA,LC,NA,not listed,NA,not listed,not listed,not listed,not listed,not listed,not listed,not listed,not listed,not listed,LC,not listed,not listed,not listed,not listed,Core,Core,Core,Core,Core,Core,Core,Core,not listed,not listed,not listed,not listed,not listed,not listed,not listed,not listed,0,present,possible,present,possible,not listed,NA,not listed,NA,not listed,NA,0,0,25,22,27,67.5,47,85,67.7,52,85,67.5,47,84,NAV,NAV,NAV,HANZAB,2,2.07,0.14,1,0,1,0,0,1,1,1,1,1,1,0,0,0,0,0,0,0,0,0,0,0,0,0,0,0,0,0,0,1,1,1,0,1,0,0,1,1,1,1,1,1,0,0,0,0,1,1,1,0,1,0,0,1,1,0,0,0,0,1,1,0,12.8,3,1,4,28.8,21,0,1,0,0,0,0,1,0,0,0,1,1,0,0,0,possible local dispersal,0,nil,high,5624,615,1162,0.425,0.65,0.77,7752,184,98,95,73,100,2,2,2,24,3,19,1,9,4,0,41,NA,NA,NA,NA,408,408
Columba leucomela,White-headed Pigeon,Columbidae,Columbiformes,5,2,2,1,5,23.7,14.8,5.1,6.3,27.4,229.6,73.9,155.7,32.2,132.2,420,Dunning,NA,NO,NA,NA,Forest,2,1,Herbivore,Omnivore,Insessorial,85,94,Columba,leucomela,NA,NA,Pigeons and Doves,Columbidae,Columbiformes,6,1,1,3,0,1,0,1,1,35,46,1,8.5,15.8,Columbidae,"Pigeons, Doves","Pigeons, Doves",Endemic (entirely Australian),1,0,0,0,0,0,1,0,0,7,7,LC,NA,LC,NA,LC,NA,LC,NA,LC,NA,not listed,NA,not listed,not listed,not listed,not listed,not listed,not listed,not listed,not listed,not listed,LC,not listed,not listed,not listed,not listed,not listed,Core,not listed,Core,not listed,not listed,Core,not listed,not listed,not listed,not listed,not listed,not listed,not listed,not listed,not listed,0,not listed,NA,not listed,NA,not listed,NA,not listed,NA,not listed,NA,0,0,40,38,41,420,218,500,421,218,500,419,372,465,NAV,NAV,NAV,HANZAB,2.29,2.37,-0.27,0,0,0,0,0,0,1,1,1,1,0,0,0,0,0,0,0,0,0,0,0,0,0,0,0,0,0,0,0,1,1,0,0,0,0,0,0,0,0,0,1,0,0,0,0,0,1,1,1,0,1,0,0,0,0,0,0,0,0,1,1,0,26,1,1,2,NAV,NAV,0,1,0,0,0,0,1,0,0,0,1,0,0,1,0,none,0,nil,certain,195,4,3,2.245,1.23,1.19,145,34,81,70,19,114,51,19,110,18,5,0,1,42,1,5,30,NA,NA,NA,NA,28,u28
Columba livia,Rock Pigeon,Columbidae,Columbiformes,12,2,8,2,10,23.2,12.1,4.3,5,26.5,219.6,98.8,120.4,45.1,105.5,354.2,Dunning,NA,NO,NA,NA,Human Modified,3,1,Herbivore,Granivore,Terrestrial,81,90,Columba,livia,NA,NA,Pigeons and Doves,Columbidae,Columbiformes,6,1,1,1,0,1,0,0,9,34,46,1,8.6,NA,Columbidae,"Pigeons, Doves","Pigeons, Doves",Introduced,0,0,0,1,0,0,0,0,0,2,2,LC,NA,Introduced,NA,Introduced,NA,Introduced,NA,Introduced,NA,not listed,NA,not listed,not listed,not listed,not listed,not listed,not listed,not listed,not listed,not listed,not listed,not listed,not listed,not listed,not listed,Introduced,Introduced,Introduced,Introduced,Introduced,Introduced,Introduced,Introduced,Introduced,Introduced,not listed,not listed,not listed,not listed,not listed,not listed,0,present,possible,present,possible,present,possible,present,possible,present,possible,NA,NA,33,31,34,306,219,363,295,219,318,320,221,363,304,NAV,NAV,HANZAB,NA,NA,NA,0,0,0,0,1,0,0,0,0,0,0,0,0,0,0,0,0,0,0,0,0,0,0,0,0,0,0,0,1,1,1,0,0,0,0,0,0,0,0,0,0,0,0,0,0,1,1,1,0,0,1,0,0,1,0,0,0,0,0,0,0,1,10,2,2,2,40,31.2,0,1,0,0,0,0,1,0,0,0,1,0,0,0,0,none,0,nil,certain,4001,481,42,NA,NA,NA,NA,NA,NA,NA,NA,NA,NA,NA,NA,NA,NA,NA,NA,NA,NA,NA,NA,NA,NA,NA,NA,957,957
Coracina lineata,Barred Cuckooshrike,Campephagidae,Passeriformes,21,5,16,0,9,23.3,13.8,7.7,7.8,24.2,139.5,44.3,94.3,31.9,101.8,76,Dunning,NA,NO,NA,NA,Forest,1,1,Herbivore,Frugivore,Insessorial,1444,1479,Coracina,lineata,NA,NA,Cuckoo-shrikes and Trillers,Campephagidae,Passeriformes,22,14,1,2,0,1,0,0,10,21,11,136,3.2,NA,CC4,Cuckoo-Shrikes,"Cuckoo-Shrikes, Helmetshrikes, Shrike-Flycatchers, Vangas, Whipbirds, Shrike-Thrushes, Whistlers, Shrikes, Monarchs, Vireos, Orioles, Drongos, Fantails, Birds Of Paradise, Crows, Jays, Allies",Australian,1,0,0,0,0,0,0,0,0,3,3,LC,NA,LC,NA,LC,NA,LC,NA,LC,NA,not listed,NA,not listed,not listed,not listed,not listed,not listed,not listed,not listed,VU,not listed,LC,not listed,not listed,not listed,not listed,not listed,Core,not listed,Core,not listed,not listed,not listed,not listed,not listed,not listed,not listed,not listed,not listed,not listed,not listed,not listed,0,present,certain,present,none,not listed,NA,not listed,NA,not listed,NA,0,0,27,24,29,83,66,100,NAV,NAV,NAV,NAV,NAV,NAV,83,66,100,del Hoyo et al. (1992-2013),NAV,NAV,0.08,0,0,0,0,0,0,0,0,1,1,0,0,0,0,0,0,0,0,0,0,0,0,0,0,0,0,0,0,0,0,0,0,0,0,0,0,0,0,0,0,1,0,0,0,0,0,0,0,1,0,0,0,0,0,0,0,0,0,0,0,0,1,NAV,1.6,1,2,30.2,21.9,0,1,0,0,0,0,1,0,0,0,1,1,0,0,0,possible irregular outward dispersal,0,low,high,1036,0,1,1.723,1.34,1.25,74,49,60,43,11,89,50,7,159,7,1,1,1,36,21,10,24,NA,NA,NA,NA,428,428
Coracina maxima,Ground Cuckooshrike,Campephagidae,Passeriformes,13,4,9,0,4,26.3,16.4,8,7.9,38.7,204.3,85.4,121.1,41.3,172.2,127,Dunning,NA,NO,NA,NA,Shrubland,3,1,Carnivore,Invertivore,Terrestrial,1443,1468,Coracina,maxima,NA,NA,Cuckoo-shrikes and Trillers,Campephagidae,Passeriformes,22,14,1,1,0,1,0,1,1,21,11,136,3.2,7.5,CC4,Cuckoo-Shrikes,"Cuckoo-Shrikes, Helmetshrikes, Shrike-Flycatchers, Vangas, Whipbirds, Shrike-Thrushes, Whistlers, Shrikes, Monarchs, Vireos, Orioles, Drongos, Fantails, Birds Of Paradise, Crows, Jays, Allies",Endemic (entirely Australian),1,0,0,0,0,0,1,0,0,7,7,LC,NA,LC,NA,LC,NA,LC,NA,LC,NA,not listed,NA,not listed,not listed,not listed,not listed,not listed,not listed,not listed,not listed,not listed,LC,not listed,not listed,Th,not listed,not listed,Core,Core,Core,Core,not listed,not listed,Core,not listed,not listed,not listed,not listed,not listed,not listed,not listed,not listed,0,not listed,NA,not listed,NA,not listed,NA,not listed,NA,not listed,NA,0,0,34,31,38,126,122,130,128,NAV,NAV,124,122,130,NAV,NAV,NAV,HANZAB,2.2,2.28,0,1,1,0,1,1,1,0,0,0,0,0,0,0,0,0,0,0,0,0,0,0,0,0,0,0,0,0,0,0,1,0,1,1,0,1,1,1,0,0,0,0,0,0,0,0,0,0,0,0,0,0,0,0,1,0,0,0,0,0,0,0,1,NAV,2.8,1,4,31.6,22.7,0,1,0,0,0,0,1,0,0,1,1,0,0,1,0,none,0,nil,certain,NAV,NAV,NAV,0.483,1.15,1.11,6338,764,89,87,46,99,11,8,16,14,39,34,0,5,4,1,2,NA,NA,NA,NA,423,u423
Coracina novaehollandiae,Black-faced Cuckooshrike,Campephagidae,Passeriformes,15,5,10,0,4,28.8,15.7,10.7,10.5,28.7,192,73.7,118.5,38.4,135.7,118,Dunning,NA,NO,NA,NA,Forest,2,1,Carnivore,Invertivore,Insessorial,1446,1469,Coracina,novaehollandiae,NA,NA,Cuckoo-shrikes and Trillers,Campephagidae,Passeriformes,22,14,1,3,0,1,0,0,3,21,11,136,3.2,NA,CC4,Cuckoo-Shrikes,"Cuckoo-Shrikes, Helmetshrikes, Shrike-Flycatchers, Vangas, Whipbirds, Shrike-Thrushes, Whistlers, Shrikes, Monarchs, Vireos, Orioles, Drongos, Fantails, Birds Of Paradise, Crows, Jays, Allies",Australian,1,0,0,0,0,0,0,0,0,6,6,LC,NA,LC,NA,LC,NA,LC,NA,LC,NA,not listed,NA,not listed,not listed,not listed,not listed,not listed,1,not listed,not listed,not listed,LC,not listed,not listed,not listed,not listed,Core,Core,Core,Core,Core,Core,Core,Core,not listed,not listed,not listed,not listed,not listed,not listed,not listed,not listed,0,present,certain,present,certain,present,certain,vagrant,NA,vagrant,NA,0,0,33,29,39,115,86.5,148,116,86.5,146,114,93,148,NAV,NAV,NAV,HANZAB,2.4,2.49,0.08,1,0,1,0,1,1,1,1,1,1,1,0,0,0,0,0,0,0,0,0,0,0,0,0,0,0,0,0,0,1,1,1,0,0,0,0,1,1,1,1,0,0,0,0,0,0,1,1,1,0,1,1,0,1,0,0,0,0,0,1,1,1,21.1,2.4,1,4,33,23.1,0,1,0,0,0,0,1,0,0,0,1,1,0,0,0,annual outward migration Non-marine,0,nil,certain,3277,256,50,0.383,0.94,0.96,7756,184,98,100,100,100,2,2,2,5,5,12,1,42,1,1,34,NA,NA,NA,NA,424,424
Coracina papuensis,White-bellied Cuckooshrike,Campephagidae,Passeriformes,15,5,10,0,9,28.4,20,9.8,9.6,23.7,146.3,44.6,103.1,30.3,110.7,63.5,Dunning,NA,NO,NA,NA,Woodland,2,1,Carnivore,Invertivore,Insessorial,1450,1473,Coracina,papuensis,NA,NA,Cuckoo-shrikes and Trillers,Campephagidae,Passeriformes,22,14,1,4,0,1,0,0,13,21,11,136,3.2,NA,CC4,Cuckoo-Shrikes,"Cuckoo-Shrikes, Helmetshrikes, Shrike-Flycatchers, Vangas, Whipbirds, Shrike-Thrushes, Whistlers, Shrikes, Monarchs, Vireos, Orioles, Drongos, Fantails, Birds Of Paradise, Crows, Jays, Allies",Australian,1,0,0,0,0,0,0,0,0,6,6,LC,NA,LC,NA,LC,NA,LC,NA,LC,NA,not listed,NA,not listed,not listed,not listed,not listed,not listed,1,not listed,not listed,not listed,LC,Rare,not listed,not listed,not listed,not listed,Core,Core,Core,Core,not listed,Core,Core,not listed,not listed,not listed,not listed,not listed,not listed,not listed,not listed,0,present,probable,present,probable,not listed,NA,not listed,NA,not listed,NA,0,0,27,22,29,65.9,54.3,94,66.4,54.3,94,65.4,56,80,NAV,NAV,NAV,HANZAB,2.03,2.1,0.15,0,0,0,0,0,0,1,1,1,1,1,0,0,0,0,0,0,0,0,0,0,0,0,0,0,0,0,0,0,1,1,0,0,0,0,0,0,1,1,1,1,0,0,0,0,0,0,1,1,0,1,0,0,1,0,0,0,0,0,1,1,0,7.1,2.2,2,3,27.7,19.7,0,1,0,0,0,0,1,0,0,0,1,1,0,0,0,probable local dispersal,1,low,low,524,0,1,0.575,0.92,0.96,2733,475,85,103,84,110,17,9,50,3,2,8,4,56,7,19,0,NA,NA,NA,NA,425,425
Corcorax melanorhamphos,White-winged Chough,Corcoracidae,Passeriformes,10,3,5,2,4,49.3,33.6,9.2,11.9,61.5,244.9,55.8,192.2,22.6,203.3,364,Dunning,NA,NO,NA,NA,Woodland,2,1,Omnivore,Omnivore,Terrestrial,1694,1694,Corcorax,melanorhamphos,NA,NA,Chough and Apostlebird,Corcoracidae,Passeriformes,22,28,1,1,0,1,0,0,2,1,2,136,15.4,NA,CC8,"Shrikes, Monarchs, Drongos, Fantails, Birds Of Paradise, Crows, Jays, Allies","Cuckoo-Shrikes, Helmetshrikes, Shrike-Flycatchers, Vangas, Whipbirds, Shrike-Thrushes, Whistlers, Shrikes, Monarchs, Vireos, Orioles, Drongos, Fantails, Birds Of Paradise, Crows, Jays, Allies",Endemic (entirely Australian),1,0,0,0,0,0,1,0,0,7,7,LC,NA,LC,NA,LC,NA,LC,NA,LC,NA,not listed,NA,not listed,not listed,not listed,not listed,not listed,not listed,not listed,not listed,not listed,LC,Rare,not listed,not listed,not listed,Core,Core,not listed,Core,Core,not listed,Core,not listed,not listed,not listed,not listed,not listed,not listed,not listed,not listed,not listed,0,not listed,NA,not listed,NA,not listed,NA,not listed,NA,not listed,NA,0,0,45,44,50,361,240,450,357,240,390,372,330,450,NAV,NAV,NAV,HANZAB,5.2,5.39,0.13,1,0,0,0,0,1,1,1,0,0,0,0,0,0,0,0,0,0,0,0,0,0,0,0,0,0,0,0,0,1,1,1,0,0,0,0,1,1,1,0,0,0,0,0,0,0,1,1,0,0,1,0,0,1,0,0,0,0,0,0,0,1,16.2,4.4,2,8,39.3,29.3,0,1,0,0,0,0,1,0,0,1,1,0,0,0,0,none,0,nil,certain,6435,31,134,0.96,1.04,1.03,1619,463,78,44,18,75,11,3,26,2,12,6,0,5,18,0,57,NA,NA,NA,NA,693,693
Cormobates leucophaea,White-throated Treecreeper,Climacteridae,Passeriformes,18,8,10,0,4,20,11.2,2.8,3.2,20.7,86.8,26.4,60.3,30.5,61.1,22,Dunning,NA,NO,NA,NA,Forest,2,1,Carnivore,Invertivore,Insessorial,988,970,Cormobates,leucophaea,NA,NA,Treecreepers,Climacteridae,Passeriformes,22,5,1,1,0,1,0,0,5,2,2,136,12.2,NA,BC3,"Australian Treecreepers, Bowerbirds","Australian Treecreepers, Bowerbirds",Endemic (entirely Australian),1,0,0,0,0,0,1,0,0,7,7,LC,NA,LC,NA,LC,NA,LC,NA,LC,NA,not listed,NA,not listed,not listed,not listed,not listed,not listed,not listed,not listed,not listed,not listed,LC,not listed,not listed,not listed,not listed,Core,Core,not listed,Core,Core,not listed,Core,not listed,not listed,not listed,not listed,not listed,not listed,not listed,not listed,not listed,0,not listed,NA,not listed,NA,not listed,NA,not listed,NA,not listed,NA,0,0,15,14,17,20.7,16.2,50,20.8,16.2,50,20.6,17,39,NAV,NAV,NAV,HANZAB,0.81,0.84,0.05,0,0,0,0,0,0,0,1,1,1,0,0,0,0,0,0,0,0,0,0,0,0,0,0,0,0,0,0,0,0,0,0,0,0,0,0,0,0,1,1,1,0,0,0,0,0,0,0,0,0,0,0,0,1,0,0,0,0,0,1,0,0,5.8,2.5,2,4,21.6,16.6,0,0,0,0,1,0,1,0,0,0,1,0,0,0,0,none,0,nil,certain,4206,12,1449,1.473,1.24,1.17,677,190,78,59,35,77,18,15,23,1,3,13,0,6,0,0,76,NA,NA,NA,NA,558,558
Corvus bennetti,Little Crow,Corvidae,Passeriformes,10,5,5,0,4,50.7,32,13.4,16.6,55.4,313.5,129.5,184.9,41.1,173.3,389,Dunning,NA,NO,NA,NA,Shrubland,2,1,Omnivore,Omnivore,Generalist,1652,1653,Corvus,bennetti,NA,NA,Crows and Ravens,Corvidae,Passeriformes,22,26,2,2,0,1,0,1,1,47,22,136,1.9,5.2,CC8,"Shrikes, Monarchs, Drongos, Fantails, Birds Of Paradise, Crows, Jays, Allies","Cuckoo-Shrikes, Helmetshrikes, Shrike-Flycatchers, Vangas, Whipbirds, Shrike-Thrushes, Whistlers, Shrikes, Monarchs, Vireos, Orioles, Drongos, Fantails, Birds Of Paradise, Crows, Jays, Allies",Endemic (entirely Australian),1,0,0,0,0,0,1,0,0,7,7,LC,NA,LC,NA,LC,NA,LC,NA,LC,NA,not listed,NA,not listed,not listed,not listed,not listed,not listed,not listed,not listed,not listed,not listed,LC,Unprotected,not listed,not listed,not listed,not listed,Core,Core,Core,Core,not listed,Core,Core,not listed,not listed,not listed,not listed,not listed,not listed,not listed,not listed,0,not listed,NA,not listed,NA,not listed,NA,not listed,NA,not listed,NA,0,0,47,44,48,396,282,525,416,345,500,388,290,490,389,282,525,HANZAB,6.44,6.67,0.19,1,1,0,0,1,1,0,1,0,0,0,0,0,0,0,0,0,0,0,0,0,0,0,0,0,0,0,0,0,1,0,1,0,0,0,0,1,0,1,0,0,0,0,0,0,0,1,0,0,0,1,0,0,1,1,1,0,0,0,0,0,1,NAV,4.5,1,8,40.3,27,0,1,0,0,0,0,1,1,0,0,0,0,0,1,0,none,0,nil,certain,5979,459,14,0.492,1.03,1.02,5037,204,96,90,65,101,8,6,14,8,6,6,0,77,0,0,2,NA,NA,NA,NA,691,u691
Corvus coronoides,Australian Raven,Corvidae,Passeriformes,16,6,10,0,4,61.1,39.8,16.2,20.1,63.6,356.1,147.8,211.6,41.1,198.7,644.3,Dunning,NA,NO,NA,NA,Shrubland,2,1,Omnivore,Omnivore,Generalist,1657,1646,Corvus,coronoides,NA,NA,Crows and Ravens,Corvidae,Passeriformes,22,26,2,5,0,1,0,0,2,47,22,136,1.9,NA,CC8,"Shrikes, Monarchs, Drongos, Fantails, Birds Of Paradise, Crows, Jays, Allies","Cuckoo-Shrikes, Helmetshrikes, Shrike-Flycatchers, Vangas, Whipbirds, Shrike-Thrushes, Whistlers, Shrikes, Monarchs, Vireos, Orioles, Drongos, Fantails, Birds Of Paradise, Crows, Jays, Allies",Endemic (entirely Australian),1,0,0,0,0,0,1,0,0,7,7,LC,NA,LC,NA,LC,NA,LC,NA,LC,NA,not listed,NA,not listed,not listed,not listed,not listed,not listed,not listed,not listed,not listed,not listed,LC,Unprotected,not listed,not listed,not listed,Core,Core,Core,Core,Core,not listed,Core,Core,not listed,not listed,not listed,not listed,not listed,not listed,not listed,not listed,0,not listed,NA,not listed,NA,not listed,NA,not listed,NA,not listed,NA,0,0,50,46,53,593,360,820,630,430,820,556,460,780,550,360,670,HANZAB,9.83,10.18,0.26,1,1,1,1,1,1,1,1,1,0,0,0,0,0,0,0,1,0,0,0,0,0,0,0,0,0,0,0,0,1,1,1,1,1,1,1,1,1,1,1,0,0,0,0,0,0,1,1,0,0,1,0,0,1,1,1,1,0,0,0,1,0,25.8,4.4,1,6,45.1,30.3,0,1,0,0,0,0,1,0,0,0,1,0,0,0,0,none,0,nil,certain,8219,362,96,0.49,0.66,0.78,4475,1619,73,65,49,78,9,7,16,22,2,9,2,1,7,2,56,NA,NA,NA,NA,930,930
Corvus mellori,Little Raven,Corvidae,Passeriformes,13,6,7,0,4,55.4,36.2,13.6,17.9,59,330.8,130.4,199.4,39.5,184.7,540.4,Dunning,NA,NO,NA,NA,Shrubland,2,1,Omnivore,Omnivore,Generalist,1653,1652,Corvus,mellori,NA,NA,Crows and Ravens,Corvidae,Passeriformes,22,26,2,3,0,1,0,1,1,47,22,136,1.9,5.2,CC8,"Shrikes, Monarchs, Drongos, Fantails, Birds Of Paradise, Crows, Jays, Allies","Cuckoo-Shrikes, Helmetshrikes, Shrike-Flycatchers, Vangas, Whipbirds, Shrike-Thrushes, Whistlers, Shrikes, Monarchs, Vireos, Orioles, Drongos, Fantails, Birds Of Paradise, Crows, Jays, Allies",Endemic (entirely Australian),1,0,0,0,0,0,1,0,0,7,7,LC,NA,LC,NA,LC,NA,LC,NA,LC,NA,not listed,NA,not listed,not listed,not listed,not listed,not listed,1,not listed,not listed,not listed,LC,Unprotected,not listed,not listed,not listed,Core,Core,not listed,not listed,Core,Core,Core,not listed,not listed,not listed,not listed,not listed,not listed,not listed,not listed,not listed,0,not listed,NA,not listed,NA,not listed,NA,not listed,NA,not listed,NA,0,0,49,48,52,534,365,660,558,407,660,511,365,660,NAV,NAV,NAV,HANZAB,8.5,8.81,0.24,0,0,1,0,1,1,0,1,0,0,0,0,0,0,0,0,0,0,0,0,0,0,0,0,0,0,0,0,0,1,1,0,0,0,0,0,0,0,1,1,0,0,0,0,0,0,1,1,0,0,0,0,0,1,1,1,0,0,0,0,0,1,NAV,3.8,1,6,44.5,29.9,0,1,0,0,0,0,1,1,0,0,1,1,0,1,0,none,0,nil,certain,7209,348,216,1.164,0.55,0.67,926,363,72,34,19,51,11,8,17,83,2,4,3,2,2,3,1,NA,NA,NA,NA,954,u954
Corvus orru,Torresian Crow,Corvidae,Passeriformes,18,7,11,0,4,60.1,41.1,16.5,20.2,57,327.4,118.7,204.5,36.7,166.7,508,Dunning,NA,NO,NA,NA,Forest,2,1,Omnivore,Omnivore,Generalist,1649,1654,Corvus,orru,NA,NA,Crows and Ravens,Corvidae,Passeriformes,22,26,2,1,0,1,0,0,3,47,22,136,1.9,NA,CC8,"Shrikes, Monarchs, Drongos, Fantails, Birds Of Paradise, Crows, Jays, Allies","Cuckoo-Shrikes, Helmetshrikes, Shrike-Flycatchers, Vangas, Whipbirds, Shrike-Thrushes, Whistlers, Shrikes, Monarchs, Vireos, Orioles, Drongos, Fantails, Birds Of Paradise, Crows, Jays, Allies",Australian,1,0,0,0,0,0,0,0,0,6,6,LC,NA,LC,NA,LC,NA,LC,NA,LC,NA,not listed,NA,not listed,not listed,not listed,not listed,not listed,not listed,not listed,not listed,not listed,LC,Unprotected,not listed,not listed,not listed,not listed,Core,Core,Core,Core,not listed,not listed,Core,not listed,not listed,not listed,not listed,not listed,not listed,not listed,not listed,0,present,certain,present,certain,not listed,NA,not listed,NA,not listed,NA,0,0,49,46,51,582,430,700,607,430,700,557,430,650,NAV,NAV,NAV,HANZAB,8.91,9.23,0.24,1,0,1,1,1,1,1,1,1,1,1,0,0,0,0,0,0,0,0,0,0,0,0,0,0,0,0,0,0,1,1,1,0,0,0,0,0,1,1,1,0,0,0,0,0,0,1,1,0,0,1,0,0,1,1,1,1,0,0,1,1,1,NAV,4.6,1,6,43.3,30,0,1,0,0,0,0,1,0,0,0,1,0,0,1,0,local dispersal,1,high,certain,1907,4,24,0.506,0.55,0.68,NA,NA,NA,NA,NA,NA,NA,NA,NA,19,1,1,2,10,38,22,6,NA,NA,NA,NA,692,692
Corvus tasmanicus,Forest Raven,Corvidae,Passeriformes,8,1,4,3,4,63,40.5,15.4,19.2,61.9,344.4,134.1,211.7,38.8,190.3,676.3,Dunning,NA,NO,NA,NA,Woodland,2,1,Omnivore,Omnivore,Generalist,1654,1649,Corvus,tasmanicus,NA,NA,Crows and Ravens,Corvidae,Passeriformes,22,26,2,4,0,1,0,0,2,47,22,136,1.9,NA,CC8,"Shrikes, Monarchs, Drongos, Fantails, Birds Of Paradise, Crows, Jays, Allies","Cuckoo-Shrikes, Helmetshrikes, Shrike-Flycatchers, Vangas, Whipbirds, Shrike-Thrushes, Whistlers, Shrikes, Monarchs, Vireos, Orioles, Drongos, Fantails, Birds Of Paradise, Crows, Jays, Allies",Endemic (entirely Australian),1,0,0,0,0,0,1,0,0,7,7,LC,NA,LC,NA,LC,NA,LC,NA,LC,NA,not listed,NA,not listed,not listed,not listed,not listed,not listed,1,not listed,not listed,not listed,LC,not listed,not listed,not listed,not listed,not listed,Core,not listed,not listed,Core,Core,Core,not listed,not listed,not listed,not listed,not listed,not listed,not listed,not listed,not listed,0,not listed,NA,not listed,NA,not listed,NA,not listed,NA,not listed,NA,0,0,52,50,53,675,500,814,697,500,800,644,575,755,NAV,NAV,NAV,HANZAB,NAV,NAV,0.23,0,0,1,0,1,0,0,1,1,1,0,0,0,0,0,0,0,0,0,0,0,0,0,0,0,0,0,0,0,1,1,0,0,0,0,0,0,0,0,1,1,0,0,0,0,0,1,1,1,0,1,0,0,1,1,1,1,0,0,0,1,0,NAV,4.2,3,6,44.9,31.1,0,1,0,0,0,0,1,0,0,0,1,0,0,0,0,none,0,nil,certain,1682,6,1,2.291,0.68,0.77,142,109,57,49,37,73,8,4,25,6,15,60,2,0,2,0,14,NA,NA,NA,NA,868,868
Coturnix pectoralis,Stubble Quail,Phasianidae,Galliformes,5,2,3,0,4,14.5,7.8,5.8,5.7,23,100,45.8,54.7,45.6,33.4,101.9,Dunning,NA,NO,NA,NA,Grassland,2,1,Herbivore,Granivore,Terrestrial,60,22,Coturnix,pectoralis,NA,NA,Pheasants and Quail,Phasianidae,Galliformes,3,4,2,1,0,1,0,1,1,6,52,5,8.6,15.9,Phasianidae,"Pheasants, Quail, Guineafowl","Pheasants, Quail, Guineafowl",Endemic (entirely Australian),1,0,0,0,0,0,1,0,0,7,7,LC,NA,LC,NA,LC,NA,LC,NA,LC,NA,not listed,NA,not listed,not listed,not listed,not listed,not listed,1,not listed,not listed,not listed,LC,not listed,not listed,not listed,not listed,Core,Core,not listed,Core,Core,not listed,Core,Core,not listed,not listed,not listed,not listed,not listed,not listed,not listed,not listed,0,not listed,NA,not listed,NA,not listed,NA,not listed,NA,not listed,NA,0,0,18,16,20,101,75,125,97.2,82,120,105,75,125,NAV,NAV,NAV,HANZAB,0.96,0.99,-0.29,0,1,0,1,1,0,0,0,0,0,0,0,0,0,0,0,0,0,0,0,0,0,0,0,0,0,0,0,0,1,0,0,1,0,1,1,0,0,0,0,0,0,0,0,0,0,1,0,0,0,1,1,0,1,0,0,0,0,0,1,1,1,1.9,7.6,5,14,30.7,23.2,1,0,0,0,0,0,NAV,NAV,0,0,1,0,0,1,1,none,0,nil,certain,1533,1163,163,0.564,1.22,1.14,5328,964,85,55,39,70,3,3,5,25,1,22,8,5,3,5,31,NA,NA,NA,NA,9,u9
Cracticus nigrogularis,Pied Butcherbird,Artamidae,Passeriformes,14,5,9,0,4,43.9,27.1,9.8,13.8,36.5,171.8,48.5,125,27.9,129.3,128,Dunning,NA,NO,NA,NA,Woodland,2,1,Carnivore,Omnivore,Insessorial,1594,1587,Cracticus,nigrogularis,NA,NA,"Woodswallows, Currawongs, Butcherbirds and Magpie",Artamidae,Passeriformes,22,22,4,1,0,1,0,0,2,6,6,136,5.9,NA,CC7,"Shrike-Flycatchers, Helmetshrikes, Vangas, Butcherbirds, Woodswallows, Allies","Cuckoo-Shrikes, Helmetshrikes, Shrike-Flycatchers, Vangas, Whipbirds, Shrike-Thrushes, Whistlers, Shrikes, Monarchs, Vireos, Orioles, Drongos, Fantails, Birds Of Paradise, Crows, Jays, Allies",Endemic (entirely Australian),1,0,0,0,0,0,1,0,0,7,7,LC,NA,LC,NA,LC,NA,LC,NA,LC,NA,not listed,NA,not listed,not listed,not listed,not listed,not listed,not listed,not listed,not listed,not listed,LC,not listed,not listed,not listed,not listed,not listed,Core,Core,Core,Core,not listed,Core,Core,not listed,not listed,not listed,not listed,not listed,not listed,not listed,not listed,0,not listed,NA,not listed,NA,not listed,NA,not listed,NA,not listed,NA,0,0,31,28,32,123,89,169,126,89,169,120,89,169,NAV,NAV,NAV,HANZAB,3.02,3.13,0.16,1,1,1,1,1,1,1,1,0,0,0,0,0,0,0,0,0,0,0,0,0,0,0,0,0,0,0,0,0,1,1,1,0,0,0,0,1,1,1,0,0,0,0,0,0,0,1,1,0,0,0,0,0,1,1,0,0,0,0,1,1,0,9.5,3,1,5,32.7,23.7,0,1,0,0,0,0,1,0,0,1,1,0,0,0,0,none,0,nil,certain,8087,57,166,0.423,0.72,0.82,6290,969,87,100,94,101,23,16,25,36,6,22,2,24,3,4,3,NA,NA,NA,NA,700,700
Cracticus torquatus,Gray Butcherbird,Artamidae,Passeriformes,10,4,5,1,4,40.4,28.6,9.2,12.5,30,145.1,39.2,108.4,26.4,110.6,82.9,Dunning,NA,NO,NA,NA,Woodland,2,1,Omnivore,Omnivore,Insessorial,1597,1579,Cracticus,torquatus,NA,NA,"Woodswallows, Currawongs, Butcherbirds and Magpie",Artamidae,Passeriformes,22,22,4,2,0,1,0,0,5,6,6,136,5.9,NA,CC7,"Shrike-Flycatchers, Helmetshrikes, Vangas, Butcherbirds, Woodswallows, Allies","Cuckoo-Shrikes, Helmetshrikes, Shrike-Flycatchers, Vangas, Whipbirds, Shrike-Thrushes, Whistlers, Shrikes, Monarchs, Vireos, Orioles, Drongos, Fantails, Birds Of Paradise, Crows, Jays, Allies",Endemic (entirely Australian),1,0,0,0,0,0,1,0,0,7,7,LC,NA,LC,NA,LC,NA,LC,NA,LC,NA,not listed,NA,not listed,not listed,not listed,not listed,not listed,not listed,not listed,not listed,not listed,LC,not listed,not listed,not listed,not listed,Core,Core,Core,Core,Core,Core,Core,Core,not listed,not listed,not listed,not listed,not listed,not listed,not listed,not listed,0,not listed,NA,not listed,NA,not listed,NA,not listed,NA,not listed,NA,0,0,29,27,30,90.8,68,119,94.8,73,119,86.7,68,110,NAV,NAV,NAV,HANZAB,2.78,2.88,0.21,0,0,0,0,0,1,1,1,1,1,0,0,0,0,0,0,0,0,0,0,0,0,0,0,0,0,0,0,0,1,1,0,0,0,0,0,1,1,1,1,1,0,0,0,0,0,1,1,0,0,0,0,0,1,1,0,0,0,0,1,1,1,19.3,3.2,1,5,32,22.9,0,1,0,0,0,0,1,0,0,1,1,0,0,0,0,none,0,nil,certain,7361,106,385,0.446,0.59,0.7,5650,1824,76,84,62,100,16,6,37,31,2,5,0,6,7,0,48,NA,NA,NA,NA,702,702
Cygnus atratus,Black Swan,Anatidae,Anseriformes,4,0,1,3,4,71.4,39.9,24.4,20.8,86.9,459.2,206,253.2,44.9,106.2,5623.2,Dunning,NA,NO,NA,NA,Wetland,3,2,Herbivore,Herbivore aquatic,Aquatic,20,46,Cygnus,atratus,NA,NA,"Ducks, Geese and Swans",Anatidae,Anseriformes,2,2,5,1,0,1,0,1,1,6,53,3,10.2,18,Anserinae,"Ducks, Geese, Other Waterfowl, Screamers","Ducks, Geese, Other Waterfowl, Screamers",Endemic (entirely Australian),1,0,0,0,0,0,1,0,0,7,7,LC,NA,LC,NA,LC,NA,LC,NA,LC,NA,not listed,NA,not listed,not listed,not listed,not listed,not listed,not listed,not listed,not listed,not listed,LC,not listed,not listed,not listed,not listed,Core,Core,Core,Core,Core,Core,Core,Core,not listed,not listed,not listed,not listed,not listed,not listed,not listed,not listed,0,not listed,NA,vagrant,NA,not listed,NA,present,probable,not listed,NA,0,0,125,110,140,5660,3700,8750,6220,3800,8750,5100,3700,6900,NAV,NAV,NAV,HANZAB,12.15,12.59,-0.23,0,0,0,0,1,0,0,0,0,0,0,1,1,1,1,1,0,0,0,0,0,0,0,0,0,0,1,0,0,1,1,0,0,0,0,1,0,0,0,0,0,0,1,0,0,0,1,1,0,0,0,1,0,0,0,0,0,0,0,0,1,1,50.4,5,1,14,105,67.3,1,0,0,0,0,1,1,1,0,0,1,0,0,1,0,probable irregular outward dispersal,1,nil,high,9030,1371,2509,0.512,1.16,1.1,4843,1928,72,93,77,105,34,28,43,3,12,13,8,3,5,2,55,NA,NA,NA,NA,203,u203
Dacelo novaeguineae,Laughing Kookaburra,Alcedinidae,Coraciiformes,7,2,3,2,4,68.6,50.3,22.6,24.4,26.8,216.1,62.5,152.3,29.1,153.1,333.8,Dunning,NA,NO,NA,NA,Forest,2,1,Carnivore,Omnivore,Insessorial,792,919,Dacelo,novaeguineae,NA,NA,Kingfishers,Alcedinidae,Coraciiformes,19,3,7,1,0,1,0,0,2,4,18,6,13.2,NA,Alcedinidae,"Kingfishers, Motmots, Todies","Bee-eaters, Kingfishers, Motmots, Todies, Rollers, Ground-Rollers",Endemic (entirely Australian),1,0,0,0,0,0,1,0,0,7,7,LC,NA,LC,NA,LC,NA,LC,NA,LC,NA,not listed,NA,not listed,not listed,not listed,not listed,not listed,not listed,not listed,not listed,not listed,LC,not listed,not listed,not listed,not listed,Core,Core,not listed,Core,Core,Introduced,Core,Introduced,not listed,not listed,not listed,not listed,not listed,not listed,not listed,not listed,0,not listed,NA,not listed,NA,not listed,NA,present,none,not listed,NA,0,0,44,40,48,312,190,469,264,196,450,299,190,465,342.9,208,469,HANZAB,4.31,4.47,0.11,0,0,1,0,0,0,1,1,1,1,0,0,0,0,0,0,0,0,0,0,0,0,0,0,0,0,0,0,0,1,1,0,0,0,0,0,0,1,1,1,0,0,0,0,0,0,1,1,0,0,0,0,0,1,1,0,0,0,1,0,1,1,NAV,3,1,5,44.1,35.1,0,0,0,1,1,0,1,0,0,1,1,0,0,0,0,none,0,nil,certain,6190,55,809,0.594,1.13,1.1,2060,972,68,60,37,78,15,9,28,1,1,13,0,24,1,0,59,NA,NA,NA,NA,322,322
Daphoenositta chrysoptera,Varied Sittella,Neosittidae,Passeriformes,18,9,9,0,4,14.6,9.7,2.8,3.5,16.1,79.2,23.4,54,30.2,37.4,11.7,Dunning,NA,NO,NA,NA,Forest,2,1,Carnivore,Invertivore,Insessorial,1437,1462,Daphoenositta,chrysoptera,NA,NA,Sittellas,Neosittidae,Passeriformes,22,13,1,1,0,1,0,0,5,3,1,136,13.5,NA,Skeleton,Sitellas,"Cuckoo-Shrikes, Helmetshrikes, Shrike-Flycatchers, Vangas, Whipbirds, Shrike-Thrushes, Whistlers, Shrikes, Monarchs, Vireos, Orioles, Drongos, Fantails, Birds Of Paradise, Crows, Jays, Allies",Endemic (entirely Australian),1,0,0,0,0,0,0,0,0,7,7,LC,NA,LC,NA,LC,NA,LC,NA,LC,NA,not listed,NA,not listed,not listed,not listed,not listed,not listed,not listed,VU,VU,not listed,LC,not listed,not listed,not listed,not listed,Core,Core,Core,Core,Core,not listed,Core,Core,not listed,not listed,not listed,not listed,not listed,not listed,not listed,not listed,0,present,none,present,none,not listed,NA,not listed,NA,not listed,NA,0,0,12,10,14,12.1,8,20,12.1,8,20,12.1,8,17,NAV,NAV,NAV,HANZAB,0.61,0.63,0.07,1,0,0,0,0,1,1,1,1,1,0,0,0,0,0,0,0,0,0,0,0,0,0,0,0,0,0,0,0,1,0,1,0,0,0,0,1,1,1,1,1,0,0,0,0,0,1,0,0,0,0,0,0,1,0,0,0,0,0,0,0,1,NAV,2.6,1,5,16.8,13.1,0,1,0,0,0,0,1,0,0,1,1,0,0,0,0,none,0,nil,certain,2526,0,27,0.427,1.08,1.06,6264,792,89,70,54,89,5,4,9,7,6,58,1,22,0,1,4,NA,NA,NA,NA,549,549
Dasyornis brachypterus,Eastern Bristlebird,Dasyornithidae,Passeriformes,10,2,3,5,5,17.9,8.9,3.5,4.8,27.7,73,5.3,68.5,7.1,100.6,41.8,Dunning,NA,NO,NA,NA,Forest,2,1,Omnivore,Omnivore,Insessorial,1078,1078,Dasyornis,brachypterus,NA,NA,Bristlebirds,Dasyornithidae,Passeriformes,22,7,1,1,0,1,0,0,2,3,1,136,13.5,NA,Skeleton,Bristlebirds,"Honeyeaters, Thornbills, Bristlebirds, Australasian Wrens, Allies",Endemic (entirely Australian),1,0,0,0,0,0,1,0,0,7,7,EN,"B1ab(ii,iii,iv,v); B2ab(ii,iii,iv,v)",EN,"B1ab(i,ii,iii,iv,v); B2ab(i,ii,iii,iv,v)",EN,"B1ab(i,ii,iii,iv,v); B2ab(i,ii,iii,iv,v)",EN,"B1ab(i,ii,iii,iv); B2ab(i,ii,iii,iv)",EN,"B1ab(i,ii,iii,iv); B2ab(i,ii,iii,iv)",EN,2000,not listed,not listed,not listed,not listed,not listed,not listed,not listed,EN,not listed,EN,not listed,not listed,Th,not listed,not listed,Core,not listed,Core,not listed,not listed,Core,not listed,not listed,not listed,not listed,not listed,not listed,not listed,not listed,not listed,0,not listed,NA,not listed,NA,not listed,NA,not listed,NA,not listed,NA,0,0,20,18,21,44.4,34.5,48.5,44.5,40,48.5,40.2,34.5,44,NAV,NAV,NAV,HANZAB,1.45,1.5,0.1,0,0,1,0,1,0,0,0,1,1,0,0,0,0,0,0,0,0,0,0,0,0,0,0,0,0,0,0,0,0,0,0,0,1,0,1,0,0,0,1,0,0,0,0,0,0,0,0,0,0,1,0,0,1,0,0,0,0,0,1,1,0,NAV,2,2,3,26.5,19.7,0,1,0,0,0,0,1,0,0,0,1,0,0,0,0,none,0,nil,certain,1764,0,8,3.693,1.11,1.1,3,62,5,33,0,67,1333,267,4967,19,6,1,0,25,7,0,41,NA,NA,NA,NA,519,519
Dendrocygna arcuata,Wandering Whistling-Duck,Anatidae,Anseriformes,5,2,3,0,4,42,29.2,15.4,14.1,45.4,186,58.2,130.1,30.9,49.8,796.2,Dunning,NA,NO,NA,NA,Wetland,3,2,Herbivore,Herbivore aquatic,Aquatic,13,39,Dendrocygna,arcuata,NA,NA,"Ducks, Geese and Swans",Anatidae,Anseriformes,2,2,1,3,0,1,0,0,3,8,53,3,9.2,NA,Dendrocygninae,"Ducks, Geese, Other Waterfowl, Screamers","Ducks, Geese, Other Waterfowl, Screamers",Australian,1,0,0,0,0,0,0,0,0,5,5,LC,NA,LC,NA,LC,NA,LC,NA,LC,NA,not listed,NA,not listed,not listed,not listed,not listed,not listed,1,not listed,not listed,not listed,LC,not listed,not listed,not listed,not listed,not listed,Core,Core,Core,not listed,not listed,not listed,Core,not listed,not listed,not listed,not listed,not listed,not listed,not listed,not listed,0,present,certain,present,probable,present,possible,not listed,NA,vagrant,NA,0,0,58,55,60,799,453,976,866,741,948,732,453,976,NAV,NAV,NAV,HANZAB,4.51,4.67,-0.14,0,0,0,0,1,0,0,0,0,0,0,1,1,1,0,0,0,0,1,0,0,0,0,0,0,0,0,0,0,1,0,0,0,0,0,1,0,1,0,0,0,0,1,0,0,0,1,0,0,0,1,1,0,0,0,0,0,0,0,0,0,1,NAV,11,8,14,51.7,37.2,1,0,0,0,0,0,1,0,0,0,0,0,1,0,0,annual outward migration Non-marine,1,high,low,NAV,NAV,NAV,0.753,1.09,1.06,1771,215,89,111,100,127,40,18,89,29,1,0,2,19,2,43,4,NA,NA,NA,NA,204,204
Dendrocygna eytoni,Plumed Whistling-Duck,Anatidae,Anseriformes,4,2,2,0,4,41.9,30.3,16.4,15.2,55.1,232,87,145,37.5,67.8,790,Dunning,NA,NO,NA,NA,Grassland,3,2,Herbivore,Herbivore terrestrial,Terrestrial,12,38,Dendrocygna,eytoni,NA,NA,"Ducks, Geese and Swans",Anatidae,Anseriformes,2,2,1,2,0,1,0,1,1,8,53,3,9.2,16.7,Dendrocygninae,"Ducks, Geese, Other Waterfowl, Screamers","Ducks, Geese, Other Waterfowl, Screamers",Australian,1,0,0,0,0,0,0,0,0,6,6,LC,NA,LC,NA,LC,NA,LC,NA,LC,NA,not listed,NA,not listed,not listed,not listed,not listed,not listed,not listed,not listed,not listed,not listed,LC,not listed,not listed,not listed,not listed,not listed,Core,Core,Core,Core,not listed,Core,Core,not listed,not listed,not listed,not listed,not listed,not listed,not listed,not listed,0,present,certain,present,probable,not listed,NA,vagrant,NA,not listed,NA,0,0,50,40,60,733,580,1400,710,600,930,755,580,1400,NAV,NAV,NAV,HANZAB,4.56,4.72,-0.19,0,0,0,0,1,0,0,0,0,0,0,0,1,1,0,1,0,0,1,0,0,0,0,0,0,0,0,0,0,1,0,0,0,0,0,1,0,0,0,0,0,0,1,0,0,0,1,0,0,0,1,1,0,0,0,0,0,0,1,0,0,1,43.1,11,8,14,48.2,36.2,1,0,0,0,0,0,1,0,0,0,0,0,1,0,0,annual outward migration Non-marine,1,high,low,1128,1455,32,0.505,1.04,1.03,4163,2020,67,97,72,105,73,29,84,30,4,13,2,20,4,18,10,NA,NA,NA,NA,205,u205
Dicaeum hirundinaceum,Mistletoebird,Dicaeidae,Passeriformes,20,10,10,0,4,10.7,5.9,3.3,3.5,12.7,59.9,15.1,44.8,25.1,31.1,9,Dunning,NA,NO,NA,NA,Forest,2,2,Omnivore,Invertivore,Insessorial,1760,1883,Dicaeum,hirundinaceum,NA,NA,Flowerpeckers,Dicaeidae,Passeriformes,22,31,1,1,0,1,0,0,4,37,2,136,4.6,NA,P2,"Sunbirds, Flowerpeckers","Sunbirds, Flowerpeckers",Endemic (entirely Australian),1,0,0,0,0,0,1,0,0,7,7,LC,NA,LC,NA,LC,NA,LC,NA,LC,NA,not listed,NA,not listed,not listed,not listed,not listed,not listed,not listed,not listed,not listed,not listed,LC,not listed,not listed,not listed,not listed,Core,Core,Core,Core,Core,not listed,Core,Core,not listed,not listed,not listed,not listed,not listed,not listed,not listed,not listed,0,not listed,NA,present,none,not listed,NA,not listed,NA,not listed,NA,0,0,9,9,11,8.8,7.5,10,NAV,NAV,NAV,NAV,NAV,NAV,8.8,7.5,10,del Hoyo et al. (1992-2013),0.37,0.38,-0.08,1,1,1,0,0,1,1,1,1,1,1,0,0,0,0,0,0,0,0,0,0,0,0,0,0,0,0,0,0,1,1,1,0,1,0,0,1,1,1,1,1,1,0,0,0,0,1,1,1,0,0,0,0,1,0,0,0,0,0,1,1,0,NAV,2.8,2,4,17.1,11.4,0,1,0,0,0,0,1,0,0,0,1,1,0,0,0,possible local dispersal,0,nil,low,3538,51,308,0.399,0.9,0.95,7701,179,98,83,64,98,2,2,2,3,6,25,1,49,2,3,11,NA,NA,NA,NA,564,564
Dicrurus bracteatus,Spangled Drongo,Dicruridae,Passeriformes,17,5,12,0,4,34.4,22,10.3,11.7,23.6,150,34.4,113.6,23.2,120.2,85.5,Dunning,NA,NO,NA,NA,Forest,1,1,Carnivore,Invertivore,Insessorial,1620,1617,Dicrurus,bracteatus,NA,NA,Drongos,Dicruridae,Passeriformes,22,23,1,1,0,1,0,0,11,22,1,136,6.9,NA,CC8,"Shrikes, Monarchs, Drongos, Fantails, Birds Of Paradise, Crows, Jays, Allies","Cuckoo-Shrikes, Helmetshrikes, Shrike-Flycatchers, Vangas, Whipbirds, Shrike-Thrushes, Whistlers, Shrikes, Monarchs, Vireos, Orioles, Drongos, Fantails, Birds Of Paradise, Crows, Jays, Allies",Australian,1,0,0,0,0,0,0,0,0,4,4,LC,NA,LC,NA,LC,NA,LC,NA,LC,NA,not listed,NA,not listed,not listed,not listed,not listed,not listed,1,not listed,not listed,not listed,LC,not listed,not listed,not listed,not listed,not listed,Core,Core,Core,not listed,not listed,not listed,Core,not listed,not listed,not listed,not listed,not listed,not listed,not listed,not listed,0,present,certain,present,certain,not listed,NA,not listed,NA,not listed,NA,0,0,30,28,33,79.5,64,105,81.8,64.5,105,77.2,64,90.3,NAV,NAV,NAV,HANZAB,1.8,1.86,0.04,0,0,0,0,0,0,1,1,1,1,1,0,0,0,0,0,0,0,0,0,0,0,0,0,0,0,0,0,0,1,1,0,0,0,0,0,0,1,1,1,1,0,0,0,0,0,1,1,0,1,0,0,0,1,1,0,0,0,0,1,1,1,15.4,3.4,2,5,29.8,20.7,0,1,1,0,0,0,1,0,0,0,1,1,0,0,0,annual outward migration Non-marine,1,high,certain,2897,67,25,0.893,0.79,0.87,757,262,74,50,28,86,18,10,45,19,4,2,0,56,1,13,4,NA,NA,NA,NA,673,673
Dromaius novaehollandiae,Emu,Casuariidae,Casuariiformes,5,2,3,0,4,81.5,26.5,32.2,17.7,382.8,124.5,0.1,124.4,0.1,430,34093.3,Dunning,NA,NO,NA,NA,Grassland,3,1,Herbivore,Omnivore,Terrestrial,5,5,Dromaius,novaehollandiae,NA,NA,Emus and Cassowaries,Casuariidae,Struthioniformes,1,2,3,1,0,1,0,0,2,3,2,5,32.2,NA,Paleognathae,Paleognaths,Paleognaths,Endemic (entirely Australian),1,0,0,0,0,0,1,0,0,7,7,LC,NA,LC,NA,LC,NA,LC,NA,LC,NA,not listed,NA,not listed,not listed,not listed,not listed,not listed,not listed,not listed,EN (population),not listed,LC,Other,not listed,not listed,not listed,Core,Core,Core,Core,Core,Extinct,Core,Core,not listed,not listed,not listed,not listed,not listed,not listed,not listed,not listed,0,not listed,NA,not listed,NA,not listed,NA,not listed,NA,not listed,NA,0,0,175,160,190,35500,25400,47600,32700,25400,47600,38300,25800,43000,36300,NAV,NAV,HANZAB,28.88,29.92,-0.31,1,1,1,1,1,1,1,1,1,0,0,0,0,0,0,0,0,0,0,0,0,0,0,0,0,0,0,0,0,1,0,1,1,1,1,1,1,1,1,1,0,0,0,0,0,0,1,0,1,0,1,1,0,1,0,0,0,0,0,0,1,0,NAV,8.8,4,13,132.5,90,1,0,0,0,0,0,1,0,0,0,1,0,0,0,1,none,0,nil,certain,NAV,NAV,NAV,0.408,1.06,1.04,7605,237,97,71,61,82,2,2,3,2,8,13,5,4,12,38,19,NA,NA,NA,NA,1,1
Drymodes brunneopygia,Southern Scrub-Robin,Petroicidae,Passeriformes,7,3,3,1,4,16.5,8.8,3.4,3.9,35.5,91.9,12.3,78,13.6,100.7,33,Dunning,NA,NO,NA,NA,Shrubland,2,1,Carnivore,Invertivore,Generalist,1731,1759,Drymodes,brunneopygia,NA,NA,Australian Robins,Petroicidae,Passeriformes,22,30,4,2,0,1,0,1,1,2,19,136,5.8,11.8,Petroicidae,Australasian Robins,Australasian Robins,Endemic (entirely Australian),1,0,0,0,0,0,1,0,0,7,7,LC,NA,LC,NA,LC,NA,LC,NA,LC,NA,not listed,NA,not listed,not listed,not listed,not listed,not listed,not listed,not listed,VU,not listed,LC,not listed,not listed,not listed,not listed,not listed,Core,not listed,not listed,Core,not listed,Core,Core,not listed,not listed,not listed,not listed,not listed,not listed,not listed,not listed,0,not listed,NA,not listed,NA,not listed,NA,not listed,NA,not listed,NA,0,0,21,19,22,33.5,26.3,42,36.8,31.5,42,30.2,26.3,35,NAV,NAV,NAV,HANZAB,0.95,0.98,-0.01,1,0,1,0,0,1,0,1,0,0,0,0,0,0,0,0,0,0,0,0,0,0,0,0,0,0,0,0,0,0,0,1,0,1,0,0,1,0,1,0,0,0,0,0,0,0,0,0,0,0,1,0,0,1,0,0,0,0,0,1,1,0,NAV,1,1,2,25.4,18.6,1,1,0,0,0,0,1,0,0,0,1,0,0,0,0,none,0,nil,certain,3533,0,98,0.952,1.15,1.14,488,441,53,58,32,80,35,11,82,34,18,1,2,33,3,3,6,NA,NA,NA,NA,441,u441
Ducula spilorrhoa,Torresian Imperial-Pigeon,Columbidae,Columbiformes,4,2,2,0,4,27.4,14.5,7,6.8,32.1,241.2,79.7,161.6,33,141.5,464,Updated_literature,BoW,NO,NA,NA,Forest,2,1,Herbivore,Frugivore,Insessorial,139,160,Ducula,spilorrhoa,NA,Species from del Hoyo et al. (2014). Listed as subspecies of D.bicolor by Johnstone and Darnell (2014),Pigeons and Doves,Columbidae,Columbiformes,6,1,11,4,0,1,0,1,1,35,46,1,8.5,15.8,Columbidae,"Pigeons, Doves","Pigeons, Doves",Australian,1,0,0,0,0,0,0,0,0,6,4,LC,NA,LC,NA,LC,NA,LC,NA,LC,NA,not listed,NA,not listed,not listed,not listed,not listed,not listed,1,not listed,not listed,not listed,LC,not listed,not listed,not listed,not listed,not listed,not listed,Core,Core,not listed,not listed,not listed,Core,not listed,not listed,not listed,not listed,not listed,not listed,not listed,not listed,0,present,certain,present,probable,not listed,NA,not listed,NA,not listed,NA,0,0,41,38,44,464,378,550,474,378,550,454,380,530,NAV,NAV,NAV,HANZAB,NAV,NAV,-0.23,0,0,0,0,0,0,1,0,0,1,0,0,0,0,0,0,0,0,0,0,0,0,0,0,0,0,0,0,0,0,1,0,0,0,0,0,0,1,0,0,1,1,0,0,0,0,0,1,1,0,0,0,0,0,0,0,0,0,0,0,0,1,NAV,1,1,1,NAV,NAV,0,1,0,0,0,0,1,1,0,0,1,1,0,0,0,annual outward migration Non-marine,1,high,low,5103,975,7,NA,1.22,1.18,441,140.2202706,76,113,85,122,71,23,151,NA,NA,NA,NA,NA,NA,NA,NA,NA,NA,NA,NA,5004,u5004
Edolisoma tenuirostre,Common Cicadabird,Campephagidae,Passeriformes,45,11,32,2,15,25.2,14.8,7.7,7.4,24.7,116.2,31.5,83.2,27.1,85.7,60.9,Dunning,NA,NO,NA,NA,Shrubland,2,1,Carnivore,Invertivore,Insessorial,1456,1481,Edolisoma,tenuirostris,NA,NA,Cuckoo-shrikes and Trillers,Campephagidae,Passeriformes,22,14,2,1,0,1,0,0,21,19,11,136,3.3,NA,CC4,Cuckoo-Shrikes,"Cuckoo-Shrikes, Helmetshrikes, Shrike-Flycatchers, Vangas, Whipbirds, Shrike-Thrushes, Whistlers, Shrikes, Monarchs, Vireos, Orioles, Drongos, Fantails, Birds Of Paradise, Crows, Jays, Allies",Australian,1,0,0,0,0,0,0,0,0,3,3,LC,NA,LC,NA,LC,NA,LC,NA,LC,NA,not listed,NA,not listed,not listed,not listed,not listed,not listed,1,not listed,not listed,not listed,LC,not listed,not listed,not listed,not listed,Core,Core,Core,Core,not listed,not listed,Core,Core,not listed,not listed,not listed,not listed,not listed,not listed,not listed,not listed,0,present,certain,present,probable,present,none,not listed,NA,not listed,NA,0,0,25,24,25,65,54,76,67.7,60,76,65.5,60,69,65,54,76,HANZAB,1.72,1.78,0.08,0,0,0,0,0,0,1,1,1,1,1,0,0,0,0,0,0,0,0,0,0,0,0,0,0,0,0,0,0,0,0,0,0,0,0,0,0,1,1,1,1,1,0,0,0,0,0,0,1,0,1,0,0,1,0,0,0,0,0,1,1,0,NAV,1,1,1,31.9,21.9,0,1,0,0,0,0,1,0,0,0,1,1,0,0,0,annual outward migration Non-marine,0,nil,certain,2259,0,14,0.644,0.82,1.01,749,215,78,52,30,79,17,8,34,4,2,7,1,70,1,0,15,NA,NA,NA,NA,429,429
Egretta garzetta,Little Egret,Ardeidae,Pelecaniformes,6,2,3,1,4,94.6,68,8.9,11.3,98.8,252.5,82.8,167.2,33.1,94.2,312,Dunning,NA,NO,NA,NA,Wetland,3,2,Carnivore,Aquatic predator,Terrestrial,647,396,Egretta,garzetta,NA,NA,"Herons, Egrets and Bitterns",Ardeidae,Pelecaniformes,15,3,9,3,0,1,0,0,3,12,18,10,7.7,NA,Ardeidae,Herons,"Ibises, Herons",Australian,1,0,0,0,0,0,0,0,0,3,3,LC,NA,LC,NA,LC,NA,LC,NA,LC,NA,not listed,NA,not listed,not listed,not listed,not listed,not listed,1,not listed,not listed,not listed,LC,Rare,not listed,not listed,not listed,not listed,Core,Core,Core,Core,Core,Core,Core,not listed,not listed,not listed,not listed,not listed,Core,Core,not listed,0,present,certain,present,probable,present,possible,vagrant,NA,not listed,NA,0,0,60,55,65,482,254,710,NAV,NAV,NAV,NAV,NAV,NAV,482,254,710,"HANZAB, del Hoyo et al. (1992-2013)",NAV,NAV,-0.12,0,0,0,0,0,0,0,0,0,0,0,1,0,1,0,1,1,0,1,1,1,0,0,0,0,0,0,0,0,1,1,0,0,0,0,0,0,0,0,0,0,1,1,0,0,0,0,0,0,0,0,0,0,1,0,0,1,0,1,1,0,1,NAV,2.9,2,6,46.1,38.6,0,1,0,0,0,0,0,1,0,0,1,1,0,0,1,annual outward migration Non-marine,1,low,low,778,3293,19,0.454,0.98,1,3391,1486,70,112,95,112,92,55,114,16,41,2,6,18,6,4,7,NA,NA,NA,NA,185,185
Egretta novaehollandiae,White-faced Heron,Ardeidae,Pelecaniformes,5,3,2,0,4,80.9,68,9.4,11.5,89,298.4,110.8,184.8,37.5,114.8,558.6,Dunning,NA,NO,NA,NA,Wetland,3,1,Carnivore,Aquatic predator,Terrestrial,646,395,Egretta,novaehollandiae,NA,del Hoyo et al. (2014) list two subspecies as occurring in Australia: Egretta novaehollandiae parryi from north-west Australia and Egretta novaehollandiae novaehollandiae from eastern Australia. These subspecies were erected tentatively and the species considered monotypic here following Marchant and Higgins (1990).,"Herons, Egrets and Bitterns",Ardeidae,Pelecaniformes,15,3,9,2,0,1,0,1,1,12,18,10,7.7,14.7,Ardeidae,Herons,"Ibises, Herons",Australian,1,0,0,0,0,0,0,0,0,6,6,LC,NA,LC,NA,LC,NA,LC,NA,LC,NA,not listed,NA,not listed,not listed,not listed,not listed,not listed,not listed,not listed,not listed,not listed,LC,not listed,not listed,not listed,not listed,Core,Core,Core,Core,Core,Core,Core,Core,Core,Core,not listed,not listed,Core,not listed,not listed,not listed,0,present,certain,present,probable,present,possible,present,certain,present,probable,0,0,67,66,68,571,450,880,608,500,710,533,450,630,693,550,880,HANZAB,3.91,4.05,-0.12,0,0,0,0,1,0,0,0,0,0,0,1,0,1,1,1,1,0,1,1,1,0,0,0,0,0,0,0,0,1,1,0,0,0,0,0,0,1,1,0,0,1,1,0,0,1,1,1,0,0,0,0,0,1,0,0,1,0,1,1,0,0,31.2,3.8,2,5,46.6,34.1,0,1,0,0,0,0,1,0,0,0,1,0,0,1,0,irregular outward dispersal,1,low,low,1704,244,28,0.408,0.88,0.93,6479,1461,82,100,100,100,23,22,23,7,8,5,2,30,3,1,44,NA,NA,NA,NA,188,u188
Egretta picata,Pied Heron,Ardeidae,Pelecaniformes,5,1,2,2,4,67.7,55.2,8.4,11.6,75.9,225.8,85,139.8,37.9,85.6,259,Dunning,NA,NO,NA,NA,Coastal,3,1,Carnivore,Aquatic predator,Terrestrial,645,394,Egretta,picata,NA,NA,"Herons, Egrets and Bitterns",Ardeidae,Pelecaniformes,15,3,9,1,0,1,0,1,1,12,18,10,7.7,14.7,Ardeidae,Herons,"Ibises, Herons",Australian,1,0,0,0,0,0,0,0,0,6,6,LC,NA,LC,NA,LC,NA,LC,NA,LC,NA,not listed,NA,not listed,not listed,not listed,not listed,not listed,not listed,not listed,not listed,not listed,LC,not listed,not listed,not listed,not listed,not listed,not listed,Core,Core,not listed,not listed,not listed,Core,not listed,not listed,not listed,not listed,not listed,not listed,not listed,not listed,0,present,certain,present,probable,vagrant,NA,not listed,NA,vagrant,NA,0,0,49,43,55,259,210,372,NAV,NAV,NAV,NAV,NAV,NAV,259,210,372,HANZAB,NAV,NAV,-0.12,0,0,0,0,1,0,0,0,0,0,0,0,0,1,1,1,0,0,1,0,1,0,0,0,0,0,0,0,1,0,1,0,0,0,0,0,0,0,0,0,0,1,0,0,0,0,0,0,0,0,0,0,0,1,0,1,1,0,1,0,0,1,NAV,3,2,4,40.8,30.2,0,1,0,0,0,0,0,1,0,NAV,1,1,0,0,0,annual outward migration Non-marine,1,low,low,145,5,1,1.687,1.01,1.06,454,176,72,145,122,152,181,71,312,7,3,1,9,3,22,53,3,NA,NA,NA,NA,190,u190
Egretta sacra,Pacific Reef-Heron,Ardeidae,Pelecaniformes,5,2,3,0,4,82.5,67.5,10.1,12.8,67.5,262.6,86.5,177,32.9,86.4,502,Dunning,NA,NO,NA,NA,Coastal,3,2,Carnivore,Aquatic predator,Terrestrial,652,401,Egretta,sacra,NA,NA,"Herons, Egrets and Bitterns",Ardeidae,Pelecaniformes,15,3,9,5,0,1,0,0,2,12,18,10,7.7,NA,Ardeidae,Herons,"Ibises, Herons",Australian,1,0,0,0,0,0,0,0,0,3,3,LC,NA,LC,NA,LC,NA,LC,NA,LC,NA,not listed,NA,not listed,1,not listed,not listed,1,1,not listed,not listed,not listed,LC,Rare,not listed,not listed,not listed,not listed,Core,Core,Core,not listed,not listed,not listed,Core,not listed,not listed,not listed,not listed,Core,Core,Core,not listed,0,present,certain,present,probable,present,possible,present,possible,present,probable,0,0,63,60,65,445,330,700,417,371,463,332,NAV,NAV,515,330,700,"HANZAB, del Hoyo et al. (1992-2013)",NAV,NAV,-0.12,0,0,0,0,0,0,0,0,0,0,0,0,0,0,0,0,1,1,0,0,0,0,0,0,0,0,0,0,1,0,1,0,1,0,0,1,0,0,0,0,1,0,0,1,1,0,0,0,0,0,0,0,0,0,0,0,1,0,0,1,1,1,NAV,2.8,2,4,46.2,34.9,1,1,0,0,0,0,1,1,0,1,1,0,0,0,0,local dispersal,1,high,low,5465,536,13,NA,1.2,1.14,NA,NA,NA,NA,NA,NA,NA,NA,NA,NA,NA,NA,NA,NA,NA,NA,NA,NA,NA,NA,NA,191,191
Elanus axillaris,Black-shouldered Kite,Accipitridae,Accipitriformes,5,2,2,1,4,25.3,15.5,9,11.4,38.8,288.4,153,135.2,53.1,136.8,270.1,Dunning,NA,NO,NA,NA,Grassland,3,2,Carnivore,Vertivore,Aerial,688,417,Elanus,axillaris,NA,Included as a subspecies of Elanus caeruleus by Johnstone and Darnell (2015),"Eagles, Kites, Goshawks and Osprey",Accipitridae,Accipitriformes,16,2,2,1,0,1,0,1,1,4,69,4,9.7,17.3,Accipitridae,"Hawks, Eagles, Secretarybird","Hawks, Eagles, Secretarybird",Endemic (entirely Australian),1,0,0,0,0,0,1,0,0,7,7,LC,NA,LC,NA,LC,NA,LC,NA,LC,NA,not listed,NA,not listed,not listed,not listed,not listed,not listed,not listed,not listed,not listed,not listed,LC,not listed,not listed,not listed,not listed,Core,Core,Core,Core,Core,not listed,Core,Core,not listed,not listed,not listed,not listed,not listed,not listed,not listed,not listed,0,not listed,NA,not listed,NA,not listed,NA,not listed,NA,not listed,NA,0,0,35,35,35,275,181,365,244,181,295,289,270,340,284,231,365,HANZAB,3.37,3.49,0.02,1,1,1,0,1,0,0,0,0,0,0,0,0,0,0,0,0,0,0,0,0,0,0,0,0,0,0,0,0,1,1,1,0,0,0,0,0,1,1,0,0,0,0,0,0,0,1,1,0,0,0,0,0,1,1,0,0,0,0,1,1,1,23.1,3.4,2,5,41.7,32.1,0,1,0,0,0,0,1,0,0,0,1,0,0,1,1,possible annual outward migration,0,nil,high,1286,1070,27,0.464,1.15,1.1,7640,225,97,97,80,100,3,3,3,12,2,28,5,9,2,4,37,NA,NA,NA,NA,232,u232
Entomyzon cyanotis,Blue-faced Honeyeater,Meliphagidae,Passeriformes,23,7,13,3,4,33.7,15.5,5.2,7.1,31.9,150.9,40.2,116,25.7,120.4,105.3,Dunning,NA,NO,NA,NA,Forest,2,1,Omnivore,Omnivore,Insessorial,1138,1400,Entomyzon,cyanotis,NA,Genus from Joseph et al. (2013) and Dickinson and Christidis (2014),Honeyeaters and Chats,Meliphagidae,Passeriformes,22,8,11,1,0,1,0,0,3,1,50,136,5.3,NA,BC7,Honeyeaters,"Honeyeaters, Thornbills, Bristlebirds, Australasian Wrens, Allies",Australian,1,0,0,0,0,0,0,0,0,6,6,LC,NA,LC,NA,LC,NA,LC,NA,LC,NA,not listed,NA,not listed,not listed,not listed,not listed,not listed,not listed,not listed,not listed,not listed,LC,Rare,not listed,not listed,not listed,not listed,Core,Core,Core,Core,not listed,Core,Core,not listed,not listed,not listed,not listed,not listed,not listed,not listed,not listed,0,not listed,NA,not listed,NA,not listed,NA,not listed,NA,not listed,NA,0,0,30,26,32,103,80,135,110,80,135,97.1,84,119,NAV,NAV,NAV,HANZAB,2.23,2.31,0.08,0,0,1,0,0,0,1,1,1,0,0,0,0,0,0,0,0,0,0,0,0,0,0,0,0,0,0,0,0,1,1,0,0,0,0,0,0,1,1,0,0,0,0,0,0,0,1,1,1,1,0,0,0,1,0,0,0,0,0,0,1,1,30.8,2.6,2,7,30.4,21.6,0,1,0,0,0,0,1,1,0,1,1,0,0,0,0,none,0,nil,certain,3335,16,269,0.523,0.77,0.84,2425,545,82,83,46,105,23,10,54,11,2,26,1,50,3,4,2,NA,NA,NA,NA,641,641
Eopsaltria australis,Eastern Yellow Robin,Petroicidae,Passeriformes,16,7,6,3,4,15.9,8,3.9,4.2,21.6,84.7,20,62.2,24.4,64.9,20.2,Dunning,NA,NO,NA,NA,Shrubland,2,1,Carnivore,Invertivore,Insessorial,1736,1742,Eopsaltria,australis,NA,NA,Australian Robins,Petroicidae,Passeriformes,22,30,7,1,0,1,0,0,2,2,19,136,5.8,NA,Petroicidae,Australasian Robins,Australasian Robins,Endemic (entirely Australian),1,0,0,0,0,0,1,0,0,7,7,LC,NA,LC,NA,LC,NA,LC,NA,LC,NA,not listed,NA,not listed,not listed,not listed,not listed,not listed,not listed,not listed,not listed,not listed,LC,not listed,not listed,not listed,not listed,Core,Core,not listed,Core,Core,not listed,Core,not listed,not listed,not listed,not listed,not listed,not listed,not listed,not listed,not listed,0,not listed,NA,not listed,NA,not listed,NA,not listed,NA,not listed,NA,0,0,16,14,17,19.4,12,30,21.7,16,30,18,14.8,24,NAV,NAV,NAV,HANZAB,0.86,0.89,0.08,1,0,0,0,0,1,1,1,1,1,0,0,0,0,0,0,0,0,0,0,0,0,0,0,0,0,0,0,0,1,1,1,0,0,0,0,1,1,1,1,1,1,0,0,0,0,1,1,0,0,0,0,0,1,0,0,0,0,0,1,1,0,9.9,2.3,1,4,22.3,16.5,0,1,0,0,0,0,1,0,0,1,1,0,0,0,0,none,0,nil,certain,5349,38,5878,1.445,0.76,0.85,850,138,86,60,37,91,14,12,21,1,1,6,1,6,0,0,85,NA,NA,NA,NA,392,392
Ephippiorhynchus asiaticus,Black-necked Stork,Ciconiidae,Ciconiiformes,4,2,2,0,4,296.8,248.2,31.2,47.8,324.2,575,231.2,343.8,40.2,298.8,4100,Dunning,NA,NO,NA,NA,Wetland,3,1,Carnivore,Aquatic predator,Terrestrial,607,364,Ephippiorhynchus,asiaticus,NA,NA,Storks,Ciconiidae,Pelecaniformes,15,1,1,1,0,1,0,0,2,2,6,10,20.3,NA,Ciconiidae,Storks,Storks,Australian,1,0,0,0,0,0,0,0,0,6,6,NT,A2bc; A3bc; A4bc; C1,LC,NA,LC,NA,LC,NA,LC,NA,not listed,NA,not listed,not listed,not listed,not listed,not listed,not listed,not listed,EN,not listed,NT,not listed,not listed,not listed,not listed,not listed,Core,Core,Core,not listed,not listed,not listed,Core,not listed,not listed,not listed,not listed,not listed,not listed,not listed,not listed,0,present,certain,present,certain,not listed,NA,not listed,NA,not listed,NA,0,0,124,110,137,3150,5180,4260,NAV,NAV,NAV,NAV,NAV,NAV,4260,3150,5180,G Clancy (pers.comm. n=16 advanced nestlings),NAV,NAV,-0.04,0,0,0,0,1,0,1,0,0,0,0,1,0,1,1,1,1,0,0,0,0,0,0,0,0,0,0,0,0,1,0,0,0,0,0,0,0,0,0,0,0,1,1,0,0,0,1,0,0,0,0,0,0,0,0,0,1,1,1,1,1,0,NAV,3,2,4,73.9,53.2,0,1,0,0,0,0,1,0,0,0,1,0,0,0,0,local dispersal,1,high,low,2151,400,70,0.723,0.88,0.98,1968,250,89,110,102,116,39,20,69,22,2,0,1,1,4,67,2,NA,NA,NA,NA,183,183
Epthianura albifrons,White-fronted Chat,Meliphagidae,Passeriformes,16,3,13,0,4,12.7,7.6,2.4,2.6,19,70.4,16,53.9,22.9,42.1,13.3,Dunning,NA,NO,NA,NA,Wetland,3,1,Carnivore,Invertivore,Generalist,1183,1348,Epthianura,albifrons,NA,Genus from Joseph et al. (2013) and Dickinson and Christidis (2014),Honeyeaters and Chats,Meliphagidae,Passeriformes,22,8,20,4,0,1,0,1,1,4,50,136,3.3,7.8,BC7,Honeyeaters,"Honeyeaters, Thornbills, Bristlebirds, Australasian Wrens, Allies",Endemic (entirely Australian),1,0,0,0,0,0,1,0,0,7,7,LC,NA,LC,NA,LC,NA,LC,NA,LC,NA,not listed,NA,not listed,not listed,not listed,not listed,not listed,not listed,not listed,VU,not listed,LC,not listed,not listed,not listed,not listed,Core,Core,not listed,Core,Core,Core,Core,Core,not listed,not listed,not listed,not listed,not listed,not listed,not listed,not listed,0,not listed,NA,not listed,NA,not listed,NA,not listed,NA,not listed,NA,0,0,12,11,13,13.3,10.5,17.5,13.3,10.5,17.5,13.3,10.5,17.5,NAV,NAV,NAV,HANZAB,0.53,0.55,-0.02,0,1,1,0,1,1,0,0,0,0,0,0,0,0,0,1,0,0,0,1,0,0,0,0,0,0,0,0,0,1,1,0,1,1,0,1,1,0,0,0,0,0,1,0,0,0,1,1,0,0,1,0,0,1,0,0,0,0,0,0,0,1,22.6,2.9,2,5,18.1,13.7,1,1,0,0,0,0,1,0,0,0,1,0,0,0,0,none,0,nil,certain,944,0,203,0.729,1.16,1.11,1963,149,93,50,36,66,4,4,5,73,8,1,7,5,2,3,1,NA,NA,NA,NA,448,u448
Epthianura aurifrons,Orange Chat,Meliphagidae,Passeriformes,15,5,10,0,4,12.7,7.8,2.5,2.5,18.1,62.8,12.8,49.7,20.5,36.8,10.5,Dunning,NA,NO,NA,NA,Shrubland,2,1,Carnivore,Invertivore,Generalist,1178,1343,Epthianura,aurifrons,NA,Genus from Joseph et al. (2013) and Dickinson and Christidis (2014),Honeyeaters and Chats,Meliphagidae,Passeriformes,22,8,20,2,0,1,0,1,1,4,50,136,3.3,7.8,BC7,Honeyeaters,"Honeyeaters, Thornbills, Bristlebirds, Australasian Wrens, Allies",Endemic (entirely Australian),1,0,0,0,0,0,1,0,0,7,7,LC,NA,LC,NA,LC,NA,LC,NA,LC,NA,not listed,NA,not listed,not listed,not listed,not listed,not listed,not listed,not listed,not listed,not listed,LC,not listed,not listed,not listed,not listed,not listed,Core,Core,Core,Core,not listed,Core,Core,not listed,not listed,not listed,not listed,not listed,not listed,not listed,not listed,0,not listed,NA,not listed,NA,not listed,NA,not listed,NA,not listed,NA,0,0,11,11,12,10.5,8,13.5,10.7,9.5,13,10.4,8,13.5,NAV,NAV,NAV,HANZAB,0.43,0.45,-0.07,1,1,0,0,0,0,0,0,0,0,0,0,0,0,0,0,0,0,0,0,0,0,0,0,0,0,0,0,0,1,0,1,1,0,0,0,0,0,0,0,0,0,0,0,0,0,0,0,0,0,0,0,0,1,0,0,0,0,0,0,0,1,NAV,2.9,2,4,17.5,12.7,1,1,0,0,0,0,1,1,0,0,1,0,0,1,0,none,0,nil,certain,NAV,NAV,NAV,0.682,1.26,1.17,3342,164,95,70,29,97,5,1,19,2,9,2,0,39,4,42,1,NA,NA,NA,NA,450,u450
Epthianura tricolor,Crimson Chat,Meliphagidae,Passeriformes,14,5,9,0,4,13.6,7.2,2.5,2.6,18.2,66.2,16.4,50.4,24.6,39.2,10.7,Dunning,NA,NO,NA,NA,Shrubland,2,1,Carnivore,Invertivore,Generalist,1177,1342,Epthianura,tricolor,NA,Genus from Joseph et al. (2013) and Dickinson and Christidis (2014),Honeyeaters and Chats,Meliphagidae,Passeriformes,22,8,20,1,0,1,0,1,1,4,50,136,3.3,7.8,BC7,Honeyeaters,"Honeyeaters, Thornbills, Bristlebirds, Australasian Wrens, Allies",Endemic (entirely Australian),1,0,0,0,0,0,1,0,0,7,7,LC,NA,LC,NA,LC,NA,LC,NA,LC,NA,not listed,NA,not listed,not listed,not listed,not listed,not listed,not listed,not listed,not listed,not listed,LC,not listed,not listed,not listed,not listed,not listed,Core,Core,Core,Core,not listed,Core,Core,not listed,not listed,not listed,not listed,not listed,not listed,not listed,not listed,0,not listed,NA,not listed,NA,not listed,NA,not listed,NA,not listed,NA,0,0,12,11,13,10.7,9,14,10.7,9,12,10.7,9,14,NAV,NAV,NAV,HANZAB,0.44,0.46,-0.06,1,1,0,1,1,1,0,0,0,0,0,0,0,0,0,0,0,0,0,0,0,0,0,0,0,0,0,0,0,0,0,1,1,0,0,0,1,0,0,0,0,0,0,0,0,0,0,0,0,1,1,0,0,1,0,0,0,0,0,0,0,1,NAV,2.7,2,5,16.7,12.4,1,1,0,0,0,0,1,1,0,0,0,0,0,1,0,none,0,nil,certain,20,0,4,0.505,1.11,1.07,5256,657,89,85,69,96,9,4,16,3,25,7,0,58,1,1,5,NA,NA,NA,NA,449,u449
Erythrogonys cinctus,Red-kneed Dotterel,Charadriidae,Charadriiformes,4,2,2,0,4,24.1,16.4,3.4,4.3,39,110.2,46.5,63.8,42.2,46.5,51.4,Dunning,NA,NO,NA,NA,Wetland,3,2,Carnivore,Aquatic predator,Terrestrial,313,546,Erythrogonys,cinctus,NA,NA,"Plovers, Dotterel and Lapwings",Charadriidae,Charadriiformes,11,5,6,1,0,1,0,1,1,1,11,17,17.5,27,Charadrii,"Waders, Allies","Waders, Allies",Endemic (entirely Australian),1,0,0,0,0,0,1,0,0,7,7,LC,NA,LC,NA,LC,NA,LC,NA,LC,NA,not listed,NA,not listed,not listed,not listed,not listed,not listed,not listed,not listed,not listed,not listed,LC,not listed,not listed,not listed,not listed,Core,Core,Core,Core,Core,not listed,Core,Core,not listed,not listed,not listed,not listed,not listed,not listed,not listed,not listed,0,present,possible,present,possible,not listed,NA,vagrant,NA,not listed,NA,0,0,18,17,20,50.4,35,77,46.8,41,54,50,NAV,NAV,52.4,35,77,HANZAB,1.05,1.09,-0.05,0,1,0,0,0,0,0,0,0,0,0,0,0,1,0,1,0,0,0,1,0,0,0,0,0,0,0,0,0,1,0,0,0,0,0,0,0,0,0,0,0,0,1,0,0,0,1,0,0,0,0,0,0,0,0,0,0,0,1,1,1,1,21.2,3.5,2,5,31,22.3,1,0,0,0,0,0,1,1,0,0,0,0,0,1,0,irregular outward dispersal,0,possible,low,153,39,46,0.395,1.23,1.16,7651,202,97,100,100,100,3,3,3,31,4,17,9,9,23,3,4,NA,NA,NA,NA,132,u132
Eudynamys orientalis,Pacific Koel,Cuculidae,Cuculiformes,4,2,2,0,4,36.2,21.6,10.5,11.9,38.1,217.2,52.6,164.6,24.2,216.2,194.9,Dunning,NA,NO,NA,NA,Woodland,2,1,Herbivore,Frugivore,Insessorial,163,844,Eudynamys,orientalis,NA,NA,Cuckoos,Cuculidae,Cuculiformes,7,1,2,2,0,1,0,0,2,3,36,1,21,NA,Cuculidae,Cuckoos,Cuckoos,Australian,1,0,0,0,0,0,0,0,0,4,2,LC,NA,LC,NA,LC,NA,LC,NA,LC,NA,not listed,NA,not listed,not listed,not listed,not listed,not listed,1,not listed,not listed,not listed,LC,not listed,not listed,not listed,not listed,Core,Core,Core,Core,not listed,not listed,Core,Core,not listed,not listed,not listed,not listed,not listed,not listed,not listed,not listed,0,present,certain,present,certain,present,certain,not listed,NA,not listed,NA,0,0,41,41,41,243,158,340,248,175,340,238,158,330,NAV,NAV,NAV,HANZAB,2.46,2.55,-0.1,0,0,0,0,0,0,1,1,1,1,0,0,0,0,0,0,0,0,0,0,0,0,0,0,0,0,0,0,0,1,1,0,0,0,0,0,0,1,1,1,1,0,0,0,0,0,1,1,1,0,0,0,0,0,0,0,0,0,0,1,1,0,4.6,1,1,1,NAV,NAV,0,1,0,0,0,0,0,0,1,0,0,0,1,0,0,annual outward migration Non-marine,1,low,low,3632,29,13,0.756,1.17,1.11,1314,113,92,92,48,132,15,9,36,20,1,1,0,52,1,16,8,NA,NA,NA,NA,347,347
Eudyptula minor,Little Penguin,Spheniscidae,Sphenisciformes,7,0,0,7,4,47.5,23.6,6.9,13.7,22.1,67.2,3.8,63.5,5.6,27,1107.8,Dunning,NA,NO,NA,NA,Marine,3,2,Carnivore,Aquatic predator,Aquatic,487,333,Eudyptula,minor,NA,NA,Penguins,Spheniscidae,Sphenisciformes,13,1,4,1,0,1,0,0,6,1,6,1,55,NA,Spheniscidae,Penguins,Penguins,Australian,1,0,0,0,0,0,0,0,0,4,4,LC,NA,LC,NA,LC,NA,LC,NA,LC,NA,not listed,NA,not listed,not listed,not listed,not listed,not listed,1,not listed,EN (population),not listed,LC,not listed,not listed,not listed,not listed,not listed,Core,not listed,not listed,Core,Core,Core,Core,not listed,not listed,not listed,not listed,not listed,not listed,not listed,not listed,1,not listed,NA,not listed,NA,not listed,NA,present,none,not listed,NA,0,0,43,40,45,1010,550,2130,1170,550,2130,853,550,2100,NAV,NAV,NAV,HANZAB,7.36,7.62,-0.01,0,0,0,0,0,0,0,0,0,0,0,0,0,0,0,0,0,0,0,0,0,0,0,0,0,0,1,0,0,0,0,0,0,0,0,0,0,0,0,0,0,0,0,1,1,0,0,1,0,0,0,0,0,0,0,0,0,1,0,0,0,1,NAV,2,1,3,55.4,42.7,1,0,0,1,0,0,0,1,0,0,1,0,0,0,0,possible local dispersal,0,nil,medium,8914,2707,95169,NA,1.29,1.22,NA,NA,NA,NA,NA,NA,NA,NA,NA,NA,NA,NA,NA,NA,NA,NA,NA,362,375,0.6,5.1,5,5
Eurostopodus argus,Spotted Nightjar,Caprimulgidae,Caprimulgiformes,5,2,3,0,4,16.5,7.1,3.9,3.4,19.7,213.4,110.2,104.2,51.4,149.8,93.4,Dunning,NA,NO,NA,NA,Woodland,2,1,Carnivore,Invertivore,Aerial,204,176,Eurostopodus,argus,NA,NA,Eared Nightjars,Eurostopodidae,Caprimulgiformes,9,2,2,2,0,1,0,1,1,6,20,7,10.6,18.6,Caprimulgidae,Nightjars,Nightjars,Australian,1,0,0,0,0,0,0,0,0,6,6,LC,NA,LC,NA,LC,NA,LC,NA,LC,NA,not listed,NA,not listed,not listed,not listed,not listed,not listed,1,not listed,not listed,not listed,LC,not listed,not listed,not listed,not listed,not listed,Core,Core,Core,Core,Core,Core,Core,not listed,not listed,not listed,not listed,not listed,not listed,not listed,not listed,0,not listed,NA,present,certain,not listed,NA,not listed,NA,not listed,NA,0,0,31,27,35,93.9,72,132,98.8,82,132,89,72,107,NAV,NAV,NAV,HANZAB,1.24,1.28,-0.16,1,1,1,1,1,1,1,1,0,0,0,0,0,0,0,0,0,0,0,0,0,0,0,0,0,0,0,0,0,1,0,1,1,1,1,1,1,1,1,0,0,0,0,0,0,0,1,0,0,0,0,0,0,1,0,0,0,0,0,1,1,1,10.8,1,1,1,32.8,23.7,1,0,0,0,0,0,1,NAV,NAV,0,1,1,0,0,0,annual outward migration Non-marine,0,nil,low,NAV,NAV,NAV,0.428,1.19,1.27,7121,419,94,100,99,100,7,4,10,7,4,14,0,9,8,1,58,NA,NA,NA,NA,331,u331
Eurostopodus mystacalis,White-throated Nightjar,Caprimulgidae,Caprimulgiformes,4,1,1,2,4,18.3,7.2,5,3.6,20.2,252.2,136.2,116,54,161.8,134.5,Dunning,NA,NO,NA,NA,Forest,2,1,Carnivore,Invertivore,Aerial,200,174,Eurostopodus,mystacalis,NA,NA,Eared Nightjars,Eurostopodidae,Caprimulgiformes,9,2,2,1,0,1,0,0,3,6,20,7,10.6,NA,Caprimulgidae,Nightjars,Nightjars,Australian,1,0,0,0,0,0,0,0,0,3,2,LC,NA,LC,NA,LC,NA,LC,NA,LC,NA,not listed,NA,not listed,not listed,not listed,not listed,not listed,1,not listed,not listed,not listed,LC,not listed,not listed,not listed,not listed,not listed,Core,not listed,Core,not listed,not listed,Core,not listed,not listed,not listed,not listed,not listed,not listed,not listed,not listed,not listed,0,present,certain,present,probable,not listed,NA,not listed,NA,not listed,NA,0,0,33,30,35,141,80,180,122,98,145,160,140,180,NAV,NAV,NAV,"HANZAB, del Hoyo et al. (1992-2013)",1.33,1.38,-0.21,1,0,0,0,0,0,1,1,1,0,0,0,0,0,0,0,0,0,0,0,0,0,0,0,0,0,0,0,0,1,0,1,0,0,0,0,0,1,1,0,0,0,0,0,0,0,1,0,0,0,0,0,0,1,0,0,0,0,0,1,1,1,NAV,1,1,1,39.6,27.7,1,0,0,0,0,0,1,0,0,0,1,0,0,0,0,annual outward migration Non-marine,0,nil,low,21,0,3,1.163,1.27,1.31,527,62,89,77,33,127,19,9,32,6,6,5,0,28,2,0,52,NA,NA,NA,NA,330,330
Eurystomus orientalis,Dollarbird,Coraciidae,Coraciiformes,8,4,4,0,4,32,20.1,11.8,13.4,16.8,186.2,68.4,116.8,36.9,98,143,Dunning,NA,NO,NA,NA,Woodland,2,3,Carnivore,Invertivore,Aerial,760,941,Eurystomus,orientalis,NA,NA,Dollarbird,Coraciidae,Coraciiformes,19,2,1,1,0,1,0,0,10,4,2,6,27.5,NA,Coraciidae,"Rollers, Ground-Rollers","Bee-eaters, Kingfishers, Motmots, Todies, Rollers, Ground-Rollers",Australian,1,0,0,0,0,0,0,0,0,4,2,LC,NA,LC,NA,LC,NA,LC,NA,LC,NA,not listed,NA,not listed,not listed,not listed,not listed,not listed,1,not listed,not listed,not listed,LC,not listed,not listed,not listed,not listed,Core,Core,Core,Core,not listed,not listed,Core,Core,not listed,not listed,not listed,not listed,not listed,not listed,not listed,not listed,0,present,certain,present,certain,present,probable,vagrant,NA,not listed,NA,0,0,28,26,29,142,95.3,186,138,95.3,180,146,105,186,NAV,NAV,NAV,"HANZAB, del Hoyo et al. (1992-2013)",1.98,2.05,-0.13,1,0,0,0,0,0,1,1,1,1,0,0,0,0,0,0,0,0,0,0,0,0,0,0,0,0,0,0,0,1,1,1,0,0,0,0,0,1,1,1,1,0,0,0,0,0,1,1,0,0,0,0,0,1,0,0,0,0,0,1,1,1,NAV,3.5,3,4,31.9,28.2,0,0,0,0,1,0,1,0,0,0,0,0,1,0,0,annual outward migration Non-marine,1,high,medium,585,108,6,0.568,1.18,1.16,2088,192,92,101,69,130,16,8,40,8,2,10,1,65,2,1,10,NA,NA,NA,NA,318,318
Falco berigora,Brown Falcon,Falconidae,Falconiformes,5,2,3,0,4,27.2,19.5,12.5,15.7,71.8,340.2,170.8,167,50.7,194,587,Dunning,NA,NO,NA,NA,Woodland,3,1,Carnivore,Vertivore,Generalist,805,452,Falco,berigora,NA,NA,Falcons,Falconidae,Falconiformes,20,1,1,4,0,1,0,0,2,37,11,1,13.5,NA,Falconidae,"Falcons, Caracaras","Falcons, Caracaras",Australian,1,0,0,0,0,0,0,0,0,6,6,LC,NA,LC,NA,LC,NA,LC,NA,LC,NA,not listed,NA,not listed,not listed,not listed,not listed,not listed,not listed,not listed,not listed,not listed,LC,not listed,not listed,not listed,not listed,Core,Core,Core,Core,Core,Core,Core,Core,not listed,not listed,not listed,not listed,not listed,not listed,not listed,not listed,0,present,certain,present,certain,not listed,NA,not listed,NA,not listed,NA,0,0,45,40,50,574,316,860,491,316,790,656,430,860,NAV,NAV,NAV,HANZAB,6.24,6.46,0.1,1,1,1,1,1,1,1,1,0,0,0,0,0,0,0,0,0,0,0,0,0,0,0,0,0,0,0,0,0,1,0,1,0,0,0,0,1,1,1,0,0,0,0,0,0,0,1,0,0,0,0,0,0,1,1,0,0,0,0,1,1,0,NAV,2.7,1,5,51.6,39.4,0,1,0,0,0,0,1,0,0,0,1,1,0,0,0,possible annual outward migration,0,nil,high,6574,2047,77,0.385,0.94,0.97,7755,184,98,100,100,100,2,2,2,31,1,11,9,3,25,8,12,NA,NA,NA,NA,239,239
Falco cenchroides,Nankeen Kestrel,Falconidae,Falconiformes,5,2,3,0,4,20,13.4,9.6,11.6,38.3,249.4,136.1,115.2,54.1,161.4,170.5,Dunning,NA,NO,NA,NA,Woodland,3,2,Carnivore,Invertivore,Generalist,798,450,Falco,cenchroides,NA,NA,Falcons,Falconidae,Falconiformes,20,1,1,1,0,1,0,0,2,37,11,4,8.5,NA,Falconidae,"Falcons, Caracaras","Falcons, Caracaras",Australian,1,0,0,0,0,0,0,0,0,6,6,LC,NA,LC,NA,LC,NA,LC,NA,LC,NA,not listed,NA,not listed,not listed,not listed,not listed,not listed,1,not listed,not listed,not listed,LC,not listed,not listed,not listed,not listed,Core,Core,Core,Core,Core,Core,Core,Core,Core,Core,not listed,not listed,Core,not listed,not listed,not listed,0,present,certain,present,certain,present,probable,vagrant,NA,vagrant,NA,0,0,33,30,35,179,115,273,164,121,195,194,115,273,NAV,NAV,NAV,"HANZAB, del Hoyo et al. (1992-2013)",3.14,3.25,0.08,1,1,1,1,1,1,1,1,0,0,1,0,0,0,0,0,0,0,0,0,0,0,0,0,0,0,0,0,0,1,1,1,1,0,0,0,1,1,1,0,0,0,0,0,1,0,1,1,0,0,0,0,0,1,1,0,0,0,0,1,1,1,NAV,3.5,1,5,37.6,30.4,0,1,0,0,1,0,1,0,0,0,1,1,0,0,0,annual outward migration Non-marine,0,nil,low,2572,822,114,0.389,1.03,1.03,7749,184,98,100,99,100,2,2,2,12,13,25,6,3,10,17,14,NA,NA,NA,NA,240,240
Falco hypoleucos,Gray Falcon,Falconidae,Falconiformes,5,3,2,0,4,24.1,17.1,12.4,15.5,42.1,307.4,152.8,149.5,50.6,144.6,457.2,Dunning,NA,NO,NA,NA,Woodland,3,2,Carnivore,Vertivore,Aerial,807,459,Falco,hypoleucos,NA,NA,Falcons,Falconidae,Falconiformes,20,1,1,5,0,1,0,1,1,37,11,1,13.5,22.3,Falconidae,"Falcons, Caracaras","Falcons, Caracaras",Endemic (breeding only),1,0,0,0,0,0,0,1,0,7,6,VU,D1,VU,D1,VU,D1,VU,D1,VU,D1,not listed,NA,not listed,not listed,not listed,not listed,not listed,not listed,not listed,EN,VU,NT,Rare,not listed,Th,VU,not listed,Core,Core,Core,Core,not listed,not listed,Core,not listed,not listed,not listed,not listed,not listed,not listed,not listed,not listed,0,vagrant,NA,not listed,NA,not listed,NA,not listed,NA,not listed,NA,0,0,38,30,45,466,336,624,336,NAV,NAV,596,568,624,NAV,NAV,NAV,HANZAB,NAV,NAV,0.05,1,1,0,1,1,0,1,0,0,0,0,0,0,0,0,0,0,0,0,0,0,0,0,0,0,0,0,0,0,0,0,1,0,0,0,0,0,0,0,0,0,0,0,0,0,0,0,0,0,0,0,0,0,0,1,0,0,0,0,1,1,0,NAV,2.5,2,3,50.7,38.3,0,1,0,0,0,0,1,0,0,0,1,0,0,1,0,irregular outward dispersal,0,nil,certain,NAV,NAV,NAV,0.51,1.14,1.15,4654,2220,68,97,85,100,47,36,58,5,37,24,0,10,10,1,12,NA,NA,NA,NA,236,u236
Falco longipennis,Australian Hobby,Falconidae,Falconiformes,5,2,3,0,4,19.7,13.6,10.3,12.2,35.9,255,147.8,103.5,58.8,128,249.8,Dunning,NA,NO,NA,NA,Forest,3,2,Carnivore,Vertivore,Aerial,802,454,Falco,longipennis,NA,NA,Falcons,Falconidae,Falconiformes,20,1,1,3,0,1,0,0,3,37,11,1,13.5,NA,Falconidae,"Falcons, Caracaras","Falcons, Caracaras",Australian,1,0,0,0,0,0,0,0,0,6,6,LC,NA,LC,NA,LC,NA,LC,NA,LC,NA,not listed,NA,not listed,not listed,not listed,not listed,not listed,not listed,not listed,not listed,not listed,LC,not listed,not listed,not listed,not listed,Core,Core,Core,Core,Core,Core,Core,Core,not listed,not listed,not listed,not listed,not listed,not listed,not listed,not listed,0,present,certain,present,certain,present,none,not listed,NA,not listed,NA,0,0,33,30,36,244,132,365,214,132,280,275,190,365,NAV,NAV,NAV,HANZAB,3.35,3.47,0.03,1,1,0,0,1,0,1,1,0,0,0,0,0,1,0,1,0,0,0,0,0,0,0,0,0,0,0,0,0,1,1,1,0,0,0,0,0,1,1,0,0,0,0,0,0,0,1,1,0,0,0,0,0,1,1,0,0,0,0,1,0,0,NAV,2.8,2,4,44.4,33.2,0,1,0,0,1,0,1,0,0,0,1,1,0,0,0,annual outward migration Non-marine,0,nil,certain,2436,959,16,0.4,1.15,1.11,7742,185,98,100,100,100,2,2,2,13,1,24,7,6,8,3,39,NA,NA,NA,NA,235,235
Falco peregrinus,Peregrine Falcon,Falconidae,Falconiformes,18,7,8,3,8,31.1,18.4,13.7,15.4,45.1,314.7,165,152.6,52.2,143,760,Dunning,NA,NO,NA,NA,Grassland,3,2,Carnivore,Vertivore,Aerial,809,461,Falco,peregrinus,NA,Subspecies F.p.melanogenys from south-west Australia recognised by del Hoyo et al. (2014) but described as 'poorly differentiated and perhaps best left synonimsed with macropus'. F.p.melanogenys not recognised by Johnstone and Darnell (2015),Falcons,Falconidae,Falconiformes,20,1,1,7,0,1,0,0,18,37,11,1,13.5,NA,Falconidae,"Falcons, Caracaras","Falcons, Caracaras",Australian,1,0,0,0,0,0,0,0,0,3,3,LC,NA,LC,NA,LC,NA,LC,NA,LC,NA,not listed,NA,not listed,not listed,not listed,not listed,not listed,not listed,not listed,not listed,not listed,LC,Rare,not listed,not listed,Other,Core,Core,Core,Core,Core,Core,Core,Core,not listed,not listed,not listed,not listed,not listed,not listed,not listed,not listed,0,present,probable,present,possible,present,none,not listed,NA,present,none,0,0,43,35,50,1090,445,1500,598,445,750,1110,925,1300,1333,550,1500,HANZAB,6.19,6.41,0.03,1,1,1,1,1,1,1,1,0,0,1,0,1,1,0,1,0,0,0,0,0,0,0,0,0,0,0,0,1,1,1,1,0,0,0,0,1,1,1,0,0,0,0,0,1,1,1,1,0,0,0,0,0,0,1,0,0,0,0,1,0,0,NAV,2.8,1,4,52.5,41.1,0,1,0,0,0,0,1,0,0,0,1,0,0,0,0,probable annual outward migration,1,low,low,5590,504,219,0.439,1.15,1.11,7346,184,98,98,84,104,3,2,3,5,3,60,4,5,4,1,19,NA,NA,NA,NA,237,237
Falco subniger,Black Falcon,Falconidae,Falconiformes,4,1,1,2,4,27.7,20.4,12.8,16.9,50.6,374.8,182,192.8,48.6,224.8,776,Dunning,NA,NO,NA,NA,Woodland,3,2,Carnivore,Vertivore,Generalist,808,460,Falco,subniger,NA,NA,Falcons,Falconidae,Falconiformes,20,1,1,6,0,1,0,1,1,37,11,1,13.5,22.3,Falconidae,"Falcons, Caracaras","Falcons, Caracaras",Endemic (entirely Australian),1,0,0,0,0,0,1,0,0,7,7,LC,NA,LC,NA,LC,NA,LC,NA,LC,NA,not listed,NA,not listed,not listed,not listed,not listed,not listed,not listed,not listed,VU,not listed,LC,not listed,not listed,not listed,not listed,not listed,Core,Core,Core,Core,not listed,Core,Core,not listed,not listed,not listed,not listed,not listed,not listed,not listed,not listed,0,not listed,NA,not listed,NA,not listed,NA,vagrant,NA,not listed,NA,0,0,50,45,55,738,510,1000,636,510,710,840,610,1000,754,560,920,HANZAB,6.5,6.73,0.03,1,1,0,1,1,0,1,1,0,0,0,0,0,1,0,1,0,0,0,0,0,0,0,0,0,0,0,0,0,1,0,1,0,0,0,0,0,1,1,0,0,0,0,0,0,0,0,0,0,0,0,0,0,0,1,0,0,0,0,1,0,0,NAV,3.3,1,5,53.7,40.5,0,1,0,0,0,0,1,0,0,0,1,1,0,0,0,irregular outward dispersal,0,nil,certain,4244,346,4,0.452,1.04,1.04,4842,2662,65,51,33,79,25,16,37,21,1,17,7,14,27,8,6,NA,NA,NA,NA,238,u238
Falcunculus frontatus,Eastern Shrike-tit,Falcunculidae,Passeriformes,15,7,8,0,4,19.7,10.2,5.4,10.5,20.9,89.8,19.5,72.6,21.1,78.1,27.9,Dunning,NA,NO,NA,NA,Woodland,1,1,Carnivore,Invertivore,Insessorial,1529,1492,Falcunculus,frontatus,NA,NA,Shriketits,Falcunculidae,Passeriformes,22,17,1,1,0,1,0,0,3,3,1,136,13.5,NA,CC5CC6d,"Whipbirds, Quail-Thrushes, Allies","Cuckoo-Shrikes, Helmetshrikes, Shrike-Flycatchers, Vangas, Whipbirds, Shrike-Thrushes, Whistlers, Shrikes, Monarchs, Vireos, Orioles, Drongos, Fantails, Birds Of Paradise, Crows, Jays, Allies",Endemic (entirely Australian),1,0,0,0,0,0,1,0,0,7,7,LC,NA,LC,NA,LC,NA,LC,NA,LC,NA,not listed,NA,not listed,not listed,not listed,not listed,not listed,not listed,not listed,not listed,not listed,LC,Rare,not listed,not listed,not listed,Core,Core,Core,Core,Core,not listed,Core,Core,not listed,not listed,not listed,not listed,not listed,not listed,not listed,not listed,0,not listed,NA,not listed,NA,not listed,NA,not listed,NA,not listed,NA,0,0,17,16,19,25.7,22.4,40,27,26.5,40,25.4,22.4,33.2,NAV,NAV,NAV,HANZAB,1.24,1.28,0.16,0,0,0,0,0,0,1,1,1,1,0,0,0,0,0,0,0,0,0,0,0,0,0,0,0,0,0,0,0,1,1,0,0,0,0,0,0,1,1,1,1,0,0,0,0,0,1,1,0,0,1,0,0,1,0,0,0,0,0,1,1,0,8.5,2,2,3,23.2,16.3,0,1,0,0,0,0,1,0,0,0,1,0,0,0,0,none,0,nil,certain,4358,10,125,0.711,0.79,0.87,1242,306,80,48,32,70,11,8,19,16,2,13,1,7,0,0,61,NA,NA,NA,NA,416,416
Fregata ariel,Lesser Frigatebird,Fregatidae,Suliformes,7,3,4,0,4,91.4,76.8,19.9,17.2,14.9,513,333,183.5,64.6,277,804.3,Dunning,NA,NO,NA,NA,Marine,3,3,Carnivore,Aquatic predator,Aerial,659,336,Fregata,ariel,NA,NA,Frigatebirds,Fregatidae,Pelecaniformes,15,5,1,1,0,1,0,0,3,5,1,10,27.1,NA,Fregatidae,"Cormorants, Anhingas, Gannets, Frigatebirds","Cormorants, Anhingas, Gannets, Frigatebirds",Australian,1,0,0,0,0,0,0,0,0,3,3,LC,NA,LC,NA,LC,NA,LC,NA,LC,NA,not listed,NA,not listed,1,1,1,1,1,not listed,not listed,not listed,LC,not listed,not listed,not listed,not listed,not listed,not listed,Core,Core,not listed,not listed,not listed,Core,not listed,not listed,not listed,not listed,Core,Core,not listed,Core,1,present,certain,present,certain,present,probable,vagrant,NA,present,probable,0,0,75,70,80,997,780,1250,NAV,NAV,NAV,1110,970,1250,942,780,1110,HANZAB,NAV,NAV,0.02,0,0,0,0,0,0,0,0,0,0,0,0,0,0,0,0,0,0,0,0,0,0,0,0,1,0,0,0,0,0,0,0,0,0,0,1,0,0,0,0,1,1,0,0,0,0,0,0,0,0,0,0,0,0,0,0,0,1,0,1,0,1,NAV,1,1,1,63.2,43.7,1,1,0,0,0,0,0,1,0,0,NAV,NAV,NAV,0,0,marine outward,1,high,high,8679,2415,16,NA,1.29,1.38,NA,NA,NA,NA,NA,NA,NA,NA,NA,NA,NA,NA,NA,NA,NA,NA,NA,498,725,-3.7,-0.8,95,95
Fulica atra,Eurasian Coot,Rallidae,Gruiformes,9,5,4,0,4,37.7,16.5,5.6,10.5,57,198.2,78.6,120,39.6,53.9,717.1,Dunning,NA,NO,NA,NA,Wetland,3,1,Herbivore,Herbivore aquatic,Generalist,265,504,Fulica,atra,NA,NA,"Crakes, Rails and Swamphens",Rallidae,Gruiformes,10,1,13,2,0,1,0,0,4,11,38,6,7.4,NA,Rallidae,"Rails, Finfoots","Rails, Finfoots",Australian,1,0,0,0,0,0,0,0,0,3,3,LC,NA,LC,NA,LC,NA,LC,NA,LC,NA,not listed,NA,not listed,not listed,not listed,not listed,not listed,not listed,not listed,not listed,not listed,LC,not listed,not listed,not listed,not listed,Core,Core,Core,Core,Core,Core,Core,Core,not listed,not listed,not listed,not listed,not listed,not listed,not listed,not listed,0,present,probable,present,probable,present,probable,present,certain,not listed,NA,0,0,37,35,39,651,427,848,742,481,848,560,427,628,NAV,NAV,NAV,del Hoyo et al. (1992-2013),2.85,2.95,-0.25,0,0,0,0,1,0,0,0,0,0,0,1,1,1,0,0,0,0,0,0,0,0,0,0,0,0,0,0,0,1,1,0,0,0,0,1,0,0,0,0,0,0,1,0,0,0,1,1,0,0,0,1,0,0,0,0,0,0,0,0,0,1,NAV,5.8,1,14,49.6,34,0,1,0,0,0,0,1,0,0,1,0,0,0,1,1,irregular outward dispersal,0,nil,certain,2620,797,1050,0.466,1.04,1.03,5648,2114,73,97,87,101,39,30,40,7,6,26,4,5,4,1,47,NA,NA,NA,NA,59,59
Gallinago hardwickii,Latham's Snipe,Scolopacidae,Charadriiformes,5,3,2,0,4,73.1,63.3,5,7.7,34.9,151,72.5,77.2,48.4,60.8,151.3,Dunning,NA,NO,NA,NA,Human Modified,3,3,Carnivore,Aquatic predator,Terrestrial,360,557,Gallinago,hardwickii,NA,NA,"Snipe, Sandpipers, Godwits, Curlew, Stints and Phalaropes",Scolopacidae,Charadriiformes,11,9,7,1,0,1,0,1,1,17,16,17,6,12.1,Scolopaci,"Sandpipers, Jacanas, Seedsnipes, Allies","Sandpipers, Jacanas, Seedsnipes, Allies",Non-breeding migrant,1,0,0,0,0,0,0,0,1,0,7,LC,NA,LC,NA,LC,NA,LC,NA,LC,NA,not listed,NA,A2H,1,1,1,1,1,not listed,not listed,not listed,LC,Rare,not listed,not listed,not listed,not listed,Core,not listed,Core,Core,Core,Core,not listed,not listed,Core,not listed,not listed,not listed,not listed,not listed,not listed,0,present,certain,present,certain,not listed,NA,vagrant,NA,not listed,NA,0,0,31,29,33,162,116,277,152,116,274,162,120,277,168,144,203,HANZAB,1.99,2.06,-0.13,0,0,0,0,1,0,0,0,0,0,0,0,0,0,1,1,0,0,0,0,0,0,0,0,0,0,0,0,1,1,1,NA,NA,NA,NA,NA,NA,NA,NA,NA,NA,NA,NA,NA,NA,NA,NA,NA,0,0,1,0,0,1,0,0,0,0,1,1,0,1,18.6,4,2,5,NAV,NAV,1,0,0,0,0,0,NA,NA,NA,NA,0,0,1,0,0,annual inward migration Non-marine,1,total,certain,1003,9152,38,0.788,0.89,0.98,1074,235,82,62,30,104,11,5,28,2,16,4,2,4,3,0,69,NA,NA,NA,NA,168,u168
Gallinula tenebrosa,Dusky Moorhen,Rallidae,Gruiformes,5,1,1,3,4,36.1,16.1,5.2,9.5,56.1,197.2,67,134.8,33.2,72.4,530.1,Dunning,NA,NO,NA,NA,Wetland,2,1,Herbivore,Omnivore,Terrestrial,261,502,Gallinula,tenebrosa,NA,NA,"Crakes, Rails and Swamphens",Rallidae,Gruiformes,10,1,11,2,0,1,0,0,3,6,38,6,9,NA,Rallidae,"Rails, Finfoots","Rails, Finfoots",Australian,1,0,0,0,0,0,0,0,0,6,6,LC,NA,LC,NA,LC,NA,LC,NA,LC,NA,not listed,NA,not listed,not listed,not listed,not listed,not listed,not listed,not listed,not listed,not listed,LC,not listed,not listed,not listed,not listed,Core,Core,not listed,Core,Core,Core,Core,Core,not listed,not listed,not listed,not listed,not listed,not listed,not listed,not listed,0,present,none,present,none,present,none,vagrant,NA,present,probable,0,0,38,35,40,432,290,721,NAV,NAV,NAV,NAV,NAV,NAV,432,290,721,del Hoyo et al. (1992-2013),2.71,2.81,-0.25,0,0,0,0,1,0,0,0,0,0,0,1,1,1,1,1,0,0,0,0,0,0,0,0,0,0,0,0,0,1,1,0,0,0,0,0,0,0,0,0,0,0,1,0,0,0,1,1,0,0,1,1,0,0,0,0,0,0,1,0,0,1,NAV,7.8,5,18,51.3,35.1,0,1,0,0,0,0,1,0,0,1,1,0,0,1,0,irregular outward dispersal,0,nil,certain,3437,285,101,1.034,0.96,0.97,1392,347,80,67,35,108,16,5,36,4,4,19,3,6,2,1,61,NA,NA,NA,NA,56,56
Gelochelidon macrotarsa,Australian Tern,Laridae,Charadriiformes,18,7,6,5,11,43.9,27.2,6.2,11.2,31.9,307.7,207.5,107.7,65.8,121.5,218.3,Dunning,NA,NO,NA,NA,Coastal,3,3,Carnivore,Omnivore,Aerial,439,658,Gelochelidon,macrotarsa,NA,Species from del Hoyo et al. (2014),"Gulls, Terns and Noddies",Laridae,Charadriiformes,11,13,11,2,0,1,0,1,6,1,24,17,13.5,14.2,Lari,"Gulls, Terns, Auks, Crab Plover","Gulls, Terns, Auks, Crab Plover",Endemic (entirely Australian),1,0,0,0,0,0,1,0,0,7,7,LC,NA,LC,NA,LC,NA,LC,NA,LC,NA,not listed,NA,not listed,not listed,not listed,not listed,not listed,1,not listed,not listed,not listed,LC,not listed,not listed,Th,not listed,not listed,Core,Core,Core,Core,not listed,Core,Core,not listed,not listed,not listed,not listed,not listed,not listed,not listed,not listed,0,present,certain,present,certain,not listed,NA,present,certain,not listed,NA,0,0,37,35,38,242,160,345,292,262,345,184,NAV,NAV,245,160,290,HANZAB,NAV,NAV,-0.06,0,1,0,0,1,0,0,0,0,0,0,0,1,1,0,1,0,0,0,0,0,0,0,0,0,0,1,1,0,0,0,0,1,0,0,0,0,0,0,0,0,0,1,0,0,0,0,0,0,0,0,0,0,1,1,0,1,1,1,0,0,1,NAV,2.5,1,3,52.6,36.5,1,1,0,0,0,0,0,1,0,0,0,1,0,0,0,annual outward migration Non-marine,0,nil,certain,4065,6370,111,0.468,0.85,0.91,4899,2256,68,63,36,89,30,18,41,9,5,5,53,8,7,4,10,267,575,-10.1,1,5056,u5056
Geopelia cuneata,Diamond Dove,Columbidae,Columbiformes,5,2,3,0,4,12.8,6.3,2.2,2.4,13.8,89.2,31.8,57.5,35.6,100.4,31.6,Dunning,NA,NO,NA,NA,Grassland,2,1,Herbivore,Granivore,Terrestrial,121,134,Geopelia,cuneata,NA,NA,Pigeons and Doves,Columbidae,Columbiformes,6,1,9,1,0,1,0,1,1,5,46,1,16.3,25.7,Columbidae,"Pigeons, Doves","Pigeons, Doves",Endemic (entirely Australian),1,0,0,0,0,0,1,0,0,7,7,LC,NA,LC,NA,LC,NA,LC,NA,LC,NA,not listed,NA,not listed,not listed,not listed,not listed,not listed,not listed,not listed,not listed,not listed,LC,not listed,not listed,Th,not listed,not listed,Core,Core,Core,Core,not listed,Core,Core,not listed,not listed,not listed,not listed,not listed,not listed,not listed,not listed,0,not listed,NA,not listed,NA,not listed,NA,not listed,NA,not listed,NA,0,0,22,19,24,32.1,24,39,33.2,28,39,31,24,37,NAV,NAV,NAV,HANZAB,0.78,0.81,-0.09,1,1,0,1,1,1,1,1,0,0,0,0,0,0,0,0,0,0,0,0,0,0,0,0,0,0,0,0,0,0,0,1,0,0,1,1,1,1,1,0,0,0,0,0,0,0,0,0,0,0,1,0,0,0,0,0,0,0,0,0,1,1,NAV,2,2,2,19.9,15.2,0,1,0,0,0,0,1,0,0,0,1,1,0,1,0,none,0,nil,certain,658,2,36,0.454,1.17,1.15,5906,1062,85,102,98,103,24,21,28,8,9,59,1,1,7,1,13,NA,NA,NA,NA,31,u31
Geopelia humeralis,Bar-shouldered Dove,Columbidae,Columbiformes,5,2,3,0,4,19.3,10,3.4,3.6,22.6,138.2,41.5,96,30.2,134,128.4,Dunning,NA,NO,NA,NA,Woodland,2,1,Herbivore,Granivore,Terrestrial,126,139,Geopelia,humeralis,NA,Species from del Hoyo et al. (2014). Considered monotypic by Johnstone and Darnell (2015).,Pigeons and Doves,Columbidae,Columbiformes,6,1,9,3,0,1,0,0,4,5,46,1,16.3,NA,Columbidae,"Pigeons, Doves","Pigeons, Doves",Australian,1,0,0,0,0,0,0,0,0,6,6,LC,NA,LC,NA,LC,NA,LC,NA,LC,NA,not listed,NA,not listed,not listed,not listed,not listed,not listed,not listed,not listed,not listed,not listed,LC,not listed,not listed,not listed,not listed,not listed,Core,Core,Core,not listed,not listed,not listed,Core,not listed,not listed,not listed,not listed,not listed,not listed,not listed,not listed,0,present,none,present,none,not listed,NA,not listed,NA,not listed,NA,0,0,29,27,30,123,90,149,133,116,149,114,90,137,NAV,NAV,NAV,HANZAB,1.26,1.31,-0.23,1,0,1,1,1,1,1,1,0,1,1,0,0,0,0,0,0,0,0,1,1,0,0,0,0,0,0,0,0,1,1,1,0,1,1,0,1,1,1,0,1,1,0,0,0,0,1,1,0,0,1,0,0,0,0,0,0,0,0,0,1,1,22.1,2,2,3,28,21.4,0,1,0,0,0,0,1,0,0,0,1,0,0,0,0,none,0,nil,certain,5108,37,330,0.643,1.21,1.14,2152,216,91,104,77,123,27,12,58,26,2,0,0,30,5,36,1,NA,NA,NA,NA,32,32
Gerygone fusca,Western Gerygone,Acanthizidae,Passeriformes,12,5,7,0,4,10.8,5.6,2.7,2.6,16.9,56.8,11.8,45.1,20.6,41.8,5.4,Dunning,NA,NO,NA,NA,Woodland,2,1,Carnivore,Invertivore,Insessorial,1310,1160,Gerygone,fusca,NA,NA,Thornbills and Gerygones,Acanthizidae,Passeriformes,22,10,2,10,0,1,0,0,3,18,13,136,3.2,NA,BC6,"Thornbills, Gerygones","Honeyeaters, Thornbills, Bristlebirds, Australasian Wrens, Allies",Endemic (entirely Australian),1,0,0,0,0,0,1,0,0,7,7,LC,NA,LC,NA,LC,NA,LC,NA,LC,NA,not listed,NA,not listed,not listed,not listed,not listed,not listed,not listed,not listed,not listed,not listed,LC,Rare,not listed,not listed,not listed,Core,Core,Core,Core,Core,not listed,Core,Core,not listed,not listed,not listed,not listed,not listed,not listed,not listed,not listed,0,not listed,NA,not listed,NA,not listed,NA,not listed,NA,not listed,NA,0,0,11,9,12,5.9,4.5,7.6,6.1,5,7.6,5.8,4.5,7.1,NAV,NAV,NAV,HANZAB,0.34,0.35,-0.01,1,0,0,0,0,1,1,1,0,0,0,0,0,0,0,0,0,0,0,0,0,0,0,0,0,0,0,0,0,1,1,1,0,0,0,0,1,1,1,0,0,0,0,0,0,0,1,1,0,0,0,0,0,1,0,0,0,0,0,1,1,0,5.4,2.7,1,3,16.5,11.7,0,0,1,0,0,0,1,0,0,0,1,1,0,0,0,none,0,nil,certain,2898,9,298,0.607,1.16,1.11,4276,804,84,48,29,77,13,9,28,43,14,1,1,10,18,10,2,NA,NA,NA,NA,463,463
Gerygone levigaster,Mangrove Gerygone,Acanthizidae,Passeriformes,12,5,7,0,4,11.9,7,2.7,2.6,16.9,53.8,8,43.5,15.5,39.7,6.2,Dunning,NA,NO,NA,NA,Woodland,2,1,Carnivore,Invertivore,Insessorial,1306,1156,Gerygone,levigaster,NA,NA,Thornbills and Gerygones,Acanthizidae,Passeriformes,22,10,2,9,0,1,0,0,3,18,13,136,3.2,NA,BC6,"Thornbills, Gerygones","Honeyeaters, Thornbills, Bristlebirds, Australasian Wrens, Allies",Australian,1,0,0,0,0,0,0,0,0,6,6,LC,NA,LC,NA,LC,NA,LC,NA,LC,NA,not listed,NA,not listed,not listed,not listed,not listed,not listed,not listed,not listed,not listed,not listed,LC,not listed,not listed,not listed,not listed,not listed,Core,Core,Core,not listed,not listed,not listed,Core,not listed,not listed,not listed,not listed,not listed,not listed,not listed,not listed,0,present,certain,present,probable,not listed,NA,not listed,NA,not listed,NA,0,0,11,10,12,6.6,5,9.5,6.9,5,9.5,6.4,5,7,NAV,NAV,NAV,HANZAB,NAV,NAV,0,0,0,0,0,0,0,1,0,0,0,1,0,0,0,0,0,0,0,0,0,0,0,0,0,0,0,0,0,0,0,1,0,0,0,0,0,0,1,0,0,0,1,0,0,0,0,0,1,0,0,0,0,0,1,0,0,0,0,0,1,1,1,NAV,2.8,1,4,16.5,11.8,0,0,1,0,0,0,1,0,0,0,1,0,0,0,0,local dispersal,1,high,certain,2122,0,117,0.964,1.22,1.15,NA,NA,NA,NA,NA,NA,NA,NA,NA,16,18,4,0,4,3,49,7,NA,NA,NA,NA,460,460
Gerygone mouki,Brown Gerygone,Acanthizidae,Passeriformes,17,7,10,0,4,11.1,6.3,2.6,2.6,17,49.9,7.7,40.4,16,42.2,5.2,Dunning,NA,NO,NA,NA,Forest,1,1,Carnivore,Invertivore,Insessorial,1283,1150,Gerygone,mouki,NA,NA,Thornbills and Gerygones,Acanthizidae,Passeriformes,22,10,2,1,0,1,0,0,3,18,13,136,3.2,NA,BC6,"Thornbills, Gerygones","Honeyeaters, Thornbills, Bristlebirds, Australasian Wrens, Allies",Endemic (entirely Australian),1,0,0,0,0,0,1,0,0,7,7,LC,NA,LC,NA,LC,NA,LC,NA,LC,NA,not listed,NA,not listed,not listed,not listed,not listed,not listed,not listed,not listed,not listed,not listed,LC,not listed,not listed,not listed,not listed,not listed,Core,not listed,Core,not listed,not listed,Core,not listed,not listed,not listed,not listed,not listed,not listed,not listed,not listed,not listed,0,not listed,NA,not listed,NA,not listed,NA,not listed,NA,not listed,NA,0,0,11,9,11,5.4,4.5,7.6,5.4,4.6,7.2,5.4,4.5,7.6,NAV,NAV,NAV,HANZAB,NAV,NAV,0,0,0,0,0,0,0,0,1,1,1,0,0,0,0,0,0,0,0,0,0,0,0,0,0,0,0,0,0,0,0,1,0,0,0,0,0,0,0,0,1,1,0,0,0,0,0,0,1,0,0,0,0,0,1,0,0,0,0,0,0,1,1,4.2,2.9,1,4,16.4,11.7,0,0,1,0,0,0,1,0,0,0,1,0,0,0,0,none,0,nil,certain,3245,0,92,1.728,1.29,1.19,207,77,73,61,19,96,50,23,121,15,10,2,0,29,1,0,42,NA,NA,NA,NA,454,454
Gerygone olivacea,White-throated Gerygone,Acanthizidae,Passeriformes,16,5,11,0,6,11.7,6.7,3,2.8,17.2,56.5,10.8,46.2,18.9,37.6,6.7,Dunning,NA,NO,NA,NA,Woodland,2,1,Carnivore,Invertivore,Insessorial,1293,1177,Gerygone,olivacea,NA,Species name differs from Christidis and Boles (2008) - olivacea instead of albogularis. Ref. Bulletin of Zoological Nomenclature 66 p375NA378 - http://iczn.org/content/opinionNA2240NAcaseNA3418NAspecificNAnamesNAnineNAaustralianNAbirdsNAavesNAconserved,Thornbills and Gerygones,Acanthizidae,Passeriformes,22,10,2,4,0,1,0,0,3,18,13,136,3.2,NA,BC6,"Thornbills, Gerygones","Honeyeaters, Thornbills, Bristlebirds, Australasian Wrens, Allies",Australian,1,0,0,0,0,0,0,0,0,6,6,LC,NA,LC,NA,LC,NA,LC,NA,LC,NA,not listed,NA,not listed,not listed,not listed,not listed,not listed,not listed,not listed,not listed,not listed,LC,Rare,not listed,not listed,not listed,Core,Core,Core,Core,Core,not listed,Core,Core,not listed,not listed,not listed,not listed,not listed,not listed,not listed,not listed,0,not listed,NA,not listed,NA,not listed,NA,not listed,NA,not listed,NA,0,0,11,9,12,6.5,5,8.5,6.7,5,8.5,6.2,5,8.4,NAV,NAV,NAV,HANZAB,NAV,NAV,0,1,0,0,0,0,0,1,1,1,1,1,0,0,0,0,0,0,0,0,0,0,0,0,0,0,0,0,0,0,1,1,1,0,0,0,0,0,1,1,1,1,1,0,0,0,0,1,1,0,0,0,0,0,1,0,0,0,0,0,1,1,0,5.1,2.8,1,4,17.6,12.1,0,0,1,0,0,0,1,0,0,0,1,1,0,0,0,none,0,nil,certain,2315,3,23,0.621,1.17,1.12,1911,255,88,46,19,72,10,5,20,2,2,12,1,76,1,2,4,NA,NA,NA,NA,453,453
Glareola maldivarum,Oriental Pratincole,Glareolidae,Charadriiformes,5,2,3,0,4,18.5,9.7,5.2,6.1,32.1,176.2,104.6,72.2,59.2,78.4,75.2,Dunning,NA,NO,NA,NA,Grassland,3,3,Carnivore,Invertivore,Aerial,390,626,Glareola,maldivarum,NA,NA,Pratincoles,Glareolidae,Charadriiformes,11,11,2,1,0,1,0,1,1,7,4,17,12.8,21.4,Lari,"Gulls, Terns, Auks, Crab Plover","Gulls, Terns, Auks, Crab Plover",Non-breeding migrant,1,0,0,0,0,0,0,0,1,0,6,LC,NA,LC,NA,LC,NA,LC,NA,LC,NA,not listed,NA,not listed,1,1,1,1,1,not listed,not listed,not listed,LC,not listed,not listed,not listed,not listed,not listed,not listed,Core,Core,not listed,not listed,not listed,Core,not listed,not listed,not listed,not listed,Core,not listed,not listed,not listed,0,present,certain,present,certain,present,probable,vagrant,NA,not listed,NA,0,0,24,23,24,75.3,59,95,75.2,65,90,75.8,65,85,75.1,59,95,HANZAB,NAV,NAV,-0.09,0,0,0,0,1,0,0,0,0,0,0,0,0,0,0,1,0,0,0,0,0,0,0,0,0,0,0,0,1,1,0,NA,NA,NA,NA,NA,NA,NA,NA,NA,NA,NA,NA,NA,NA,NA,NA,NA,0,0,0,0,0,1,0,0,0,0,0,0,0,1,NAV,2.5,2,3,NAV,NAV,1,0,0,0,0,0,NA,NA,NA,NA,0,0,0,0,1,annual inward migration Non-marine,1,total,certain,1592,4741,12,1.018,1.19,1.16,1121,336,77,7,1,44,4,1,32,5,3,3,2,6,14,1,65,NA,NA,NA,NA,172,u172
Glossopsitta concinna,Musk Lorikeet,Psittaculidae,Psittaciformes,5,2,3,0,4,17.8,13.2,8.9,15,14.8,124.6,65.5,57.2,53.4,90.8,70.5,Dunning,NA,NO,NA,NA,Woodland,2,1,Herbivore,Omnivore,Insessorial,928,749,Glossopsitta,concinna,NA,NA,"Parrots, Lorikeets and Rosellas",Psittaculidae,Psittaciformes,21,3,17,1,0,1,0,0,2,3,45,4,12.3,NA,Psittacidae1,Parrots,Parrots,Endemic (entirely Australian),1,0,0,0,0,0,1,0,0,7,7,LC,NA,LC,NA,LC,NA,LC,NA,LC,NA,not listed,NA,not listed,not listed,not listed,not listed,not listed,not listed,not listed,not listed,not listed,LC,not listed,not listed,not listed,not listed,Core,Core,not listed,Core,Core,Core,Core,not listed,not listed,not listed,not listed,not listed,not listed,not listed,not listed,not listed,0,not listed,NA,not listed,NA,not listed,NA,not listed,NA,not listed,NA,0,0,22,20,23,70.8,57,90,71.8,58,90,69.8,57,86,NAV,NAV,NAV,HANZAB,2.87,2.97,0.29,0,0,1,0,0,1,0,1,0,0,0,0,0,0,0,0,0,0,0,0,0,0,0,0,0,0,0,0,0,1,1,0,0,0,0,0,1,0,1,0,0,0,0,0,0,0,1,1,1,1,0,0,0,0,0,0,0,0,0,0,1,1,NAV,2,2,4,25.1,20.7,0,0,0,0,1,0,0,1,0,0,0,0,0,1,0,none,0,nil,certain,815,82,11,1.392,0.84,0.91,434,323,57,53,29,71,43,26,62,12,3,50,2,8,3,2,20,NA,NA,NA,NA,258,258
Grallina cyanoleuca,Magpie-lark,Monarchidae,Passeriformes,15,6,9,0,4,26.2,15.6,5.7,5.5,41.7,172.1,46.3,127.8,26.6,115.5,82.6,Dunning,NA,NO,NA,NA,Grassland,2,1,Carnivore,Invertivore,Terrestrial,1681,1683,Grallina,cyanoleuca,NA,NA,Monarch and Flycatchers,Monarchidae,Passeriformes,22,27,3,1,0,1,0,0,2,2,18,136,5.9,NA,CC8,"Shrikes, Monarchs, Drongos, Fantails, Birds Of Paradise, Crows, Jays, Allies","Cuckoo-Shrikes, Helmetshrikes, Shrike-Flycatchers, Vangas, Whipbirds, Shrike-Thrushes, Whistlers, Shrikes, Monarchs, Vireos, Orioles, Drongos, Fantails, Birds Of Paradise, Crows, Jays, Allies",Australian,1,0,0,0,0,0,0,0,0,6,6,LC,NA,LC,NA,LC,NA,LC,NA,LC,NA,not listed,NA,not listed,not listed,not listed,not listed,not listed,1,not listed,not listed,not listed,LC,not listed,not listed,not listed,not listed,Core,Core,Core,Core,Core,not listed,Core,Core,not listed,Introduced,not listed,not listed,not listed,not listed,not listed,not listed,0,present,certain,present,certain,present,certain,not listed,NA,not listed,NA,0,0,28,24,30,88,57,118,92.5,59,118,83.5,57,94.5,NAV,NAV,NAV,HANZAB,1.68,1.74,0,1,1,0,0,1,1,1,1,0,0,0,0,0,0,0,1,0,0,0,0,0,0,0,0,0,0,0,0,0,1,1,1,0,0,0,0,1,1,1,0,0,0,0,0,0,0,1,1,0,0,0,0,0,1,0,0,1,0,1,0,1,0,19,3.8,1,5,28.4,20.9,0,1,0,0,0,0,1,0,0,0,1,1,0,1,0,possible annual outward migration,0,nil,low,4432,58,309,0.397,1.1,1.06,6547,1335,83,100,100,100,21,21,21,6,7,30,2,36,2,0,16,NA,NA,NA,NA,415,415
Grantiella picta,Painted Honeyeater,Meliphagidae,Passeriformes,7,1,3,3,4,16.9,8.9,3.4,3.9,17.4,87,29.5,55.9,34.5,51.9,21.5,Dunning,NA,NO,NA,NA,Woodland,2,3,Herbivore,Omnivore,Insessorial,1096,1422,Grantiella,picta,NA,Genus from Joseph et al. (2013) and Dickinson and Christidis (2014),Honeyeaters and Chats,Meliphagidae,Passeriformes,22,8,3,1,0,1,0,1,1,1,50,136,5.3,11,BC7,Honeyeaters,"Honeyeaters, Thornbills, Bristlebirds, Australasian Wrens, Allies",Endemic (entirely Australian),1,0,0,0,0,0,1,0,0,7,7,VU,C1,NT,C2a(ii),NT,C2a(ii),VU,C2a(ii),VU,C2a(ii),VU,2015,not listed,not listed,not listed,not listed,not listed,not listed,VU,VU,VU,VU,Rare,not listed,Th,not listed,not listed,Core,Core,Core,Core,not listed,Core,not listed,not listed,not listed,not listed,not listed,not listed,not listed,not listed,not listed,0,not listed,NA,not listed,NA,not listed,NA,not listed,NA,not listed,NA,0,0,15,14,15,20.7,18,25,22.7,20,25,18,NAV,NAV,21,NAV,NAV,HANZAB,0.7,0.73,-0.03,1,0,0,0,0,0,1,1,0,0,0,0,0,0,0,0,0,0,0,0,0,0,0,0,0,0,0,0,0,1,1,0,0,0,0,0,0,0,1,0,0,0,0,0,0,0,1,1,1,1,0,0,0,1,0,0,0,0,0,1,1,0,NAV,2.5,2,3,19.5,14.5,0,1,0,0,0,0,0,1,0,0,0,0,1,0,0,none,0,nil,certain,368,0,4,0.71,0.98,1,1436,971,60,68,38,85,36,14,89,2,28,8,2,13,10,2,35,NA,NA,NA,NA,598,u598
Gygis alba,White Tern,Laridae,Charadriiformes,8,5,3,0,8,44.4,27.9,3.7,6.2,12.1,233.4,153.2,80.1,65.5,90.2,117,Updated_literature,BoW,NO,NA,NA,Marine,3,2,Carnivore,Aquatic predator,Aerial,405,640,Gygis,alba,NA,NA,"Gulls, Terns and Noddies",Laridae,Charadriiformes,11,13,3,1,0,1,0,0,4,2,24,17,10.7,NA,Lari,"Gulls, Terns, Auks, Crab Plover","Gulls, Terns, Auks, Crab Plover",Australian,1,0,0,0,0,0,0,0,0,2,2,LC,NA,LC,NA,LC,NA,LC,NA,LC,NA,not listed,NA,not listed,not listed,not listed,not listed,not listed,1,not listed,VU,not listed,LC,not listed,not listed,not listed,not listed,not listed,not listed,not listed,not listed,not listed,not listed,not listed,not listed,Core,Core,not listed,not listed,not listed,Core,not listed,not listed,1,not listed,NA,not listed,NA,not listed,NA,vagrant,NA,present,possible,0,1,31,28,33,112,90,142,113,97,142,111,90,135,NAV,NAV,NAV,HANZAB,1.93,2,0,0,0,0,0,0,0,0,0,0,0,0,0,0,0,0,0,0,0,0,0,0,0,0,0,0,0,0,1,0,0,0,0,0,0,0,0,0,0,0,0,1,0,0,0,0,0,0,0,0,0,0,0,0,0,0,0,0,1,0,1,1,1,NAV,1,1,1,43.1,32.5,0,1,0,0,0,0,1,1,0,0,1,1,0,0,0,marine outward,1,high,low,NAV,NAV,NAV,NA,1.29,1.27,NA,NA,NA,NA,NA,NA,NA,NA,NA,NA,NA,NA,NA,NA,NA,NA,NA,298,375,-9.4,-1.6,972,972
Haematopus fuliginosus,Sooty Oystercatcher,Haematopodidae,Charadriiformes,6,0,0,6,4,80.8,61.1,9,12.7,51.9,283,126.2,156.5,44.7,118,819,Dunning,NA,NO,NA,NA,Coastal,3,1,Carnivore,Aquatic predator,Terrestrial,277,514,Haematopus,fuliginosus,NA,NA,Oystercatchers,Haematopodidae,Charadriiformes,11,3,1,3,0,1,0,0,2,12,2,17,13.5,NA,Charadrii,"Waders, Allies","Waders, Allies",Endemic (entirely Australian),1,0,0,0,0,0,1,0,0,7,7,LC,NA,LC,NA,LC,NA,LC,NA,LC,NA,not listed,NA,not listed,not listed,not listed,not listed,not listed,not listed,not listed,VU,not listed,NT,Rare,not listed,not listed,not listed,not listed,Core,Core,Core,Core,Core,Core,Core,not listed,not listed,not listed,not listed,not listed,not listed,not listed,not listed,0,not listed,NA,not listed,NA,not listed,NA,not listed,NA,not listed,NA,0,0,46,40,52,748,600,980,678,600,825,790,NAV,NAV,NAV,NAV,NAV,HANZAB,5.21,5.4,-0.09,0,0,0,0,0,0,0,0,0,0,0,0,0,0,0,0,0,1,0,0,0,0,0,0,0,0,0,0,0,0,1,0,0,0,0,0,0,0,0,0,0,0,0,1,1,0,0,0,0,0,0,0,0,0,0,0,1,0,0,1,1,1,30.5,2,1,3,63.1,42.8,1,0,0,0,0,0,1,0,0,0,1,0,0,0,0,possible local dispersal,0,nil,high,7264,585,543,NA,1.26,1.21,NA,NA,NA,NA,NA,NA,NA,NA,NA,NA,NA,NA,NA,NA,NA,NA,NA,NA,NA,NA,NA,131,131
Haematopus longirostris,Pied Oystercatcher,Haematopodidae,Charadriiformes,6,4,0,2,4,88.8,63.2,8.2,11.6,55.1,275.4,138,138.8,49.9,106,613.9,Dunning,NA,NO,NA,NA,Coastal,3,1,Carnivore,Aquatic predator,Terrestrial,276,513,Haematopus,longirostris,NA,NA,Oystercatchers,Haematopodidae,Charadriiformes,11,3,1,2,0,1,0,1,1,12,2,17,13.5,22.3,Charadrii,"Waders, Allies","Waders, Allies",Endemic (entirely Australian),1,0,0,0,0,0,1,0,0,7,7,LC,NA,LC,NA,LC,NA,LC,NA,LC,NA,not listed,NA,not listed,not listed,not listed,not listed,not listed,not listed,not listed,EN,not listed,LC,Rare,not listed,not listed,not listed,not listed,Core,Core,Core,Core,Core,Core,Core,not listed,not listed,not listed,not listed,not listed,not listed,not listed,not listed,0,present,certain,present,certain,not listed,NA,not listed,NA,not listed,NA,0,0,46,42,50,691,410,980,635,410,775,662,500,782,735,500,980,HANZAB,4.25,4.4,-0.09,0,0,0,0,0,0,0,0,0,0,0,0,0,0,0,0,1,0,1,1,0,0,0,0,0,0,0,0,0,0,1,0,0,0,0,0,0,0,0,0,0,0,0,1,1,0,0,0,0,0,0,0,0,0,0,0,1,0,0,1,1,1,38.5,2.5,1,4,60,40.3,1,0,0,0,0,0,1,0,0,0,1,1,0,0,0,local dispersal,1,low,certain,11012,3187,2856,NA,1.14,1.13,NA,NA,NA,NA,NA,NA,NA,NA,NA,NA,NA,NA,NA,NA,NA,NA,NA,NA,NA,NA,NA,130,u130
Haliastur indus,Brahminy Kite,Accipitridae,Accipitriformes,5,2,3,0,4,48.8,24.4,12.9,17,48.2,399.8,147,257.2,36.4,203.8,529,Dunning,NA,NO,NA,NA,Coastal,2,1,Carnivore,Omnivore,Generalist,717,427,Haliastur,indus,NA,NA,"Eagles, Kites, Goshawks and Osprey",Accipitridae,Accipitriformes,16,2,13,2,0,1,0,0,4,2,69,4,12.2,NA,Accipitridae,"Hawks, Eagles, Secretarybird","Hawks, Eagles, Secretarybird",Australian,1,0,0,0,0,0,0,0,0,6,6,LC,NA,LC,NA,LC,NA,LC,NA,LC,NA,not listed,NA,not listed,not listed,not listed,not listed,not listed,1,not listed,not listed,not listed,LC,not listed,not listed,not listed,not listed,not listed,Core,Core,Core,not listed,not listed,not listed,Core,not listed,not listed,not listed,not listed,not listed,not listed,not listed,not listed,0,present,certain,present,probable,present,possible,not listed,NA,not listed,NA,0,0,48,45,50,548,409,700,530,409,650,567,434,700,NAV,NAV,NAV,del Hoyo et al. (1992-2013),6.1,6.32,0.07,0,0,0,0,1,0,1,0,0,1,1,1,1,1,0,0,1,1,1,1,0,0,0,0,0,0,0,0,1,1,1,0,0,0,0,0,0,1,0,0,1,0,1,0,0,0,1,1,0,0,0,0,0,1,0,1,1,1,1,1,0,1,NAV,1.5,1,2,54.3,42.2,0,1,0,0,0,0,1,0,0,0,1,0,0,0,0,local dispersal,1,high,low,8947,141,8,0.726,0.77,0.98,471,286,62,81,51,113,97,36,247,19,26,3,2,5,2,34,8,NA,NA,NA,NA,227,227
Haliastur sphenurus,Whistling Kite,Accipitridae,Accipitriformes,5,2,3,0,4,40,23.1,13.1,18.2,58.8,407.4,186.2,221.5,45.6,264,753,Dunning,NA,NO,NA,NA,Wetland,2,1,Carnivore,Omnivore,Aerial,716,426,Haliastur,sphenurus,NA,NA,"Eagles, Kites, Goshawks and Osprey",Accipitridae,Accipitriformes,16,2,13,1,0,1,0,1,1,2,69,4,12.2,20.6,Accipitridae,"Hawks, Eagles, Secretarybird","Hawks, Eagles, Secretarybird",Australian,1,0,0,0,0,0,0,0,0,6,6,LC,NA,LC,NA,LC,NA,LC,NA,LC,NA,not listed,NA,not listed,not listed,not listed,not listed,not listed,1,not listed,not listed,not listed,LC,not listed,not listed,not listed,not listed,Core,Core,Core,Core,Core,Core,Core,Core,not listed,not listed,not listed,not listed,not listed,not listed,not listed,not listed,0,present,certain,present,probable,not listed,NA,not listed,NA,present,possible,0,0,55,50,60,769,380,1050,632,550,685,907,740,1000,758,380,1050,HANZAB,6.61,6.85,0.04,1,1,1,1,1,1,1,1,1,1,1,1,1,1,0,1,1,0,1,1,0,0,0,0,0,0,0,0,0,1,1,1,0,0,0,0,1,1,1,1,0,0,1,0,0,0,1,0,0,0,0,0,0,1,1,1,0,0,1,1,0,1,28.2,2,1,3,55,42.5,0,1,0,0,0,0,1,0,0,0,1,1,0,1,0,annual outward migration Non-marine,1,low,low,7460,2454,87,0.399,0.92,0.96,7689,184,98,101,101,101,2,2,2,17,4,8,20,14,9,23,4,NA,NA,NA,NA,228,u228
Hamirostra melanosternon,Black-breasted Kite,Accipitridae,Accipitriformes,5,1,3,1,4,40.1,23.8,12.7,16.3,53,472.6,244.5,226,52,233,1196,Dunning,NA,NO,NA,NA,Woodland,2,2,Carnivore,Vertivore,Aerial,692,420,Hamirostra,melanosternon,NA,NA,"Eagles, Kites, Goshawks and Osprey",Accipitridae,Accipitriformes,16,2,4,1,0,1,0,1,1,1,69,4,15.4,24.5,Accipitridae,"Hawks, Eagles, Secretarybird","Hawks, Eagles, Secretarybird",Endemic (entirely Australian),1,0,0,0,0,0,1,0,0,7,7,LC,NA,LC,NA,LC,NA,LC,NA,LC,NA,not listed,NA,not listed,not listed,not listed,not listed,not listed,not listed,not listed,VU,not listed,LC,Rare,not listed,not listed,not listed,not listed,Core,Core,Core,Core,not listed,not listed,Core,not listed,not listed,not listed,not listed,not listed,not listed,not listed,not listed,0,not listed,NA,not listed,NA,not listed,NA,not listed,NA,not listed,NA,0,0,55,50,60,1380,1150,1600,1230,1150,1240,1600,NAV,NAV,1300,1150,1450,"HANZAB, del Hoyo et al. (1992-2013)",10.35,10.72,0.1,1,0,0,1,1,1,1,0,0,0,0,0,0,0,0,0,0,0,0,0,0,0,0,0,0,0,0,0,0,0,0,1,0,0,0,0,1,1,0,0,0,0,0,0,0,0,0,0,0,0,0,0,0,1,1,1,0,0,0,1,0,0,NAV,1.9,1,3,62.7,48.6,0,1,0,0,0,0,1,0,0,0,1,1,0,0,0,possible annual outward migration,0,nil,high,33,51,1,0.51,1.02,1.07,4629,597,89,106,88,107,39,20,50,34,4,6,1,2,11,1,41,NA,NA,NA,NA,231,u231
Hieraaetus morphnoides,Little Eagle,Accipitridae,Accipitriformes,5,3,2,0,4,35.7,20.6,10.9,18.1,54.5,364.8,161.2,198,44.9,205.2,775.1,Dunning,NA,NO,NA,NA,Forest,2,1,Carnivore,Vertivore,Generalist,700,449,Hieraaetus,morphnoides,NA,NA,"Eagles, Kites, Goshawks and Osprey",Accipitridae,Accipitriformes,16,2,8,1,0,1,0,1,1,5,69,4,9,16.4,Accipitridae,"Hawks, Eagles, Secretarybird","Hawks, Eagles, Secretarybird",Endemic (entirely Australian),1,0,0,0,0,0,1,0,0,7,7,LC,NA,LC,NA,LC,NA,LC,NA,LC,NA,not listed,NA,not listed,not listed,not listed,not listed,not listed,not listed,VU,VU,not listed,LC,not listed,not listed,not listed,not listed,Core,Core,Core,Core,Core,not listed,Core,Core,not listed,not listed,not listed,not listed,not listed,not listed,not listed,not listed,0,not listed,NA,not listed,NA,not listed,NA,not listed,NA,not listed,NA,0,0,50,45,55,832,440,1240,634,440,810,1030,745,1240,NAV,NAV,NAV,HANZAB,7.81,8.09,0.1,1,1,1,0,1,1,1,1,1,1,0,0,0,0,0,0,0,0,0,0,0,0,0,0,0,0,0,0,0,1,0,1,0,0,0,0,1,1,1,1,0,0,0,0,0,0,1,0,0,0,0,0,0,1,1,1,0,0,0,1,0,0,NAV,2,1,3,57,44.1,0,1,0,0,0,0,1,0,0,0,1,1,0,0,0,none,0,nil,certain,9471,580,26,0.414,0.94,1.01,7678,213,97,100,100,100,3,3,3,26,5,22,2,8,15,3,20,NA,NA,NA,NA,225,u225
Himantopus leucocephalus,Pied Stilt,Recurvirostridae,Charadriiformes,5,1,3,1,4,64.6,48.9,4.7,4.9,116,222,118.5,104.8,53,70.2,176.8,DataFromSplit,NA,NO,NA,NA,Wetland,3,2,Carnivore,Aquatic predator,Terrestrial,282,517,Himantopus,leucocephalus,NA,Species from del Hoyo et al. (2014). Considered subspecies of H.himantopus by Johnstone and Darnell (2015),Stilts and Avocets,Recurvirostridae,Charadriiformes,11,4,3,1,0,1,0,1,5,2,3,17,21.4,21,Charadrii,"Waders, Allies","Waders, Allies",Australian,1,0,0,0,0,0,0,0,0,3,3,LC,NA,LC,NA,LC,NA,LC,NA,LC,NA,not listed,NA,not listed,not listed,not listed,not listed,not listed,1,not listed,not listed,not listed,LC,not listed,not listed,not listed,not listed,Core,Core,Core,Core,Core,not listed,Core,Core,not listed,not listed,not listed,not listed,not listed,not listed,not listed,not listed,0,present,certain,present,certain,present,possible,present,probable,not listed,NA,0,0,35,33,37,178,138,227,179,139,208,177,138,227,NAV,NAV,NAV,HANZAB,1.9,1.97,-0.27,0,0,0,0,0,0,0,0,0,0,0,0,0,1,0,1,0,0,1,1,0,0,0,0,0,0,0,0,0,0,1,0,0,0,0,0,0,0,0,0,0,0,1,0,0,0,1,1,0,0,0,0,0,0,0,0,1,0,1,0,1,1,38.3,4.5,3,6,43.2,30.6,1,0,0,0,0,0,1,1,0,0,1,1,0,0,0,local dispersal,1,low,medium,5839,1746,87,0.396,1.07,1.05,6334,1508,81,101,98,101,24,21,25,19,21,21,14,10,4,3,7,NA,NA,NA,NA,146,u146
Hirundapus caudacutus,White-throated Needletail,Apodidae,Caprimulgiformes,4,2,2,0,4,12.9,5,3.5,2.8,18.5,206,148.8,57.2,72.2,49.8,95.5,Dunning,NA,NO,NA,NA,Woodland,1,3,Carnivore,Invertivore,Aerial,214,194,Hirundapus,caudacutus,NA,NA,Swifts and Swiftlets,Apodidae,Caprimulgiformes,9,4,2,1,0,1,0,0,2,4,20,7,12.1,NA,Apodidae,"Swifts, Treeswifts","Swifts, Treeswifts",Non-breeding migrant,1,0,0,0,0,0,0,0,1,0,5,LC,NA,LC,NA,LC,NA,LC,NA,LC,NA,not listed,NA,not listed,1,1,1,1,1,not listed,not listed,not listed,LC,not listed,not listed,not listed,not listed,Core,Core,not listed,Core,Core,Core,Core,not listed,not listed,not listed,not listed,not listed,not listed,not listed,not listed,not listed,0,present,certain,present,certain,present,certain,vagrant,NA,vagrant,NA,0,0,20,20,20,119,101,140,125,109,140,113,101,125,NAV,NAV,NAV,del Hoyo et al. (1992-2013),1.29,1.34,-0.19,0,0,1,0,1,0,1,1,1,1,1,0,0,0,0,0,1,1,1,1,0,0,0,0,0,0,0,0,1,1,0,NA,NA,NA,NA,NA,NA,NA,NA,NA,NA,NA,NA,NA,NA,NA,NA,NA,0,0,0,0,0,1,0,0,0,0,0,0,0,1,NAV,4.5,2,7,NAV,NAV,0,1,0,0,0,0,NA,NA,NA,NA,0,1,0,0,0,annual inward migration Non-marine,1,total,certain,10,0,3,0.876,1.27,1.18,910,134,87,65,41,106,7,5,15,1,5,3,1,7,1,0,82,NA,NA,NA,NA,334,334
Hirundo neoxena,Welcome Swallow,Hirundinidae,Passeriformes,11,5,6,0,4,11.5,5.7,4.5,2.7,10.7,111.5,57.6,53.5,51.8,77.7,14.7,Dunning,NA,NO,NA,NA,Wetland,3,3,Carnivore,Invertivore,Aerial,1890,1823,Hirundo,neoxena,NA,NA,Swallows and Martins,Hirundinidae,Passeriformes,22,41,5,1,0,1,0,0,2,14,20,136,3,NA,S6,"Swallows, Martins","Swallows, Martins",Endemic (breeding only),1,0,0,0,0,0,0,1,0,7,6,LC,NA,LC,NA,LC,NA,LC,NA,LC,NA,not listed,NA,not listed,not listed,not listed,not listed,not listed,1,not listed,not listed,not listed,LC,not listed,not listed,not listed,not listed,Core,Core,Core,Core,Core,Core,Core,Core,Core,Core,not listed,not listed,not listed,not listed,not listed,not listed,0,present,certain,present,certain,not listed,NA,present,certain,present,certain,0,0,16,14,16,14.6,9.2,20,NAV,NAV,NAV,NAV,NAV,NAV,NAV,NAV,NAV,HANZAB,0.48,0.5,-0.1,1,1,1,1,1,1,1,1,0,0,1,1,1,1,1,1,1,1,1,0,0,0,0,0,0,0,0,0,0,1,1,0,0,0,0,0,0,0,1,0,0,0,0,0,0,1,1,1,0,0,0,0,0,1,0,0,0,0,0,0,0,1,11,3.9,3,5,18.3,13.5,0,1,0,0,0,0,1,1,0,0,1,1,0,0,0,annual outward migration Non-marine,0,nil,low,4199,573,805,0.53,1.25,1.16,4824,379,93,63,47,80,3,2,5,13,2,33,2,0,3,0,47,NA,NA,NA,NA,357,357
Hydroprogne caspia,Caspian Tern,Laridae,Charadriiformes,10,5,5,0,4,78.7,49.1,10.4,19.2,42.6,410.7,268.2,143.1,65.1,148.7,655,Dunning,NA,NO,NA,NA,Wetland,3,3,Carnivore,Aquatic predator,Aerial,440,659,Hydroprogne,caspia,NA,NA,"Gulls, Terns and Noddies",Laridae,Charadriiformes,11,13,12,1,0,1,0,1,1,1,24,17,13.5,22.3,Lari,"Gulls, Terns, Auks, Crab Plover","Gulls, Terns, Auks, Crab Plover",Australian,1,0,0,0,0,0,0,0,0,3,3,LC,NA,LC,NA,LC,NA,LC,NA,LC,NA,not listed,NA,not listed,1,not listed,not listed,1,1,not listed,not listed,not listed,LC,not listed,not listed,Th,not listed,not listed,Core,Core,Core,Core,Core,Core,Core,not listed,not listed,not listed,not listed,not listed,not listed,not listed,not listed,1,present,probable,present,probable,present,probable,present,possible,not listed,NA,0,0,51,47,54,752,356,1590,522,356,775,560,405,765,963,574,1590,"HANZAB, del Hoyo et al. (1992-2013)",4.69,4.86,-0.03,0,0,0,0,0,0,0,0,0,0,0,0,1,1,0,0,0,0,0,0,0,0,0,0,0,0,1,1,0,0,0,0,0,0,0,0,0,0,0,0,0,0,0,1,1,0,0,0,0,0,0,0,0,0,0,0,0,1,1,1,0,1,35,2,1,3,NAV,NAV,1,0,0,0,0,0,1,1,0,0,1,1,0,0,0,probable irregular outward dispersal,1,low,low,8416,2144,94,NA,1.06,1.05,NA,NA,NA,NA,NA,NA,NA,NA,NA,NA,NA,NA,NA,NA,NA,NA,NA,NA,NA,NA,NA,112,u112
Hydroprogne caspia,Caspian Tern,Laridae,Charadriiformes,10,5,5,0,4,78.7,49.1,10.4,19.2,42.6,410.7,268.2,143.1,65.1,148.7,655,Dunning,NA,NO,NA,NA,Wetland,3,3,Carnivore,Aquatic predator,Aerial,p11,p50,Hydroprogne,caspia,NA,see parent taxon,"Gulls, Terns and Noddies",Laridae,Charadriiformes,p11,13,12,1,0,1,0,1,NA,NA,NA,NA,NA,NA,Lari,"Gulls, Terns, Auks, Crab Plover","Gulls, Terns, Auks, Crab Plover",Non-breeding migrant population of Australian breeding taxon,0,1,0,0,0,0,0,0,1,0,2,LC,NA,LC,NA,LC,NA,LC,NA,LC,NA,not listed,NA,not listed,not listed,not listed,not listed,not listed,not listed,not listed,not listed,not listed,LC,not listed,not listed,not listed,not listed,not listed,Core,Core,Core,Core,Core,Core,Core,not listed,not listed,not listed,not listed,not listed,not listed,not listed,not listed,1,present,probable,present,probable,present,probable,present,possible,not listed,NA,NA,NA,51,47,54,NA,NA,NA,NA,NA,NA,NA,NA,NA,NA,NA,NA,NA,NA,NA,NA,NA,NA,NA,NA,NA,NA,NA,NA,NA,NA,NA,NA,NA,NA,NA,NA,NA,NA,NA,NA,NA,NA,NA,NA,NA,NA,NA,NA,NA,NA,NA,NA,NA,NA,NA,NA,NA,NA,NA,NA,NA,NA,NA,NA,NA,NA,NA,NA,NA,NA,NA,NA,NA,NA,NA,NA,NA,NA,NA,1,0,1,NA,NA,NA,NA,NA,NA,NA,NA,NA,NA,NA,NA,NA,NA,NA,NA,NA,NA,NA,NA,NA,marine inward,1,total,certain,NAV,NAV,NAV,NA,NA,NA,NA,NA,NA,NA,NA,NA,NA,NA,NA,NA,NA,NA,NA,NA,NA,NA,NA,NA,NA,NA,NA,112,u112
Irediparra gallinacea,Comb-crested Jacana,Jacanidae,Charadriiformes,8,4,4,0,4,28.1,14.6,3.4,5.2,58.9,135.1,43.9,91.7,32.4,41.2,98.8,Dunning,NA,NO,NA,NA,Wetland,3,1,Omnivore,Aquatic predator,Terrestrial,318,553,Irediparra,gallinacea,NA,NA,Jacanas,Jacanidae,Charadriiformes,11,8,2,2,0,1,0,0,3,1,6,17,21.4,NA,Scolopaci,"Sandpipers, Jacanas, Seedsnipes, Allies","Sandpipers, Jacanas, Seedsnipes, Allies",Australian,1,0,0,0,0,0,0,0,0,5,5,LC,NA,LC,NA,LC,NA,LC,NA,LC,NA,not listed,NA,not listed,not listed,not listed,not listed,not listed,not listed,not listed,VU,not listed,LC,not listed,not listed,not listed,not listed,not listed,Core,Core,Core,not listed,not listed,not listed,Core,not listed,not listed,not listed,not listed,not listed,not listed,not listed,not listed,0,present,none,present,none,present,none,not listed,NA,not listed,NA,0,0,24,20,27,114,70,168,83.5,70,97,145,122,168,NAV,NAV,NAV,del Hoyo et al. (1992-2013),1.13,1.17,-0.23,0,0,0,0,0,0,0,0,0,0,0,0,0,1,0,0,0,0,0,0,0,0,0,0,0,0,0,0,0,1,1,0,0,0,0,0,0,0,0,0,0,0,1,0,0,0,1,0,0,0,1,0,0,1,0,0,0,0,1,1,1,1,32.4,3,2,4,30.1,21.8,0,0,0,0,0,1,1,0,0,0,1,0,0,1,0,none,0,nil,certain,409,6,1,0.861,1.17,1.11,1185,190,86,106,83,124,56,31,106,24,1,0,1,14,3,51,4,NA,NA,NA,NA,171,171
Ixobrychus dubius,Black-backed Bittern,Ardeidae,Pelecaniformes,4,1,1,2,4,51.2,34,5.7,8.1,42.1,131.5,43.8,87.7,33.3,41.5,83.9,Updated_literature,Dunning (2021),NO,NA,NA,Wetland,1,3,Carnivore,Aquatic predator,Terrestrial,611,367,Ixobrychus,dubius,NA,Species from del Hoyo et al. (2014). Marchant and Higgins (1990) and Dickinson and Remsen (2013) recognise four subspecies as part of complex with I.minutus,"Herons, Egrets and Bitterns",Ardeidae,Pelecaniformes,15,3,2,1,0,1,0,1,4,9,18,10,8.5,11.1,Ardeidae,Herons,"Ibises, Herons",Australian,1,0,0,0,0,0,0,0,0,6,6,LC,NA,LC,NA,LC,NA,LC,NA,LC,NA,not listed,NA,not listed,not listed,not listed,not listed,not listed,not listed,not listed,not listed,not listed,LC,EN,not listed,Th,priority,not listed,Core,not listed,Core,Core,not listed,Core,Core,not listed,not listed,not listed,not listed,not listed,not listed,not listed,not listed,0,present,certain,present,probable,not listed,NA,vagrant,NA,present,probable,0,0,31,25,36,84,59,120,NAV,NAV,NAV,NAV,NAV,NAV,84,59,120,HANZAB,1.65,1.71,-0.02,0,0,0,0,0,0,0,0,0,0,0,0,0,0,1,1,0,0,0,0,0,0,0,0,0,0,0,0,0,1,1,0,0,0,0,0,0,0,0,0,0,0,1,0,0,0,1,1,0,0,0,0,0,0,0,0,0,0,1,1,0,0,12.9,4,2,7,32.9,25.4,0,1,0,0,0,0,1,0,0,0,0,1,0,0,0,annual outward migration Non-marine,1,low,low,NAV,NAV,NAV,0.636,1.29,1.19,916,368,71,85,46,127,129,51,297,13,8,20,9,9,6,3,33,NA,NA,NA,NA,195,u195
Ixobrychus flavicollis,Black Bittern,Ardeidae,Pelecaniformes,5,2,2,1,4,87.5,66.2,9.3,13.1,64.8,201.2,58.8,134.2,30.4,61.5,321,Dunning,NA,NO,NA,NA,Wetland,1,1,Carnivore,Aquatic predator,Terrestrial,615,371,Ixobrychus,flavicollis,NA,NA,"Herons, Egrets and Bitterns",Ardeidae,Pelecaniformes,15,3,2,5,0,1,0,0,3,9,18,10,8.5,NA,Ardeidae,Herons,"Ibises, Herons",Australian,1,0,0,0,0,0,0,0,0,4,4,LC,NA,LC,NA,LC,NA,LC,NA,LC,NA,not listed,NA,not listed,not listed,not listed,not listed,not listed,not listed,not listed,VU,not listed,LC,not listed,not listed,Th,priority,not listed,Core,Core,Core,not listed,not listed,not listed,Core,not listed,not listed,not listed,not listed,not listed,not listed,not listed,not listed,0,present,certain,present,probable,present,possible,not listed,NA,not listed,NA,0,0,60,54,66,347,208,486,NAV,NAV,NAV,NAV,NAV,NAV,347,208,486,"HANZAB, del Hoyo et al. (1992-2013)",2.6,2.69,-0.18,0,0,0,0,0,0,0,0,0,0,0,1,0,0,1,1,0,0,0,0,1,0,0,0,0,0,0,0,0,0,0,0,0,0,0,0,0,0,0,0,0,1,1,0,0,0,0,0,0,0,0,0,0,0,0,0,0,0,1,1,0,0,NAV,4,3,5,43.7,35.8,0,1,0,0,0,0,1,1,0,0,1,0,0,1,0,local dispersal,1,high,low,NAV,NAV,NAV,0.771,1.19,1.14,1549,261,86,107,83,111,39,14,92,19,3,0,1,9,1,63,4,NA,NA,NA,NA,196,196
Lalage leucomela,Varied Triller,Campephagidae,Passeriformes,20,7,13,0,4,18.5,10.5,5,4.9,21.3,97.8,26,71.9,26.6,78.7,29.3,Dunning,NA,NO,NA,NA,Forest,1,1,Carnivore,Invertivore,Insessorial,1462,1485,Lalage,leucomela,NA,NA,Cuckoo-shrikes and Trillers,Campephagidae,Passeriformes,22,14,3,2,0,1,0,0,16,18,11,136,3.3,NA,CC4,Cuckoo-Shrikes,"Cuckoo-Shrikes, Helmetshrikes, Shrike-Flycatchers, Vangas, Whipbirds, Shrike-Thrushes, Whistlers, Shrikes, Monarchs, Vireos, Orioles, Drongos, Fantails, Birds Of Paradise, Crows, Jays, Allies",Australian,1,0,0,0,0,0,0,0,0,6,6,LC,NA,LC,NA,LC,NA,LC,NA,LC,NA,not listed,NA,not listed,not listed,not listed,not listed,not listed,not listed,not listed,not listed,not listed,LC,not listed,not listed,not listed,not listed,not listed,Core,Core,Core,not listed,not listed,not listed,Core,not listed,not listed,not listed,not listed,not listed,not listed,not listed,not listed,0,present,probable,present,probable,not listed,NA,not listed,NA,not listed,NA,0,0,20,18,21,30.8,24,40,NAV,NAV,NAV,NAV,NAV,NAV,30.8,24,37.5,"HANZAB, del Hoyo et al. (1992-2013)",NAV,NAV,0.01,0,0,0,0,0,0,1,0,1,1,1,0,0,0,0,0,0,0,0,0,0,0,0,0,0,0,0,0,0,1,1,0,0,0,0,0,0,1,0,1,1,1,0,0,0,0,1,1,1,0,0,0,0,1,0,0,0,0,0,1,1,0,38.7,1,1,1,24.5,17.4,0,1,0,0,0,0,1,0,0,0,1,0,0,0,0,probable local dispersal,1,low,low,1762,0,66,1.019,0.97,1.09,685,109,86,125,88,138,49,25,116,9,2,0,0,54,9,21,4,NA,NA,NA,NA,431,431
Lalage tricolor,White-winged Triller,Campephagidae,Passeriformes,17,5,12,0,5,18.8,10.4,4.6,4.2,21.1,98.1,31.5,66,32.3,71.3,25,Dunning,NA,NO,NA,NA,Woodland,3,1,Carnivore,Invertivore,Insessorial,1459,1484,Lalage,tricolor,NA,"Species follows del Hoyo et al. (2014). Lalage sueurii and L. tricolor (Sibley and Monroe 1990, 1993), cross-regional species, are retained as separate species contra Christidis and Boles (1994) who include tricolor as a subspecies of L. sueurii.",Cuckoo-shrikes and Trillers,Campephagidae,Passeriformes,22,14,3,1,0,1,0,1,1,18,11,136,3.3,7.8,CC4,Cuckoo-Shrikes,"Cuckoo-Shrikes, Helmetshrikes, Shrike-Flycatchers, Vangas, Whipbirds, Shrike-Thrushes, Whistlers, Shrikes, Monarchs, Vireos, Orioles, Drongos, Fantails, Birds Of Paradise, Crows, Jays, Allies",Australian,1,0,0,0,0,0,0,0,0,6,6,LC,NA,LC,NA,LC,NA,LC,NA,LC,NA,not listed,NA,not listed,not listed,not listed,not listed,not listed,not listed,VU,not listed,not listed,LC,not listed,not listed,not listed,not listed,Core,Core,Core,Core,Core,not listed,Core,Core,not listed,not listed,not listed,not listed,not listed,not listed,not listed,not listed,0,present,certain,not listed,NA,not listed,NA,vagrant,NA,not listed,NA,0,0,18,17,20,25.5,20.7,35,24.8,21.2,28,26.2,20.7,35,NAV,NAV,NAV,HANZAB,0.87,0.9,0.01,1,1,0,0,1,1,1,1,0,0,1,0,0,0,0,0,0,0,0,0,0,0,0,0,0,0,0,0,0,1,0,1,1,0,0,0,1,1,1,0,0,0,0,0,0,0,1,0,1,1,1,0,0,1,0,0,0,0,0,1,1,0,NAV,2.4,1,3,21.2,16,0,1,0,0,0,0,1,1,0,0,1,1,0,0,1,possible annual outward migration,0,nil,low,1123,2,19,0.384,0.86,0.92,7693,176,98,101,100,101,2,2,2,5,7,45,2,4,15,1,22,NA,NA,NA,NA,430,u430
Larus dominicanus,Kelp Gull,Laridae,Charadriiformes,5,2,2,1,4,64.7,23.4,8.6,19.2,64.7,402,224,178.5,55.6,154.2,952.4,Dunning,NA,NO,NA,NA,Marine,3,1,Carnivore,Omnivore,Generalist,420,689,Larus,dominicanus,NA,Subspecies from Higgins and Davies (1996). Dickinson and Remsen (2013) list as monotypic,"Gulls, Terns and Noddies",Laridae,Charadriiformes,11,13,7,4,0,1,0,0,2,23,24,17,4.7,NA,Lari,"Gulls, Terns, Auks, Crab Plover","Gulls, Terns, Auks, Crab Plover",Australian,1,0,0,0,0,0,0,0,0,3,3,LC,NA,LC,NA,LC,NA,LC,NA,LC,NA,not listed,NA,not listed,not listed,not listed,not listed,not listed,1,not listed,not listed,not listed,LC,Rare,not listed,not listed,not listed,not listed,Core,not listed,not listed,Core,Core,Core,not listed,not listed,not listed,Core,Core,not listed,not listed,not listed,not listed,1,not listed,NA,not listed,NA,not listed,NA,present,possible,not listed,NA,0,0,56,49,62,1420,540,2270,1080,950,1390,893,540,1020,1850,1435,2270,"HANZAB, del Hoyo et al. (1992-2013), Urban et al. (1986)",6.61,6.85,-0.01,0,0,0,0,1,0,0,0,0,0,0,0,0,0,0,0,1,0,0,0,0,0,0,0,0,1,1,0,0,1,0,0,0,0,0,1,0,0,0,0,0,0,0,1,1,0,0,0,0,0,0,0,0,0,1,1,1,1,0,1,1,1,NAV,2.4,1,3,69.4,47.2,1,0,0,0,0,0,1,1,0,0,1,1,0,0,0,marine outward,1,low,low,10075,3355,1517,NA,0.82,0.89,NA,NA,NA,NA,NA,NA,NA,NA,NA,NA,NA,NA,NA,NA,NA,NA,NA,NA,NA,NA,NA,981,981
Chroicocephalus novaehollandiae,Silver Gull,Laridae,Charadriiformes,10,4,4,2,8,39.6,17.5,5.3,10.2,44.3,277.3,146.5,129.8,53,107.6,269,Dunning,NA,NO,NA,NA,Coastal,3,1,Carnivore,Omnivore,Generalist,408,697,Chroicocephalus,novaehollandiae,NA,NA,"Gulls, Terns and Noddies",Laridae,Charadriiformes,11,13,5,1,0,1,0,0,3,10,24,17,6.3,NA,Lari,"Gulls, Terns, Auks, Crab Plover","Gulls, Terns, Auks, Crab Plover",Australian,1,0,0,0,0,0,0,0,0,6,6,LC,NA,LC,NA,LC,NA,LC,NA,LC,NA,not listed,NA,not listed,not listed,not listed,not listed,not listed,1,not listed,not listed,not listed,LC,not listed,not listed,not listed,not listed,Core,Core,Core,Core,Core,Core,Core,Core,not listed,not listed,not listed,not listed,not listed,not listed,not listed,not listed,0,present,probable,vagrant,NA,not listed,NA,present,none,present,none,0,0,40,36,44,287,195,397,307,220,397,267,195,315,NAV,NAV,NAV,HANZAB,3.12,3.23,-0.06,0,0,0,0,1,0,0,0,0,0,0,1,1,1,0,1,1,1,0,1,0,0,0,0,0,0,1,1,0,1,1,0,1,0,0,1,0,0,0,0,0,0,1,1,1,0,0,0,0,0,0,0,0,1,1,1,1,1,1,0,0,1,NAV,2,1,3,52.5,37.4,1,0,0,0,0,0,1,1,0,0,1,1,0,0,0,probable local dispersal,0,nil,low,10499,3725,11499,NA,0.85,0.9,3902,820.8920345,83,80,37,130,27,7,48,NA,NA,NA,NA,NA,NA,NA,NA,NA,NA,NA,NA,125,125
Larus pacificus,Pacific Gull,Laridae,Charadriiformes,5,1,1,3,4,67.6,26.4,10.3,29.7,71.2,444.2,242.5,203.5,54.4,177.2,1292,Dunning,NA,NO,NA,NA,Coastal,3,2,Carnivore,Aquatic predator,Generalist,414,683,Larus,pacificus,NA,NA,"Gulls, Terns and Noddies",Laridae,Charadriiformes,11,13,7,1,0,1,0,0,2,23,24,17,4.7,NA,Lari,"Gulls, Terns, Auks, Crab Plover","Gulls, Terns, Auks, Crab Plover",Endemic (entirely Australian),1,0,0,0,0,0,1,0,0,7,7,LC,NA,LC,NA,LC,NA,LC,NA,LC,NA,not listed,NA,not listed,not listed,not listed,not listed,not listed,1,not listed,not listed,not listed,LC,not listed,not listed,not listed,not listed,not listed,Core,not listed,not listed,Core,Core,Core,Core,not listed,not listed,not listed,not listed,not listed,not listed,not listed,not listed,0,not listed,NA,not listed,NA,not listed,NA,not listed,NA,not listed,NA,0,0,59,50,67,1120,900,1800,1340,1000,1800,1040,910,1400,1040,900,1190,"HANZAB, del Hoyo et al. (1992-2013)",6.8,7.04,-0.06,0,0,0,0,1,0,0,0,0,0,0,0,0,0,0,0,1,1,0,1,0,0,0,0,0,0,1,0,0,1,1,0,0,0,0,1,0,0,0,0,0,0,0,0,1,0,0,0,0,0,0,0,0,0,1,1,1,1,0,1,1,1,NAV,2.2,1,3,75.1,51,1,0,0,0,0,0,1,1,0,0,1,1,0,0,0,none,0,nil,certain,8852,331,494,NA,0.85,0.91,NA,NA,NA,NA,NA,NA,NA,NA,NA,NA,NA,NA,NA,NA,NA,NA,NA,NA,NA,NA,NA,126,126
Lathamus discolor,Swift Parrot,Psittaculidae,Psittaciformes,5,0,1,4,4,15.8,11.7,8,13.7,14.3,123,64.8,57.6,53,119.8,64.7,Dunning,NA,NO,NA,NA,Forest,2,3,Herbivore,Nectarivore,Insessorial,907,807,Lathamus,discolor,NA,NA,"Parrots, Lorikeets and Rosellas",Psittaculidae,Psittaciformes,21,3,12,1,0,1,0,1,1,1,45,4,17.7,27.3,Psittacidae1,Parrots,Parrots,Endemic (entirely Australian),1,0,0,0,0,0,1,0,0,7,7,EN,C2a(ii),EN,C2a(ii),EN,C2a(ii),EN,C2a(ii),CR,C2a(ii),CR,2015,not listed,not listed,not listed,not listed,not listed,1,VU,EN,not listed,EN,EN,e,Th,not listed,not listed,Core,not listed,Core,Core,Core,Core,not listed,not listed,not listed,not listed,not listed,not listed,not listed,not listed,not listed,0,not listed,NA,not listed,NA,not listed,NA,not listed,NA,not listed,NA,1,0,25,25,25,67.3,45,90,67.2,46,90,67.3,45,82,NAV,NAV,NAV,HANZAB,2.37,2.46,0.22,0,0,0,0,0,0,0,1,1,0,0,0,0,0,0,0,0,0,0,0,0,0,0,0,0,0,0,0,0,1,1,0,0,0,0,0,0,0,1,1,0,0,0,0,0,0,0,0,0,1,1,0,0,0,0,0,0,0,0,0,0,1,NAV,4.5,4,6,24.7,20.8,0,0,0,0,1,0,0,1,0,0,0,0,1,1,0,none,0,nil,certain,57,6,1,1.867,0.68,0.87,292,174,63,36,13,66,40,26,72,3,1,21,5,5,9,3,52,NA,NA,NA,NA,309,u309
Leipoa ocellata,Malleefowl,Megapodiidae,Galliformes,4,0,0,4,3,31.8,16.6,8.9,9.8,71,310.2,96.2,214.1,31,195,1913.9,Dunning,NA,NO,NA,NA,Shrubland,2,1,Herbivore,Omnivore,Terrestrial,50,13,Leipoa,ocellata,NA,NA,Megapodes,Megapodiidae,Galliformes,3,1,2,1,0,1,0,1,1,1,7,5,30.6,41.1,Megapodiidae,Megapodes,Megapodes,Endemic (entirely Australian),1,0,0,0,0,0,1,0,0,7,7,VU,A2bce; A3ce; A4bce,VU,A2bce; A3ce; A4bce,VU,A2bce; A3ce; A4bce,VU,A2bce,VU,A2bce,VU,2000,not listed,not listed,not listed,not listed,not listed,not listed,not listed,EN,CR,LC,VU,not listed,Th,VU,not listed,Core,Core,not listed,Core,not listed,Core,Core,not listed,not listed,not listed,not listed,not listed,not listed,not listed,not listed,0,not listed,NA,not listed,NA,not listed,NA,not listed,NA,not listed,NA,0,0,60,60,60,1920,1520,2500,2140,2000,2500,1800,1520,2050,1870,1810,1930,"HANZAB, Jones et al. (1996)",4.5,4.66,-0.37,1,0,1,0,1,1,0,1,0,0,0,0,0,0,0,0,0,0,0,0,0,0,0,0,0,0,0,0,0,0,0,1,0,1,0,0,1,0,1,0,0,0,0,0,0,0,0,0,0,0,1,1,0,1,0,0,0,0,0,1,1,0,NAV,15.6,3,33,91.9,60.9,1,0,0,0,0,0,1,0,0,0,1,0,0,0,0,none,0,nil,certain,1879,37,23,0.784,1.11,1.07,1296,535,71,46,30,70,31,18,46,43,7,1,1,22,2,22,2,NA,NA,NA,NA,7,u7
Leucosarcia melanoleuca,Wonga Pigeon,Columbidae,Columbiformes,4,1,3,0,4,28.8,12.3,4.6,4.6,41.2,197,63.7,133.3,32.3,133,428.6,Dunning,NA,NO,NA,NA,Forest,2,1,Herbivore,Omnivore,Terrestrial,98,143,Leucosarcia,melanoleuca,NA,NA,Pigeons and Doves,Columbidae,Columbiformes,6,1,4,1,0,1,0,1,1,1,46,1,27.9,38.4,Columbidae,"Pigeons, Doves","Pigeons, Doves",Endemic (entirely Australian),1,0,0,0,0,0,1,0,0,7,7,LC,NA,LC,NA,LC,NA,LC,NA,LC,NA,not listed,NA,not listed,not listed,not listed,not listed,not listed,not listed,not listed,not listed,not listed,LC,not listed,not listed,not listed,not listed,Core,Core,not listed,Core,not listed,not listed,Core,not listed,not listed,not listed,not listed,not listed,not listed,not listed,not listed,not listed,0,not listed,NA,not listed,NA,not listed,NA,not listed,NA,not listed,NA,0,0,42,38,45,429,220,500,410,220,500,448,360,500,NAV,NAV,NAV,HANZAB,2.41,2.5,-0.24,1,0,1,0,0,0,0,1,1,1,0,0,0,0,0,0,0,0,0,0,0,0,0,0,0,0,0,0,0,0,0,1,0,1,0,0,0,0,1,1,1,0,0,0,0,0,0,0,1,0,1,0,0,0,0,0,0,0,0,1,1,0,18.5,2,2,2,39.4,28.3,0,1,0,0,0,0,1,0,0,0,1,0,0,0,0,none,0,nil,certain,3629,4,278,1.851,1.23,1.16,318,54,85,64,19,124,28,14,65,3,12,3,2,25,1,0,54,NA,NA,NA,NA,44,u44
Lewinia pectoralis,Lewin's Rail,Rallidae,Gruiformes,5,0,2,3,4,30.1,19,3.3,5.2,29.2,93.8,18.5,75.5,19.7,41,78.1,Dunning,NA,NO,NA,NA,Wetland,2,1,Carnivore,Aquatic predator,Terrestrial,230,475,Lewinia,pectoralis,NA,NA,"Crakes, Rails and Swamphens",Rallidae,Gruiformes,10,1,2,1,0,1,0,0,9,3,38,6,11.3,NA,Rallidae,"Rails, Finfoots","Rails, Finfoots",Australian,1,0,0,0,0,0,0,0,0,6,6,LC,NA,LC,NA,LC,NA,LC,NA,LC,NA,not listed,NA,not listed,not listed,not listed,not listed,not listed,not listed,not listed,not listed,not listed,NT,VU,not listed,Th,not listed,not listed,Core,not listed,Core,Core,Core,Core,Extinct,not listed,not listed,not listed,not listed,not listed,not listed,not listed,not listed,0,not listed,NA,not listed,NA,not listed,NA,not listed,NA,not listed,NA,0,0,24,20,27,87.8,63,112,89.2,71,112,81.4,63,111,NAV,NAV,NAV,HANZAB,1.34,1.39,-0.1,0,0,0,0,0,0,0,0,0,0,0,0,0,0,1,1,0,0,0,0,0,0,0,0,0,0,0,0,1,1,1,0,0,0,0,0,0,0,0,0,0,0,1,0,0,1,1,1,0,0,0,0,0,1,0,0,0,0,1,1,1,1,4.3,4.5,3,6,34.8,26.5,1,1,0,0,0,0,1,0,0,0,1,0,0,1,0,none,0,nil,certain,NAV,NAV,NAV,1.631,1.01,1,347,209,62,66,38,112,37,27,56,2,23,15,10,1,2,0,47,NA,NA,NA,NA,45,45
Lichenostomus melanops,Yellow-tufted Honeyeater,Meliphagidae,Passeriformes,22,10,12,0,4,18.7,8.5,3,4.1,21.7,84.5,15.9,64.8,19.6,82,32.3,Dunning,NA,NO,NA,NA,Forest,2,2,Omnivore,Omnivore,Insessorial,1247,1285,Lichenostomus,melanops,NA,Genus from Joseph et al. (2013) and Dickinson and Christidis (2014),Honeyeaters and Chats,Meliphagidae,Passeriformes,22,8,29,1,0,1,0,0,4,2,50,136,4.2,NA,BC7,Honeyeaters,"Honeyeaters, Thornbills, Bristlebirds, Australasian Wrens, Allies",Endemic (entirely Australian),1,0,0,0,0,0,1,0,0,7,7,LC,NA,LC,NA,LC,NA,LC,NA,LC,NA,not listed,NA,not listed,not listed,not listed,not listed,not listed,not listed,not listed,not listed,not listed,LC,not listed,not listed,not listed,not listed,not listed,Core,not listed,Core,not listed,not listed,Core,not listed,not listed,not listed,not listed,not listed,not listed,not listed,not listed,not listed,0,not listed,NA,not listed,NA,not listed,NA,not listed,NA,not listed,NA,0,0,19,17,21,26.8,14.2,40.2,28.2,16.6,40.2,25.5,14.2,36.7,NAV,NAV,NAV,HANZAB,0.92,0.95,0.04,0,0,1,0,0,0,0,1,1,0,0,0,0,0,0,0,0,0,0,0,0,0,0,0,0,0,0,0,0,0,0,0,0,0,0,0,0,0,1,1,0,0,0,0,0,0,0,0,0,1,0,0,0,1,0,0,0,0,0,0,0,1,NAV,2,1,3,22.8,16.6,0,1,0,0,0,0,1,0,0,1,1,0,0,1,0,none,0,nil,certain,5579,9,1224,1.71,1.06,1.05,467,105,82,42,19,67,20,12,40,8,9,9,3,3,4,4,61,NA,NA,NA,NA,619,619
Lichmera indistincta,Brown Honeyeater,Meliphagidae,Passeriformes,24,10,14,0,4,18.4,9.1,2.3,3.1,16.5,65.9,10.9,54.9,16.6,50.4,11.2,Dunning,NA,NO,NA,NA,Woodland,2,1,Herbivore,Nectarivore,Insessorial,1116,1366,Lichmera,indistincta,NA,Genus from Joseph et al. (2013) and Dickinson and Christidis (2014),Honeyeaters and Chats,Meliphagidae,Passeriformes,22,8,7,1,0,1,0,0,5,10,50,136,2.4,NA,BC7,Honeyeaters,"Honeyeaters, Thornbills, Bristlebirds, Australasian Wrens, Allies",Australian,1,0,0,0,0,0,0,0,0,6,6,LC,NA,LC,NA,LC,NA,LC,NA,LC,NA,not listed,NA,not listed,not listed,not listed,not listed,not listed,not listed,not listed,not listed,not listed,LC,Rare,not listed,not listed,not listed,not listed,Core,Core,Core,Core,not listed,not listed,Core,not listed,not listed,not listed,not listed,not listed,not listed,not listed,not listed,0,present,probable,present,probable,not listed,NA,not listed,NA,not listed,NA,0,0,14,12,16,10.8,7,17,11.7,7.9,14,9.4,7,12,11,7.6,17,HANZAB,0.51,0.53,0.02,1,0,1,0,0,1,1,1,1,1,1,0,0,0,0,0,0,0,0,0,0,0,0,0,0,0,0,0,0,1,1,1,0,1,0,0,1,1,1,1,0,1,0,0,0,0,1,1,0,1,0,0,0,1,0,0,0,0,0,1,1,1,9.8,1.9,1,3,16.5,12.8,0,1,0,0,0,0,1,0,0,0,1,1,0,1,0,probable local dispersal,1,high,high,4802,168,6290,0.443,1.04,1.04,5254,875,86,101,86,104,24,14,39,21,2,1,4,19,39,13,1,NA,NA,NA,NA,597,597
Limosa haemastica,Hudsonian Godwit,Scolopacidae,Charadriiformes,5,2,3,0,4,86.2,73.1,5.2,8.1,56.1,210.2,121.5,89.7,57.5,73,253.3,Dunning,NA,NO,NA,NA,Wetland,3,3,Carnivore,Aquatic predator,Terrestrial,331,562,Limosa,haemastica,NA,NA,"Snipe, Sandpipers, Godwits, Curlew, Stints and Phalaropes",Scolopacidae,Charadriiformes,11,9,3,2,0,1,0,1,1,4,16,17,9.7,17.4,Scolopaci,"Sandpipers, Jacanas, Seedsnipes, Allies","Sandpipers, Jacanas, Seedsnipes, Allies",Vagrant,0,0,0,0,1,0,0,0,1,0,1,LC,NA,Vagrant,NA,Vagrant,NA,Vagrant,NA,Vagrant,NA,not listed,NA,not listed,not listed,not listed,not listed,not listed,not listed,not listed,not listed,not listed,LC,not listed,not listed,not listed,not listed,NA,NA,NA,NA,NA,NA,NA,NA,NA,NA,NA,NA,NA,NA,NA,NA,0,not listed,NA,not listed,NA,not listed,NA,present,possible,not listed,NA,NA,NA,NA,NA,NA,NA,NA,NA,NA,NA,NA,NA,NA,NA,NA,NA,NA,NA,NA,NA,NA,NA,NA,NA,NA,NA,NA,NA,NA,NA,NA,NA,NA,NA,NA,NA,NA,NA,NA,NA,NA,NA,NA,NA,NA,NA,NA,NA,NA,NA,NA,NA,NA,NA,NA,NA,NA,NA,NA,NA,NA,NA,NA,NA,NA,NA,NA,NA,NA,NA,NA,NA,NA,NA,NA,NA,NA,NA,NA,NA,NA,NA,NA,NA,NA,NA,NA,NAV,NAV,NA,NA,NA,NA,NA,NA,NA,NA,NA,NA,NA,NA,NA,NA,NA,vagrancy,1,total,certain,NAV,NAV,NAV,NA,NA,NA,NA,NA,NA,NA,NA,NA,NA,NA,NA,NA,NA,NA,NA,NA,NA,NA,NA,NA,NA,NA,NA,815,u815
Limosa lapponica,Bar-tailed Godwit,Scolopacidae,Charadriiformes,10,5,5,0,4,92.5,75.1,5.4,8.1,53.2,210.1,117.8,90.3,56.6,74,291.7,Dunning,NA,NO,NA,NA,Wetland,3,3,Carnivore,Aquatic predator,Terrestrial,328,563,Limosa,lapponica,NA,"Dickinson and Remsen (2013) and del Hoyo et al. (2014) recognise five subspecies including recently described L.l.amadyrensis from Anadyr Peninsula and the southern part of the the Chukotka Peninsula. L.l.amadyrensis is assumed to visit Australia but cannot be distinguished from L.l.menzbieri or L.l.baueri between which it falls geographically and morphologically. While Tomkovich (2010) considers it a separate taxon but this arrangement is not widely accepted by shorebird authorities (D.Rogers pers.comm., P.Batteley pers.comm.) and is not accepted here pending analysis of larger samples. Johnstone and Darnell (2015) also list nominate subspecies","Snipe, Sandpipers, Godwits, Curlew, Stints and Phalaropes",Scolopacidae,Charadriiformes,11,9,3,1,0,1,0,0,3,5,16,17,9,NA,Scolopaci,"Sandpipers, Jacanas, Seedsnipes, Allies","Sandpipers, Jacanas, Seedsnipes, Allies",Non-breeding migrant,1,0,0,0,0,0,0,0,1,0,4,LC,NA,LC,NA,LC,NA,LC,NA,LC,NA,not listed,NA,A2H,1,1,1,1,1,not listed,not listed,VU,LC,Rare,not listed,not listed,not listed,not listed,Core,Core,Core,Core,Core,Core,Core,Core,Core,not listed,not listed,not listed,not listed,Core,not listed,0,present,certain,present,certain,present,probable,present,certain,present,probable,0,0,38,37,39,317,160,630,287,160,440,337,262,630,NAV,NAV,NAV,"HANZAB, Cramp et al. (1977-1994), del Hoyo et al. (1992-2013)",2.77,2.87,-0.11,0,0,0,0,1,0,0,0,0,0,0,0,0,1,0,1,1,0,1,0,0,0,0,0,0,0,0,0,1,0,0,NA,NA,NA,NA,NA,NA,NA,NA,NA,NA,NA,NA,NA,NA,NA,NA,NA,0,0,0,0,0,0,0,0,1,0,0,0,1,1,22.1,3.5,3,4,NAV,NAV,1,0,0,0,0,0,NA,NA,NA,NA,0,0,1,0,0,annual inward migration Non-marine,1,total,certain,9538,13003,3616,NA,0.83,0.95,NA,NA,NA,NA,NA,NA,NA,NA,NA,NA,NA,NA,NA,NA,NA,NA,NA,NA,NA,NA,NA,153,153
Limosa limosa,Black-tailed Godwit,Scolopacidae,Charadriiformes,5,2,3,0,4,113.5,95.6,6,10,78,215.6,110.2,103.6,51.5,78,288.4,Dunning,NA,NO,NA,NA,Wetland,3,3,Carnivore,Aquatic predator,Terrestrial,332,560,Limosa,limosa,NA,NA,"Snipe, Sandpipers, Godwits, Curlew, Stints and Phalaropes",Scolopacidae,Charadriiformes,11,9,3,3,0,1,0,0,3,4,16,17,9.7,NA,Scolopaci,"Sandpipers, Jacanas, Seedsnipes, Allies","Sandpipers, Jacanas, Seedsnipes, Allies",Non-breeding migrant,1,0,0,0,0,0,0,0,1,0,4,NT,A2bcde; A3bcde; A4bcde,LC,NA,NT,A4b,NT,A2b,NT,A2b,not listed,NA,A2H,1,1,1,1,1,not listed,VU,not listed,LC,Rare,not listed,not listed,not listed,not listed,Core,Core,Core,Core,Core,Core,Core,not listed,not listed,not listed,not listed,not listed,not listed,Core,not listed,0,present,certain,present,certain,present,probable,present,certain,vagrant,NA,0,0,42,40,44,263,148,500,249,148,400,278,154,500,NAV,NAV,NAV,"HANZAB, Cramp et al. (1977-1994)",NAV,NAV,-0.11,0,0,0,0,0,0,0,0,0,0,0,0,0,1,0,1,1,0,1,1,0,0,0,0,0,0,0,0,1,0,0,NA,NA,NA,NA,NA,NA,NA,NA,NA,NA,NA,NA,NA,NA,NA,NA,NA,0,0,0,0,0,0,0,0,1,0,1,1,0,1,NAV,3.9,3,4,NAV,NAV,1,0,0,0,0,0,NA,NA,NA,NA,0,0,1,0,0,annual inward migration Non-marine,1,total,certain,4254,8812,74,0.503,0.83,0.95,2260,774,74,96,38,181,49,22,81,14,52,8,13,3,6,3,2,NA,NA,NA,NA,152,152
Lonchura castaneothorax,Chestnut-breasted Munia,Estrildidae,Passeriformes,9,4,4,1,5,12.1,8.6,7.1,7.7,15.2,53.7,13.8,39.6,25.8,37.9,13.6,Dunning,NA,NO,NA,NA,Wetland,3,1,Herbivore,Granivore,Generalist,1770,1926,Lonchura,castaneothorax,NA,NA,Weaver Finches,Estrildidae,Passeriformes,22,33,1,4,0,1,0,0,5,28,34,136,2,NA,P7,"Waxbills, Allies","Weavers, Waxbills, Allies",Australian,1,0,0,0,0,0,0,0,0,7,6,LC,NA,LC,NA,LC,NA,LC,NA,LC,NA,not listed,NA,not listed,not listed,not listed,not listed,not listed,not listed,not listed,not listed,not listed,LC,not listed,not listed,not listed,not listed,not listed,Core,Core,Core,not listed,not listed,not listed,Core,not listed,not listed,not listed,not listed,not listed,not listed,not listed,not listed,0,present,none,present,none,not listed,NA,not listed,NA,present,none,0,0,11,11,12,14.1,12,16.1,NAV,NAV,NAV,NAV,NAV,NAV,14.1,12,16.1,"HANZAB, del Hoyo et al. (1992-2013)",NAV,NAV,-0.02,0,0,0,0,1,0,1,1,0,0,0,0,0,0,1,0,0,0,0,0,0,0,0,0,0,0,0,0,0,1,1,0,0,0,0,1,0,1,1,0,0,0,1,0,0,0,1,1,0,0,1,0,0,1,0,0,0,0,0,0,0,1,NAV,5,3,8,16.4,11.5,0,1,0,0,0,0,0,1,0,0,1,1,0,0,0,possible local dispersal,0,nil,low,854,2,61,0.777,1.06,1.04,1141,77,94,148,79,177,31,7,99,21,2,0,1,23,1,43,9,NA,NA,NA,NA,657,657
Lonchura punctulata,Scaly-breasted Munia,Estrildidae,Passeriformes,31,4,9,18,12,11.8,8.8,6.7,7.5,14,52.6,11.9,42.4,22,39,13.6,Dunning,NA,NO,NA,NA,Grassland,2,1,Herbivore,Granivore,Generalist,1766,1922,Lonchura,punctulata,NA,NA,Weaver Finches,Estrildidae,Passeriformes,22,33,1,1,0,1,0,0,9,28,34,136,2,NA,P7,"Waxbills, Allies","Weavers, Waxbills, Allies",Introduced,0,0,0,1,0,0,0,0,0,2,2,LC,NA,Introduced,NA,Introduced,NA,Introduced,NA,Introduced,NA,not listed,NA,not listed,not listed,not listed,not listed,not listed,not listed,not listed,not listed,not listed,not listed,not listed,not listed,not listed,not listed,not listed,Introduced,not listed,Introduced,not listed,not listed,not listed,not listed,not listed,not listed,not listed,not listed,not listed,not listed,not listed,not listed,0,present,none,present,none,not listed,NA,not listed,NA,not listed,NA,NA,NA,12,9,12,14,12,16,NAV,NAV,NAV,NAV,NAV,NAV,14,12,16,"HANZAB, del Hoyo et al. (1992-2013)",NA,NA,NA,0,0,0,0,1,0,1,0,0,0,0,0,0,0,0,0,0,0,0,0,0,0,0,0,0,0,0,0,1,1,1,0,0,0,0,1,0,1,0,0,0,0,0,0,0,1,1,1,0,0,1,0,0,0,0,0,0,0,0,0,0,1,NAV,5,4,10,16.4,11.6,0,1,0,0,0,0,1,1,0,0,1,0,0,0,0,none,0,nil,certain,4,0,2,NA,NA,NA,NA,NA,NA,NA,NA,NA,NA,NA,NA,NA,NA,NA,NA,NA,NA,NA,NA,NA,NA,NA,NA,983,983
Lophoictinia isura,Square-tailed Kite,Accipitridae,Accipitriformes,5,2,2,1,5,45.2,28.2,15.1,18.6,71.6,471.2,227,244.2,48.1,224.2,579.4,Dunning,NA,NO,NA,NA,Forest,2,1,Carnivore,Vertivore,Aerial,693,419,Lophoictinia,isura,NA,NA,"Eagles, Kites, Goshawks and Osprey",Accipitridae,Accipitriformes,16,2,5,1,0,1,0,1,1,1,69,4,15.4,24.5,Accipitridae,"Hawks, Eagles, Secretarybird","Hawks, Eagles, Secretarybird",Endemic (entirely Australian),1,0,0,0,0,0,1,0,0,7,7,LC,NA,LC,NA,LC,NA,LC,NA,LC,NA,not listed,NA,not listed,not listed,not listed,not listed,not listed,not listed,not listed,VU,not listed,NT,EN,not listed,Th,not listed,not listed,Core,Core,Core,Core,not listed,Core,Core,not listed,not listed,not listed,not listed,not listed,not listed,not listed,not listed,0,not listed,NA,not listed,NA,not listed,NA,not listed,NA,not listed,NA,0,0,53,50,55,670,660,680,NAV,NAV,NAV,670,660,680,NAV,NAV,NAV,"HANZAB, del Hoyo et al. (1992-2013), Cramp et al. (1977-1994)",6.5,6.73,0.11,1,1,1,0,0,1,1,1,1,1,0,0,0,0,0,0,0,0,0,0,0,0,0,0,0,0,0,0,0,1,1,1,0,0,0,0,1,1,1,0,0,0,0,0,0,0,0,0,0,0,0,0,0,1,1,0,0,0,0,1,0,0,NAV,2.6,2,3,53,40.1,0,1,0,0,0,0,1,0,0,0,1,1,0,0,0,none,0,nil,certain,NAV,NAV,NAV,0.429,1.13,1.11,5960,754,89,104,85,107,16,9,25,18,3,2,4,54,1,6,11,NA,NA,NA,NA,230,u230
Lopholaimus antarcticus,Topknot Pigeon,Columbidae,Columbiformes,5,0,0,5,4,25.8,13.3,5.8,8.9,30.8,277.6,106.1,172.7,38,193.4,496.4,Dunning,NA,NO,NA,NA,Forest,2,1,Herbivore,Frugivore,Insessorial,154,161,Lopholaimus,antarcticus,NA,NA,Pigeons and Doves,Columbidae,Columbiformes,6,1,14,1,0,1,0,1,1,1,46,1,27.9,38.4,Columbidae,"Pigeons, Doves","Pigeons, Doves",Endemic (entirely Australian),1,0,0,0,0,0,1,0,0,7,7,LC,NA,LC,NA,LC,NA,LC,NA,LC,NA,not listed,NA,not listed,not listed,not listed,not listed,not listed,not listed,not listed,not listed,not listed,LC,not listed,not listed,not listed,not listed,not listed,Core,not listed,Core,not listed,not listed,Core,not listed,not listed,not listed,not listed,not listed,not listed,not listed,not listed,not listed,0,not listed,NA,not listed,NA,not listed,NA,not listed,NA,not listed,NA,0,0,43,40,45,517,472,600,472,NAV,NAV,522,NAV,NAV,538,475,600,HANZAB,2.71,2.81,-0.28,0,0,0,0,0,0,0,0,1,1,0,0,0,0,0,0,0,0,0,0,0,0,0,0,0,0,0,0,0,1,0,0,0,0,0,0,0,0,0,1,1,0,0,0,0,0,0,0,1,0,0,0,0,0,0,0,0,0,0,0,1,1,15,1,1,1,42.9,29,0,1,0,0,0,0,1,0,0,0,1,1,0,0,0,possible irregular outward dispersal,0,nil,high,NAV,NAV,NAV,1.473,1.39,1.32,200,48,80,90,34,130,51,20,109,14,6,1,0,40,1,10,27,NA,NA,NA,NA,27,u27
Ptiloris paradiseus,Paradise Riflebird,Paradisaeidae,Passeriformes,18,5,13,0,4,52.7,39.6,6.5,8.3,35.4,150.7,12.6,139.8,8.2,90.1,119.5,Dunning,NA,NO,NA,NA,Forest,1,1,Omnivore,Frugivore,Insessorial,1703,1703,Lophorina,paradiseus,NA,NA,Birds of Paradise,Paradisaeidae,Passeriformes,22,29,2,1,0,1,0,1,1,5,13,136,4.8,10.3,CC8,"Shrikes, Monarchs, Drongos, Fantails, Birds Of Paradise, Crows, Jays, Allies","Cuckoo-Shrikes, Helmetshrikes, Shrike-Flycatchers, Vangas, Whipbirds, Shrike-Thrushes, Whistlers, Shrikes, Monarchs, Vireos, Orioles, Drongos, Fantails, Birds Of Paradise, Crows, Jays, Allies",Endemic (entirely Australian),1,0,0,0,0,0,1,0,0,7,7,LC,NA,LC,NA,LC,NA,LC,NA,LC,NA,not listed,NA,not listed,not listed,not listed,not listed,not listed,not listed,not listed,not listed,not listed,LC,not listed,not listed,not listed,not listed,not listed,Core,not listed,Core,not listed,not listed,not listed,not listed,not listed,not listed,not listed,not listed,not listed,not listed,not listed,not listed,0,not listed,NA,not listed,NA,not listed,NA,not listed,NA,not listed,NA,0,0,29,27,30,121,86,143,138,128,143,105,86,112,NAV,NAV,NAV,HANZAB,2.78,2.88,0.14,0,0,0,0,0,0,0,0,1,1,0,0,0,0,0,0,0,0,0,0,0,0,0,0,0,0,0,0,0,0,0,0,0,0,0,0,0,0,0,0,1,0,0,0,0,0,0,0,1,0,0,0,0,1,0,0,0,0,0,1,0,0,NAV,1.8,1,2,33.1,23.8,0,1,0,0,0,0,NAV,NAV,0,0,1,0,0,0,0,none,0,nil,certain,NAV,NAV,NAV,3.241,1.09,1.1,91,59,61,19,1,73,84,9,212,10,7,0,3,12,17,20,31,NA,NA,NA,NA,686,u686
Macronectes giganteus,Southern Giant-Petrel,Procellariidae,Procellariiformes,5,2,2,1,4,91.6,42.4,19.4,27.2,85.4,493.6,217.5,267,44.8,178.2,3591.7,Dunning,NA,NO,NA,NA,Marine,3,2,Omnivore,Omnivore,Generalist,531,242,Macronectes,giganteus,NA,NA,Petrels and Shearwaters,Procellariidae,Procellariformes,14,4,1,2,0,1,0,1,1,2,16,4,19.8,29.7,Procellariidae,"Albatrosses, Shearwaters, Petrels","Albatrosses, Shearwaters, Petrels",Australian,1,0,0,0,0,0,0,0,0,3,4,LC,NA,LC,NA,LC,NA,LC,NA,LC,NA,EN,2001,A2S,not listed,not listed,not listed,1,1,not listed,EN,not listed,EN,VU,v,Th,not listed,not listed,Core,not listed,Core,Core,Core,Core,Core,not listed,not listed,Core,Core,not listed,not listed,not listed,not listed,1,not listed,NA,not listed,NA,not listed,NA,present,certain,vagrant,NA,0,1,93,85,100,4330,2300,5900,4810,2300,5900,3850,2600,5300,NAV,NAV,NAV,HANZAB,17.94,18.59,0.03,0,0,0,0,0,0,0,0,0,0,0,0,0,0,0,0,0,0,0,0,0,1,1,0,0,0,0,0,0,0,0,0,0,0,0,1,0,0,0,0,0,0,0,0,1,0,0,0,0,0,0,0,0,0,1,1,0,1,0,1,0,0,NAV,1,1,1,105.4,66.3,1,0,0,0,0,0,0,1,0,0,1,1,0,0,0,marine outward,1,low,low,14361,12430,264,NA,1.21,1.28,NA,NA,NA,NA,NA,NA,NA,NA,NA,NA,NA,NA,NA,NA,NA,NA,NA,NA,NA,NA,NA,929,u929
Macronectes giganteus,Southern Giant-Petrel,Procellariidae,Procellariiformes,5,2,2,1,4,91.6,42.4,19.4,27.2,85.4,493.6,217.5,267,44.8,178.2,3591.7,Dunning,NA,NO,NA,NA,Marine,3,2,Omnivore,Omnivore,Generalist,p33,p10,Macronectes,giganteus,NA,see parent taxon,Petrels,Procellariidae,Procellariformes,p14,4,1,2,0,1,0,1,NA,NA,NA,NA,NA,NA,Procellariidae,"Albatrosses, Shearwaters, Petrels","Albatrosses, Shearwaters, Petrels",Non-breeding migrant population of Australian breeding taxon,0,1,0,0,0,0,0,0,1,0,6,LC,NA,LC,NA,LC,NA,LC,NA,LC,NA,not listed,NA,not listed,not listed,not listed,not listed,not listed,not listed,not listed,not listed,not listed,LC,not listed,not listed,not listed,not listed,not listed,Core,not listed,Core,Core,Core,Core,Core,not listed,not listed,Core,Core,not listed,not listed,not listed,not listed,1,not listed,NA,not listed,NA,not listed,NA,present,certain,not listed,NA,NA,NA,39,35,42,NA,NA,NA,NA,NA,NA,NA,NA,NA,NA,NA,NA,NA,NA,NA,NA,NA,NA,NA,NA,NA,NA,NA,NA,NA,NA,NA,NA,NA,NA,NA,NA,NA,NA,NA,NA,NA,NA,NA,NA,NA,NA,NA,NA,NA,NA,NA,NA,NA,NA,NA,NA,NA,NA,NA,NA,NA,NA,NA,NA,NA,NA,NA,NA,NA,NA,NA,NA,NA,NA,NA,NA,NA,NA,NA,1,0,0,NA,NA,NA,NA,NA,NA,NA,NA,NA,NA,NA,NA,NA,NA,NA,NA,NA,NA,NA,NA,NA,marine inward,1,total,certain,NAV,NAV,NAV,NA,NA,NA,NA,NA,NA,NA,NA,NA,NA,NA,NA,NA,NA,NA,NA,NA,NA,NA,NA,NA,NA,NA,NA,929,u929
Macronectes halli,Northern Giant-Petrel,Procellariidae,Procellariiformes,5,1,2,2,4,101.7,47.6,21.4,31,88.9,498,216.5,278.8,43.7,165.8,4206.3,Dunning,NA,NO,NA,NA,Marine,3,2,Omnivore,Omnivore,Generalist,530,243,Macronectes,halli,NA,NA,Petrels and Shearwaters,Procellariidae,Procellariformes,14,4,1,1,0,1,0,1,1,2,16,4,19.8,29.7,Procellariidae,"Albatrosses, Shearwaters, Petrels","Albatrosses, Shearwaters, Petrels",Australian,1,0,0,0,0,0,0,0,0,3,4,LC,NA,LC,NA,LC,NA,LC,NA,LC,NA,VU,2001,A2S,not listed,not listed,not listed,1,1,not listed,VU,not listed,VU,not listed,r,Th,not listed,not listed,Core,not listed,not listed,Core,Core,Core,Core,not listed,not listed,not listed,Core,not listed,not listed,not listed,not listed,1,not listed,NA,not listed,NA,not listed,NA,present,certain,vagrant,NA,0,1,88,80,95,4220,2900,5800,4830,4100,5800,3620,2900,4500,NAV,NAV,NAV,HANZAB,NAV,NAV,0.03,0,0,0,0,0,0,0,0,0,0,0,0,0,0,0,0,0,0,0,0,0,0,1,1,0,0,0,0,0,0,0,0,0,0,0,1,0,0,0,0,0,0,0,0,1,0,0,0,0,0,0,0,0,0,1,1,0,1,0,0,0,1,NAV,1,1,1,104.3,65.6,1,0,0,0,0,0,1,1,0,0,1,1,0,0,0,marine outward,1,low,low,12907,12088,497,NA,1.24,1.37,NA,NA,NA,NA,NA,NA,NA,NA,NA,NA,NA,NA,NA,NA,NA,NA,NA,NA,NA,NA,NA,937,u937
Macronectes halli,Northern Giant-Petrel,Procellariidae,Procellariiformes,5,1,2,2,4,101.7,47.6,21.4,31,88.9,498,216.5,278.8,43.7,165.8,4206.3,Dunning,NA,NO,NA,NA,Marine,3,2,Omnivore,Omnivore,Generalist,p32,p11,Macronectes,halli,NA,see parent taxon,Petrels,Procellariidae,Procellariformes,p14,4,1,1,0,1,0,1,NA,NA,NA,NA,NA,NA,Procellariidae,"Albatrosses, Shearwaters, Petrels","Albatrosses, Shearwaters, Petrels",Non-breeding migrant population of Australian breeding taxon,0,1,0,0,0,0,0,0,1,0,6,LC,NA,LC,NA,LC,NA,LC,NA,LC,NA,not listed,NA,not listed,not listed,not listed,not listed,not listed,not listed,not listed,not listed,not listed,LC,not listed,not listed,not listed,not listed,not listed,not listed,not listed,not listed,Core,Core,Core,Core,not listed,not listed,not listed,Core,not listed,not listed,not listed,not listed,1,not listed,NA,not listed,NA,not listed,NA,present,certain,not listed,NA,NA,NA,39,35,42,NA,NA,NA,NA,NA,NA,NA,NA,NA,NA,NA,NA,NA,NA,NA,NA,NA,NA,NA,NA,NA,NA,NA,NA,NA,NA,NA,NA,NA,NA,NA,NA,NA,NA,NA,NA,NA,NA,NA,NA,NA,NA,NA,NA,NA,NA,NA,NA,NA,NA,NA,NA,NA,NA,NA,NA,NA,NA,NA,NA,NA,NA,NA,NA,NA,NA,NA,NA,NA,NA,NA,NA,NA,NA,NA,0,0,1,NA,NA,NA,NA,NA,NA,NA,NA,NA,NA,NA,NA,NA,NA,NA,NA,NA,NA,NA,NA,NA,marine inward,1,total,certain,NAV,NAV,NAV,NA,NA,NA,NA,NA,NA,NA,NA,NA,NA,NA,NA,NA,NA,NA,NA,NA,NA,NA,NA,NA,NA,NA,NA,937,u937
Macropygia phasianella,Brown Cuckoo-Dove,Columbidae,Columbiformes,4,2,1,1,3,21.4,9.6,3.7,4.8,24.5,175.8,56.9,115.4,33.1,189,237,Dunning,NA,NO,NA,NA,NA,1,2,Herbivore,Omnivore,Insessorial,94,103,Macropygia,phasianella,NA,Species from del Hoyo et al. (2014),Pigeons and Doves,Columbidae,Columbiformes,6,1,3,5,0,1,0,0,18,9,46,1,13.4,NA,Columbidae,"Pigeons, Doves","Pigeons, Doves",Australian,1,0,0,0,0,0,0,0,0,4,4,LC,NA,LC,NA,LC,NA,LC,NA,LC,NA,not listed,NA,not listed,not listed,not listed,not listed,not listed,not listed,not listed,not listed,not listed,LC,not listed,not listed,not listed,not listed,not listed,Core,not listed,Core,not listed,not listed,not listed,not listed,not listed,not listed,not listed,not listed,not listed,not listed,not listed,not listed,0,not listed,NA,not listed,NA,not listed,NA,not listed,NA,not listed,NA,0,0,42,39,45,202,163,272,205,NAV,NAV,198,NAV,NAV,NAV,NAV,NAV,HANZAB,1.49,1.54,-0.27,1,0,0,0,0,0,0,0,1,1,0,0,0,0,0,0,0,0,0,0,0,0,0,0,0,0,0,0,0,1,0,1,0,0,0,0,0,0,0,1,1,0,0,0,0,0,1,0,1,0,1,0,0,0,0,0,0,0,0,1,1,1,8.1,1.2,1,2,34.6,24.4,0,1,0,0,0,0,1,0,0,0,1,1,0,0,0,none,0,nil,certain,740,0,5,1.243,1.2,1.17,242,53,82,83,32,124,43,23,91,14,7,1,0,38,1,10,28,NA,NA,NA,NA,29,29
Malacorhynchus membranaceus,Pink-eared Duck,Anatidae,Anseriformes,6,2,3,1,4,67.6,54,15.3,17.2,31.8,183.7,81.6,99.1,45.1,65.5,372.8,Dunning,NA,NO,NA,NA,Wetland,3,2,Omnivore,Omnivore,Aquatic,16,55,Malacorhynchus,membranaceus,NA,NA,"Ducks, Geese and Swans",Anatidae,Anseriformes,2,2,3,1,0,1,0,1,1,1,53,3,18.5,28.2,Anserinae,"Ducks, Geese, Other Waterfowl, Screamers","Ducks, Geese, Other Waterfowl, Screamers",Endemic (entirely Australian),1,0,0,0,0,0,1,0,0,7,7,LC,NA,LC,NA,LC,NA,LC,NA,LC,NA,not listed,NA,not listed,not listed,not listed,not listed,not listed,not listed,not listed,not listed,not listed,LC,not listed,not listed,not listed,not listed,Core,Core,Core,Core,Core,not listed,Core,Core,not listed,not listed,not listed,not listed,not listed,not listed,not listed,not listed,0,not listed,NA,not listed,NA,not listed,NA,vagrant,NA,not listed,NA,0,0,41,36,45,377,272,480,407,290,480,346,272,423,NAV,NAV,NAV,HANZAB,2.85,2.95,-0.14,0,0,0,0,0,0,0,0,0,0,0,0,1,1,0,1,0,0,0,0,0,0,0,0,0,0,0,0,0,1,1,0,0,0,0,0,0,0,0,0,0,0,1,0,0,0,0,0,0,0,1,0,0,0,0,0,0,0,1,0,1,1,62.1,7,3,10,49,36,0,1,0,0,0,0,0,1,0,0,0,0,0,1,1,irregular outward dispersal,0,nil,certain,482,489,31,0.428,1.25,1.16,5377,2276,70,61,48,84,26,17,35,6,17,14,10,14,6,23,9,NA,NA,NA,NA,213,u213
Malurus cyaneus,Superb Fairywren,Maluridae,Passeriformes,15,6,9,0,3,12,5.6,2.5,2.6,23.9,50.7,7.3,42.9,14.6,60.9,10.3,Dunning,NA,NO,NA,NA,Shrubland,2,1,Carnivore,Invertivore,Terrestrial,1018,1006,Malurus,cyaneus,NA,NA,"Fairy-wrens, Emu-wrens and Grasswrens",Maluridae,Passeriformes,22,6,1,6,0,1,0,0,6,11,6,136,4.8,NA,BC4,Australasian Wrens,"Honeyeaters, Thornbills, Bristlebirds, Australasian Wrens, Allies",Endemic (entirely Australian),1,0,0,0,0,0,1,0,0,7,7,LC,NA,LC,NA,LC,NA,LC,NA,LC,NA,not listed,NA,not listed,not listed,not listed,not listed,not listed,not listed,not listed,not listed,not listed,LC,not listed,not listed,not listed,not listed,Core,Core,not listed,Core,Core,Core,Core,not listed,not listed,not listed,not listed,not listed,not listed,not listed,not listed,not listed,0,not listed,NA,not listed,NA,not listed,NA,not listed,NA,not listed,NA,0,0,13,11,14,10.6,6.4,15,10.9,7,13.8,10.3,6.4,15,NAV,NAV,NAV,HANZAB,0.47,0.49,-0.02,0,1,1,0,0,1,0,1,1,1,1,0,0,0,0,0,0,0,0,0,0,0,0,0,0,0,0,0,0,1,1,0,1,1,0,0,1,0,1,1,1,1,0,0,0,0,1,1,1,0,1,0,0,1,0,0,0,0,0,0,1,1,6.5,3.2,1,5,16.8,12.7,0,1,0,0,0,0,1,0,0,1,1,0,0,0,0,none,0,nil,certain,3819,54,13670,1.229,1.06,1.05,1110,284,80,50,30,73,9,4,16,9,3,12,2,5,2,0,67,NA,NA,NA,NA,529,529
Malurus lamberti,Variegated Fairywren,Maluridae,Passeriformes,5,3,2,0,2,12.5,5.5,2.7,2.7,21.4,47.8,5.5,41,11.8,75.9,8,Dunning,NA,NO,NA,NA,Shrubland,2,1,Carnivore,Invertivore,Insessorial,1012,1028,Malurus,lamberti,NA,NA,"Fairy-wrens, Emu-wrens and Grasswrens",Maluridae,Passeriformes,22,6,1,5,0,1,0,0,5,11,6,136,4.8,NA,BC4,Australasian Wrens,"Honeyeaters, Thornbills, Bristlebirds, Australasian Wrens, Allies",Endemic (entirely Australian),1,0,0,0,0,0,1,0,0,7,7,LC,NA,LC,NA,LC,NA,LC,NA,LC,NA,not listed,NA,not listed,not listed,not listed,not listed,not listed,not listed,not listed,not listed,not listed,LC,not listed,not listed,not listed,not listed,not listed,Core,Core,Core,Core,not listed,Core,Core,not listed,not listed,not listed,not listed,not listed,not listed,not listed,not listed,0,not listed,NA,not listed,NA,not listed,NA,not listed,NA,not listed,NA,0,0,13,11,15,8,5.9,11.5,8.1,6,11.5,7.9,5.9,10,NAV,NAV,NAV,HANZAB,0.46,0.48,0.04,1,1,1,1,0,1,1,1,1,1,1,0,0,0,0,0,0,0,0,1,0,0,0,0,0,0,0,0,0,1,1,1,1,1,1,0,1,1,1,1,1,1,0,0,0,0,1,1,0,0,0,0,0,1,0,0,0,0,0,0,1,1,4.5,2.8,2,5,16.5,12.7,0,1,0,0,0,0,1,0,0,1,1,0,0,0,0,none,0,nil,certain,4005,28,2173,0.423,1.04,1.04,6384,1151,85,99,97,100,19,16,22,41,30,2,1,7,5,3,12,NA,NA,NA,NA,536,536
Malurus leucopterus,White-winged Fairywren,Maluridae,Passeriformes,12,3,9,0,4,10.7,5.4,2.1,2.4,18.5,46.8,5.5,38.8,12.4,59.4,7.4,Dunning,NA,NO,NA,NA,Shrubland,2,1,Carnivore,Invertivore,Insessorial,1033,1024,Malurus,leucopterus,NA,NA,"Fairy-wrens, Emu-wrens and Grasswrens",Maluridae,Passeriformes,22,6,1,9,0,1,0,0,3,11,6,136,4.8,NA,BC4,Australasian Wrens,"Honeyeaters, Thornbills, Bristlebirds, Australasian Wrens, Allies",Endemic (entirely Australian),1,0,0,0,0,0,1,0,0,7,7,LC,NA,LC,NA,LC,NA,LC,NA,LC,NA,not listed,NA,not listed,not listed,not listed,not listed,not listed,not listed,not listed,not listed,not listed,LC,not listed,not listed,not listed,not listed,not listed,Core,Core,Core,Core,not listed,Core,Core,not listed,not listed,not listed,not listed,not listed,not listed,not listed,not listed,0,not listed,NA,not listed,NA,not listed,NA,not listed,NA,not listed,NA,0,0,12,11,13,7.5,6.3,11,7.6,6.7,10.9,7.4,6.3,11,NAV,NAV,NAV,HANZAB,0.39,0.4,-0.01,0,1,1,1,1,1,0,0,0,0,0,0,0,0,0,0,0,0,0,1,0,0,0,0,0,0,0,0,0,1,1,0,1,1,1,1,1,0,0,0,0,0,0,0,0,0,1,1,0,0,1,0,0,1,0,0,0,0,0,0,1,1,NAV,3.3,1,5,15.7,11.5,0,1,0,0,0,0,1,0,0,1,1,0,0,0,0,none,0,nil,certain,2178,0,248,0.487,1.05,1.05,5322,601,90,98,89,101,12,7,20,4,3,10,1,78,3,1,0,NA,NA,NA,NA,535,535
Malurus melanocephalus,Red-backed Fairywren,Maluridae,Passeriformes,231,6,225,0,5,11.7,7.3,3.2,3,21.7,41.4,4.8,38.6,10.8,53.3,7.9,Dunning,NA,NO,NA,NA,Woodland,1,1,Carnivore,Invertivore,Terrestrial,1030,1021,Malurus,melanocephalus,NA,NA,"Fairy-wrens, Emu-wrens and Grasswrens",Maluridae,Passeriformes,22,6,1,8,0,1,0,0,2,11,6,136,4.8,NA,BC4,Australasian Wrens,"Honeyeaters, Thornbills, Bristlebirds, Australasian Wrens, Allies",Endemic (entirely Australian),1,0,0,0,0,0,1,0,0,7,7,LC,NA,LC,NA,LC,NA,LC,NA,LC,NA,not listed,NA,not listed,not listed,not listed,not listed,not listed,not listed,not listed,not listed,not listed,LC,not listed,not listed,not listed,not listed,not listed,Core,Core,Core,not listed,not listed,not listed,Core,not listed,not listed,not listed,not listed,not listed,not listed,not listed,not listed,0,not listed,NA,not listed,NA,not listed,NA,not listed,NA,not listed,NA,0,0,11,9,13,7.3,5,11.6,7.5,5.5,11.6,7,5,10,NAV,NAV,NAV,HANZAB,0.45,0.47,0.06,1,1,1,1,1,0,1,1,0,0,1,0,0,0,0,0,0,0,0,0,0,0,0,0,0,0,0,0,0,1,1,1,1,1,1,1,0,1,1,0,0,0,0,0,0,0,1,1,0,0,0,0,0,1,0,0,0,0,0,0,1,1,NAV,3.3,2,5,15.5,11.3,0,1,0,0,0,0,1,0,0,1,1,0,0,0,0,none,0,nil,certain,2886,5,3232,0.847,1.03,1.04,1989,145,93,105,84,115,13,7,36,14,1,0,1,9,15,57,2,NA,NA,NA,NA,541,541
Malurus splendens,Splendid Fairywren,Maluridae,Passeriformes,16,7,9,0,4,11.7,5.4,2.5,2.6,22.1,50.5,6.2,44.5,12.3,60.1,9.4,Dunning,NA,NO,NA,NA,Shrubland,2,1,Carnivore,Invertivore,Terrestrial,1025,1013,Malurus,splendens,NA,NA,"Fairy-wrens, Emu-wrens and Grasswrens",Maluridae,Passeriformes,22,6,1,7,0,1,0,0,4,11,6,136,4.8,NA,BC4,Australasian Wrens,"Honeyeaters, Thornbills, Bristlebirds, Australasian Wrens, Allies",Endemic (entirely Australian),1,0,0,0,0,0,1,0,0,7,7,LC,NA,LC,NA,LC,NA,LC,NA,LC,NA,not listed,NA,not listed,not listed,not listed,not listed,not listed,not listed,not listed,not listed,not listed,LC,not listed,not listed,not listed,not listed,not listed,Core,Core,Core,Core,not listed,Core,Core,not listed,not listed,not listed,not listed,not listed,not listed,not listed,not listed,0,not listed,NA,not listed,NA,not listed,NA,not listed,NA,not listed,NA,0,0,12,11,14,9.2,7,12,9.4,7.7,12,9,7,10.2,NAV,NAV,NAV,HANZAB,0.45,0.47,0,1,0,1,1,0,1,0,1,0,0,0,0,0,0,0,0,0,0,0,0,0,0,0,0,0,0,0,0,0,1,1,1,0,1,1,0,1,0,1,0,0,0,0,0,0,0,1,1,0,0,0,0,0,1,0,0,0,0,0,0,0,1,NAV,2.9,2,5,16.6,12,0,1,0,0,0,0,1,0,0,1,1,0,0,0,0,none,0,nil,certain,4020,6,1942,0.636,1.05,1.05,3079,1320,70,39,18,59,24,14,36,41,3,2,1,6,10,5,32,NA,NA,NA,NA,532,532
Manorina flavigula,Yellow-throated Miner,Meliphagidae,Passeriformes,19,5,13,1,4,25.7,12.3,3.9,5.3,29.8,126.6,29.2,100.3,22.6,104.1,55.9,Dunning,NA,NO,NA,NA,Woodland,2,1,Carnivore,Invertivore,Insessorial,1261,1317,Manorina,flavigula,NA,Genus from Joseph et al. (2013) and Dickinson and Christidis (2014),Honeyeaters and Chats,Meliphagidae,Passeriformes,22,8,30,4,0,1,0,0,6,3,50,136,3.7,NA,BC7,Honeyeaters,"Honeyeaters, Thornbills, Bristlebirds, Australasian Wrens, Allies",Endemic (entirely Australian),1,0,0,0,0,0,1,0,0,7,7,LC,NA,LC,NA,LC,NA,LC,NA,LC,NA,not listed,NA,not listed,not listed,not listed,not listed,not listed,not listed,not listed,not listed,not listed,LC,not listed,not listed,not listed,not listed,not listed,Core,Core,Core,Core,not listed,Core,Core,not listed,not listed,not listed,not listed,not listed,not listed,not listed,not listed,0,not listed,NA,not listed,NA,not listed,NA,not listed,NA,not listed,NA,0,0,25,22,28,57.4,26,89,64.3,46.5,86.5,58.7,43,78.5,53.8,26,89,HANZAB,1.37,1.42,0,1,1,0,0,1,1,1,1,0,1,0,0,0,0,0,0,0,0,0,0,0,0,0,0,0,0,0,0,0,1,1,1,1,0,0,1,1,1,1,0,0,0,0,0,0,0,1,1,1,1,0,0,0,1,0,0,0,0,0,0,0,1,NAV,3.2,2,4,25.6,18.7,0,1,0,0,0,0,0,1,0,1,1,0,0,0,0,none,0,nil,certain,4406,28,323,0.446,0.81,0.89,6988,420,94,100,95,100,9,7,11,25,2,13,0,53,1,1,5,NA,NA,NA,NA,635,635
Manorina melanocephala,Noisy Miner,Meliphagidae,Passeriformes,24,8,16,0,4,24.3,10.5,4.1,5.6,30.7,136.1,33.9,102.9,24.8,121.3,60.2,Dunning,NA,NO,NA,NA,Woodland,2,1,Omnivore,Omnivore,Insessorial,1255,1311,Manorina,melanocephala,NA,Genus from Joseph et al. (2013) and Dickinson and Christidis (2014),Honeyeaters and Chats,Meliphagidae,Passeriformes,22,8,30,2,0,1,0,0,4,3,50,136,3.7,NA,BC7,Honeyeaters,"Honeyeaters, Thornbills, Bristlebirds, Australasian Wrens, Allies",Endemic (entirely Australian),1,0,0,0,0,0,1,0,0,7,7,LC,NA,LC,NA,LC,NA,LC,NA,LC,NA,not listed,NA,not listed,not listed,not listed,not listed,not listed,not listed,not listed,not listed,not listed,LC,not listed,not listed,not listed,not listed,Core,Core,not listed,Core,Core,Core,Core,not listed,not listed,not listed,not listed,not listed,not listed,not listed,not listed,not listed,0,not listed,NA,not listed,NA,not listed,NA,not listed,NA,not listed,NA,0,0,26,24,28,71.3,40,94.2,71.5,40,91,64.6,46.7,74,74.5,54,94.2,HANZAB,1.86,1.93,0.11,0,0,1,0,0,1,1,1,1,0,0,0,0,0,0,0,0,0,0,0,0,0,0,0,0,0,0,0,0,1,1,0,0,1,0,0,1,1,1,0,0,0,0,0,0,0,1,1,1,1,0,0,0,1,1,0,0,0,0,0,0,1,7.5,2.9,2,4,27,19.5,0,1,0,0,0,0,0,1,0,1,1,0,0,0,0,none,0,nil,certain,4543,77,1053,0.978,0.81,0.89,1408,402,78,48,26,71,15,9,28,2,3,10,1,8,3,1,73,NA,NA,NA,NA,634,634
Manorina melanophrys,Bell Miner,Meliphagidae,Passeriformes,13,3,8,2,4,17.1,7.4,3,4.9,22.1,94.6,18.2,73.8,19.9,81.3,30.4,Dunning,NA,NO,NA,NA,Forest,2,1,Carnivore,Invertivore,Insessorial,1254,1310,Manorina,melanophrys,NA,Genus from Joseph et al. (2013) and Dickinson and Christidis (2014),Honeyeaters and Chats,Meliphagidae,Passeriformes,22,8,30,1,0,1,0,1,1,4,50,136,3.3,7.8,BC7,Honeyeaters,"Honeyeaters, Thornbills, Bristlebirds, Australasian Wrens, Allies",Endemic (entirely Australian),1,0,0,0,0,0,1,0,0,7,7,LC,NA,LC,NA,LC,NA,LC,NA,LC,NA,not listed,NA,not listed,not listed,not listed,not listed,not listed,not listed,not listed,not listed,not listed,LC,not listed,not listed,not listed,not listed,not listed,Core,not listed,Core,not listed,not listed,Core,not listed,not listed,not listed,not listed,not listed,not listed,not listed,not listed,not listed,0,not listed,NA,not listed,NA,not listed,NA,not listed,NA,not listed,NA,0,0,19,18,20,31.3,24.2,45,32.3,24.2,45,29.8,25,33,31.7,25.8,37.8,HANZAB,1.14,1.18,0.1,0,0,0,0,0,0,0,1,1,0,0,0,0,0,0,0,0,0,0,0,0,0,0,0,0,0,0,0,0,0,1,0,0,0,0,0,0,0,1,1,0,0,0,0,0,0,0,1,0,1,0,0,0,1,0,0,0,0,0,0,0,1,5,2,1,3,21.2,17.4,0,1,0,0,0,0,0,1,0,1,1,0,0,0,0,none,0,nil,certain,4975,41,1755,2.02,1.11,1.09,189,60,76,57,20,96,45,17,113,14,18,2,0,9,1,0,57,NA,NA,NA,NA,633,u633
Manorina melanotis,Black-eared Miner,Meliphagidae,Passeriformes,5,2,3,0,4,25.5,12.5,4.2,4.9,26.9,122.1,27.3,94.1,22.5,107.8,54,Dunning,NA,NO,NA,NA,Woodland,2,1,Carnivore,Invertivore,Insessorial,1260,1316,Manorina,melanotis,NA,Genus from Joseph et al. (2014) and Dickinson and Christidis (2014). Considered a subspecies of M.flavigula by Dickinson and Remsen (2013) but currently retained by BirdLife International (2014),Honeyeaters and Chats,Meliphagidae,Passeriformes,22,8,30,3,0,1,0,1,6,3,50,136,3.7,5.3,BC7,Honeyeaters,"Honeyeaters, Thornbills, Bristlebirds, Australasian Wrens, Allies",Endemic (entirely Australian),1,0,0,0,0,0,1,0,0,7,7,EN,"B1ab(ii,iii,iv,v); C2a(i,ii)",EN,"B2ab(ii,iv,v); C2a(ii); D",EN,"B2ab(ii,iv,v); C2a(ii); D",EN,"A2ce; B2ab(ii,iii,iv,v); C2a(i)",EN,"A2ce; B2ab(ii,iii,iv,v); C2a(i)",EN,2000,not listed,not listed,not listed,not listed,not listed,not listed,not listed,CR,not listed,LC,EN,not listed,Th,not listed,not listed,Core,not listed,not listed,Core,not listed,Core,not listed,not listed,not listed,not listed,not listed,not listed,not listed,not listed,not listed,0,not listed,NA,not listed,NA,not listed,NA,not listed,NA,not listed,NA,0,0,25,23,26,51.7,43.6,61,53.2,49,61,52,NAV,NAV,50.8,43.6,58,HANZAB,NAV,NAV,0.07,0,0,0,0,0,1,0,0,0,0,0,0,0,0,0,0,0,0,0,0,0,0,0,0,0,0,0,0,0,0,0,0,0,0,0,0,1,0,0,0,0,0,0,0,0,0,0,0,0,1,0,0,0,1,0,0,0,0,0,0,0,1,NAV,2.5,2,3,26.8,18.2,0,1,0,0,0,0,0,1,0,1,1,0,0,0,0,none,0,nil,certain,2092,9,59,3.738,1.14,1.19,32,94,25,0,0,84,22,0,719,3,32,1,0,8,1,45,10,NA,NA,NA,NA,967,u967
Ptilinopus magnificus,Wompoo Fruit-Dove,Columbidae,Columbiformes,5,1,3,1,4,26.2,11.4,4.7,5.4,24.3,163.5,46.9,116.6,28.7,137.4,185.4,Dunning,NA,NO,NA,NA,Forest,2,1,Herbivore,Frugivore,Insessorial,141,145,Ptilinopus,magnificus,NA,NA,Pigeons and Doves,Columbidae,Columbiformes,6,1,12,2,0,1,0,0,7,51,46,1,7.5,NA,Columbidae,"Pigeons, Doves","Pigeons, Doves",Australian,1,0,0,0,0,0,0,0,0,4,4,LC,NA,LC,NA,LC,NA,LC,NA,LC,NA,not listed,NA,not listed,not listed,not listed,not listed,not listed,not listed,not listed,VU,not listed,LC,not listed,not listed,not listed,not listed,not listed,Core,not listed,Core,not listed,not listed,not listed,not listed,not listed,not listed,not listed,not listed,not listed,not listed,not listed,not listed,0,present,none,present,none,not listed,NA,not listed,NA,not listed,NA,0,0,40,35,45,336,132,538,336,152,538,290,132,504,NAV,NAV,NAV,HANZAB,2.17,2.25,-0.23,0,0,0,0,0,0,0,0,1,1,0,0,0,0,0,0,0,0,0,0,0,0,0,0,0,0,0,0,0,0,0,0,0,0,0,0,0,0,0,0,1,0,0,0,0,0,0,0,1,0,0,0,0,0,0,0,0,0,0,1,1,0,NAV,1,1,1,39.6,25.6,0,1,0,0,0,0,1,0,0,0,1,0,0,0,0,possible local dispersal,0,nil,high,75,0,2,1.085,1.33,1.29,177,54,77,64,21,96,27,7,63,8,2,0,1,62,11,0,15,NA,NA,NA,NA,25,25
Melanodryas cucullata,Hooded Robin,Petroicidae,Passeriformes,11,5,6,0,4,17.4,8.6,3.8,3.8,21.5,89.5,23.2,66.5,25.9,66.1,21.1,Dunning,NA,NO,NA,NA,Shrubland,2,1,Carnivore,Invertivore,Insessorial,1748,1729,Melanodryas,cucullata,NA,Recent analyses have shown molecular genetic differences of up to 4.3% ND2 distance between Eastern (cucullata and picata) and Western (westralensis) Hooded Robins (n = 5 individuals; Christidis et al. 2011). Phenotypic differences between mainland Hooded Robin taxa (n=215) considered subspecific by Schodde and Mason (1999) which is retained here.,Australian Robins,Petroicidae,Passeriformes,22,30,10,1,0,1,0,0,4,3,19,136,5.1,NA,Petroicidae,Australasian Robins,Australasian Robins,Endemic (entirely Australian),1,0,0,0,0,0,1,0,0,7,7,LC,NA,LC,NA,LC,NA,LC,NA,LC,NA,not listed,NA,not listed,not listed,not listed,not listed,not listed,not listed,VU,not listed,not listed,LC,not listed,not listed,Th,not listed,Core,Core,Core,Core,Core,not listed,Core,Core,not listed,not listed,not listed,not listed,not listed,not listed,not listed,not listed,0,not listed,NA,not listed,NA,not listed,NA,not listed,NA,not listed,NA,0,0,16,15,18,19.3,16,28.5,19.9,17,28,18.7,16,28.5,NAV,NAV,NAV,HANZAB,0.8,0.83,0.04,1,0,1,0,0,1,1,1,0,0,0,0,0,0,0,0,0,0,0,0,0,0,0,0,0,0,0,0,0,0,0,1,0,1,0,0,1,1,1,0,0,0,0,0,0,0,0,0,0,0,1,0,0,1,0,0,0,0,0,1,1,0,NAV,2,1,3,21,15.9,0,1,0,0,0,0,1,0,0,1,1,0,0,0,0,none,0,nil,certain,3514,43,234,0.466,0.84,0.91,6986,347,95,53,33,84,2,2,3,4,36,8,14,8,7,17,6,NA,NA,NA,NA,385,385
Meliphaga lewinii,Lewin's Honeyeater,Meliphagidae,Passeriformes,25,10,15,0,4,23,10.4,3.3,4.5,24.5,94.6,17.2,75.3,18.5,82.8,33.6,Dunning,NA,NO,NA,NA,Forest,1,1,Herbivore,Omnivore,Insessorial,1188,1249,Meliphaga,lewinii,NA,Genus from Joseph et al. (2013) and Dickinson and Christidis (2014),Honeyeaters and Chats,Meliphagidae,Passeriformes,22,8,22,1,0,1,0,0,3,15,50,136,2.1,NA,BC7,Honeyeaters,"Honeyeaters, Thornbills, Bristlebirds, Australasian Wrens, Allies",Endemic (entirely Australian),1,0,0,0,0,0,1,0,0,7,7,LC,NA,LC,NA,LC,NA,LC,NA,LC,NA,not listed,NA,not listed,not listed,not listed,not listed,not listed,not listed,not listed,not listed,not listed,LC,not listed,not listed,not listed,not listed,not listed,Core,not listed,Core,not listed,not listed,Core,not listed,not listed,not listed,not listed,not listed,not listed,not listed,not listed,not listed,0,not listed,NA,not listed,NA,not listed,NA,not listed,NA,not listed,NA,0,0,20,19,22,33.3,25,49.5,35.4,27.5,49.5,33.3,26,41.5,29.3,25,35,HANZAB,1.17,1.21,0.09,0,0,1,0,0,0,0,1,1,1,1,0,0,0,0,0,0,0,0,0,0,0,0,0,0,0,0,0,0,1,1,0,0,0,0,0,0,0,0,1,1,0,0,0,0,0,1,1,1,1,0,0,0,1,0,0,0,0,0,1,1,0,8.2,2.2,2,4,NAV,NAV,0,1,0,0,0,0,1,0,0,0,1,0,0,0,0,none,0,nil,certain,5797,16,3051,1.537,0.94,0.97,437,87,83,84,44,124,29,15,65,10,10,1,0,36,1,4,37,NA,NA,NA,NA,605,605
Melithreptus albogularis,White-throated Honeyeater,Meliphagidae,Passeriformes,21,8,13,0,4,14.3,7.5,2.8,3.2,15.9,71,16.5,57.6,22.3,52.3,11,Dunning,NA,NO,NA,NA,Forest,2,1,Carnivore,Invertivore,Insessorial,1152,1393,Melithreptus,albogularis,NA,Genus from Joseph et al. (2013) and Dickinson and Christidis (2014),Honeyeaters and Chats,Meliphagidae,Passeriformes,22,8,12,4,0,1,0,0,2,7,50,136,2.8,NA,BC7,Honeyeaters,"Honeyeaters, Thornbills, Bristlebirds, Australasian Wrens, Allies",Australian,1,0,0,0,0,0,0,0,0,6,6,LC,NA,LC,NA,LC,NA,LC,NA,LC,NA,not listed,NA,not listed,not listed,not listed,not listed,not listed,not listed,not listed,not listed,not listed,LC,not listed,not listed,not listed,not listed,not listed,Core,Core,Core,not listed,not listed,not listed,Core,not listed,not listed,not listed,not listed,not listed,not listed,not listed,not listed,0,not listed,NA,not listed,NA,not listed,NA,not listed,NA,not listed,NA,0,0,13,12,15,11.9,9,15,12.4,10,15,11.5,9,15,NAV,NAV,NAV,HANZAB,0.63,0.65,0.08,0,0,0,0,0,0,1,0,0,1,0,0,0,0,0,0,0,0,0,0,0,0,0,0,0,0,0,0,0,0,1,0,0,0,0,0,0,1,0,0,0,0,0,0,0,0,0,1,0,1,0,0,0,1,0,0,0,0,0,0,1,1,NAV,2,2,2,18.6,13.6,0,1,0,0,0,0,1,0,0,0,1,0,0,0,0,none,0,nil,certain,3843,13,396,0.963,0.94,1.02,1461,196,88,99,77,112,20,11,48,14,1,0,1,17,13,54,1,NA,NA,NA,NA,579,579
Melithreptus brevirostris,Brown-headed Honeyeater,Meliphagidae,Passeriformes,21,8,13,0,4,14.2,7.6,3,3.6,16.7,69.3,15.7,53.3,22.8,54.7,12.6,Dunning,NA,NO,NA,NA,Forest,2,1,Omnivore,Omnivore,Insessorial,1146,1387,Melithreptus,brevirostris,NA,Genus from Joseph et al. (2013) and Dickinson and Christidis (2014),Honeyeaters and Chats,Meliphagidae,Passeriformes,22,8,12,3,0,1,0,0,5,7,50,136,2.8,NA,BC7,Honeyeaters,"Honeyeaters, Thornbills, Bristlebirds, Australasian Wrens, Allies",Endemic (entirely Australian),1,0,0,0,0,0,1,0,0,7,7,LC,NA,LC,NA,LC,NA,LC,NA,LC,NA,not listed,NA,not listed,not listed,not listed,not listed,not listed,not listed,not listed,not listed,not listed,LC,not listed,not listed,not listed,not listed,Core,Core,not listed,Core,Core,not listed,Core,Core,not listed,not listed,not listed,not listed,not listed,not listed,not listed,not listed,0,not listed,NA,not listed,NA,not listed,NA,not listed,NA,not listed,NA,0,0,13,12,14,15.3,10.5,20.5,15.2,11,20,15.5,11,20.5,12.6,10.5,15,HANZAB,0.68,0.7,0.05,0,0,1,0,0,1,0,1,1,0,0,0,0,0,0,0,0,0,0,0,0,0,0,0,0,0,0,0,0,0,0,0,0,1,0,0,1,0,1,1,0,0,0,0,0,0,0,0,0,1,0,0,0,1,0,0,0,0,0,0,1,1,NAV,3,2,3,18.4,14,0,1,0,0,0,0,1,0,0,1,1,1,0,1,0,none,0,nil,certain,5738,37,2110,0.835,0.95,0.98,1696,242,87,42,25,57,7,6,8,64,3,4,0,4,1,2,23,NA,NA,NA,NA,583,583
Melithreptus gularis,Black-chinned Honeyeater,Meliphagidae,Passeriformes,10,3,5,2,4,16.8,8.2,3.4,4.1,18.7,84.3,23.1,60.2,27.7,61.4,19.4,Dunning,NA,NO,NA,NA,Forest,2,1,Omnivore,Omnivore,Insessorial,1142,1383,Melithreptus,gularis,NA,Genus from Joseph et al. (2013) and Dickinson and Christidis (2014),Honeyeaters and Chats,Meliphagidae,Passeriformes,22,8,12,1,0,1,0,0,2,7,50,136,2.8,NA,BC7,Honeyeaters,"Honeyeaters, Thornbills, Bristlebirds, Australasian Wrens, Allies",Endemic (entirely Australian),1,0,0,0,0,0,1,0,0,7,7,LC,NA,LC,NA,LC,NA,LC,NA,LC,NA,not listed,NA,not listed,not listed,not listed,not listed,not listed,not listed,not listed,not listed,not listed,LC,not listed,not listed,not listed,not listed,not listed,Core,Core,Core,Core,not listed,Core,Core,not listed,not listed,not listed,not listed,not listed,not listed,not listed,not listed,0,not listed,NA,not listed,NA,not listed,NA,not listed,NA,not listed,NA,0,0,16,14,17,19.6,15,23.2,20,15,22.5,19,16.1,20.2,NAV,NAV,NAV,HANZAB,NAV,NAV,0.09,1,0,0,0,0,0,1,1,0,0,0,0,0,0,0,0,0,0,0,0,0,0,0,0,0,0,0,0,0,1,1,1,0,0,0,0,0,1,1,0,0,0,0,0,0,0,1,0,0,1,1,0,0,1,0,0,0,0,0,0,1,1,NAV,2,1,3,20.3,14.8,0,1,0,0,0,0,1,0,0,1,1,0,0,0,0,none,0,nil,certain,3643,17,87,0.508,0.97,1,3870,776,83,82,58,101,15,8,33,11,10,17,3,27,6,19,5,NA,NA,NA,NA,580,580
Melithreptus lunatus,White-naped Honeyeater,Meliphagidae,Passeriformes,17,7,10,0,4,14.4,7.2,2.8,3.4,16.9,74.7,20.7,54.3,27.6,56.5,14,Dunning,NA,NO,NA,NA,Forest,2,1,Carnivore,Invertivore,Insessorial,1155,1396,Melithreptus,lunatus,NA,"Molecular genetic differences between eastern and western (allopatric) populations have been noted (Toon et al. 2010) and phenotypic variation between the two taxa are apparent (Schodde and Mason 1999), though these differences are small. Taxonomic rank uncertain. Species arrangement from Joseph et al. (2014)",Honeyeaters and Chats,Meliphagidae,Passeriformes,22,8,12,5,0,1,0,0,2,7,50,136,2.8,NA,BC7,Honeyeaters,"Honeyeaters, Thornbills, Bristlebirds, Australasian Wrens, Allies",Endemic (entirely Australian),1,0,0,0,0,0,1,0,0,7,7,LC,NA,LC,NA,LC,NA,LC,NA,LC,NA,not listed,NA,not listed,not listed,not listed,not listed,not listed,not listed,not listed,not listed,not listed,LC,not listed,not listed,not listed,not listed,Core,Core,not listed,Core,Core,not listed,Core,Core,not listed,not listed,not listed,not listed,not listed,not listed,not listed,not listed,0,not listed,NA,not listed,NA,not listed,NA,not listed,NA,not listed,NA,0,0,14,11,16,14.9,11,25,15.3,11.5,25,13.1,11.5,15,NAV,NAV,NAV,HANZAB,NAV,NAV,0.06,0,0,0,0,0,0,0,1,1,0,0,0,0,0,0,0,0,0,0,0,0,0,0,0,0,0,0,0,0,0,1,0,0,0,0,0,0,0,1,1,0,0,0,0,0,0,0,1,0,1,0,0,0,1,0,0,0,0,0,0,1,1,NAV,2.7,2,3,19.3,13.4,0,1,0,0,0,0,1,0,0,0,1,1,0,0,0,none,0,nil,certain,4500,57,1646,NA,NA,NA,NA,NA,NA,NA,NA,NA,NA,NA,NA,NA,NA,NA,NA,NA,NA,NA,NA,NA,NA,NA,NA,578,578
Melopsittacus undulatus,Budgerigar,Psittaculidae,Psittaciformes,5,2,2,1,4,12.7,11.2,7.3,11.1,12.4,95.4,48.4,46.9,50.9,93.2,29,Dunning,NA,NO,NA,NA,Woodland,3,2,Herbivore,Granivore,Generalist,942,819,Melopsittacus,undulatus,NA,NA,"Parrots, Lorikeets and Rosellas",Psittaculidae,Psittaciformes,21,3,20,1,0,1,0,1,1,1,45,4,17.7,27.3,Psittacidae1,Parrots,Parrots,Endemic (entirely Australian),1,0,0,0,0,0,1,0,0,7,7,LC,NA,LC,NA,LC,NA,LC,NA,LC,NA,not listed,NA,not listed,not listed,not listed,not listed,not listed,not listed,not listed,not listed,not listed,LC,Unprotected,not listed,not listed,not listed,not listed,Core,Core,Core,Core,not listed,Core,Core,not listed,not listed,not listed,not listed,not listed,not listed,not listed,not listed,0,not listed,NA,not listed,NA,not listed,NA,not listed,NA,not listed,NA,0,0,18,18,18,28.8,12,40,28.9,19,30,28.7,12,40,NAV,NAV,NAV,HANZAB,1.5,1.55,0.26,1,1,0,1,1,1,1,0,0,0,0,0,0,0,0,0,0,0,0,0,0,0,0,0,0,0,0,0,0,0,0,1,0,0,0,0,1,1,0,0,0,0,0,0,0,0,0,0,0,0,1,0,0,0,0,0,0,0,0,0,0,1,NAV,4.6,2,7,18.4,14.7,0,0,0,0,1,0,0,1,0,0,0,0,0,1,1,none,0,nil,certain,28,0,1,0.47,1.2,1.13,6784,138,98,99,92,104,2,1,3,5,22,26,1,32,4,0,9,NA,NA,NA,NA,310,u310
Menura alberti,Albert's Lyrebird,Menuridae,Passeriformes,11,6,4,1,4,41.9,15.8,7.1,8.2,101.1,261.9,8.3,252.2,3.3,441.1,928,Dunning,NA,NO,NA,NA,Forest,1,1,Carnivore,Invertivore,Terrestrial,961,961,Menura,alberti,NA,NA,Lyrebirds,Menuridae,Passeriformes,22,2,1,1,0,1,0,1,1,2,1,136,15.4,24.6,BC1,"Scrub-birds, Lyrebirds","Scrub-birds, Lyrebirds",Endemic (entirely Australian),1,0,0,0,0,0,1,0,0,7,7,NT,"B1ab(iii,v)",VU,"B1ab(iii,v); B2ab(iii,v)",VU,"B1ab(iii,v); B2ab(iii,v)",NT,"B1ab(i,ii,iv); B2ab(i,ii,iv)",NT,"B1ab(i,ii,iv); B2ab(i,ii,iv)",not listed,NA,not listed,not listed,not listed,not listed,not listed,not listed,not listed,VU,not listed,NT,not listed,not listed,not listed,not listed,not listed,Core,not listed,Core,not listed,not listed,not listed,not listed,not listed,not listed,not listed,not listed,not listed,not listed,not listed,not listed,0,not listed,NA,not listed,NA,not listed,NA,not listed,NA,not listed,NA,0,0,90,86,93,928,668,1220,928,668,1220,NAV,NAV,NAV,NAV,NAV,NAV,HANZAB,NAV,NAV,0.17,0,0,0,0,0,0,0,0,1,1,0,0,0,0,0,0,0,0,0,0,0,0,0,0,0,0,0,0,0,0,0,0,0,0,0,0,0,0,0,1,1,0,0,0,0,0,0,0,0,0,0,0,0,1,0,0,0,0,0,1,0,0,NAV,1,1,1,61.8,43.1,1,1,0,0,0,0,1,0,0,0,1,0,0,0,0,none,0,nil,certain,NAV,NAV,NAV,4.299,1.19,1.27,6,18,25,0,0,33,150,0,1583,12,2,0,3,16,25,13,29,NA,NA,NA,NA,351,u351
Menura novaehollandiae,Superb Lyrebird,Menuridae,Passeriformes,10,5,5,0,4,42.2,16.6,7,7.6,109.5,280.9,5.7,281.6,2,582.7,972.6,Dunning,NA,NO,NA,NA,Forest,1,1,Carnivore,Invertivore,Terrestrial,962,962,Menura,novaehollandiae,NA,NA,Lyrebirds,Menuridae,Passeriformes,22,2,1,2,0,1,0,0,3,2,1,136,15.4,NA,BC1,"Scrub-birds, Lyrebirds","Scrub-birds, Lyrebirds",Endemic (entirely Australian),1,0,0,0,0,0,1,0,0,7,7,LC,NA,LC,NA,LC,NA,LC,NA,LC,NA,not listed,NA,not listed,not listed,not listed,not listed,not listed,not listed,not listed,not listed,not listed,NT,not listed,not listed,not listed,not listed,Core,Core,not listed,Core,not listed,Introduced,Core,not listed,not listed,not listed,not listed,not listed,not listed,not listed,not listed,not listed,0,not listed,NA,not listed,NA,not listed,NA,not listed,NA,not listed,NA,0,0,90,76,103,1080,721,1200,1080,890,1200,942,NAV,NAV,NAV,NAV,NAV,HANZAB,10.71,11.1,0.17,0,0,0,0,0,0,0,1,1,1,0,0,0,0,0,0,0,0,0,0,0,0,0,0,0,0,0,0,0,0,0,0,0,0,0,0,0,0,1,1,1,0,0,0,0,0,0,0,0,0,1,0,0,1,0,0,0,0,0,1,0,0,10.5,1,1,2,61.8,42.9,1,1,0,0,0,0,1,0,0,0,1,0,0,0,0,none,0,nil,certain,6538,10,544,1.872,1.14,1.18,191,96,67,51,13,80,37,19,96,6,15,1,0,4,0,0,74,NA,NA,NA,NA,350,350
Merops ornatus,Rainbow Bee-eater,Meropidae,Coraciiformes,6,3,2,1,4,37,27.5,5.9,6,10.7,108.2,40.5,66,38,106.7,29.5,Dunning,NA,NO,NA,NA,Woodland,3,3,Carnivore,Invertivore,Insessorial,759,940,Merops,ornatus,NA,NA,Bee-eaters,Meropidae,Coraciiformes,19,1,1,1,0,1,0,1,1,24,3,6,13.2,21.9,Meropidae,Bee-eaters,"Bee-eaters, Kingfishers, Motmots, Todies, Rollers, Ground-Rollers",Australian,1,0,0,0,0,0,0,0,0,6,5,LC,NA,LC,NA,LC,NA,LC,NA,LC,NA,not listed,NA,not listed,not listed,not listed,not listed,not listed,1,not listed,not listed,not listed,LC,not listed,not listed,not listed,not listed,Core,Core,Core,Core,Core,not listed,Core,Core,not listed,not listed,not listed,not listed,not listed,not listed,not listed,not listed,0,present,certain,present,certain,present,certain,vagrant,NA,not listed,NA,0,0,21,20,21,28,17.4,42,28.1,20,42,26.4,17.4,33,28.7,21,33,HANZAB,0.62,0.64,-0.17,1,1,1,1,1,1,1,1,1,1,1,0,0,0,0,0,0,0,0,0,0,0,0,0,0,0,0,0,0,1,1,1,1,1,1,1,1,1,1,1,0,0,0,0,0,0,1,1,0,0,0,0,0,1,0,0,0,0,0,0,1,1,23,4.8,2,8,21.6,18.7,1,0,0,1,0,0,1,1,0,1,1,1,0,0,0,annual outward migration Non-marine,1,low,low,1675,19,53,0.391,1.27,1.17,7628,154,98,101,101,101,3,2,3,1,2,47,1,13,8,28,1,NA,NA,NA,NA,329,u329
Microcarbo melanoleucos,Little Pied Cormorant,Phalacrocoracidae,Suliformes,8,4,2,2,4,37.4,27.5,7.6,11.4,37.6,218.8,80.5,138.2,36.8,153,727.4,Dunning,NA,NO,NA,NA,Wetland,3,1,Carnivore,Aquatic predator,Aquatic,673,352,Microcarbo,melanoleucos,NA,NA,Cormorants and Shags,Phalacrocoracidae,Pelecaniformes,15,7,1,1,0,1,0,0,3,5,2,10,21.5,NA,Phalacrocoracidae,"Cormorants, Anhingas, Gannets, Frigatebirds","Cormorants, Anhingas, Gannets, Frigatebirds",Australian,1,0,0,0,0,0,0,0,0,6,6,LC,NA,LC,NA,LC,NA,LC,NA,LC,NA,not listed,NA,not listed,not listed,not listed,not listed,not listed,not listed,not listed,not listed,not listed,LC,not listed,not listed,not listed,not listed,Core,Core,Core,Core,Core,Core,Core,Core,not listed,not listed,not listed,not listed,not listed,not listed,not listed,not listed,0,present,certain,present,certain,present,possible,present,certain,present,probable,0,0,60,55,65,688,400,900,785,487,900,590,400,900,NAV,NAV,NAV,"HANZAB, Cramp et al. (1977-1994)",5.34,5.53,-0.01,0,0,0,0,0,0,0,0,0,0,0,1,1,1,0,0,0,0,0,0,0,0,0,0,0,0,1,1,0,1,1,0,0,0,0,0,0,0,0,0,0,1,1,0,0,0,1,1,0,0,0,0,0,0,0,0,0,1,1,1,0,0,NAV,4,1,6,NAV,NAV,0,1,0,0,0,0,1,1,0,0,0,0,1,0,0,local dispersal,1,high,low,4221,2885,123,0.413,1.16,1.1,5654,1849,75,104,103,104,37,34,37,10,8,14,4,44,4,1,16,149,225,4.5,2.7,100,100
Microeca fascinans,Jacky-winter,Petroicidae,Passeriformes,11,4,4,3,4,12.5,6.6,4.2,3.2,16.5,84.3,25,59.2,29.8,56.5,14.5,Dunning,NA,NO,NA,NA,Forest,2,3,Carnivore,Invertivore,Insessorial,1725,1707,Microeca,fascinans,NA,NA,Australian Robins,Petroicidae,Passeriformes,22,30,3,2,0,1,0,0,4,3,19,136,5.1,NA,Petroicidae,Australasian Robins,Australasian Robins,Australian,1,0,0,0,0,0,0,0,0,6,6,LC,NA,LC,NA,LC,NA,LC,NA,LC,NA,not listed,NA,not listed,not listed,not listed,not listed,not listed,not listed,not listed,not listed,not listed,LC,not listed,not listed,not listed,not listed,Core,Core,Core,Core,Core,not listed,Core,Core,not listed,not listed,not listed,not listed,not listed,not listed,not listed,not listed,0,present,none,present,none,not listed,NA,not listed,NA,not listed,NA,0,0,13,12,15,14.5,6.8,20,14.3,6.8,18,14.7,10,20,17,14,20,"HANZAB, del Hoyo et al. (1992-2013)",0.54,0.56,-0.04,1,0,0,0,0,1,1,1,0,0,0,0,0,0,0,0,0,0,0,0,0,0,0,0,0,0,0,0,0,1,0,1,0,0,0,0,1,0,1,0,0,0,0,0,0,0,1,0,0,0,0,0,0,1,0,0,0,0,0,1,1,0,NAV,2,1,3,19.9,14.3,0,1,0,0,0,0,1,0,0,1,1,0,0,0,0,none,0,nil,certain,1939,11,50,0.441,1.08,1.07,5568,1006,85,51,32,75,5,3,10,7,12,17,3,15,12,1,35,NA,NA,NA,NA,377,377
Milvus migrans,Black Kite,Accipitridae,Accipitriformes,8,3,5,0,4,40,22.4,13,17.4,51.4,457.4,219.9,237.5,48.1,269.5,734.1,Dunning,NA,NO,NA,NA,Woodland,3,3,Omnivore,Omnivore,Aerial,719,429,Milvus,migrans,NA,NA,"Eagles, Kites, Goshawks and Osprey",Accipitridae,Accipitriformes,16,2,14,1,0,1,0,0,7,3,69,4,10.6,NA,Accipitridae,"Hawks, Eagles, Secretarybird","Hawks, Eagles, Secretarybird",Australian,1,0,0,0,0,0,0,0,0,6,6,LC,NA,LC,NA,LC,NA,LC,NA,LC,NA,not listed,NA,not listed,not listed,not listed,not listed,not listed,not listed,not listed,not listed,not listed,LC,not listed,not listed,not listed,not listed,not listed,Core,Core,Core,Core,not listed,Core,Core,not listed,not listed,not listed,not listed,not listed,not listed,not listed,not listed,0,present,certain,present,probable,present,possible,vagrant,NA,vagrant,NA,0,0,50,45,55,847,630,1080,779,630,928,915,750,1080,NAV,NAV,NAV,del Hoyo et al. (1992-2013),5.82,6.03,0.05,1,1,0,1,1,1,1,1,0,0,0,1,1,1,0,0,1,1,1,1,0,0,0,0,0,0,0,0,1,1,1,1,0,0,0,0,1,1,1,0,0,0,0,0,0,1,1,1,0,0,0,0,0,1,1,1,0,0,1,0,0,1,NAV,2.3,2,3,52.3,41.2,0,1,0,0,0,0,1,1,0,0,1,1,0,0,1,annual outward migration Non-marine,1,low,low,2022,791,9,0.469,0.92,0.96,5317,2295,70,97,87,101,46,44,47,43,3,28,5,2,8,3,8,NA,NA,NA,NA,229,229
Mirafra javanica,Singing Bushlark,Alaudidae,Passeriformes,18,4,11,3,10,14.8,9.7,5.3,6.3,22.5,72,12.7,59.2,17.6,46.9,23,Dunning,NA,NO,NA,NA,Grassland,3,1,Omnivore,Omnivore,Terrestrial,1843,1760,Mirafra,javanica,NA,NA,Larks,Alaudidae,Passeriformes,22,37,1,1,0,1,0,0,16,24,21,136,2.4,NA,S3,Larks,"Larks, Allies",Australian,1,0,0,0,0,0,0,0,0,3,3,LC,NA,LC,NA,LC,NA,LC,NA,LC,NA,not listed,NA,not listed,not listed,not listed,not listed,not listed,not listed,not listed,not listed,not listed,LC,not listed,not listed,not listed,not listed,not listed,Core,Core,Core,Core,not listed,Core,Core,not listed,not listed,not listed,not listed,not listed,not listed,not listed,not listed,0,present,none,present,none,present,none,not listed,NA,not listed,NA,0,0,14,12,15,21.8,18,28,22.2,18,28,21.9,18,24.8,NAV,NAV,NAV,HANZAB,0.73,0.76,-0.02,0,1,0,1,1,0,0,0,0,0,0,0,0,0,0,0,0,0,0,0,0,0,0,0,0,0,0,0,0,1,0,0,1,0,1,1,0,0,0,0,0,0,0,0,0,0,1,0,0,0,1,0,0,1,0,0,0,0,0,1,1,0,NAV,3.1,2,5,19.6,14.6,1,1,0,0,0,0,1,0,0,0,1,0,0,1,0,none,0,nil,certain,9,0,1,0.417,1.16,1.11,5212,2229,70,102,95,103,48,42,49,28,11,11,1,33,5,6,5,NA,NA,NA,NA,648,648
Monarcha melanopsis,Black-faced Monarch,Monarchidae,Passeriformes,16,4,11,1,4,21.2,12.8,6.8,6.2,19.5,89.2,20.6,70.8,22.6,73.6,22.7,Dunning,NA,NO,NA,NA,Forest,2,3,Carnivore,Invertivore,Insessorial,1693,1674,Monarcha,melanopsis,NA,NA,Monarch and Flycatchers,Monarchidae,Passeriformes,22,27,6,3,0,1,0,1,1,6,18,136,4.1,9.1,CC8,"Shrikes, Monarchs, Drongos, Fantails, Birds Of Paradise, Crows, Jays, Allies","Cuckoo-Shrikes, Helmetshrikes, Shrike-Flycatchers, Vangas, Whipbirds, Shrike-Thrushes, Whistlers, Shrikes, Monarchs, Vireos, Orioles, Drongos, Fantails, Birds Of Paradise, Crows, Jays, Allies",Endemic (breeding only),1,0,0,0,0,0,0,1,0,7,6,LC,NA,LC,NA,LC,NA,LC,NA,LC,NA,not listed,NA,A2H,not listed,not listed,not listed,1,1,not listed,not listed,not listed,LC,not listed,not listed,not listed,not listed,not listed,Core,not listed,Core,not listed,not listed,Core,not listed,not listed,not listed,not listed,not listed,not listed,not listed,not listed,not listed,0,present,certain,present,certain,not listed,NA,vagrant,NA,not listed,NA,0,0,18,16,20,22.6,19,27,22.8,19,27,22.3,20.5,25,NAV,NAV,NAV,HANZAB,0.92,0.95,0.08,0,0,0,0,0,0,0,0,1,1,0,0,0,0,0,0,0,0,0,0,0,0,0,0,0,0,0,0,0,0,0,0,0,0,0,0,0,0,0,1,1,0,0,0,0,0,0,0,0,0,0,0,0,1,0,0,0,0,0,1,1,0,11,2.3,2,3,23.6,17,0,1,0,0,0,0,1,0,0,0,0,0,1,0,0,annual outward migration Non-marine,0,nil,certain,1884,6,31,1.165,1.22,1.15,302,63,83,86,37,121,35,19,86,6,10,5,1,44,1,0,33,NA,NA,NA,NA,373,u373
Morus serrator,Australasian Gannet,Sulidae,Suliformes,6,1,2,3,4,88.3,87,22.6,29.4,54.1,461,279.5,174.2,61.6,200.5,2350,Dunning,NA,NO,NA,NA,Marine,3,2,Carnivore,Aquatic predator,Aerial,665,342,Morus,serrator,NA,NA,Gannets and Boobies,Sulidae,Pelecaniformes,15,6,2,2,0,1,0,1,1,3,3,10,22.3,32.5,Sulidae,"Cormorants, Anhingas, Gannets, Frigatebirds","Cormorants, Anhingas, Gannets, Frigatebirds",Australian,1,0,0,0,0,0,0,0,0,4,4,LC,NA,LC,NA,LC,NA,LC,NA,LC,NA,not listed,NA,not listed,not listed,not listed,not listed,not listed,1,not listed,not listed,not listed,LC,not listed,not listed,not listed,not listed,not listed,Core,not listed,Core,Core,Core,Core,Core,Core,Core,not listed,not listed,not listed,not listed,not listed,not listed,1,not listed,NA,not listed,NA,not listed,NA,present,probable,vagrant,NA,0,0,88,84,91,2320,1250,3050,NAV,NAV,NAV,NAV,NAV,NAV,2320,1250,3050,HANZAB,4.83,5,-0.39,0,0,0,0,0,0,0,0,0,0,0,0,0,0,0,0,0,0,0,0,0,0,0,1,1,0,1,0,0,0,0,0,0,0,0,0,0,0,0,0,0,0,0,0,1,0,0,0,0,0,0,0,0,0,0,0,0,1,0,1,0,0,NAV,1,1,1,76.8,46.6,1,0,0,0,0,0,0,1,0,0,0,0,1,0,0,marine outward,1,high,high,11206,8126,2536,NA,1.36,1.36,NA,NA,NA,NA,NA,NA,NA,NA,NA,NA,NA,NA,NA,NA,NA,NA,NA,255,375,-4.6,5.1,104,u104
Morus serrator,Australasian Gannet,Sulidae,Suliformes,6,1,2,3,4,88.3,87,22.6,29.4,54.1,461,279.5,174.2,61.6,200.5,2350,Dunning,NA,NO,NA,NA,Marine,3,2,Carnivore,Aquatic predator,Aerial,p55,p37,Morus,serrator,NA,see parent taxon,Gannets and Boobies,Sulidae,Phalacrocoraciformes,p15,6,2,2,0,1,0,1,NA,NA,NA,NA,NA,NA,Sulidae,"Cormorants, Anhingas, Gannets, Frigatebirds","Cormorants, Anhingas, Gannets, Frigatebirds",Non-breeding migrant population of Australian breeding taxon,0,1,0,0,0,0,0,0,1,0,6,LC,NA,LC,NA,LC,NA,LC,NA,LC,NA,not listed,NA,not listed,not listed,not listed,not listed,not listed,not listed,not listed,not listed,not listed,LC,not listed,not listed,not listed,not listed,not listed,Core,not listed,Core,Core,Core,Core,Core,not listed,Core,not listed,not listed,not listed,not listed,not listed,not listed,1,not listed,NA,not listed,NA,not listed,NA,present,certain,not listed,NA,NA,NA,88,84,91,NA,NA,NA,NA,NA,NA,NA,NA,NA,NA,NA,NA,NA,NA,NA,NA,NA,NA,NA,NA,NA,NA,NA,NA,NA,NA,NA,NA,NA,NA,NA,NA,NA,NA,NA,NA,NA,NA,NA,NA,NA,NA,NA,NA,NA,NA,NA,NA,NA,NA,NA,NA,NA,NA,NA,NA,NA,NA,NA,NA,NA,NA,NA,NA,NA,NA,NA,NA,NA,NA,NA,NA,NA,NA,NA,1,0,0,NA,NA,NA,NA,NA,NA,NA,NA,NA,NA,NA,NA,NA,NA,NA,NA,NA,NA,NA,NA,NA,marine inward,1,total,certain,NAV,NAV,NAV,NA,NA,NA,NA,NA,NA,NA,NA,NA,NA,NA,NA,NA,NA,NA,NA,NA,NA,NA,NA,NA,NA,NA,NA,104,u104
Myiagra alecto,Shining Flycatcher,Monarchidae,Passeriformes,27,7,20,0,15,19.8,11.8,5.9,4.7,19.3,86.4,13.2,74.3,15,72.4,23.6,Dunning,NA,NO,NA,NA,Riverine,2,1,Carnivore,Invertivore,Insessorial,1670,1667,Myiagra,alecto,NA,NA,Monarch and Flycatchers,Monarchidae,Passeriformes,22,27,1,4,0,1,0,0,8,15,18,136,3,NA,CC8,"Shrikes, Monarchs, Drongos, Fantails, Birds Of Paradise, Crows, Jays, Allies","Cuckoo-Shrikes, Helmetshrikes, Shrike-Flycatchers, Vangas, Whipbirds, Shrike-Thrushes, Whistlers, Shrikes, Monarchs, Vireos, Orioles, Drongos, Fantails, Birds Of Paradise, Crows, Jays, Allies",Australian,1,0,0,0,0,0,0,0,0,5,5,LC,NA,LC,NA,LC,NA,LC,NA,LC,NA,not listed,NA,not listed,not listed,not listed,not listed,not listed,not listed,not listed,not listed,not listed,LC,not listed,not listed,not listed,not listed,not listed,not listed,Core,Core,not listed,not listed,not listed,Core,not listed,not listed,not listed,not listed,not listed,not listed,not listed,not listed,0,present,certain,present,certain,not listed,NA,not listed,NA,not listed,NA,0,0,18,17,20,20.4,15,25,20.9,18,25,20,15,24,NAV,NAV,NAV,HANZAB,0.73,0.76,0.01,0,0,0,0,0,0,0,0,0,1,1,0,0,0,0,0,0,0,0,0,0,0,0,0,0,0,0,0,0,0,0,0,0,0,0,0,0,0,0,0,1,1,1,0,0,0,0,0,0,0,0,0,0,1,0,0,1,0,0,1,1,0,NAV,2.4,2,3,20.8,15.2,0,1,0,0,0,0,1,0,0,0,1,0,0,0,0,local dispersal,1,high,low,1916,2,83,1.481,1.05,1.08,501,225,69,109,98,112,118,67,197,4,3,3,7,3,4,77,0,NA,NA,NA,NA,372,372
Myiagra cyanoleuca,Satin Flycatcher,Monarchidae,Passeriformes,14,4,10,0,4,18.2,9.6,6.8,4.5,15.9,87.1,19.3,69.3,21.8,75.5,17.5,Dunning,NA,NO,NA,NA,Shrubland,2,3,Carnivore,Invertivore,Insessorial,1669,1666,Myiagra,cyanoleuca,NA,NA,Monarch and Flycatchers,Monarchidae,Passeriformes,22,27,1,3,0,1,0,1,1,15,18,136,3,7.2,CC8,"Shrikes, Monarchs, Drongos, Fantails, Birds Of Paradise, Crows, Jays, Allies","Cuckoo-Shrikes, Helmetshrikes, Shrike-Flycatchers, Vangas, Whipbirds, Shrike-Thrushes, Whistlers, Shrikes, Monarchs, Vireos, Orioles, Drongos, Fantails, Birds Of Paradise, Crows, Jays, Allies",Endemic (breeding only),1,0,0,0,0,0,0,1,0,7,3,LC,NA,LC,NA,LC,NA,LC,NA,LC,NA,not listed,NA,A2H,not listed,not listed,not listed,1,1,not listed,not listed,not listed,LC,EN,not listed,not listed,not listed,Core,Core,not listed,Core,not listed,Core,Core,not listed,not listed,not listed,not listed,not listed,not listed,not listed,not listed,not listed,0,present,certain,present,certain,not listed,NA,vagrant,NA,not listed,NA,0,0,18,17,18,17.4,12,23,17.8,12,23,17,14,19,NAV,NAV,NAV,HANZAB,0.63,0.65,-0.01,0,0,0,0,0,0,1,1,1,1,0,0,0,0,0,0,0,0,0,0,0,0,0,0,0,0,0,0,0,0,0,0,0,0,0,0,0,0,0,1,1,0,0,0,0,0,0,0,0,0,0,0,0,1,0,0,0,0,0,1,1,0,9.7,2.7,1,3,19.4,14.8,0,1,0,0,0,0,1,1,0,0,0,0,1,0,0,annual outward migration Non-marine,0,nil,certain,438,0,3,0.735,1.1,1.08,598,116,84,62,31,92,11,9,15,3,10,3,1,21,2,0,61,NA,NA,NA,NA,366,u366
Myiagra inquieta,Restless Flycatcher,Monarchidae,Passeriformes,15,3,12,0,6,21.9,11.2,5.7,4.3,19.2,99,18.5,79.9,18.7,95.3,20.9,Dunning,NA,NO,NA,NA,Woodland,2,2,Carnivore,Invertivore,Insessorial,1673,1670,Myiagra,inquieta,NA,NA,Monarch and Flycatchers,Monarchidae,Passeriformes,22,27,1,5,0,1,0,0,2,15,18,136,3,NA,CC8,"Shrikes, Monarchs, Drongos, Fantails, Birds Of Paradise, Crows, Jays, Allies","Cuckoo-Shrikes, Helmetshrikes, Shrike-Flycatchers, Vangas, Whipbirds, Shrike-Thrushes, Whistlers, Shrikes, Monarchs, Vireos, Orioles, Drongos, Fantails, Birds Of Paradise, Crows, Jays, Allies",Australian,1,0,0,0,0,0,0,0,0,6,6,LC,NA,LC,NA,LC,NA,LC,NA,LC,NA,not listed,NA,not listed,not listed,not listed,not listed,not listed,not listed,not listed,not listed,not listed,LC,Rare,not listed,not listed,not listed,Core,Core,Core,Core,Core,not listed,Core,Core,not listed,not listed,not listed,not listed,not listed,not listed,not listed,not listed,0,present,certain,present,probable,not listed,NA,not listed,NA,not listed,NA,0,0,20,17,22,16.9,10,25,17.8,12.5,25,16.1,10,23,NAV,NAV,NAV,HANZAB,0.76,0.79,0.07,1,0,1,0,0,1,1,1,1,1,1,0,0,0,0,0,0,0,0,0,0,0,0,0,0,0,0,0,0,1,1,1,0,1,0,0,1,1,1,1,0,1,1,0,0,0,1,1,0,0,0,0,0,1,0,0,0,0,0,1,1,0,NAV,3.5,2,4,19.8,15.2,0,1,0,0,0,0,1,0,0,0,1,1,0,0,0,local dispersal,1,high,certain,1722,0,2,0.418,1.06,1.05,4021,1714,70,102,80,108,51,14,82,5,3,14,2,47,17,4,8,NA,NA,NA,NA,728,728
Myiagra rubecula,Leaden Flycatcher,Monarchidae,Passeriformes,20,8,12,0,4,15.9,8.1,5.7,3.9,15.3,74.2,14,60,18.9,65.6,12.1,Dunning,NA,NO,NA,NA,Forest,2,1,Carnivore,Invertivore,Insessorial,1662,1661,Myiagra,rubecula,NA,NA,Monarch and Flycatchers,Monarchidae,Passeriformes,22,27,1,1,0,1,0,0,6,15,18,136,3,NA,CC8,"Shrikes, Monarchs, Drongos, Fantails, Birds Of Paradise, Crows, Jays, Allies","Cuckoo-Shrikes, Helmetshrikes, Shrike-Flycatchers, Vangas, Whipbirds, Shrike-Thrushes, Whistlers, Shrikes, Monarchs, Vireos, Orioles, Drongos, Fantails, Birds Of Paradise, Crows, Jays, Allies",Australian,1,0,0,0,0,0,0,0,0,6,6,LC,NA,LC,NA,LC,NA,LC,NA,LC,NA,not listed,NA,not listed,not listed,not listed,not listed,not listed,not listed,not listed,not listed,not listed,LC,not listed,not listed,not listed,not listed,Core,Core,Core,Core,not listed,not listed,Core,Core,not listed,not listed,not listed,not listed,not listed,not listed,not listed,not listed,0,present,certain,present,certain,not listed,NA,not listed,NA,not listed,NA,0,0,15,14,17,13.5,9,16.5,12.8,10,16.5,13.1,9,14.5,NAV,NAV,NAV,HANZAB,0.54,0.56,0,1,0,0,0,0,0,1,1,1,1,1,0,0,0,0,0,0,0,0,0,0,0,0,0,0,0,0,0,0,0,1,1,0,0,0,0,0,1,1,1,1,1,0,0,0,0,0,0,0,0,0,0,0,1,0,0,0,0,0,1,1,0,10,1.7,1,4,18.1,14.1,0,1,0,0,0,0,1,1,0,0,1,1,0,0,0,annual outward migration Non-marine,0,high,low,2270,2,45,0.592,1.1,1.07,1736,218,89,98,70,117,19,9,37,2,1,8,0,84,2,1,2,NA,NA,NA,NA,365,365
Myzomela obscura,Dusky Myzomela,Meliphagidae,Passeriformes,25,9,16,0,4,19.8,11.8,2.9,3.4,17.4,67.8,11.5,55.8,17.2,51.7,11.9,Dunning,NA,NO,NA,NA,Forest,2,1,Herbivore,Nectarivore,Insessorial,1087,1351,Myzomela,obscura,NA,Genus from Joseph et al. (2013) and Dickinson and Christidis (2014),Honeyeaters and Chats,Meliphagidae,Passeriformes,22,8,2,1,0,1,0,0,8,30,50,136,1.7,NA,BC7,Honeyeaters,"Honeyeaters, Thornbills, Bristlebirds, Australasian Wrens, Allies",Australian,1,0,0,0,0,0,0,0,0,6,6,LC,NA,LC,NA,LC,NA,LC,NA,LC,NA,not listed,NA,not listed,not listed,not listed,not listed,not listed,not listed,not listed,not listed,not listed,LC,not listed,not listed,not listed,not listed,not listed,not listed,Core,Core,not listed,not listed,not listed,Core,not listed,not listed,not listed,not listed,not listed,not listed,not listed,not listed,0,present,certain,present,probable,not listed,NA,not listed,NA,not listed,NA,0,0,14,13,15,12.2,9,17.5,13.5,11.8,17.5,10.7,9,12.5,12.7,9.5,15,HANZAB,0.51,0.53,-0.03,0,0,0,0,0,0,1,0,0,1,1,0,0,0,0,0,0,0,0,0,0,0,0,0,0,0,0,0,0,0,1,0,0,0,0,0,0,0,0,0,1,1,0,0,0,0,0,1,0,1,0,0,0,1,0,0,0,0,0,1,1,0,2,2,2,2,16.7,12.8,0,1,0,0,0,0,NAV,NAV,0,NAV,1,0,0,0,0,local dispersal,1,high,certain,4386,2,152,1.223,0.98,1.04,478,171,74,90,42,121,37,15,89,8,3,0,0,14,4,67,4,NA,NA,NA,NA,590,590
Myzomela sanguinolenta,Scarlet Myzomela,Meliphagidae,Passeriformes,15,5,9,1,4,13.8,8.2,2.2,2.4,13.6,57.8,12.9,45.1,22.2,34.6,8.3,Dunning,NA,NO,NA,NA,Forest,2,2,Herbivore,Nectarivore,Insessorial,1094,1358,Myzomela,sanguinolenta,NA,Genus from Joseph et al. (2013) and Dickinson and Christidis (2014),Honeyeaters and Chats,Meliphagidae,Passeriformes,22,8,2,3,0,1,0,0,2,30,50,136,1.7,NA,BC7,Honeyeaters,"Honeyeaters, Thornbills, Bristlebirds, Australasian Wrens, Allies",Australian,1,0,0,0,0,0,0,0,0,6,6,LC,NA,LC,NA,LC,NA,LC,NA,LC,NA,not listed,NA,not listed,not listed,not listed,not listed,not listed,not listed,not listed,not listed,not listed,LC,not listed,not listed,not listed,not listed,not listed,Core,not listed,Core,not listed,not listed,Core,not listed,not listed,not listed,not listed,not listed,not listed,not listed,not listed,not listed,0,not listed,NA,not listed,NA,not listed,NA,not listed,NA,not listed,NA,0,0,10,9,11,8.3,NAV,NAV,8.5,NAV,NAV,8.1,NAV,NAV,NAV,NAV,NAV,HANZAB,0.34,0.35,-0.09,0,0,0,0,0,0,1,1,1,1,0,0,0,0,0,0,0,0,0,0,0,0,0,0,0,0,0,0,0,0,1,0,0,0,0,0,0,1,1,1,0,0,0,0,0,0,0,1,0,1,0,0,0,1,0,0,0,0,0,1,1,0,NAV,2,2,3,16,12.1,0,1,0,0,0,0,1,0,0,0,1,1,0,0,0,none,0,nil,certain,3665,0,239,1.255,1,1.01,404,80,83,60,30,83,29,14,73,19,8,1,0,31,1,10,29,NA,NA,NA,NA,586,586
Neochmia temporalis,Red-browed Firetail,Estrildidae,Passeriformes,15,7,8,0,4,10.8,7.6,5.3,6.3,15.3,52,11.2,42,21.1,48.4,11.4,Dunning,NA,NO,NA,NA,Woodland,2,1,Herbivore,Granivore,Terrestrial,1781,1909,Neochmia,temporalis,NA,NA,Weaver Finches,Estrildidae,Passeriformes,22,33,5,1,0,1,0,0,2,4,34,136,3.8,NA,P7,"Waxbills, Allies","Weavers, Waxbills, Allies",Endemic (entirely Australian),1,0,0,0,0,0,1,0,0,7,7,LC,NA,LC,NA,LC,NA,LC,NA,LC,NA,not listed,NA,not listed,not listed,not listed,not listed,not listed,not listed,not listed,not listed,not listed,LC,not listed,not listed,not listed,not listed,Core,Core,not listed,Core,Core,not listed,Core,Introduced,not listed,not listed,not listed,not listed,not listed,not listed,not listed,not listed,0,not listed,NA,not listed,NA,not listed,NA,not listed,NA,not listed,NA,0,0,12,10,13,9.5,7,15,9.3,7,15,9,7.6,12,NAV,NAV,NAV,HANZAB,0.52,0.54,0.06,0,0,1,0,1,0,1,1,1,1,1,0,0,0,0,0,0,0,0,0,0,0,0,0,0,0,0,0,0,1,1,0,0,1,0,0,0,1,1,1,1,0,0,0,0,0,1,1,0,0,1,0,0,0,0,0,0,0,0,0,1,1,NAV,5,2,8,16,11.1,0,1,0,0,0,0,1,1,0,0,1,1,0,0,0,none,0,nil,certain,8554,37,10703,0.756,0.95,0.97,678,201,77,60,34,82,18,14,26,1,0,19,0,20,1,0,58,NA,NA,NA,NA,662,662
Neophema chrysostoma,Blue-winged Parrot,Psittaculidae,Psittaciformes,5,2,3,0,4,14.1,11.2,7.6,12,14.8,104.8,45.1,61,42.6,125.4,46.1,Dunning,NA,NO,NA,NA,Woodland,2,1,Herbivore,Granivore,Terrestrial,918,821,Neophema,chrysostoma,NA,NA,"Parrots, Lorikeets and Rosellas",Psittaculidae,Psittaciformes,21,3,16,1,0,1,0,1,1,6,45,4,9.7,17.4,Psittacidae1,Parrots,Parrots,Endemic (entirely Australian),1,0,0,0,0,0,1,0,0,7,7,LC,NA,LC,NA,LC,NA,LC,NA,LC,NA,not listed,NA,not listed,not listed,not listed,not listed,not listed,1,not listed,not listed,not listed,LC,VU,not listed,not listed,not listed,not listed,Core,not listed,Core,Core,Core,Core,not listed,not listed,not listed,not listed,not listed,not listed,not listed,not listed,not listed,0,not listed,NA,not listed,NA,not listed,NA,not listed,NA,not listed,NA,0,0,23,21,24,46.8,33,58,45.7,33,58,47.8,45,53,NAV,NAV,NAV,HANZAB,1.54,1.6,0.08,0,1,0,0,1,1,0,1,0,0,0,0,0,0,0,0,0,0,0,1,0,0,0,0,0,0,0,0,0,1,0,0,0,0,0,0,0,0,1,0,0,0,0,0,0,0,1,0,0,0,1,0,0,0,0,0,0,0,0,0,1,1,NAV,5,3,7,22.6,18.9,0,0,0,0,1,0,0,1,0,0,0,1,0,0,0,none,0,nil,certain,NAV,NAV,NAV,0.805,0.91,0.94,546,207,73,18,12,58,3,1,14,49,16,19,6,1,6,1,2,NA,NA,NA,NA,306,u306
Neophema pulchella,Turquoise Parrot,Psittaculidae,Psittaciformes,5,0,3,2,4,13.1,10.2,7.3,13,14,108.6,51.1,58.6,46.5,98.2,41.4,Dunning,NA,NO,NA,NA,Forest,2,1,Herbivore,Omnivore,Insessorial,926,829,Neophema,pulchella,NA,NA,"Parrots, Lorikeets and Rosellas",Psittaculidae,Psittaciformes,21,3,16,5,0,1,0,1,1,6,45,4,9.7,17.4,Psittacidae1,Parrots,Parrots,Endemic (entirely Australian),1,0,0,0,0,0,1,0,0,7,7,LC,NA,LC,NA,LC,NA,LC,NA,LC,NA,not listed,NA,not listed,not listed,not listed,not listed,not listed,not listed,not listed,VU,not listed,NT,not listed,not listed,Th,not listed,not listed,Core,not listed,Core,not listed,not listed,Core,not listed,not listed,not listed,not listed,not listed,not listed,not listed,not listed,not listed,0,not listed,NA,not listed,NA,not listed,NA,not listed,NA,not listed,NA,0,0,21,20,22,41.4,34.9,46.1,42.7,37,46.1,40.1,34.9,44.3,NAV,NAV,NAV,HANZAB,1.29,1.34,0.08,0,0,1,0,1,0,0,1,0,0,0,0,0,0,0,0,0,0,0,0,0,0,0,0,0,0,0,0,0,1,0,0,0,1,0,0,0,0,1,0,0,0,0,0,0,0,1,0,0,0,1,0,0,0,0,0,0,0,0,0,1,1,NAV,4.8,2,7,21.3,17.8,0,0,0,0,1,0,1,0,0,0,1,0,0,0,0,none,0,nil,certain,1185,4,7,2.602,0.94,0.98,210,76,73,25,4,73,60,29,127,11,18,3,0,0,4,0,64,NA,NA,NA,NA,302,u302
Nettapus coromandelianus,Cotton Pygmy-Goose,Anatidae,Anseriformes,6,3,2,1,4,26.6,16.7,11.1,10.2,23.6,158.5,69.2,88.3,43.9,64.5,391.3,Dunning,NA,NO,NA,NA,Wetland,3,1,Herbivore,Herbivore aquatic,Aquatic,44,56,Nettapus,coromandelianus,NA,NA,"Ducks, Geese and Swans",Anatidae,Anseriformes,2,2,16,1,0,1,0,0,2,3,53,3,12.8,NA,Anatinae,"Ducks, Geese, Other Waterfowl, Screamers","Ducks, Geese, Other Waterfowl, Screamers",Australian,1,0,0,0,0,0,0,0,0,4,4,LC,NA,LC,NA,LC,NA,LC,NA,LC,NA,not listed,NA,not listed,not listed,not listed,not listed,not listed,not listed,not listed,EN,not listed,NT,not listed,not listed,not listed,not listed,not listed,not listed,not listed,Core,not listed,not listed,not listed,not listed,not listed,not listed,not listed,not listed,not listed,not listed,not listed,not listed,0,present,none,present,none,not listed,NA,not listed,NA,not listed,NA,0,0,36,34,38,320,185,495,341,245,495,300,185,439,NAV,NAV,NAV,HANZAB,NAV,NAV,-0.1,0,0,0,0,0,0,0,0,0,0,0,0,1,1,0,0,0,0,0,0,0,0,0,0,0,0,0,0,0,1,0,0,0,0,0,0,0,0,0,0,0,0,1,0,0,0,1,0,0,0,1,1,0,0,0,0,0,0,1,0,1,1,NAV,10,6,16,46.8,34.8,0,0,0,0,1,0,1,0,0,0,1,0,0,1,0,none,0,nil,certain,NAV,NAV,NAV,1.193,1.27,1.18,384,118,76,77,28,106,38,18,110,31,7,0,0,7,8,26,20,NA,NA,NA,NA,200,200
Ninox boobook,Southern Boobook,Strigidae,Strigiformes,4,2,2,0,4,26.2,13.8,7.7,13.2,40.6,226.5,70.4,156.1,31.2,143,282.2,Dunning,NA,NO,NA,NA,Forest,2,2,Carnivore,Invertivore,Insessorial,741,882,Ninox,boobook,NA,Species from del Hoyo et al. (2014). Dickinson and Remsen (2013) list N.b.lurida as a separate species,Hawk-Owls,Strigidae,Strigiformes,17,2,1,4,0,1,0,0,10,37,28,2,7.8,NA,Strigidae,Owls,"Owls, Barn Owls",Australian,1,0,0,0,0,0,0,0,0,6,6,LC,NA,LC,NA,LC,NA,LC,NA,LC,NA,not listed,NA,not listed,not listed,not listed,not listed,not listed,1,not listed,not listed,not listed,LC,not listed,not listed,not listed,not listed,Core,Core,Core,Core,Core,Core,Core,Core,not listed,not listed,not listed,not listed,not listed,not listed,not listed,not listed,0,not listed,NA,present,none,present,none,not listed,NA,not listed,NA,0,0,33,30,35,248,172,370,234,172,321,262,184,370,NAV,NAV,NAV,HANZAB,5.53,5.73,0.26,1,0,1,0,0,1,1,1,1,1,0,0,0,0,0,0,0,0,0,0,0,0,0,0,0,0,0,0,0,1,1,1,0,1,0,0,1,1,1,1,1,0,0,0,0,0,1,1,0,0,0,0,0,1,1,0,0,0,0,1,1,1,NAV,3,1,5,41.6,35.5,0,0,0,0,1,0,1,0,0,0,1,1,0,0,0,none,0,nil,certain,5816,377,65,0.414,0.85,0.96,7404,187,98,100,81,105,2,2,3,NA,NA,NA,NA,NA,NA,NA,NA,NA,NA,NA,NA,242,242
Ninox connivens,Barking Owl,Strigidae,Strigiformes,5,0,2,3,4,33.8,19,11.9,18.5,49.2,298.6,107,199,35,178.7,578,Dunning,NA,NO,NA,NA,Forest,2,1,Carnivore,Vertivore,Insessorial,737,875,Ninox,connivens,NA,NA,Hawk-Owls,Strigidae,Strigiformes,17,2,1,3,0,1,0,0,4,37,28,2,7.8,NA,Strigidae,Owls,"Owls, Barn Owls",Australian,1,0,0,0,0,0,0,0,0,6,6,LC,NA,LC,NA,LC,NA,LC,NA,LC,NA,not listed,NA,not listed,not listed,not listed,not listed,not listed,not listed,not listed,VU,not listed,LC,Rare,not listed,Th,priority,Core,Core,Core,Core,Core,not listed,Core,Core,not listed,not listed,not listed,not listed,not listed,not listed,not listed,not listed,0,present,certain,present,probable,not listed,NA,not listed,NA,not listed,NA,0,0,42,39,44,650,180,740,700,425,740,600,180,710,NAV,NAV,NAV,"HANZAB, del Hoyo et al. (1992-2013)",6.4,6.63,0.12,1,0,0,0,0,1,1,1,1,1,0,0,0,0,0,0,0,0,0,0,0,0,0,0,0,0,0,0,0,1,1,1,0,0,0,0,1,1,1,1,0,0,0,0,0,0,1,1,0,0,0,0,0,1,1,0,0,0,0,1,1,0,NAV,2.2,1,4,46.9,39.1,0,0,0,0,1,0,1,0,0,0,1,0,0,0,0,local dispersal,1,high,certain,714,13,13,0.452,0.93,1.01,3401,1644,67,110,103,111,96,79,115,7,5,9,2,63,11,1,2,NA,NA,NA,NA,246,246
Ninox strenua,Powerful Owl,Strigidae,Strigiformes,5,1,0,4,4,48,27.6,15.9,26.1,57.5,400.8,116.8,281.9,29.3,261.7,1346,Dunning,NA,NO,NA,NA,Forest,2,2,Carnivore,Vertivore,Insessorial,736,870,Ninox,strenua,NA,NA,Hawk-Owls,Strigidae,Strigiformes,17,2,1,2,0,1,0,1,1,37,28,2,7.8,14.8,Strigidae,Owls,"Owls, Barn Owls",Endemic (entirely Australian),1,0,0,0,0,0,1,0,0,7,7,LC,NA,LC,NA,LC,NA,LC,NA,LC,NA,not listed,NA,not listed,not listed,not listed,not listed,not listed,not listed,not listed,VU,not listed,VU,EN,not listed,Th,not listed,Core,Core,not listed,Core,Core,not listed,Core,not listed,not listed,not listed,not listed,not listed,not listed,not listed,not listed,not listed,0,not listed,NA,not listed,NA,not listed,NA,not listed,NA,not listed,NA,0,0,55,50,60,1350,995,2220,1450,995,2220,1250,1040,1470,NAV,NAV,NAV,HANZAB,11.44,11.85,0.13,0,0,0,0,0,0,0,1,1,1,0,0,0,0,0,0,0,0,0,0,0,0,0,0,0,0,0,0,0,0,1,0,0,0,0,0,0,0,1,1,1,0,0,0,0,0,0,1,0,0,0,0,0,0,1,0,0,0,0,1,1,0,NAV,1.9,1,2,53.9,45.2,0,0,0,0,1,0,1,0,0,0,1,0,0,0,0,none,0,nil,certain,2243,28,21,1.827,0.85,1.04,324,77,81,60,19,90,28,21,41,2,12,13,3,5,0,0,65,NA,NA,NA,NA,248,u248
Northiella haematogaster,Greater Bluebonnet,Psittaculidae,Psittaciformes,5,2,3,0,4,18.3,14.8,9.9,18.4,20.8,128.6,44.4,83.9,34.6,166.9,85.9,Dunning,NA,NO,NA,NA,Woodland,2,2,Herbivore,Omnivore,Insessorial,869,802,Northiella,haematogaster,NA,NA,"Parrots, Lorikeets and Rosellas",Psittaculidae,Psittaciformes,21,3,7,1,0,1,0,0,4,1,45,4,17.7,NA,Psittacidae1,Parrots,Parrots,Endemic (entirely Australian),1,0,0,0,0,0,1,0,0,7,7,LC,NA,LC,NA,LC,NA,LC,NA,LC,NA,not listed,NA,not listed,not listed,not listed,not listed,not listed,not listed,not listed,not listed,not listed,LC,not listed,not listed,not listed,not listed,not listed,Core,not listed,Core,Core,not listed,Core,Core,not listed,not listed,not listed,not listed,not listed,not listed,not listed,not listed,0,not listed,NA,not listed,NA,not listed,NA,not listed,NA,not listed,NA,0,0,31,26,35,81.8,60,105,86.6,61,105,77,60,90,NAV,NAV,NAV,HANZAB,2.4,2.49,0.18,1,1,0,1,1,1,0,0,0,0,0,0,0,0,0,0,0,0,0,0,0,0,0,0,0,0,0,0,0,1,0,1,0,0,0,0,1,0,0,0,0,0,0,0,0,0,0,0,0,0,1,0,0,0,0,0,0,0,0,0,1,1,NAV,5,3,10,24.3,19.8,0,0,0,0,1,0,1,0,0,0,1,0,0,0,0,none,0,nil,certain,NAV,NAV,NAV,0.768,0.71,0.79,1473,876,63,52,24,92,27,8,85,4,5,16,1,5,38,26,6,NA,NA,NA,NA,297,297
Numenius madagascariensis,Far Eastern Curlew,Scolopacidae,Charadriiformes,5,2,3,0,4,184.2,149.2,9.5,10.5,93.2,305.2,166.2,137.2,54.7,114.2,792,Dunning,NA,NO,NA,NA,Wetland,3,3,Carnivore,Aquatic predator,Terrestrial,327,570,Numenius,madagascariensis,NA,NA,"Snipe, Sandpipers, Godwits, Curlew, Stints and Phalaropes",Scolopacidae,Charadriiformes,11,9,2,4,0,1,0,1,1,8,16,17,7.7,14.6,Scolopaci,"Sandpipers, Jacanas, Seedsnipes, Allies","Sandpipers, Jacanas, Seedsnipes, Allies",Non-breeding migrant,1,0,0,0,0,0,0,0,1,0,6,VU,A4bcd,NT,A3c; A4bc,VU,A2bc; A3c; A4bc,EN,A2bc; A3c; A4bc,CR,A2bc; A3c; A4bc,not listed,NA,A1,1,1,1,1,1,not listed,not listed,VU,NT,VU,e,not listed,VU,not listed,Core,Core,Core,Core,Core,Core,Core,not listed,Core,not listed,not listed,not listed,not listed,Core,not listed,0,present,certain,present,certain,present,probable,present,certain,vagrant,NA,0,0,63,60,66,785,390,1250,727,NAV,NAV,857,NAV,1250,778,390,1200,HANZAB,4.7,4.87,-0.15,0,0,0,0,0,0,0,0,0,0,0,0,0,0,0,0,1,0,1,1,1,0,0,0,0,0,0,0,1,0,0,NA,NA,NA,NA,NA,NA,NA,NA,NA,NA,NA,NA,NA,NA,NA,NA,NA,0,0,0,0,0,0,0,0,1,0,0,1,0,1,65.5,4,4,4,NAV,NAV,1,0,0,0,0,0,NA,NA,NA,NA,0,0,1,0,0,annual inward migration Non-marine,1,total,certain,6972,10229,112,NA,1,1.05,NA,NA,NA,NA,NA,NA,NA,NA,NA,NA,NA,NA,NA,NA,NA,NA,NA,NA,NA,NA,NA,149,u149
Numenius minutus,Little Curlew,Scolopacidae,Charadriiformes,5,2,3,0,4,46.4,33.2,4.2,4.7,47.6,175,99.5,77.8,56.1,75.6,173,Dunning,NA,NO,NA,NA,Grassland,3,3,Carnivore,Aquatic predator,Terrestrial,324,566,Numenius,minutus,NA,NA,"Snipe, Sandpipers, Godwits, Curlew, Stints and Phalaropes",Scolopacidae,Charadriiformes,11,9,2,2,0,1,0,1,1,8,16,17,7.7,14.6,Scolopaci,"Sandpipers, Jacanas, Seedsnipes, Allies","Sandpipers, Jacanas, Seedsnipes, Allies",Non-breeding migrant,1,0,0,0,0,0,0,0,1,0,6,LC,NA,LC,NA,LC,NA,LC,NA,LC,NA,not listed,NA,A2H,1,1,1,1,1,not listed,not listed,not listed,LC,not listed,not listed,not listed,not listed,not listed,not listed,Core,Core,not listed,not listed,not listed,Core,not listed,not listed,not listed,not listed,not listed,not listed,Core,not listed,0,present,certain,present,certain,present,probable,present,certain,vagrant,NA,0,0,30,28,31,172,118,221,NAV,NAV,NAV,NAV,NAV,NAV,172,118,221,HANZAB,NAV,NAV,-0.12,0,0,0,0,1,0,1,0,0,0,0,0,0,1,0,1,0,0,0,0,0,0,0,0,0,0,0,0,1,0,0,NA,NA,NA,NA,NA,NA,NA,NA,NA,NA,NA,NA,NA,NA,NA,NA,NA,0,0,1,0,0,1,0,0,1,0,0,0,0,1,NAV,4,3,4,NAV,NAV,1,0,0,0,0,0,NA,NA,NA,NA,0,0,1,0,0,annual inward migration Non-marine,1,total,certain,1486,216,43,0.529,1.11,1.11,1644,1831,47,42,25,88,79,47,132,14,27,3,23,3,11,14,6,NA,NA,NA,NA,151,u151
Numenius phaeopus,Whimbrel,Scolopacidae,Charadriiformes,10,5,5,0,4,92.1,67.1,6.6,7.7,59.9,233,123.4,107,53.5,99.8,364.6,Dunning,NA,NO,NA,NA,Grassland,3,3,Carnivore,Omnivore,Terrestrial,321,567,Numenius,phaeopus,NA,NA,"Snipe, Sandpipers, Godwits, Curlew, Stints and Phalaropes",Scolopacidae,Charadriiformes,11,9,2,1,0,1,0,0,7,8,16,17,7.7,NA,Scolopaci,"Sandpipers, Jacanas, Seedsnipes, Allies","Sandpipers, Jacanas, Seedsnipes, Allies",Non-breeding migrant,1,0,0,0,0,0,0,0,1,0,4,LC,NA,LC,NA,LC,NA,LC,NA,LC,NA,not listed,NA,A2H,1,1,1,1,1,not listed,not listed,not listed,LC,Rare,not listed,not listed,not listed,not listed,Core,Core,Core,Core,Core,Core,Core,Core,Core,not listed,not listed,not listed,Core,Core,not listed,0,present,certain,present,certain,present,probable,present,certain,present,probable,0,0,43,40,45,411,268,600,392,268,550,430,325,600,NAV,NAV,NAV,"HANZAB, Cramp et al. (1977-1994), del Hoyo et al. (1992-2013)",3.13,3.24,-0.09,0,0,0,0,0,0,0,0,0,0,0,0,0,0,0,0,0,0,1,1,1,0,0,0,0,0,0,0,1,0,0,NA,NA,NA,NA,NA,NA,NA,NA,NA,NA,NA,NA,NA,NA,NA,NA,NA,0,0,0,0,0,0,0,0,1,0,0,1,0,1,37.7,3.9,2,5,NAV,NAV,1,0,0,0,0,0,NA,NA,NA,NA,0,0,1,0,0,annual inward migration Non-marine,1,total,certain,6118,10056,36,NA,0.86,0.97,NA,NA,NA,NA,NA,NA,NA,NA,NA,NA,NA,NA,NA,NA,NA,NA,NA,NA,NA,NA,NA,150,150
Nycticorax caledonicus,Nankeen Night Heron,Ardeidae,Pelecaniformes,5,2,2,1,4,81.7,56.6,14.4,20.4,84.3,300,90.4,213.4,29.8,110.6,856,Dunning,NA,NO,NA,NA,Wetland,3,2,Carnivore,Aquatic predator,Terrestrial,623,405,Nycticorax,caledonicus,NA,NA,"Herons, Egrets and Bitterns",Ardeidae,Pelecaniformes,15,3,4,2,0,1,0,0,6,2,18,10,14.1,NA,Ardeidae,Herons,"Ibises, Herons",Australian,1,0,0,0,0,0,0,0,0,6,6,LC,NA,LC,NA,LC,NA,LC,NA,LC,NA,not listed,NA,not listed,not listed,not listed,not listed,not listed,1,not listed,not listed,not listed,LC,not listed,not listed,not listed,not listed,Core,Core,Core,Core,Core,Core,Core,Core,not listed,not listed,not listed,not listed,not listed,not listed,not listed,not listed,0,present,certain,present,probable,present,possible,vagrant,NA,present,probable,0,0,60,55,65,725,550,900,795,690,900,725,550,900,725,550,900,HANZAB,5.55,5.75,-0.02,0,0,0,0,1,0,0,0,0,0,0,1,0,1,1,1,0,0,0,0,1,0,0,0,0,0,0,0,0,1,1,0,0,0,0,0,0,0,0,0,0,1,1,1,1,0,1,1,0,0,0,0,0,1,1,1,1,0,1,1,0,1,NAV,3,2,5,51.5,37.5,1,1,0,0,0,0,0,1,0,0,0,0,0,1,1,irregular outward dispersal,1,high,low,3218,2992,50,0.417,0.83,0.9,5453,2057,73,103,103,103,42,39,42,18,6,6,4,54,6,2,3,NA,NA,NA,NA,192,192
Nymphicus hollandicus,Cockatiel,Cacatuidae,Psittaciformes,7,2,5,0,4,17.7,14.1,8.7,15.8,14.8,167.3,83.8,81.8,50.6,165.9,94.6,Dunning,NA,NO,NA,NA,Grassland,3,2,Herbivore,Granivore,Terrestrial,813,739,Nymphicus,hollandicus,NA,NA,Cockatoos and Corellas,Cacatuidae,Psittaciformes,21,2,1,1,0,1,0,1,1,1,7,4,32.9,43.5,Cacatuidae,Parrots,Parrots,Endemic (entirely Australian),1,0,0,0,0,0,1,0,0,7,7,LC,NA,LC,NA,LC,NA,LC,NA,LC,NA,not listed,NA,not listed,not listed,not listed,not listed,not listed,not listed,not listed,not listed,not listed,LC,not listed,not listed,not listed,not listed,not listed,Core,Core,Core,Core,not listed,Core,Core,not listed,not listed,not listed,not listed,not listed,not listed,not listed,not listed,0,not listed,NA,not listed,NA,not listed,NA,not listed,NA,not listed,NA,0,0,31,29,32,92.4,59,107,90.7,70,107,94.1,59,100,NAV,NAV,NAV,HANZAB,2.39,2.48,0.15,1,1,0,1,1,1,1,1,0,0,0,0,0,0,0,0,0,0,0,0,0,0,0,0,0,0,0,0,0,1,0,1,0,NA,0,0,1,1,1,0,0,0,0,0,0,0,1,0,0,0,1,0,0,0,0,0,0,0,0,0,1,1,NAV,5,2,8,25.7,19.7,0,0,0,0,1,0,1,1,0,0,0,1,0,1,0,none,0,nil,certain,NAV,NAV,NAV,0.476,1.13,1.08,6881,456,94,100,97,101,9,6,11,2,22,56,1,10,4,1,5,NA,NA,NA,NA,274,u274
Ocyphaps lophotes,Crested Pigeon,Columbidae,Columbiformes,5,2,3,0,4,17.7,9.2,4.2,4.3,26.4,160.6,64.1,96.2,40,134.4,204,Dunning,NA,NO,NA,NA,Grassland,3,1,Herbivore,Omnivore,Terrestrial,118,117,Ocyphaps,lophotes,NA,Species from del Hoyo et al. (2014). Variation considered clinal and no subspecies recognised by Johnstone and Darnell (2015).,Pigeons and Doves,Columbidae,Columbiformes,6,1,8,1,0,1,0,0,2,1,46,1,27.9,NA,Columbidae,"Pigeons, Doves","Pigeons, Doves",Endemic (entirely Australian),1,0,0,0,0,0,1,0,0,7,7,LC,NA,LC,NA,LC,NA,LC,NA,LC,NA,not listed,NA,not listed,not listed,not listed,not listed,not listed,not listed,not listed,not listed,not listed,LC,not listed,not listed,not listed,not listed,Core,Core,Core,Core,Core,not listed,Core,Core,not listed,not listed,not listed,not listed,not listed,not listed,not listed,not listed,0,not listed,NA,not listed,NA,not listed,NA,not listed,NA,not listed,NA,0,0,34,31,36,192,142,260,197,142,260,187,150,230,NAV,NAV,NAV,HANZAB,1.7,1.76,-0.2,1,1,1,0,1,0,1,1,0,0,1,0,0,0,0,0,0,0,0,0,0,0,0,0,0,0,0,0,0,1,1,1,1,1,0,1,0,1,1,0,0,1,0,0,0,0,1,1,0,0,1,1,0,0,0,0,0,0,0,0,1,1,12.7,2,1,3,31.1,22.7,0,1,0,0,0,0,1,0,0,0,1,0,0,0,0,none,0,nil,certain,6327,41,1907,0.434,1.15,1.1,7288,250,97,100,98,101,4,3,5,20,46,15,1,3,10,2,4,NA,NA,NA,NA,43,43
Oreoica gutturalis,Crested Bellbird,Oreoicidae,Passeriformes,10,6,4,0,4,20.3,11.4,5.9,7.8,27.2,101.2,24.3,76.2,24.2,78.3,62.8,Dunning,NA,NO,NA,NA,Shrubland,2,1,Carnivore,Invertivore,Terrestrial,1533,1543,Oreoica,gutturalis,NA,NA,Australo-Papuan Bellbirds,Oreoicidae,Passeriformes,22,18,1,1,0,1,0,0,2,1,3,136,13.5,NA,CC5CC6a,"Pitohui, Allies","Cuckoo-Shrikes, Helmetshrikes, Shrike-Flycatchers, Vangas, Whipbirds, Shrike-Thrushes, Whistlers, Shrikes, Monarchs, Vireos, Orioles, Drongos, Fantails, Birds Of Paradise, Crows, Jays, Allies",Endemic (entirely Australian),1,0,0,0,0,0,1,0,0,7,7,LC,NA,LC,NA,LC,NA,LC,NA,LC,NA,not listed,NA,not listed,not listed,not listed,not listed,not listed,not listed,not listed,not listed,not listed,LC,not listed,not listed,Th,not listed,not listed,Core,Core,Core,Core,not listed,Core,Core,not listed,not listed,not listed,not listed,not listed,not listed,not listed,not listed,0,not listed,NA,not listed,NA,not listed,NA,not listed,NA,not listed,NA,0,0,21,19,23,63.4,53,77.5,62.9,53,70,63.9,55,77.5,NAV,NAV,NAV,HANZAB,1.67,1.73,0.08,1,1,1,1,0,1,0,1,0,0,0,0,0,0,0,0,0,0,0,0,0,0,0,0,0,0,0,0,0,0,0,1,1,1,1,0,1,0,1,0,0,0,0,0,0,0,0,0,0,0,1,0,0,1,0,0,0,0,0,1,1,0,NAV,2.6,1,4,27.4,20.3,0,1,0,0,0,0,1,0,0,0,1,0,0,0,0,none,0,nil,certain,1831,2,19,0.498,1.03,1.03,5717,442,93,61,38,83,6,3,10,3,9,5,0,75,3,2,2,NA,NA,NA,NA,419,419
Origma solitaria,Rockwarbler,Acanthizidae,Passeriformes,9,2,4,3,4,15.3,7.8,2.7,3,22.2,65.9,8.5,56.8,13,55.4,14.3,Dunning,NA,NO,NA,NA,Woodland,3,1,Carnivore,Invertivore,Generalist,1347,1089,Origma,solitaria,NA,NA,Thornbills and Gerygones,Acanthizidae,Passeriformes,22,10,7,1,0,1,0,1,1,1,13,136,8.3,15.4,BC6,"Thornbills, Gerygones","Honeyeaters, Thornbills, Bristlebirds, Australasian Wrens, Allies",Endemic (entirely Australian),1,0,0,0,0,0,1,0,0,7,7,LC,NA,LC,NA,LC,NA,LC,NA,LC,NA,not listed,NA,not listed,not listed,not listed,not listed,not listed,not listed,not listed,not listed,not listed,LC,not listed,not listed,not listed,not listed,not listed,Core,not listed,not listed,not listed,not listed,not listed,not listed,not listed,not listed,not listed,not listed,not listed,not listed,not listed,not listed,0,not listed,NA,not listed,NA,not listed,NA,not listed,NA,not listed,NA,0,0,14,13,15,14.6,12.3,16,14.7,14,16,14,12.3,15,14.9,14,15,HANZAB,0.85,0.88,0.16,0,0,1,0,0,0,0,1,1,0,0,0,0,0,0,0,0,0,0,0,0,0,0,0,0,0,0,0,0,0,0,0,0,1,0,0,0,0,1,1,0,0,0,0,0,0,0,0,0,0,1,0,0,1,0,0,0,0,0,1,1,0,17.1,2.5,2,3,20.9,15.7,0,1,0,0,0,0,1,0,0,0,1,0,0,0,0,none,0,nil,certain,2544,2,18,3.721,0.95,0.98,46,57,45,11,0,41,146,43,476,13,16,6,1,0,8,2,54,NA,NA,NA,NA,505,u505
Oriolus sagittatus,Olive-backed Oriole,Oriolidae,Passeriformes,17,7,10,0,4,33.8,20.3,8.5,9.6,25.7,145.1,41.2,102.8,28.6,100.5,95.2,Dunning,NA,NO,NA,NA,Woodland,2,2,Herbivore,Omnivore,Insessorial,1550,1555,Oriolus,sagittatus,NA,NA,Orioles and Figbirds,Oriolidae,Passeriformes,22,20,2,1,0,1,0,0,4,28,4,136,4,NA,CC5CC6c,"Orioles, Allies","Cuckoo-Shrikes, Helmetshrikes, Shrike-Flycatchers, Vangas, Whipbirds, Shrike-Thrushes, Whistlers, Shrikes, Monarchs, Vireos, Orioles, Drongos, Fantails, Birds Of Paradise, Crows, Jays, Allies",Australian,1,0,0,0,0,0,0,0,0,6,6,LC,NA,LC,NA,LC,NA,LC,NA,LC,NA,not listed,NA,not listed,not listed,not listed,not listed,not listed,not listed,not listed,not listed,not listed,LC,Rare,not listed,not listed,not listed,Core,Core,Core,Core,Core,not listed,Core,Core,not listed,not listed,not listed,not listed,not listed,not listed,not listed,not listed,0,present,none,present,none,not listed,NA,not listed,NA,not listed,NA,0,0,28,25,30,97.2,78.3,123,95.8,78.3,120,95.1,83.1,110,NAV,NAV,NAV,HANZAB,1.96,2.03,0.04,0,0,0,0,0,0,1,1,0,1,1,0,0,0,0,0,0,0,0,0,0,0,0,0,0,0,0,0,0,0,0,0,0,0,0,0,0,1,1,0,0,0,0,0,0,0,0,0,1,0,1,0,0,1,0,0,0,0,0,1,1,0,11.3,2.8,2,4,34.6,23.3,0,1,1,0,0,0,1,0,0,0,1,1,0,0,0,none,0,nil,certain,2137,16,118,0.501,0.92,0.96,2323,350,87,93,70,114,22,10,47,3,2,9,0,74,3,1,9,NA,NA,NA,NA,671,671
Orthonyx temminckii,Australian Logrunner,Orthonychidae,Passeriformes,13,5,5,3,4,15.7,7.9,3.5,5,29.9,88.1,10.2,74.8,12,84.7,58.1,Dunning,NA,NO,NA,NA,Forest,1,1,Carnivore,Invertivore,Terrestrial,1423,1433,Orthonyx,temminckii,NA,NA,Logrunners,Orthonychidae,Passeriformes,22,11,1,1,0,1,0,1,1,3,1,136,13.5,22.3,BC8,"Australasian Babblers, Logrunners","Australasian Babblers, Logrunners",Endemic (entirely Australian),1,0,0,0,0,0,1,0,0,7,7,LC,NA,LC,NA,LC,NA,LC,NA,LC,NA,not listed,NA,not listed,not listed,not listed,not listed,not listed,not listed,not listed,not listed,not listed,LC,not listed,not listed,not listed,not listed,not listed,Core,not listed,Core,not listed,not listed,not listed,not listed,not listed,not listed,not listed,not listed,not listed,not listed,not listed,not listed,0,not listed,NA,not listed,NA,not listed,NA,not listed,NA,not listed,NA,0,0,19,18,21,58.8,49,75,62.6,58,75,55.1,49,58,NAV,NAV,NAV,HANZAB,1.76,1.82,0.12,0,0,0,0,0,0,0,0,1,1,0,0,0,0,0,0,0,0,0,0,0,0,0,0,0,0,0,0,0,0,0,0,0,0,0,0,0,0,0,1,1,0,0,0,0,0,0,0,0,0,0,0,0,1,0,0,0,0,0,0,1,1,4.5,2,1,3,28.7,21.3,1,1,0,0,0,0,1,0,0,0,1,0,0,0,0,none,0,nil,certain,2485,0,23,3.251,1.27,1.19,85,13,87,32,2,89,39,6,100,15,6,0,0,24,6,21,27,NA,NA,NA,NA,434,u434
Oxyura australis,Blue-billed Duck,Anatidae,Anseriformes,4,2,2,0,4,44.2,25.5,19.4,12.1,33.2,154,66,88,42.9,61.5,798,Dunning,NA,NO,NA,NA,Wetland,3,2,Omnivore,Herbivore aquatic,Aquatic,15,72,Oxyura,australis,NA,NA,"Ducks, Geese and Swans",Anatidae,Anseriformes,2,2,2,1,0,1,0,1,1,4,53,3,11.6,19.9,Anatinae,"Ducks, Geese, Other Waterfowl, Screamers","Ducks, Geese, Other Waterfowl, Screamers",Endemic (entirely Australian),1,0,0,0,0,0,1,0,0,7,7,NT,C2a(ii),LC,NA,LC,NA,NT,C1,NT,C1,not listed,NA,not listed,not listed,not listed,not listed,not listed,not listed,not listed,VU,not listed,LC,Rare,not listed,Th,priority,not listed,Core,not listed,not listed,Core,Core,Core,Core,not listed,not listed,not listed,not listed,not listed,not listed,not listed,not listed,0,not listed,NA,not listed,NA,not listed,NA,not listed,NA,not listed,NA,0,0,40,40,40,801,476,1300,788,610,965,814,476,1300,NAV,NAV,NAV,"HANZAB, del Hoyo et al. (1992-2013)",4.02,4.16,-0.2,0,0,0,0,0,0,0,0,0,0,0,0,1,0,0,0,0,0,0,0,0,0,0,0,0,0,0,0,0,1,1,0,0,0,0,0,0,0,0,0,0,0,1,0,0,0,1,1,0,0,1,1,0,0,0,0,0,0,1,0,0,1,84.9,5.5,3,12,66.2,48.1,0,0,0,0,0,0,1,0,0,0,1,0,0,1,1,none,0,nil,certain,225,519,1,0.626,1.22,1.14,1263,651,66,60,35,116,28,9,103,49,7,6,9,5,6,2,16,306,375,-6,-1.6,216,u216
Pachycephala inornata,Gilbert's Whistler,Pachycephalidae,Passeriformes,14,4,10,0,4,17.5,8.2,5.1,6.3,25.3,99,19.7,79.6,19.9,86.4,30.8,Dunning,NA,NO,NA,NA,Shrubland,2,1,Carnivore,Invertivore,Insessorial,1489,1503,Pachycephala,inornata,NA,NA,"Whistlers, Shrike-thrushes and allies",Pachycephalidae,Passeriformes,22,16,1,3,0,1,0,1,1,39,5,136,3.4,7.8,CC5CC6b,"Whistlers, Allies","Cuckoo-Shrikes, Helmetshrikes, Shrike-Flycatchers, Vangas, Whipbirds, Shrike-Thrushes, Whistlers, Shrikes, Monarchs, Vireos, Orioles, Drongos, Fantails, Birds Of Paradise, Crows, Jays, Allies",Endemic (entirely Australian),1,0,0,0,0,0,1,0,0,7,7,LC,NA,LC,NA,LC,NA,LC,NA,LC,NA,not listed,NA,not listed,not listed,not listed,not listed,not listed,not listed,not listed,VU,not listed,LC,Rare,not listed,not listed,not listed,not listed,Core,not listed,not listed,Core,not listed,Core,Core,not listed,not listed,not listed,not listed,not listed,not listed,not listed,not listed,0,not listed,NA,not listed,NA,not listed,NA,not listed,NA,not listed,NA,0,0,19,17,21,30.8,20,38,31.2,26.5,38,30.4,20,36,NAV,NAV,NAV,HANZAB,NAV,NAV,0.1,1,0,0,0,0,1,0,0,0,0,0,0,0,0,0,0,0,0,0,0,0,0,0,0,0,0,0,0,0,0,0,1,0,0,0,0,1,0,0,0,0,0,0,0,0,0,0,0,0,0,1,0,0,1,0,0,0,0,0,1,1,0,NAV,2.7,2,4,23.3,17.5,0,1,0,0,0,0,1,0,0,0,1,0,0,0,0,none,0,nil,certain,4009,0,82,1.035,0.97,0.99,834,253,77,18,6,41,10,3,28,31,9,19,1,2,2,35,1,NA,NA,NA,NA,403,u403
Pachycephala olivacea,Olive Whistler,Pachycephalidae,Passeriformes,13,3,6,4,4,18.4,9,5.1,6.5,30.4,97.3,17.3,80.4,17.7,89.1,41.2,Dunning,NA,NO,NA,NA,Shrubland,1,1,Carnivore,Invertivore,Insessorial,1482,1496,Pachycephala,olivacea,NA,NA,"Whistlers, Shrike-thrushes and allies",Pachycephalidae,Passeriformes,22,16,1,1,0,1,0,0,5,39,5,136,3.4,NA,CC5CC6b,"Whistlers, Allies","Cuckoo-Shrikes, Helmetshrikes, Shrike-Flycatchers, Vangas, Whipbirds, Shrike-Thrushes, Whistlers, Shrikes, Monarchs, Vireos, Orioles, Drongos, Fantails, Birds Of Paradise, Crows, Jays, Allies",Endemic (entirely Australian),1,0,0,0,0,0,1,0,0,7,7,LC,NA,LC,NA,LC,NA,LC,NA,LC,NA,not listed,NA,not listed,not listed,not listed,not listed,not listed,not listed,not listed,VU,not listed,LC,not listed,not listed,not listed,not listed,Core,Core,not listed,Core,Core,Core,Core,not listed,not listed,not listed,not listed,not listed,not listed,not listed,not listed,not listed,0,not listed,NA,not listed,NA,not listed,NA,not listed,NA,not listed,NA,0,0,20,18,21,41,31,49.5,40.8,36,49.5,40.9,31,45,NAV,NAV,NAV,HANZAB,1.48,1.53,0.14,0,0,1,0,0,0,0,0,0,0,1,0,0,0,0,0,0,0,0,0,0,0,0,0,0,0,0,0,0,0,1,0,0,1,0,0,0,0,0,1,1,0,0,0,0,0,0,1,0,0,1,0,0,1,0,0,0,0,0,1,1,0,3.8,2.4,2,4,28.3,20.1,0,1,0,0,0,0,1,0,0,0,1,1,0,0,0,none,0,nil,certain,2839,32,146,2.406,0.79,0.87,211,75,74,50,31,70,7,3,14,5,3,37,1,3,0,2,50,NA,NA,NA,NA,405,405
Pachycephala pectoralis,Golden Whistler,Pachycephalidae,Passeriformes,23,8,14,1,4,16.4,8.2,4.6,5.2,22.1,91.3,20.2,72.6,21.7,69.9,30.4,Dunning,NA,NO,NA,NA,Forest,2,2,Carnivore,Invertivore,Insessorial,1502,1504,Pachycephala,pectoralis,NA,NA,"Whistlers, Shrike-thrushes and allies",Pachycephalidae,Passeriformes,22,16,1,7,0,1,0,0,7,39,5,136,3.4,NA,CC5CC6b,"Whistlers, Allies","Cuckoo-Shrikes, Helmetshrikes, Shrike-Flycatchers, Vangas, Whipbirds, Shrike-Thrushes, Whistlers, Shrikes, Monarchs, Vireos, Orioles, Drongos, Fantails, Birds Of Paradise, Crows, Jays, Allies",Australian,1,0,0,0,0,0,0,0,0,5,5,LC,NA,LC,NA,LC,NA,LC,NA,LC,NA,not listed,NA,not listed,not listed,not listed,not listed,not listed,not listed,not listed,not listed,not listed,LC,not listed,not listed,not listed,not listed,Core,Core,not listed,Core,Core,Core,Core,Core,Core,Core,not listed,not listed,not listed,not listed,not listed,not listed,0,present,none,present,none,present,none,not listed,NA,present,none,0,0,18,16,19,38.5,19,58,NAV,NAV,NAV,NAV,NAV,NAV,38.5,19,58,del Hoyo et al. (1992-2013),1.12,1.16,0.12,1,0,1,0,0,1,1,1,1,1,0,0,0,0,0,0,0,0,0,0,0,0,0,0,0,0,0,0,0,1,1,0,0,1,0,0,1,1,1,1,1,0,0,0,0,0,1,1,1,0,0,0,0,1,0,0,0,0,0,1,1,0,7.9,2.2,2,3,24.1,17.4,0,1,0,0,0,0,1,0,0,0,1,1,0,0,0,none,0,nil,certain,6579,120,2894,0.918,0.8,0.88,1392,107,93,51,35,70,5,4,5,6,2,54,1,4,0,2,31,NA,NA,NA,NA,398,398
Pachycephala rufiventris,Rufous Whistler,Pachycephalidae,Passeriformes,22,8,14,0,4,16.5,8.3,4.7,5.4,21.4,92.7,22.4,70.2,24.1,66.6,22.5,Dunning,NA,NO,NA,NA,Forest,2,1,Carnivore,Invertivore,Insessorial,1493,1518,Pachycephala,rufiventris,NA,NA,"Whistlers, Shrike-thrushes and allies",Pachycephalidae,Passeriformes,22,16,1,5,0,1,0,0,5,39,5,136,3.4,NA,CC5CC6b,"Whistlers, Allies","Cuckoo-Shrikes, Helmetshrikes, Shrike-Flycatchers, Vangas, Whipbirds, Shrike-Thrushes, Whistlers, Shrikes, Monarchs, Vireos, Orioles, Drongos, Fantails, Birds Of Paradise, Crows, Jays, Allies",Australian,1,0,0,0,0,0,0,0,0,6,6,LC,NA,LC,NA,LC,NA,LC,NA,LC,NA,not listed,NA,not listed,not listed,not listed,not listed,not listed,not listed,not listed,not listed,not listed,LC,not listed,not listed,not listed,not listed,Core,Core,Core,Core,Core,not listed,Core,Core,not listed,not listed,not listed,not listed,not listed,not listed,not listed,not listed,0,not listed,NA,not listed,NA,not listed,NA,not listed,NA,present,none,0,0,16,15,18,23.5,17,52,22.5,17,48,23.1,17.5,52,23.5,20,27,HANZAB,1.03,1.07,0.13,1,0,1,0,0,1,1,1,1,1,1,0,0,0,0,0,0,0,0,0,0,0,0,0,0,0,0,0,0,1,1,1,0,1,0,0,1,1,1,1,1,1,0,0,0,0,1,1,0,0,0,0,0,1,0,0,0,0,0,1,1,0,5.2,2.6,2,4,21.7,16.5,0,1,0,0,0,0,1,0,0,0,1,1,0,0,0,none,0,nil,certain,5563,59,1975,0.39,0.93,0.97,6733,932,88,100,91,101,14,10,17,3,7,21,0,51,2,1,14,NA,NA,NA,NA,401,401
Pachycephala rufogularis,Red-lored Whistler,Pachycephalidae,Passeriformes,10,3,7,0,4,18.5,9,4.7,5.6,25.7,109.7,26,84.3,23.5,87.8,36.6,Dunning,NA,NO,NA,NA,Shrubland,2,1,Carnivore,Invertivore,Insessorial,1488,1502,Pachycephala,rufogularis,NA,NA,"Whistlers, Shrike-thrushes and allies",Pachycephalidae,Passeriformes,22,16,1,2,0,1,0,1,1,39,5,136,3.4,7.8,CC5CC6b,"Whistlers, Allies","Cuckoo-Shrikes, Helmetshrikes, Shrike-Flycatchers, Vangas, Whipbirds, Shrike-Thrushes, Whistlers, Shrikes, Monarchs, Vireos, Orioles, Drongos, Fantails, Birds Of Paradise, Crows, Jays, Allies",Endemic (entirely Australian),1,0,0,0,0,0,1,0,0,7,7,VU,"B2ab(i,ii,iii,iv,v); C2a(i)",NT,C2a(i),NT,C2a(i),VU,"B2ab(i,ii,iii,iv,v); C2a(i)",VU,"B2ab(i,ii,iii,iv,v); C2a(i)",VU,2000,not listed,not listed,not listed,not listed,not listed,not listed,not listed,CR,not listed,LC,Rare,not listed,Th,not listed,not listed,Core,not listed,not listed,Core,not listed,Core,not listed,not listed,not listed,not listed,not listed,not listed,not listed,not listed,not listed,0,not listed,NA,not listed,NA,not listed,NA,not listed,NA,not listed,NA,0,0,20,19,22,36.7,34,40,36.9,34,40,36.5,34,38,NAV,NAV,NAV,HANZAB,1.09,1.13,0.03,0,0,1,0,0,1,0,0,0,0,0,0,0,0,0,0,0,0,0,0,0,0,0,0,0,0,0,0,0,0,0,0,0,1,0,0,1,0,0,0,0,0,0,0,0,0,0,0,0,0,0,0,0,1,0,0,0,0,0,1,1,0,NAV,2.5,2,3,24.8,17.8,0,1,0,0,0,0,1,0,0,0,1,0,0,0,0,none,0,nil,certain,90,0,1,3.248,1.17,1.19,42,287,13,0,0,33,2,0,107,20,15,19,1,6,2,34,5,NA,NA,NA,NA,402,u402
Pachyptila turtur,Fairy Prion,Procellariidae,Procellariiformes,4,2,2,0,4,25.6,18.1,7.6,7.4,30,173.8,95.8,78,55.1,81.2,137,Dunning,NA,NO,NA,NA,Marine,3,2,Carnivore,Aquatic predator,Generalist,546,258,Pachyptila,turtur,NA,NA,Petrels and Shearwaters,Procellariidae,Procellariformes,14,4,7,5,0,1,0,0,2,6,16,4,13.8,NA,Procellariidae,"Albatrosses, Shearwaters, Petrels","Albatrosses, Shearwaters, Petrels",Australian,1,0,0,0,0,0,0,0,0,4,4,LC,NA,LC,NA,LC,NA,LC,NA,LC,NA,not listed,NA,not listed,not listed,not listed,not listed,not listed,1,not listed,not listed,not listed,LC,not listed,not listed,not listed,not listed,not listed,Core,not listed,Core,Core,Core,Core,not listed,not listed,not listed,not listed,Core,not listed,not listed,not listed,not listed,1,not listed,NA,not listed,NA,not listed,NA,present,probable,not listed,NA,0,0,25,25,25,126,76,178,128,88,178,128,99,171,NAV,NAV,NAV,HANZAB,2,2.07,-0.02,0,0,0,0,0,0,0,0,0,0,0,0,0,0,0,0,0,0,0,0,0,1,1,1,0,0,0,0,0,0,0,0,0,0,0,1,0,0,0,0,0,0,0,0,1,0,0,0,0,0,0,0,0,0,0,0,0,1,0,0,0,1,NAV,1,1,1,44.7,32.4,1,0,0,1,0,0,0,1,0,0,0,0,1,0,0,marine outward,1,low,low,6033,4,28,NA,1.29,1.32,NA,NA,NA,NA,NA,NA,NA,NA,NA,NA,NA,NA,NA,NA,NA,NA,NA,NA,NA,NA,NA,83,83
Pandion haliaetus,Osprey,Pandionidae,Accipitriformes,12,5,4,3,8,47,27.7,17.3,19.6,49.8,468.4,204.8,253,44.9,201.3,1483.2,Dunning,NA,NO,NA,NA,Coastal,3,3,Carnivore,Vertivore,Aerial,686,415,Pandion,haliaetus,NA,Species from Dickinson and Remsen (2013) and del Hoyo et al. (2014),"Eagles, Kites, Goshawks and Osprey",Pandionidae,Accipitriformes,16,1,1,1,0,1,0,0,4,1,1,4,63,NA,Accipitridae,"Hawks, Eagles, Secretarybird","Hawks, Eagles, Secretarybird",Australian,1,0,0,0,0,0,0,0,0,3,3,LC,NA,LC,NA,LC,NA,LC,NA,LC,NA,not listed,NA,A2S,not listed,not listed,not listed,1,1,not listed,VU,not listed,LC,EN,not listed,not listed,not listed,not listed,Core,Core,Core,Core,not listed,not listed,Core,not listed,not listed,not listed,not listed,not listed,not listed,not listed,not listed,0,present,certain,present,probable,present,probable,not listed,NA,present,probable,0,0,58,50,65,1490,900,2050,1350,900,1800,1630,1200,2050,NAV,NAV,NAV,del Hoyo et al. (1992-2013),9.38,9.72,0.03,0,0,0,0,0,0,0,0,0,0,0,1,1,1,0,0,0,0,0,0,0,0,0,0,0,0,1,1,0,0,1,0,1,0,0,1,0,1,1,0,0,1,1,1,1,0,0,1,0,0,0,0,0,0,1,0,0,1,1,1,0,0,NAV,3,2,4,61.3,44.7,0,1,0,0,0,0,1,0,0,0,1,0,0,0,0,local dispersal,1,high,low,7681,714,265,0.561,0.96,0.99,NA,NA,NA,NA,NA,NA,NA,NA,NA,9,51,8,12,4,1,10,3,NA,NA,NA,NA,241,241
Pardalotus punctatus,Spotted Pardalote,Pardalotidae,Passeriformes,21,8,13,0,4,8,4.3,3.2,3.7,17.4,56.5,13.7,41.3,24.8,27.6,8.7,Dunning,NA,NO,NA,NA,Forest,2,1,Omnivore,Invertivore,Insessorial,1267,1227,Pardalotus,punctatus,NA,NA,Pardalotes,Pardalotidae,Passeriformes,22,9,1,1,0,1,0,0,3,4,1,136,12.2,NA,BC7,Honeyeaters,"Honeyeaters, Thornbills, Bristlebirds, Australasian Wrens, Allies",Endemic (entirely Australian),1,0,0,0,0,0,1,0,0,7,7,LC,NA,LC,NA,LC,NA,LC,NA,LC,NA,not listed,NA,not listed,not listed,not listed,not listed,not listed,not listed,not listed,not listed,not listed,LC,not listed,not listed,not listed,not listed,Core,Core,not listed,Core,Core,Core,Core,Core,not listed,not listed,not listed,not listed,not listed,not listed,not listed,not listed,0,not listed,NA,not listed,NA,not listed,NA,not listed,NA,not listed,NA,0,0,10,9,11,8.5,4.3,15,8.4,4.3,15,8.5,5.5,12.1,NAV,NAV,NAV,HANZAB,0.4,0.41,-0.05,0,0,1,0,1,1,0,1,1,1,1,0,0,0,0,0,0,0,0,0,0,0,0,0,0,0,0,0,0,1,1,0,0,1,0,0,1,0,1,1,0,0,0,0,0,0,1,1,0,0,0,0,0,1,0,0,0,0,0,1,1,0,4,3.1,2,5,15.8,13,0,0,0,1,0,0,1,0,0,0,1,1,0,0,0,none,0,nil,certain,1463,201,229,0.966,1.18,1.12,1478,162,90,45,28,62,4,3,6,7,2,50,0,2,1,0,38,NA,NA,NA,NA,565,565
Pardalotus rubricatus,Red-browed Pardalote,Pardalotidae,Passeriformes,14,5,8,1,4,9.8,6,3.7,4.3,19.6,63.2,18.2,45.6,28.6,32.5,10.9,Dunning,NA,NO,NA,NA,Shrubland,2,1,Carnivore,Invertivore,Insessorial,1272,1232,Pardalotus,rubricatus,NA,NA,Pardalotes,Pardalotidae,Passeriformes,22,9,1,3,0,1,0,0,2,4,1,136,12.2,NA,BC7,Honeyeaters,"Honeyeaters, Thornbills, Bristlebirds, Australasian Wrens, Allies",Endemic (entirely Australian),1,0,0,0,0,0,1,0,0,7,7,LC,NA,LC,NA,LC,NA,LC,NA,LC,NA,not listed,NA,not listed,not listed,not listed,not listed,not listed,not listed,not listed,not listed,not listed,LC,not listed,not listed,not listed,not listed,not listed,Core,Core,Core,Core,not listed,not listed,Core,not listed,not listed,not listed,not listed,not listed,not listed,not listed,not listed,0,not listed,NA,not listed,NA,not listed,NA,not listed,NA,not listed,NA,0,0,11,9,12,10.1,8.5,15,10.1,8.5,15,10.8,9,12,NAV,NAV,NAV,HANZAB,NAV,NAV,-0.01,1,0,0,1,0,1,1,0,0,0,0,0,0,0,0,0,0,0,0,0,0,0,0,0,0,0,0,0,0,0,0,1,0,0,1,0,1,1,0,0,0,0,0,0,0,0,0,0,0,0,0,1,0,1,0,0,0,0,0,1,1,0,NAV,3.5,2,4,18.3,13.9,1,0,0,1,0,0,1,1,0,NAV,1,0,0,0,0,none,0,nil,certain,NAV,NAV,NAV,0.536,1.17,1.12,4709,398,92,107,79,108,27,15,37,23,8,15,2,1,21,0,31,NA,NA,NA,NA,570,570
Pardalotus striatus,Striated Pardalote,Pardalotidae,Passeriformes,23,7,16,0,4,9,5.1,3.4,4,19.1,63.7,18.9,48.3,28,30.7,11.4,Dunning,NA,NO,NA,NA,Forest,2,1,Carnivore,Invertivore,Insessorial,1275,1235,Pardalotus,striatus,NA,NA,Pardalotes,Pardalotidae,Passeriformes,22,9,1,4,0,1,0,0,6,4,1,136,12.2,NA,BC7,Honeyeaters,"Honeyeaters, Thornbills, Bristlebirds, Australasian Wrens, Allies",Endemic (entirely Australian),1,0,0,0,0,0,1,0,0,7,7,LC,NA,LC,NA,LC,NA,LC,NA,LC,NA,not listed,NA,not listed,not listed,not listed,not listed,not listed,not listed,not listed,not listed,not listed,LC,not listed,not listed,not listed,not listed,Core,Core,Core,Core,Core,Core,Core,Core,not listed,not listed,not listed,not listed,not listed,not listed,not listed,not listed,0,not listed,NA,not listed,NA,not listed,NA,not listed,NA,not listed,NA,0,0,11,9,12,11.1,6.5,17,11,6.5,17,11.1,8,15,12.4,9.5,15.3,HANZAB,0.52,0.54,0.03,1,0,1,0,1,1,1,1,1,0,0,0,0,0,0,0,0,0,0,0,0,0,0,0,0,0,0,0,0,1,1,1,0,1,0,0,1,1,1,1,0,0,0,0,0,0,1,1,0,0,0,0,0,1,0,0,0,0,0,1,1,1,NAV,3.4,1,5,18,14.2,1,0,0,1,1,0,1,1,0,1,1,1,0,0,0,none,0,nil,certain,2198,45,314,0.393,1.15,1.1,6508,836,89,76,60,93,8,6,11,2,6,53,1,22,3,2,12,NA,NA,NA,NA,976,976
Passer domesticus,House Sparrow,Passeridae,Passeriformes,25,12,13,0,8,13.5,9.1,6.3,7.4,17.9,74.9,20.4,54.4,27.3,57.2,26.5,Dunning,NA,NO,NA,NA,Human Modified,3,1,Herbivore,Granivore,Terrestrial,1809,1930,Passer,domesticus,NA,NA,Weaver Finches,Passeridae,Passeriformes,22,34,1,1,0,1,0,0,12,20,8,136,3.6,NA,P8,"Sparrows, Snowfinches, Allies","Sparrows, Snowfinches, Allies",Introduced,0,0,0,1,0,0,0,0,0,3,3,LC,NA,Introduced,NA,Introduced,NA,Introduced,NA,Introduced,NA,not listed,NA,not listed,not listed,not listed,not listed,not listed,not listed,not listed,not listed,not listed,not listed,not listed,not listed,not listed,not listed,Introduced,Introduced,not listed,Introduced,Introduced,Introduced,Introduced,Introduced,Introduced,not listed,not listed,not listed,not listed,not listed,not listed,not listed,0,present,none,present,none,not listed,NA,present,none,present,none,NA,NA,15,14,17,26.6,15,41,26.9,21,39,26.3,15,41,NAV,NAV,NAV,Cramp et al. (1977-1994),NA,NA,NA,0,1,0,0,1,0,0,0,0,0,0,0,0,0,0,0,0,0,0,0,0,0,0,0,0,0,0,0,1,1,1,0,0,0,0,1,0,0,0,0,0,0,0,0,0,1,1,1,0,0,1,0,0,1,0,0,0,0,0,0,0,1,NAV,4.2,2,7,22.2,15.6,0,1,0,0,0,0,1,1,0,0,1,0,0,0,0,possible local dispersal,0,nil,high,2745,32,617,NA,NA,NA,NA,NA,NA,NA,NA,NA,NA,NA,NA,NA,NA,NA,NA,NA,NA,NA,NA,NA,NA,NA,NA,995,995
Passer montanus,Eurasian Tree Sparrow,Passeridae,Passeriformes,50,13,17,20,8,13.2,8.2,5.5,6.5,16.4,67.9,16.7,51.2,24.6,51,21.4,Dunning,NA,NO,NA,NA,Woodland,2,1,Omnivore,Granivore,Terrestrial,1811,1932,Passer,montanus,NA,NA,Weaver Finches,Passeridae,Passeriformes,22,34,1,2,0,1,0,0,9,20,8,136,3.6,NA,P8,"Sparrows, Snowfinches, Allies","Sparrows, Snowfinches, Allies",Introduced,0,0,0,1,0,0,0,0,0,2,2,LC,NA,Introduced,NA,Introduced,NA,Introduced,NA,Introduced,NA,not listed,NA,not listed,not listed,not listed,not listed,not listed,not listed,not listed,not listed,not listed,Prohibited,not listed,not listed,not listed,not listed,Introduced,Introduced,not listed,not listed,introduced,introduced,Introduced,Introduced,not listed,not listed,not listed,not listed,Introduced,not listed,Core,not listed,0,vagrant,NA,present,none,not listed,NA,not listed,NA,not listed,NA,NA,NA,14,13,15,22.2,17,29,22.6,17,29,21.3,18,27,22.5,17,28,Cramp et al. (1977-1994),NA,NA,NA,0,0,0,0,0,0,0,0,0,0,0,0,0,0,0,0,0,0,0,0,0,0,0,0,0,0,0,0,1,1,1,0,0,0,0,0,0,0,0,0,0,0,0,0,0,1,1,1,0,0,1,0,0,0,0,0,0,0,0,0,0,1,NAV,5.1,2,9,NAV,NAV,0,1,0,0,0,0,1,1,0,0,1,0,0,0,0,none,0,nil,certain,63,0,1,NA,NA,NA,NA,NA,NA,NA,NA,NA,NA,NA,NA,NA,NA,NA,NA,NA,NA,NA,NA,NA,NA,NA,NA,994,994
Pavo cristatus,Indian Peafowl,Phasianidae,Galliformes,5,2,3,0,4,49.1,22.8,13,12.2,130,445.2,124.4,311.1,28.7,403.2,4154.8,Dunning,NA,NO,NA,NA,Forest,2,1,Omnivore,Omnivore,Terrestrial,59,29,Pavo,cristatus,NA,NA,Pheasants and Quail,Phasianidae,Galliformes,3,4,1,1,0,1,0,1,1,2,52,5,12.4,20.9,Phasianidae,"Pheasants, Quail, Guineafowl","Pheasants, Quail, Guineafowl",Introduced,0,0,0,1,0,0,0,0,0,2,2,LC,NA,Introduced,NA,Introduced,NA,Introduced,NA,Introduced,NA,not listed,NA,not listed,not listed,not listed,not listed,not listed,not listed,not listed,not listed,not listed,not listed,not listed,not listed,not listed,not listed,not listed,Introduced,not listed,Introduced,Introduced,Introduced,not listed,Introduced,not listed,not listed,not listed,not listed,not listed,not listed,not listed,not listed,0,not listed,NA,not listed,NA,not listed,NA,present,none,present,none,NA,NA,212,200,225,4000,2700,5100,4600,4100,5100,3400,2700,4100,NAV,NAV,NAV,HANZAB,NA,NA,NA,0,0,1,1,0,0,0,0,0,1,0,0,0,0,0,0,0,0,0,0,0,0,0,0,0,0,0,0,1,1,0,0,0,1,0,1,0,0,0,0,1,0,0,0,0,1,1,0,1,0,1,1,0,1,1,0,0,0,0,0,0,1,NAV,4.5,3,6,71,54,1,0,0,0,0,0,1,0,0,0,1,0,0,0,0,none,0,nil,certain,2532,2,7,NA,NA,NA,NA,NA,NA,NA,NA,NA,NA,NA,NA,NA,NA,NA,NA,NA,NA,NA,NA,NA,NA,NA,NA,903,u903
Pelecanoides urinatrix,Common Diving-Petrel,Procellariidae,Procellariiformes,7,4,3,0,4,28.1,13.1,6.4,7.2,23.9,121.7,56.8,62.2,47.7,39,152.1,Dunning,NA,NO,NA,NA,Marine,3,2,Carnivore,Aquatic predator,Aquatic,604,315,Pelecanoides,urinatrix,NA,NA,Petrels and Shearwaters,Procellariidae,Procellariformes,14,4,16,2,0,1,0,0,6,4,16,4,15.7,NA,Procellariidae,"Albatrosses, Shearwaters, Petrels","Albatrosses, Shearwaters, Petrels",Australian,1,0,0,0,0,0,0,0,0,4,4,LC,NA,LC,NA,LC,NA,LC,NA,LC,NA,not listed,NA,not listed,not listed,not listed,not listed,not listed,1,not listed,not listed,not listed,LC,not listed,not listed,not listed,not listed,not listed,Core,not listed,not listed,not listed,Core,Core,not listed,not listed,not listed,Core,Core,not listed,not listed,not listed,not listed,1,not listed,NA,not listed,NA,not listed,NA,present,probable,not listed,NA,0,0,23,20,25,142,100,185,NAV,NAV,NAV,NAV,NAV,NAV,142,100,185,HANZAB,1.69,1.75,-0.14,0,0,0,0,0,0,0,0,0,0,0,0,0,0,0,0,0,0,0,0,0,0,0,1,0,1,1,0,0,0,0,0,0,0,0,1,0,0,0,0,0,0,0,0,1,0,0,0,0,0,0,0,0,0,0,0,0,1,0,0,0,1,NAV,1,1,1,38.8,30.5,1,0,0,1,0,0,0,1,0,0,1,0,0,0,0,marine outward,1,high,high,NAV,NAV,NAV,NA,1.31,1.33,NA,NA,NA,NA,NA,NA,NA,NA,NA,NA,NA,NA,NA,NA,NA,NA,NA,NA,NA,NA,NA,85,85
Pelecanus conspicillatus,Australian Pelican,Pelecanidae,Pelecaniformes,4,2,0,2,4,414.2,389.8,46.9,48.2,114.5,601.5,282,319.6,47,151.2,5505,Dunning,NA,NO,NA,NA,Wetland,3,1,Carnivore,Aquatic predator,Aquatic,609,363,Pelecanus,conspicillatus,NA,NA,Pelican,Pelicanidae,Pelecaniformes,15,2,1,1,0,1,0,1,1,8,1,10,23.2,33.4,Pelecanidae,"Pelicans, Shoebill, Hamerkop","Pelicans, Shoebill, Hamerkop",Endemic (breeding only),1,0,0,0,0,0,0,1,0,7,6,LC,NA,LC,NA,LC,NA,LC,NA,LC,NA,not listed,NA,not listed,not listed,not listed,not listed,not listed,1,not listed,not listed,not listed,LC,not listed,not listed,not listed,not listed,Core,Core,Core,Core,Core,Core,Core,Core,not listed,not listed,not listed,not listed,not listed,not listed,not listed,not listed,0,present,certain,present,certain,present,certain,vagrant,NA,vagrant,NA,0,0,170,160,180,5400,4000,6800,5610,5400,5820,NAV,NAV,NAV,5400,4000,6800,HANZAB,24.88,25.78,0.12,0,0,0,0,0,0,0,0,0,0,0,1,1,1,0,0,0,0,0,0,0,0,0,0,0,0,1,1,0,1,1,0,1,0,0,1,0,0,0,0,0,0,1,1,1,0,0,0,0,0,0,0,0,0,1,1,0,1,1,0,0,1,32.6,1.8,1,4,90.4,58.1,1,0,0,0,0,0,0,1,0,0,0,0,0,1,1,irregular outward dispersal,0,nil,certain,9537,3207,595,0.409,0.93,0.97,5716,2049,74,101,100,101,37,35,38,19,22,2,13,20,7,3,15,NA,NA,NA,NA,106,u106
Petrochelidon ariel,Fairy Martin,Hirundinidae,Passeriformes,15,9,6,0,4,8.7,4.2,3.8,2.4,10.3,92.4,47.2,45.8,50.7,47.1,10.8,Dunning,NA,NO,NA,NA,Wetland,3,2,Carnivore,Invertivore,Aerial,1884,1826,Petrochelidon,ariel,NA,NA,Swallows and Martins,Hirundinidae,Passeriformes,22,41,3,1,0,1,0,1,1,11,20,136,3.2,7.6,S6,"Swallows, Martins","Swallows, Martins",Endemic (breeding only),1,0,0,0,0,0,0,1,0,7,6,LC,NA,LC,NA,LC,NA,LC,NA,LC,NA,not listed,NA,not listed,not listed,not listed,not listed,not listed,not listed,not listed,not listed,not listed,LC,not listed,not listed,not listed,not listed,Core,Core,Core,Core,Core,not listed,Core,Core,not listed,not listed,not listed,not listed,not listed,not listed,not listed,not listed,0,present,certain,present,certain,present,certain,vagrant,NA,not listed,NA,0,0,12,12,12,10.8,8.5,14,10.7,9.1,13,11,9.1,14,10.7,8.5,14,HANZAB,NAV,NAV,-0.13,1,1,1,1,1,1,1,1,0,0,1,1,1,1,1,1,0,0,0,0,0,0,0,0,0,0,0,0,0,1,1,1,1,0,0,1,0,1,1,0,0,0,1,0,0,0,1,1,0,0,0,0,0,1,0,0,0,0,0,0,0,1,8.9,3.5,2,5,17.1,12.2,0,1,0,0,0,0,0,1,0,0,1,1,0,0,0,annual outward migration Non-marine,0,nil,certain,1943,502,1450,0.416,1.26,1.18,6782,1082,86,100,99,100,17,16,17,17,10,23,2,3,3,0,41,NA,NA,NA,NA,360,u360
Petrochelidon nigricans,Tree Martin,Hirundinidae,Passeriformes,11,6,5,0,4,10.3,4.3,3.6,2.5,10.8,107.6,56.8,49.9,53.2,58.1,15.4,Dunning,NA,NO,NA,NA,Shrubland,2,2,Carnivore,Invertivore,Aerial,1885,1827,Petrochelidon,nigricans,NA,NA,Swallows and Martins,Hirundinidae,Passeriformes,22,41,3,2,0,1,0,0,3,11,20,136,3.2,NA,S6,"Swallows, Martins","Swallows, Martins",Endemic (breeding only),1,0,0,0,0,0,0,1,0,7,6,LC,NA,LC,NA,LC,NA,LC,NA,LC,NA,not listed,NA,not listed,not listed,not listed,not listed,not listed,1,not listed,not listed,not listed,LC,not listed,not listed,not listed,not listed,Core,Core,Core,Core,Core,Core,Core,Core,not listed,not listed,not listed,not listed,not listed,not listed,not listed,not listed,0,present,certain,present,certain,present,certain,not listed,NA,vagrant,NA,0,0,12,10,13,16.6,13.8,19.3,NAV,NAV,NAV,NAV,NAV,NAV,16.6,13.8,19.3,HANZAB,0.52,0.54,-0.09,1,1,1,1,1,1,1,1,1,0,1,1,1,1,1,1,1,1,1,0,0,0,0,0,0,0,0,0,0,1,1,1,0,0,0,0,0,1,1,0,0,0,0,0,0,0,1,0,0,0,0,0,0,1,0,0,0,0,0,0,0,1,NAV,3.4,2,5,18.4,13.3,0,0,0,0,1,0,1,1,0,0,1,1,0,0,0,annual outward migration Non-marine,0,nil,certain,2219,1417,63,0.394,1.25,1.17,7747,192,98,100,100,100,2,2,2,34,2,18,6,1,5,2,33,NA,NA,NA,NA,359,359
Petroica goodenovii,Red-capped Robin,Petroicidae,Passeriformes,14,7,7,0,4,11.8,6.7,2.9,2.8,16.8,61,15.5,46,25.1,45.8,8.9,Dunning,NA,NO,NA,NA,Woodland,2,1,Carnivore,Invertivore,Insessorial,1717,1723,Petroica,goodenovii,NA,NA,Australian Robins,Petroicidae,Passeriformes,22,30,1,5,0,1,0,1,1,11,19,136,3.3,7.7,Petroicidae,Australasian Robins,Australasian Robins,Endemic (entirely Australian),1,0,0,0,0,0,1,0,0,7,7,LC,NA,LC,NA,LC,NA,LC,NA,LC,NA,not listed,NA,not listed,not listed,not listed,not listed,not listed,not listed,not listed,not listed,not listed,LC,not listed,not listed,not listed,not listed,Core,Core,Core,Core,Core,not listed,Core,Core,not listed,not listed,not listed,not listed,not listed,not listed,not listed,not listed,0,not listed,NA,not listed,NA,not listed,NA,not listed,NA,not listed,NA,0,0,11,11,13,8.7,6,12.6,8.7,6,12,8.8,7,12.6,NAV,NAV,NAV,HANZAB,0.37,0.38,-0.08,1,1,1,1,1,1,0,0,0,0,0,0,0,0,0,0,0,0,0,0,0,0,0,0,0,0,0,0,0,1,0,1,1,1,1,1,1,0,0,0,0,0,0,0,0,0,1,0,0,0,0,0,0,1,0,0,0,0,0,1,1,0,16,2.3,1,4,15.9,12.6,0,1,0,0,0,0,1,0,0,0,1,1,0,0,0,none,0,nil,certain,1991,28,483,0.505,1.12,1.09,5825,124,98,77,64,86,2,2,3,6,25,7,1,3,10,45,3,NA,NA,NA,NA,381,u381
Petroica phoenicea,Flame Robin,Petroicidae,Passeriformes,11,5,6,0,4,13,6.8,3.4,3,18.8,77.6,21.7,56.5,27.7,54.7,13,Dunning,NA,NO,NA,NA,Shrubland,2,3,Carnivore,Invertivore,Insessorial,1711,1724,Petroica,phoenicea,NA,NA,Australian Robins,Petroicidae,Passeriformes,22,30,1,3,0,1,0,1,1,11,19,136,3.3,7.7,Petroicidae,Australasian Robins,Australasian Robins,Endemic (entirely Australian),1,0,0,0,0,0,1,0,0,7,7,NT,A2bc; A3bc; A4bc,NT,A2b,NT,A2b,NT,A2b,NT,A2b,not listed,NA,not listed,not listed,not listed,not listed,not listed,1,not listed,VU,not listed,LC,VU,not listed,not listed,not listed,Core,Core,not listed,Core,Core,Core,Core,not listed,not listed,not listed,not listed,not listed,not listed,not listed,not listed,not listed,0,not listed,NA,not listed,NA,not listed,NA,not listed,NA,not listed,NA,0,0,13,12,14,13.2,8,17,13.6,9,17,13.5,8,16.5,12.9,11.1,14.6,HANZAB,0.49,0.51,-0.05,0,0,1,0,1,0,0,1,1,0,0,0,0,0,0,0,0,0,0,0,0,0,0,0,0,0,0,0,0,1,0,0,0,1,0,1,0,0,1,1,0,0,0,0,0,0,1,0,0,0,0,0,0,1,0,0,0,0,0,0,1,1,15.7,3,2,4,18.3,14.2,0,1,0,0,0,0,1,0,0,0,1,1,0,0,0,none,0,nil,certain,3979,351,459,1.766,1.13,1.09,548,87,86,45,26,61,3,1,4,46,1,2,1,2,1,1,45,NA,NA,NA,NA,382,u382
Petroica rodinogaster,Pink Robin,Petroicidae,Passeriformes,7,4,3,0,4,11.9,6,2.8,2.6,18.3,66.3,15.9,52.1,23.4,53,10.2,Dunning,NA,NO,NA,NA,Forest,1,2,Carnivore,Invertivore,Insessorial,1708,1726,Petroica,rodinogaster,NA,NA,Australian Robins,Petroicidae,Passeriformes,22,30,1,2,0,1,0,0,2,11,19,136,3.3,NA,Petroicidae,Australasian Robins,Australasian Robins,Endemic (entirely Australian),1,0,0,0,0,0,1,0,0,7,7,LC,NA,LC,NA,LC,NA,LC,NA,LC,NA,not listed,NA,not listed,not listed,not listed,not listed,not listed,1,not listed,VU,not listed,LC,not listed,not listed,not listed,not listed,Core,Core,not listed,not listed,not listed,Core,Core,not listed,not listed,not listed,not listed,not listed,not listed,not listed,not listed,not listed,0,not listed,NA,not listed,NA,not listed,NA,not listed,NA,not listed,NA,0,0,13,12,13,9.7,7.6,12.5,9.6,8.1,11,10.1,9.2,12.5,NAV,NAV,NAV,HANZAB,0.49,0.51,0.02,0,0,0,0,0,0,0,1,1,1,0,0,0,0,0,0,0,0,0,0,0,0,0,0,0,0,0,0,0,0,1,0,0,0,0,0,0,0,1,1,1,0,0,0,0,0,0,0,0,0,0,0,0,1,0,0,0,0,0,1,1,0,NAV,2.9,2,4,18.2,13.9,0,1,0,0,0,0,1,0,0,0,1,1,0,0,0,none,0,nil,certain,1155,0,26,2.405,1.15,1.11,218,51,81,46,28,74,4,2,9,9,7,39,1,0,2,0,42,NA,NA,NA,NA,383,383
Petroica rosea,Rose Robin,Petroicidae,Passeriformes,9,4,5,0,4,11.7,6.5,3.3,2.8,14.2,64.5,16.6,48.1,25.6,57,8.2,Dunning,NA,NO,NA,NA,Forest,1,3,Carnivore,Invertivore,Insessorial,1707,1725,Petroica,rosea,NA,NA,Australian Robins,Petroicidae,Passeriformes,22,30,1,1,0,1,0,1,1,11,19,136,3.3,7.7,Petroicidae,Australasian Robins,Australasian Robins,Endemic (entirely Australian),1,0,0,0,0,0,1,0,0,7,7,LC,NA,LC,NA,LC,NA,LC,NA,LC,NA,not listed,NA,not listed,not listed,not listed,not listed,not listed,not listed,not listed,not listed,not listed,LC,not listed,not listed,not listed,not listed,Core,Core,not listed,Core,Core,not listed,Core,not listed,not listed,not listed,not listed,not listed,not listed,not listed,not listed,not listed,0,not listed,NA,not listed,NA,not listed,NA,not listed,NA,not listed,NA,0,0,12,11,13,8.6,5,11.5,8.4,6.9,10,7.9,5,11.5,9.1,7.6,9.1,HANZAB,0.43,0.45,0.02,0,0,0,0,0,0,0,1,1,1,0,0,0,0,0,0,0,0,0,0,0,0,0,0,0,0,0,0,0,0,0,0,0,0,0,0,0,0,1,1,1,0,0,0,0,0,0,0,0,0,0,0,0,1,0,0,0,0,0,1,1,0,13.1,2.5,2,3,16.7,13.2,0,1,0,0,0,0,1,0,0,NAV,0,0,1,0,0,none,0,nil,certain,2221,141,106,1.695,1.15,1.11,461,41,92,60,24,104,20,16,24,3,9,4,1,19,3,0,61,NA,NA,NA,NA,384,u384
Pezoporus wallicus,Ground Parrot,Psittaculidae,Psittaciformes,6,0,0,6,4,18,12.7,9.1,16,25.2,134.3,57.3,77.4,42.5,183.8,71.2,Dunning,NA,NO,NA,NA,Shrubland,2,1,Herbivore,Granivore,Generalist,912,831,Pezoporus,wallicus,NA,"Species from del Hoyo et al. (2014). Pezoporus wallicus (Sibley and Monroe 1990, 1993) was split into P. wallicus and P. flaviventris by Murphy et al. (2011). Although flaviventris differs from wallicus and leachi by 4.4 - 5.1% in mitochondrial DNA (Murphy et al. 2011), the morphological differences are barely detectable, with flaviventris possessing a slightly yellower belly including a reduction to 0 of barring on the lower belly. BirdLife International does not use molecular differences to distinguish species (Tobias et al. 2010). Considered a single species by Johstone and Darnell (2015).","Parrots, Lorikeets and Rosellas",Psittaculidae,Psittaciformes,21,3,14,1,0,1,0,0,2,3,45,4,12.3,NA,Psittacidae1,Parrots,Parrots,Endemic (entirely Australian),1,0,0,0,0,0,1,0,0,7,7,LC,NA,LC,NA,LC,NA,LC,NA,LC,NA,not listed,NA,not listed,not listed,not listed,not listed,not listed,not listed,not listed,VU,not listed,LC,EN,not listed,Th,not listed,not listed,Core,not listed,Core,Extinct,Core,Core,Core,not listed,not listed,not listed,not listed,not listed,not listed,not listed,not listed,0,not listed,NA,not listed,NA,not listed,NA,not listed,NA,not listed,NA,0,0,30,30,30,82.7,59,101,75.7,68,83,67,59,75,77,NAV,NAV,HANZAB,2.66,2.76,0.23,0,0,1,0,1,0,0,0,0,0,0,0,0,0,0,0,0,0,0,0,0,0,0,0,0,0,0,0,0,0,0,0,0,1,0,1,0,0,0,0,0,0,0,0,0,0,0,0,0,0,1,0,0,0,0,0,0,0,0,1,1,0,NAV,3.7,1,7,27.1,21.8,1,0,0,0,0,0,1,0,0,0,1,0,0,0,0,none,0,nil,certain,2709,0,52,4.052,1.12,1.27,2,83,2,50,0,100,3550,900,7900,NA,NA,NA,NA,NA,NA,NA,NA,NA,NA,NA,NA,311,311
Phaethon lepturus,White-tailed Tropicbird,Phaethontidae,Phaethontiformes,5,2,3,0,4,54.7,40.7,6.8,15.5,20.6,269.4,188.5,79.5,70.4,108.2,328,Dunning,NA,NO,NA,NA,Marine,3,3,Carnivore,Aquatic predator,Aerial,469,78,Phaethon,lepturus,NA,NA,Tropicbirds,Phaethontidae,Phaetontiformes,12,1,1,3,0,1,0,1,6,3,1,1,69.3,48.5,Phaethontidae,Tropicbirds,Tropicbirds,Australian,1,0,0,0,0,0,0,0,0,3,3,LC,NA,VU,D2,EN,B2ab(v),EN,B2ab(v),EN,B2ab(v),not listed,NA,not listed,1,1,not listed,1,1,not listed,not listed,not listed,LC,not listed,not listed,not listed,not listed,not listed,not listed,not listed,Core,not listed,not listed,not listed,not listed,not listed,not listed,not listed,not listed,Core,Core,not listed,not listed,1,present,probable,present,probable,vagrant,NA,vagrant,NA,present,probable,0,1,80,70,90,299,220,410,279,220,345,263,NAV,335,326,230,410,HANZAB,NAV,NAV,-0.14,0,0,0,0,0,0,0,0,0,0,0,0,0,0,0,0,0,0,0,0,0,0,0,0,1,0,0,0,0,0,0,0,0,0,0,0,0,0,0,0,1,0,0,0,0,0,0,0,0,0,0,0,0,0,0,0,0,1,0,1,0,0,NAV,1,1,1,52.7,38.2,1,0,0,0,0,0,1,1,0,0,0,0,1,0,0,marine outward,1,medium,low,364,0,1,NA,1.27,1.31,NA,NA,NA,NA,NA,NA,NA,NA,NA,NA,NA,NA,NA,NA,NA,NA,NA,NA,NA,NA,NA,108,108
Phaethon rubricauda,Red-tailed Tropicbird,Phaethontidae,Phaethontiformes,8,2,2,4,4,70.8,53,9.7,21,28.7,330.5,226,102.2,68.8,99.8,671.9,Dunning,NA,NO,NA,NA,Marine,3,3,Carnivore,Aquatic predator,Aerial,466,75,Phaethon,rubricauda,NA,"Subspecies from Marchant and Higgins (1990). Del Hoyo et al. (1992) and Dickinson and Remsen (2013) recognise four subspecies including two, roseotinctus (islands of the Great Barrier Reef, Norfolk, Lord Howe and Kermadec Islands) and westralis (Christmas, Cocos and islands off Western Australia) but both suggest subspecies diagnosis questionable and best considered monotypic.",Tropicbirds,Phaethontidae,Phaetontiformes,12,1,1,2,0,1,0,0,4,3,1,1,69.3,NA,Phaethontidae,Tropicbirds,Tropicbirds,Australian,1,0,0,0,0,0,0,0,0,3,2,LC,NA,LC,NA,NT,A3e,NT,A3be; A4be,NT,A3be; A4be,not listed,NA,not listed,not listed,not listed,not listed,not listed,1,not listed,VU,not listed,VU,not listed,not listed,not listed,priority,not listed,not listed,Core,Core,not listed,not listed,not listed,Core,Core,Core,not listed,not listed,Core,Core,not listed,Core,1,present,probable,present,probable,not listed,NA,vagrant,NA,present,probable,0,0,100,95,104,800,590,1100,NAV,NAV,NAV,NAV,NAV,NAV,800,590,1100,HANZAB,4.52,4.68,-0.14,0,0,0,0,0,0,0,0,0,0,0,0,0,0,0,0,0,0,0,0,0,0,0,0,1,0,0,0,0,0,0,0,0,0,0,0,0,0,0,0,0,0,0,1,1,0,0,0,0,0,0,0,0,0,0,0,0,1,0,1,0,0,NAV,1,1,1,63.7,45,1,0,0,0,0,0,1,1,0,0,0,0,1,0,0,marine outward,1,medium,low,8277,5948,433,NA,1.27,1.32,NA,NA,NA,NA,NA,NA,NA,NA,NA,NA,NA,NA,NA,NA,NA,NA,NA,NA,NA,NA,NA,107,107
Phaethon rubricauda,Red-tailed Tropicbird,Phaethontidae,Phaethontiformes,8,2,2,4,4,70.8,53,9.7,21,28.7,330.5,226,102.2,68.8,99.8,671.9,Dunning,NA,NO,NA,NA,Marine,3,3,Carnivore,Aquatic predator,Aerial,p19,p01,Phaethon,rubricauda,NA,see parent taxon,Tropicbirds,Phaethontidae,Phaetontiformes,p12,1,1,2,0,0,1,1,NA,NA,NA,NA,NA,NA,Phaethontidae,Tropicbirds,Tropicbirds,Non-breeding migrant population of Australian breeding taxon,0,1,0,0,0,0,0,0,1,0,3,LC,NA,LC,NA,LC,NA,LC,NA,LC,NA,not listed,NA,not listed,not listed,not listed,not listed,not listed,not listed,not listed,VU,not listed,VU,not listed,not listed,not listed,not listed,not listed,not listed,not listed,Core,not listed,not listed,not listed,Core,not listed,not listed,not listed,not listed,not listed,not listed,not listed,not listed,1,present,probable,present,probable,not listed,NA,vagrant,NA,not listed,NA,NA,NA,NA,NA,NA,NA,NA,NA,NA,NA,NA,NA,NA,NA,NA,NA,NA,NA,NA,NA,NA,NA,NA,NA,NA,NA,NA,NA,NA,NA,NA,NA,NA,NA,NA,NA,NA,NA,NA,NA,NA,NA,NA,NA,NA,NA,NA,NA,NA,NA,NA,NA,NA,NA,NA,NA,NA,NA,NA,NA,NA,NA,NA,NA,NA,NA,NA,NA,NA,NA,NA,NA,NA,NA,NA,NA,NA,NA,NA,NA,1,0,0,NA,NA,NA,NA,NA,NA,NA,NA,NA,NA,NA,NA,NA,NA,NA,NA,NA,NA,NA,NA,NA,marine inward,1,total,certain,NAV,NAV,NAV,NA,NA,NA,NA,NA,NA,NA,NA,NA,NA,NA,NA,NA,NA,NA,NA,NA,NA,NA,NA,NA,NA,NA,NA,108,u107
Phalacrocorax carbo,Great Cormorant,Phalacrocoracidae,Suliformes,13,6,7,0,8,82.7,57,13.2,18.3,64.2,340.2,124.2,211.7,37.1,148.2,2529,Dunning,NA,NO,NA,NA,Wetland,3,2,Carnivore,Aquatic predator,Aquatic,678,354,Phalacrocorax,carbo,NA,NA,Cormorants and Shags,Phalacrocoracidae,Pelecaniformes,15,7,2,2,0,1,0,0,7,26,2,10,12.4,NA,Phalacrocoracidae,"Cormorants, Anhingas, Gannets, Frigatebirds","Cormorants, Anhingas, Gannets, Frigatebirds",Australian,1,0,0,0,0,0,0,0,0,2,2,LC,NA,LC,NA,LC,NA,LC,NA,LC,NA,not listed,NA,not listed,not listed,not listed,not listed,not listed,not listed,not listed,not listed,not listed,LC,not listed,not listed,not listed,not listed,Core,Core,Core,Core,Core,Core,Core,Core,not listed,Core,not listed,not listed,not listed,not listed,not listed,not listed,0,present,certain,present,certain,not listed,NA,present,possible,present,probable,0,0,83,80,85,2540,1200,3600,2800,1600,3600,2280,1200,3400,NAV,NAV,NAV,"HANZAB, Cramp et al. (1977-1994)",10.45,10.83,-0.03,0,0,0,0,0,0,0,0,0,0,0,1,1,1,0,0,0,0,0,0,0,0,0,0,0,0,1,1,0,1,1,0,0,0,0,0,0,0,0,0,0,1,1,0,1,1,1,0,0,0,0,0,0,0,0,0,0,1,1,1,0,0,NAV,4.1,3,6,NAV,NAV,0,1,0,0,0,0,1,1,0,0,0,0,0,1,1,probable irregular outward dispersal,0,nil,low,5219,1701,217,0.46,1.06,1.04,4271,2697,61,98,76,108,68,45,76,2,8,13,7,2,6,1,60,215,275,-2.6,-2.2,96,96
Phalacrocorax fuscescens,Black-faced Cormorant,Phalacrocoracidae,Suliformes,4,1,2,1,4,59.7,47.7,10.3,13.2,61.3,263.8,90,173.8,34.1,101.5,1515,Dunning,NA,NO,NA,NA,Marine,3,1,Carnivore,Aquatic predator,Aquatic,681,359,Phalacrocorax,fuscescens,NA,Genus from Dickinson and Remsen (2013) and del Hoyo et al. (2014),Cormorants and Shags,Phalacrocoracidae,Pelecaniformes,15,7,2,4,0,1,0,1,1,26,2,10,12.4,20.9,Phalacrocoracidae,"Cormorants, Anhingas, Gannets, Frigatebirds","Cormorants, Anhingas, Gannets, Frigatebirds",Endemic (entirely Australian),1,0,0,0,0,0,1,0,0,7,7,LC,NA,LC,NA,LC,NA,LC,NA,LC,NA,not listed,NA,not listed,not listed,not listed,not listed,not listed,1,not listed,not listed,not listed,LC,not listed,not listed,not listed,not listed,not listed,not listed,not listed,not listed,Core,Core,Core,Core,not listed,not listed,not listed,not listed,not listed,not listed,not listed,not listed,0,not listed,NA,not listed,NA,not listed,NA,not listed,NA,not listed,NA,0,0,65,61,69,1800,1400,2200,NAV,NAV,NAV,NAV,NAV,NAV,1800,1400,2200,Johnstone and Storr (1998),8.89,9.21,-0.01,0,0,0,0,0,0,0,0,0,0,0,0,0,0,0,0,0,0,0,0,0,0,0,0,0,0,1,0,0,0,1,0,1,0,0,0,0,0,0,0,0,0,0,1,1,0,0,0,0,0,0,0,0,0,0,0,0,1,0,1,0,1,NAV,2.5,1,5,58,36.4,1,0,0,0,0,0,1,1,0,0,1,0,0,0,0,none,0,nil,certain,9820,1927,1291,2.283,1.29,1.2,NA,NA,NA,NA,NA,NA,NA,NA,NA,11,38,34,9,1,2,2,2,NA,NA,NA,NA,98,u98
Phalacrocorax sulcirostris,Little Black Cormorant,Phalacrocoracidae,Suliformes,4,2,2,0,4,51.9,39.4,8.6,11.5,45.3,248.8,95,153.8,38.1,128.8,995,Dunning,NA,NO,NA,NA,Wetland,3,1,Carnivore,Aquatic predator,Aquatic,680,356,Phalacrocorax,sulcirostris,NA,NA,Cormorants and Shags,Phalacrocoracidae,Pelecaniformes,15,7,2,3,0,1,0,1,1,26,2,10,12.4,20.9,Phalacrocoracidae,"Cormorants, Anhingas, Gannets, Frigatebirds","Cormorants, Anhingas, Gannets, Frigatebirds",Australian,1,0,0,0,0,0,0,0,0,6,6,LC,NA,LC,NA,LC,NA,LC,NA,LC,NA,not listed,NA,not listed,not listed,not listed,not listed,not listed,not listed,not listed,not listed,not listed,LC,not listed,not listed,not listed,not listed,Core,Core,Core,Core,Core,Core,Core,Core,not listed,not listed,not listed,not listed,not listed,not listed,not listed,not listed,0,present,certain,present,certain,present,possible,present,certain,vagrant,NA,0,0,60,55,65,860,517,1300,1070,517,1300,872,575,1300,749,573,925,HANZAB,5.64,5.84,-0.1,0,0,0,0,0,0,0,0,0,0,0,1,1,1,0,0,0,0,0,0,0,0,0,0,0,0,1,1,0,1,1,0,0,0,0,0,0,0,0,0,0,1,1,0,0,0,0,0,0,0,0,0,0,0,0,0,0,1,1,1,0,1,24,4,3,6,48.1,32.9,0,1,0,0,0,0,1,1,0,0,0,0,0,1,1,local dispersal,1,high,low,3674,2317,96,0.413,1.18,1.11,5136,2544,67,102,102,102,52,49,52,10,19,2,8,28,5,1,26,NA,NA,NA,NA,97,u97
Phalacrocorax varius,Pied Cormorant,Phalacrocoracidae,Suliformes,5,1,0,4,4,75.1,56.5,12.7,17.5,63.8,295.4,110.8,181.8,37.8,136.2,1940.7,Dunning,NA,NO,NA,NA,Coastal,3,1,Carnivore,Aquatic predator,Aquatic,682,357,Phalacrocorax,varius,NA,NA,Cormorants and Shags,Phalacrocoracidae,Pelecaniformes,15,7,2,5,0,1,0,0,2,26,2,10,12.4,NA,Phalacrocoracidae,"Cormorants, Anhingas, Gannets, Frigatebirds","Cormorants, Anhingas, Gannets, Frigatebirds",Australian,1,0,0,0,0,0,0,0,0,6,6,LC,NA,LC,NA,LC,NA,LC,NA,LC,NA,not listed,NA,not listed,not listed,not listed,not listed,not listed,not listed,not listed,not listed,not listed,LC,not listed,not listed,not listed,not listed,not listed,Core,Core,Core,Core,not listed,Core,Core,not listed,not listed,not listed,not listed,not listed,not listed,not listed,not listed,0,present,certain,not listed,NA,not listed,NA,present,none,not listed,NA,0,0,75,65,85,1740,800,2900,2050,1500,2900,1430,800,1900,NAV,NAV,NAV,HANZAB,9.21,9.54,-0.09,0,0,0,0,0,0,0,0,0,0,0,1,1,0,0,0,0,0,0,0,0,0,0,0,0,0,1,1,0,0,0,0,1,0,0,0,0,0,0,0,0,1,1,0,1,0,0,0,0,0,0,0,0,0,0,0,0,1,1,1,0,0,NAV,3.3,2,5,59.1,38.1,1,1,0,0,0,0,0,1,0,0,1,0,0,0,0,possible local dispersal,0,nil,high,7563,1048,1830,0.417,1.17,1.12,NA,NA,NA,NA,NA,NA,NA,NA,NA,16,43,14,6,2,4,3,12,NA,NA,NA,NA,99,99
Phaps chalcoptera,Common Bronzewing,Columbidae,Columbiformes,5,2,3,0,4,25.7,12.4,3.8,4.6,29.3,197.8,77.8,121.7,39,126,330.7,Dunning,NA,NO,NA,NA,Forest,3,1,Herbivore,Granivore,Terrestrial,113,112,Phaps,chalcoptera,NA,NA,Pigeons and Doves,Columbidae,Columbiformes,6,1,7,1,0,1,0,1,1,3,46,1,19.4,29.2,Columbidae,"Pigeons, Doves","Pigeons, Doves",Endemic (entirely Australian),1,0,0,0,0,0,1,0,0,7,7,LC,NA,LC,NA,LC,NA,LC,NA,LC,NA,not listed,NA,not listed,not listed,not listed,not listed,not listed,not listed,not listed,not listed,not listed,LC,not listed,not listed,not listed,not listed,Core,Core,Core,Core,Core,Core,Core,Core,not listed,not listed,not listed,not listed,not listed,not listed,not listed,not listed,0,not listed,NA,not listed,NA,not listed,NA,not listed,NA,not listed,NA,0,0,32,28,36,331,220,450,344,260,450,317,220,405,NAV,NAV,NAV,HANZAB,1.78,1.84,-0.32,1,1,1,1,1,1,1,1,1,0,0,0,0,0,0,0,0,0,0,0,0,0,0,0,0,0,0,0,0,1,1,1,1,1,1,1,1,1,1,0,0,0,0,0,0,0,1,1,0,0,1,0,0,1,0,0,0,0,0,1,1,0,21.6,1.8,1,2,33.5,24.9,0,1,0,0,0,0,1,0,0,0,1,1,0,1,0,none,0,nil,certain,2197,359,94,0.448,1.18,1.13,7723,180,98,77,49,98,1,1,2,56,1,5,1,13,2,1,22,NA,NA,NA,NA,34,u34
Phaps elegans,Brush Bronzewing,Columbidae,Columbiformes,4,2,2,0,4,22.5,11.3,3.7,4,28.3,162.5,49.9,112.7,30.7,99,211.4,Dunning,NA,NO,NA,NA,Woodland,2,1,Herbivore,Granivore,Terrestrial,114,113,Phaps,elegans,NA,NA,Pigeons and Doves,Columbidae,Columbiformes,6,1,7,2,0,1,0,0,2,3,46,1,19.4,NA,Columbidae,"Pigeons, Doves","Pigeons, Doves",Endemic (entirely Australian),1,0,0,0,0,0,1,0,0,7,7,LC,NA,LC,NA,LC,NA,LC,NA,LC,NA,not listed,NA,not listed,not listed,not listed,not listed,not listed,not listed,not listed,not listed,not listed,LC,not listed,not listed,not listed,not listed,Core,Core,not listed,Core,Core,Core,Core,Core,not listed,not listed,not listed,not listed,not listed,not listed,not listed,not listed,0,not listed,NA,not listed,NA,not listed,NA,not listed,NA,not listed,NA,0,0,29,25,33,203,140,260,211,164,260,196,140,234,NAV,NAV,NAV,HANZAB,1.65,1.71,-0.23,0,0,1,0,1,1,0,1,1,0,0,0,0,0,0,0,0,0,0,0,0,0,0,0,0,0,0,0,0,1,0,0,0,1,0,0,1,0,1,1,0,0,0,0,0,0,1,0,0,0,1,0,0,0,0,0,0,0,0,1,1,0,NAV,2,1,2,32.9,24.6,0,1,0,0,0,0,1,0,0,0,1,0,0,0,0,none,0,nil,certain,680,3,23,1.192,1.33,1.24,515,174,75,53,32,72,14,9,20,11,19,65,3,0,0,1,1,NA,NA,NA,NA,35,35
Phaps histrionica,Flock Bronzewing,Columbidae,Columbiformes,4,2,2,0,4,21.8,10.6,4.2,4.5,27,196.5,86.3,110.2,43.9,81.8,289,Dunning,NA,NO,NA,NA,Grassland,3,1,Herbivore,Granivore,Terrestrial,117,116,Phaps,histrionica,NA,NA,Pigeons and Doves,Columbidae,Columbiformes,6,1,7,3,0,1,0,1,1,3,46,1,19.4,29.2,Columbidae,"Pigeons, Doves","Pigeons, Doves",Endemic (entirely Australian),1,0,0,0,0,0,1,0,0,7,7,LC,NA,LC,NA,LC,NA,LC,NA,LC,NA,not listed,NA,not listed,not listed,not listed,not listed,not listed,not listed,not listed,EN,not listed,LC,Rare,not listed,not listed,not listed,not listed,Core,Core,Core,Core,not listed,not listed,Core,not listed,not listed,not listed,not listed,not listed,not listed,not listed,not listed,0,not listed,NA,not listed,NA,not listed,NA,not listed,NA,not listed,NA,0,0,30,28,31,289,235,355,293,235,355,285,260,320,NAV,NAV,NAV,HANZAB,1.65,1.71,-0.32,0,0,0,1,1,0,0,0,0,0,0,0,0,0,0,0,0,0,0,0,0,0,0,0,0,0,0,0,0,0,0,0,0,0,1,1,0,0,0,0,0,0,0,0,0,0,0,0,0,0,1,0,0,0,0,0,0,0,0,0,0,1,NAV,2,2,2,32.4,24.6,1,0,0,0,0,0,0,1,0,0,0,0,0,1,1,none,0,nil,certain,NAV,NAV,NAV,0.709,1.35,1.26,2687,779,78,109,45,140,55,15,99,14,4,59,0,4,5,0,13,NA,NA,NA,NA,36,u36
Philemon citreogularis,Little Friarbird,Meliphagidae,Passeriformes,21,8,13,0,4,31.4,16.8,4.6,6.5,27.3,127.2,25.9,103.1,20,103.3,60.6,Dunning,NA,NO,NA,NA,Forest,2,2,Herbivore,Omnivore,Insessorial,1112,1414,Philemon,citreogularis,NA,Genus from Joseph et al. (2013) and Dickinson and Christidis (2014),Honeyeaters and Chats,Meliphagidae,Passeriformes,22,8,5,4,0,1,0,0,4,14,50,136,2.2,NA,BC7,Honeyeaters,"Honeyeaters, Thornbills, Bristlebirds, Australasian Wrens, Allies",Australian,1,0,0,0,0,0,0,0,0,6,6,LC,NA,LC,NA,LC,NA,LC,NA,LC,NA,not listed,NA,not listed,not listed,not listed,not listed,not listed,not listed,not listed,not listed,not listed,LC,Rare,not listed,not listed,not listed,Core,Core,Core,Core,Core,not listed,Core,Core,not listed,not listed,not listed,not listed,not listed,not listed,not listed,not listed,0,present,none,present,none,not listed,NA,not listed,NA,not listed,NA,0,0,27,25,29,66,46.4,84,63.4,50,78.6,61.1,46.4,84,69.8,53,82,HANZAB,1.58,1.64,0.06,1,0,1,0,0,0,1,1,0,0,0,0,0,0,0,0,0,0,0,0,0,0,0,0,0,0,0,0,0,1,1,1,0,1,0,0,0,1,1,0,0,1,0,0,0,0,1,1,1,1,1,0,0,1,0,0,0,0,0,1,1,1,6.8,2.9,2,4,27.7,19.6,0,1,0,0,0,0,1,0,0,0,1,1,0,0,0,none,0,nil,certain,3872,4,96,0.508,0.95,0.98,3199,1548,67,101,89,103,47,18,113,5,1,30,2,47,9,6,1,NA,NA,NA,NA,646,646
Philemon corniculatus,Noisy Friarbird,Meliphagidae,Passeriformes,15,5,10,0,4,35.4,18.6,5.7,8.6,31.2,152.1,42,112.4,27.1,129,100.7,Dunning,NA,NO,NA,NA,Forest,2,1,Omnivore,Omnivore,Insessorial,1109,1411,Philemon,corniculatus,NA,Genus from Joseph et al. (2013) and Dickinson and Christidis (2014),Honeyeaters and Chats,Meliphagidae,Passeriformes,22,8,5,3,0,1,0,0,2,14,50,136,2.2,NA,BC7,Honeyeaters,"Honeyeaters, Thornbills, Bristlebirds, Australasian Wrens, Allies",Endemic (breeding only),1,0,0,0,0,0,0,1,0,7,6,LC,NA,LC,NA,LC,NA,LC,NA,LC,NA,not listed,NA,not listed,not listed,not listed,not listed,not listed,not listed,not listed,not listed,not listed,LC,not listed,not listed,not listed,not listed,Core,Core,not listed,Core,not listed,not listed,Core,not listed,not listed,not listed,not listed,not listed,not listed,not listed,not listed,not listed,0,present,possible,present,possible,not listed,NA,not listed,NA,not listed,NA,0,0,33,30,35,100,85,149,97.4,87,136,93.1,85,103,121.7,102,149,HANZAB,1.98,2.05,0.03,0,0,1,0,0,0,1,1,0,0,0,0,0,0,0,0,0,0,0,0,0,0,0,0,0,0,0,0,0,1,1,0,0,1,0,0,0,1,1,0,0,0,0,0,0,0,0,0,1,1,0,0,0,1,1,0,0,0,0,1,1,1,11.1,3,2,5,32,22.4,0,1,0,0,0,0,1,1,0,0,1,1,0,1,0,annual outward migration Non-marine,0,nil,certain,3583,336,122,0.703,0.92,0.96,1488,175,89,56,33,77,13,6,34,4,3,14,1,31,2,1,43,NA,NA,NA,NA,645,645
Phylidonyris niger,White-cheeked Honeyeater,Meliphagidae,Passeriformes,20,6,13,1,4,24,10.9,2.9,3.9,20.2,76.2,15.4,59.9,20.4,71.3,18.2,Dunning,NA,NO,NA,NA,Shrubland,2,2,Herbivore,Nectarivore,Insessorial,1130,1379,Phylidonyris,niger,NA,Genus from Joseph et al. (2013) and Dickinson and Christidis (2014),Honeyeaters and Chats,Meliphagidae,Passeriformes,22,8,9,3,0,1,0,0,2,3,50,136,3.7,NA,BC7,Honeyeaters,"Honeyeaters, Thornbills, Bristlebirds, Australasian Wrens, Allies",Endemic (entirely Australian),1,0,0,0,0,0,1,0,0,7,7,LC,NA,LC,NA,LC,NA,LC,NA,LC,NA,not listed,NA,not listed,not listed,not listed,not listed,not listed,not listed,not listed,not listed,not listed,LC,not listed,not listed,not listed,not listed,not listed,Core,not listed,Core,not listed,not listed,not listed,Core,not listed,not listed,not listed,not listed,not listed,not listed,not listed,not listed,0,not listed,NA,not listed,NA,not listed,NA,not listed,NA,not listed,NA,0,0,18,16,20,18.3,8,32,19.8,14,25,17,15,20.5,18.1,8,32,HANZAB,0.8,0.83,0.07,0,0,1,0,0,0,0,1,1,0,0,0,0,0,0,0,0,0,0,0,0,0,0,0,0,0,0,0,0,0,1,0,0,1,0,0,0,0,0,1,0,0,0,0,0,0,0,0,0,1,0,0,0,1,0,0,0,0,0,1,1,1,2.3,2,1,3,19.9,14.6,0,1,0,0,0,0,1,0,0,0,1,0,0,0,0,none,0,nil,certain,4410,291,5577,1.142,1.06,1.05,363,199,65,71,34,101,83,50,135,33,19,10,2,3,1,21,9,NA,NA,NA,NA,632,632
Phylidonyris novaehollandiae,New Holland Honeyeater,Meliphagidae,Passeriformes,21,7,12,2,4,22.8,9.8,2.9,4,21.8,77.9,17,59,22.4,75.4,20.2,Dunning,NA,NO,NA,NA,Shrubland,2,2,Herbivore,Nectarivore,Insessorial,1124,1373,Phylidonyris,novaehollandiae,NA,Genus from Joseph et al. (2013) and Dickinson and Christidis (2014),Honeyeaters and Chats,Meliphagidae,Passeriformes,22,8,9,2,0,1,0,0,5,3,50,136,3.7,NA,BC7,Honeyeaters,"Honeyeaters, Thornbills, Bristlebirds, Australasian Wrens, Allies",Endemic (entirely Australian),1,0,0,0,0,0,1,0,0,7,7,LC,NA,LC,NA,LC,NA,LC,NA,LC,NA,not listed,NA,not listed,not listed,not listed,not listed,not listed,not listed,not listed,not listed,not listed,LC,not listed,not listed,not listed,not listed,Core,Core,not listed,Core,Core,Core,Core,Core,not listed,not listed,not listed,not listed,not listed,not listed,not listed,not listed,0,not listed,NA,not listed,NA,not listed,NA,not listed,NA,not listed,NA,0,0,18,16,20,20.9,6,29.5,21.8,10,29,18.9,6,29,21.7,16.2,29.5,HANZAB,0.9,0.93,0.1,0,0,1,0,1,1,0,1,0,0,0,0,0,0,0,0,0,0,0,0,0,0,0,0,0,0,0,0,0,1,1,0,0,1,0,0,1,0,1,0,0,0,0,0,0,0,1,1,0,1,0,0,0,1,0,0,0,0,0,0,1,1,7.9,2.1,1,4,20.5,15.2,0,1,0,0,0,0,1,1,0,0,1,0,0,0,0,none,0,nil,certain,5271,75,17619,1.164,1.03,1.02,679,105,87,56,34,79,8,5,11,13,14,63,4,3,1,2,1,NA,NA,NA,NA,631,631
Phylidonyris pyrrhopterus,Crescent Honeyeater,Meliphagidae,Passeriformes,13,3,10,0,4,21.3,8.8,2.4,3.4,20.4,74.3,12.3,59.1,17.4,65.3,16.3,Dunning,NA,NO,NA,NA,Forest,2,1,Herbivore,Omnivore,Insessorial,1121,1370,Phylidonyris,pyrrhopterus,NA,Genus from Joseph et al. (2013) and Dickinson and Christidis (2014),Honeyeaters and Chats,Meliphagidae,Passeriformes,22,8,9,1,0,1,0,0,2,3,50,136,3.7,NA,BC7,Honeyeaters,"Honeyeaters, Thornbills, Bristlebirds, Australasian Wrens, Allies",Endemic (entirely Australian),1,0,0,0,0,0,1,0,0,7,7,LC,NA,LC,NA,LC,NA,LC,NA,LC,NA,not listed,NA,not listed,not listed,not listed,not listed,not listed,not listed,not listed,not listed,not listed,LC,not listed,not listed,not listed,not listed,Core,Core,not listed,not listed,Core,Core,Core,not listed,not listed,not listed,not listed,not listed,not listed,not listed,not listed,not listed,0,not listed,NA,not listed,NA,not listed,NA,not listed,NA,not listed,NA,0,0,16,14,17,15,10,21.1,16.2,11,21,13.2,10,20,NAV,NAV,NAV,HANZAB,NAV,NAV,0.08,0,0,1,0,1,0,0,1,1,0,0,0,0,0,0,0,0,0,0,0,0,0,0,0,0,0,0,0,0,0,1,0,0,1,0,0,0,0,1,1,0,0,0,0,0,0,0,1,1,1,0,0,0,1,0,0,0,0,0,1,1,1,NAV,2.5,1,4,19,14.3,0,1,0,0,0,0,1,1,0,0,1,1,0,0,0,none,0,nil,certain,3620,35,1836,2.375,0.97,1,214,133,61,51,33,69,8,4,18,4,3,65,1,2,1,0,23,NA,NA,NA,NA,630,630
Pitta versicolor,Noisy Pitta,Pittidae,Passeriformes,11,6,5,0,4,30.9,19.2,7.6,10.4,43.7,121.5,17.7,106.5,14.2,44.2,88.9,Dunning,NA,NO,NA,NA,Forest,1,1,Carnivore,Invertivore,Terrestrial,954,954,Pitta,versicolor,NA,NA,Pittas,Pittidae,Passeriformes,22,1,1,5,0,1,0,0,3,29,1,136,6.3,NA,EurylaimidaePittidae,"Broadbills, Pittas, Asities, Allies","Broadbills, Pittas, Asities, Allies",Australian,1,0,0,0,0,0,0,0,0,6,6,LC,NA,LC,NA,LC,NA,LC,NA,LC,NA,not listed,NA,not listed,not listed,not listed,not listed,not listed,1,not listed,not listed,not listed,LC,not listed,not listed,not listed,not listed,not listed,Core,not listed,Core,not listed,not listed,not listed,not listed,not listed,not listed,not listed,not listed,not listed,not listed,not listed,not listed,0,present,certain,present,probable,not listed,NA,not listed,NA,not listed,NA,0,0,22,19,26,90.5,69.5,128,93.3,70,112,87.7,69.5,128,NAV,NAV,NAV,HANZAB,1.87,1.94,0.01,0,0,0,0,0,0,0,0,1,1,0,0,0,0,0,0,0,0,0,0,0,0,0,0,0,0,0,0,0,0,1,0,0,0,0,0,0,0,0,0,1,0,0,0,0,0,0,0,1,0,1,0,0,1,0,0,0,0,0,1,1,0,NAV,2.9,2,4,33.1,24.3,1,0,0,0,0,0,1,0,0,0,1,1,0,0,0,probable annual outward migration,0,nil,low,2193,0,6,1.175,1.35,1.23,196,49,80,60,22,93,41,13,85,9,3,1,1,52,9,6,20,NA,NA,NA,NA,352,352
Platalea flavipes,Yellow-billed Spoonbill,Threskiornithidae,Pelecaniformes,4,2,0,2,4,197.8,162.2,25.5,17.6,123.3,370,140.8,229.2,38,144.5,1741.3,Dunning,NA,NO,NA,NA,Wetland,3,2,Carnivore,Aquatic predator,Terrestrial,656,414,Platalea,flavipes,NA,NA,Ibis and Spoonbills,Threskiornithidae,Pelecaniformes,15,4,2,1,0,1,0,1,1,6,13,10,10.9,18.9,Threskiornithidae,Ibises,"Ibises, Herons",Endemic (entirely Australian),1,0,0,0,0,0,1,0,0,7,7,LC,NA,LC,NA,LC,NA,LC,NA,LC,NA,not listed,NA,not listed,not listed,not listed,not listed,not listed,not listed,not listed,not listed,not listed,LC,not listed,not listed,not listed,not listed,Core,Core,Core,Core,Core,not listed,Core,Core,not listed,not listed,not listed,not listed,not listed,not listed,not listed,not listed,0,vagrant,NA,not listed,NA,not listed,NA,vagrant,NA,not listed,NA,0,0,84,76,92,1870,1810,1930,1870,1810,1930,1810,NAV,NAV,NAV,NAV,NAV,HANZAB,11.12,11.52,0.04,0,0,0,0,0,0,0,0,0,0,0,0,0,1,0,1,0,0,0,1,0,0,0,0,0,0,0,0,0,1,0,0,0,0,0,0,0,0,0,0,0,0,1,0,0,0,0,0,0,0,0,0,0,0,0,0,1,0,1,1,0,0,51,3.1,2,4,70.1,46.4,0,1,0,0,0,0,1,1,0,0,1,1,0,0,0,irregular outward dispersal,0,nil,certain,359,567,44,0.474,1.15,1.11,5411,2229,71,95,70,103,37,32,43,7,4,13,8,10,3,1,54,NA,NA,NA,NA,182,u182
Platalea regia,Royal Spoonbill,Threskiornithidae,Pelecaniformes,5,3,1,1,4,174.3,153.5,26.6,13.8,120.3,352.6,129.5,223.8,36.6,108.6,1723.5,Dunning,NA,NO,NA,NA,Wetland,3,2,Carnivore,Aquatic predator,Terrestrial,657,413,Platalea,regia,NA,NA,Ibis and Spoonbills,Threskiornithidae,Pelecaniformes,15,4,2,2,0,1,0,1,1,6,13,10,10.9,18.9,Threskiornithidae,Ibises,"Ibises, Herons",Australian,1,0,0,0,0,0,0,0,0,7,7,LC,NA,LC,NA,LC,NA,LC,NA,LC,NA,not listed,NA,not listed,not listed,not listed,not listed,not listed,not listed,not listed,not listed,not listed,LC,not listed,not listed,not listed,not listed,Core,Core,Core,Core,Core,not listed,Core,Core,not listed,not listed,not listed,not listed,not listed,not listed,not listed,not listed,0,present,certain,present,probable,present,probable,present,certain,vagrant,NA,0,0,78,74,81,1730,1400,2070,1890,1650,2070,1580,1400,1800,NAV,NAV,NAV,HANZAB,11.4,11.81,0.07,0,0,0,0,0,0,0,0,0,0,0,1,0,1,0,1,0,0,0,1,1,0,0,0,0,0,0,0,0,1,0,0,0,0,0,0,0,0,0,0,0,1,1,0,0,0,0,0,0,0,0,0,0,0,0,0,1,0,1,1,0,1,44.4,3.1,2,4,66,43.4,0,1,0,0,0,0,0,1,0,0,1,1,0,1,0,annual outward migration Non-marine,1,low,low,4229,1476,32,0.458,1.08,1.06,3786,2658,59,98,81,101,103,67,108,19,10,4,9,31,8,3,15,NA,NA,NA,NA,181,u181
Platycercus adscitus,Pale-headed Rosella,Psittaculidae,Psittaciformes,5,2,1,2,4,19.2,15.5,10.8,20.4,16.2,141.8,56.2,85,39.8,149.6,111,Dunning,NA,NO,NA,NA,Woodland,2,1,Herbivore,Omnivore,Insessorial,892,787,Platycercus,adscitus,NA,NA,"Parrots, Lorikeets and Rosellas",Psittaculidae,Psittaciformes,21,3,10,4,0,1,0,0,2,6,45,4,9.7,NA,Psittacidae1,Parrots,Parrots,Endemic (entirely Australian),1,0,0,0,0,0,1,0,0,7,7,LC,NA,LC,NA,LC,NA,LC,NA,LC,NA,not listed,NA,not listed,not listed,not listed,not listed,not listed,not listed,not listed,not listed,not listed,LC,not listed,not listed,not listed,not listed,not listed,Core,not listed,Core,not listed,not listed,not listed,not listed,not listed,not listed,not listed,not listed,not listed,not listed,not listed,not listed,0,not listed,NA,not listed,NA,not listed,NA,not listed,NA,not listed,NA,0,0,31,28,34,103,86,285,103,86,120,236,198,285,NAV,NAV,NAV,HANZAB,3.06,3.17,0.21,0,0,1,0,0,0,1,1,1,0,0,0,0,0,0,0,0,0,0,0,0,0,0,0,0,0,0,0,0,1,1,0,0,0,0,0,0,1,1,1,0,0,0,0,0,0,1,1,1,0,1,0,0,1,0,0,0,0,0,0,1,1,NAV,6,4,8,26,21.5,0,0,0,0,1,0,NAV,NAV,0,0,1,0,0,0,0,none,0,nil,certain,1530,2,45,0.797,0.76,0.83,1063,352,75,50,22,78,27,14,58,28,1,3,1,37,15,5,11,NA,NA,NA,NA,286,286
Platycercus elegans,Crimson Rosella,Psittaculidae,Psittaciformes,4,0,1,3,4,21,16.7,12.1,23.8,20.5,171,73,98,42.7,178.8,123.9,Dunning,NA,NO,NA,NA,Forest,1,1,Herbivore,Omnivore,Insessorial,882,776,Platycercus,elegans,NA,NA,"Parrots, Lorikeets and Rosellas",Psittaculidae,Psittaciformes,21,3,10,2,0,1,0,0,7,6,45,4,9.7,NA,Psittacidae1,Parrots,Parrots,Endemic (entirely Australian),1,0,0,0,0,0,1,0,0,7,7,LC,NA,LC,NA,LC,NA,LC,NA,LC,NA,not listed,NA,not listed,not listed,not listed,not listed,not listed,not listed,not listed,not listed,not listed,LC,not listed,not listed,not listed,not listed,Core,Core,not listed,Core,Core,not listed,Core,not listed,Introduced,not listed,not listed,not listed,not listed,not listed,not listed,not listed,0,not listed,NA,not listed,NA,not listed,NA,present,none,not listed,NA,0,0,37,35,38,126,75,170,132,105,170,114,75,170,NAV,NAV,NAV,HANZAB,3.78,3.92,0.26,0,0,0,0,1,1,0,1,1,1,0,0,0,0,0,0,0,0,0,0,0,0,0,0,0,0,0,0,0,1,1,0,0,0,0,0,0,0,1,1,1,0,0,0,0,0,1,1,1,0,1,0,0,1,0,0,0,0,0,0,0,1,9.1,5.5,3,8,28.5,23.3,0,0,0,0,1,0,1,0,0,0,1,0,0,0,0,none,0,nil,certain,4138,96,538,1.249,0.74,0.82,625,344,65,47,28,65,16,14,21,12,2,43,3,0,0,1,39,NA,NA,NA,NA,282,282
Platycercus eximius,Eastern Rosella,Psittaculidae,Psittaciformes,5,2,3,0,4,18.3,14.7,10.6,18.3,17.8,151.4,63,86.2,42.2,155.8,104,Dunning,NA,NO,NA,NA,Woodland,2,1,Herbivore,Omnivore,Insessorial,895,783,Platycercus,eximius,NA,NA,"Parrots, Lorikeets and Rosellas",Psittaculidae,Psittaciformes,21,3,10,5,0,1,0,0,3,6,45,4,9.7,NA,Psittacidae1,Parrots,Parrots,Endemic (entirely Australian),1,0,0,0,0,0,1,0,0,7,7,LC,NA,LC,NA,LC,NA,LC,NA,LC,NA,not listed,NA,not listed,not listed,not listed,not listed,not listed,not listed,not listed,not listed,not listed,LC,not listed,not listed,not listed,not listed,Core,Core,not listed,Core,Core,Core,Core,not listed,not listed,not listed,not listed,not listed,not listed,not listed,not listed,not listed,0,not listed,NA,not listed,NA,not listed,NA,present,none,not listed,NA,0,0,31,28,33,104,75,125,105,75,125,103,89,122,NAV,NAV,NAV,HANZAB,3.01,3.12,0.2,0,0,1,0,1,1,0,1,1,0,1,0,0,0,0,0,0,0,0,0,0,0,0,0,0,0,0,0,0,1,1,0,0,0,0,0,0,0,1,0,0,0,0,0,0,0,1,1,1,0,1,0,0,0,0,0,0,0,0,1,1,1,13.9,5.6,3,9,26.7,22.2,0,0,0,0,1,0,1,0,0,0,1,0,0,0,0,none,0,nil,certain,3308,175,137,1.391,0.76,0.84,695,260,73,57,35,80,11,7,23,17,1,9,0,6,2,0,65,NA,NA,NA,NA,288,288
Plectorhyncha lanceolata,Striped Honeyeater,Meliphagidae,Passeriformes,12,5,7,0,4,20.7,11.9,3.7,4.8,24.8,110.8,22.3,83.1,21.1,98.8,40.6,Dunning,NA,NO,NA,NA,Forest,2,1,Herbivore,Omnivore,Insessorial,1097,1421,Plectorhyncha,lanceolata,NA,Genus from Joseph et al. (2013) and Dickinson and Christidis (2014),Honeyeaters and Chats,Meliphagidae,Passeriformes,22,8,4,1,0,1,0,1,1,1,50,136,5.3,11,BC7,Honeyeaters,"Honeyeaters, Thornbills, Bristlebirds, Australasian Wrens, Allies",Endemic (entirely Australian),1,0,0,0,0,0,1,0,0,7,7,LC,NA,LC,NA,LC,NA,LC,NA,LC,NA,not listed,NA,not listed,not listed,not listed,not listed,not listed,not listed,not listed,not listed,not listed,LC,Rare,not listed,not listed,not listed,not listed,Core,Core,Core,Core,not listed,Core,not listed,not listed,not listed,not listed,not listed,not listed,not listed,not listed,not listed,0,not listed,NA,not listed,NA,not listed,NA,not listed,NA,not listed,NA,0,0,22,22,24,39.7,33,48,42.4,33,48,38.8,33,45,38.8,33,44,HANZAB,1.09,1.13,0.01,1,0,1,0,0,1,1,1,0,0,0,0,0,0,0,0,0,0,0,0,0,0,0,0,0,0,0,0,0,1,1,1,0,1,0,0,1,1,1,0,0,0,0,0,0,0,1,1,1,1,1,0,0,1,0,0,0,0,0,1,1,0,4.6,3,1,4,24.4,17.4,0,1,0,0,0,0,1,0,0,0,1,0,0,1,1,none,0,nil,certain,1619,0,32,0.988,0.81,0.88,1420,597,70,80,35,102,41,18,100,24,9,3,1,4,3,2,52,NA,NA,NA,NA,585,u585
Plegadis falcinellus,Glossy Ibis,Threskiornithidae,Pelecaniformes,8,4,4,0,4,117.2,102.8,10.4,13.9,86.4,274.8,104.7,165.3,38.9,102.7,626.6,Dunning,NA,NO,NA,NA,Wetland,3,2,Carnivore,Aquatic predator,Terrestrial,658,410,Plegadis,falcinellus,NA,NA,Ibis and Spoonbills,Threskiornithidae,Pelecaniformes,15,4,3,1,0,1,0,1,1,3,13,10,13.7,22.5,Threskiornithidae,Ibises,"Ibises, Herons",Australian,1,0,0,0,0,0,0,0,0,3,3,LC,NA,LC,NA,LC,NA,LC,NA,LC,NA,not listed,NA,A2S,1,not listed,not listed,1,1,not listed,not listed,not listed,LC,Rare,not listed,not listed,not listed,not listed,Core,Core,Core,Core,not listed,Core,Core,not listed,not listed,not listed,not listed,not listed,not listed,not listed,not listed,0,present,certain,present,probable,present,probable,present,certain,vagrant,NA,0,0,60,55,65,604,350,840,663,557,768,562,485,680,595,350,840,"HANZAB, del Hoyo et al. (1992-2013), Cramp et al. (1977-1994)",5.12,5.3,0.02,0,0,0,0,0,0,0,0,0,0,0,0,0,1,0,1,0,0,0,0,0,0,0,0,0,0,0,0,0,1,0,0,0,0,0,0,0,0,0,0,0,0,1,0,0,0,0,0,0,0,1,0,0,0,0,0,0,0,1,0,0,1,83.1,3,2,6,52.5,35.5,0,1,0,0,0,0,0,1,0,0,0,0,0,1,0,annual outward migration Non-marine,1,low,low,2209,2354,2,0.436,1.04,1.04,4316,2869,60,70,49,97,35,20,53,26,6,8,12,15,6,16,11,NA,NA,NA,NA,178,u178
Pluvialis fulva,Pacific Golden-Plover,Charadriidae,Charadriiformes,5,2,3,0,4,25.2,15.2,4.2,5.2,40.2,159,94.8,65,59.3,58.4,134.9,Dunning,NA,NO,NA,NA,Grassland,3,3,Carnivore,Omnivore,Terrestrial,285,520,Pluvialis,fulva,NA,NA,"Plovers, Dotterel and Lapwings",Charadriidae,Charadriiformes,11,5,1,2,0,1,0,1,1,4,11,17,11,19.1,Charadrii,"Waders, Allies","Waders, Allies",Non-breeding migrant,1,0,0,0,0,0,0,0,1,0,3,LC,NA,LC,NA,LC,NA,LC,NA,LC,NA,not listed,NA,A2H,not listed,1,1,1,1,not listed,not listed,not listed,LC,Rare,not listed,not listed,not listed,not listed,Core,Core,Core,Core,Core,Core,Core,Core,Core,not listed,not listed,Core,Core,Core,not listed,0,present,certain,present,probable,present,probable,present,certain,present,probable,0,0,25,23,26,138,100,192,NAV,NAV,NAV,NAV,NAV,NAV,138,100,192,"HANZAB, del Hoyo et al. (1992-2013)",1.77,1.83,-0.11,0,0,0,0,1,0,0,0,0,0,0,0,0,0,0,1,1,0,1,1,0,0,0,0,0,0,0,0,1,1,0,NA,NA,NA,NA,NA,NA,NA,NA,NA,NA,NA,NA,NA,NA,NA,NA,NA,0,0,0,0,0,0,0,0,1,0,1,1,0,1,21.9,4,4,4,NAV,NAV,1,0,0,0,0,0,NA,NA,NA,NA,0,0,1,0,0,annual inward migration Non-marine,1,total,certain,2662,10271,66,NA,0.98,1.04,NA,NA,NA,NA,NA,NA,NA,NA,NA,NA,NA,NA,NA,NA,NA,NA,NA,NA,NA,NA,NA,137,u137
Pluvialis squatarola,Black-bellied Plover,Charadriidae,Charadriiformes,9,4,5,0,4,32,19.2,5.1,7,44.5,184.4,110,73.2,60.1,71.4,250,Dunning,NA,NO,NA,NA,Grassland,3,3,Carnivore,Aquatic predator,Terrestrial,283,522,Pluvialis,squatarola,NA,NA,"Plovers, Dotterel and Lapwings",Charadriidae,Charadriiformes,11,5,1,1,0,1,0,0,3,4,11,17,11,NA,Charadrii,"Waders, Allies","Waders, Allies",Non-breeding migrant,1,0,0,0,0,0,0,0,1,0,3,LC,NA,LC,NA,LC,NA,NT,A2bc; A3c; A4bc,NT,A2bc; A3c; A4bc,not listed,NA,A2H,1,1,1,1,1,not listed,not listed,not listed,LC,not listed,not listed,not listed,not listed,not listed,Core,Core,Core,Core,Core,Core,Core,not listed,not listed,not listed,not listed,not listed,not listed,not listed,not listed,0,present,certain,present,probable,present,probable,present,certain,present,probable,0,0,29,27,31,252,174,330,NAV,NAV,NAV,NAV,NAV,NAV,252,174,330,del Hoyo et al. (1992-2013),2.56,2.65,-0.09,0,0,0,0,1,0,0,0,0,0,0,0,0,0,0,1,1,0,1,1,0,0,0,0,0,0,0,0,1,0,0,NA,NA,NA,NA,NA,NA,NA,NA,NA,NA,NA,NA,NA,NA,NA,NA,NA,0,0,0,0,0,0,0,0,1,0,0,1,0,1,36,4,3,4,NAV,NAV,1,0,0,0,0,0,NA,NA,NA,NA,0,0,1,0,0,annual inward migration Non-marine,1,total,certain,5700,8099,61,NA,0.97,1.03,NA,NA,NA,NA,NA,NA,NA,NA,NA,NA,NA,NA,NA,NA,NA,NA,NA,NA,NA,NA,NA,136,136
Podargus ocellatus,Marbled Frogmouth,Podargidae,Caprimulgiformes,5,3,2,0,4,33,21.7,30.6,18.5,21.1,176.2,37.8,138.9,21.4,156.2,175.4,Dunning,NA,NO,NA,NA,Forest,2,1,Carnivore,Invertivore,Insessorial,190,171,Podargus,ocellatus,NA,NA,Frogmouths,Podargidae,Caprimulgiformes,9,1,1,1,0,1,0,0,5,3,3,7,25.1,NA,Podargidae,Frogmouths,Frogmouths,Australian,1,0,0,0,0,0,0,0,0,3,3,LC,NA,LC,NA,LC,NA,LC,NA,LC,NA,not listed,NA,not listed,not listed,not listed,not listed,not listed,not listed,not listed,VU,not listed,LC,not listed,not listed,not listed,not listed,not listed,Core,not listed,Core,not listed,not listed,not listed,not listed,not listed,not listed,not listed,not listed,not listed,not listed,not listed,not listed,0,present,none,present,none,not listed,NA,not listed,NA,not listed,NA,0,0,38,30,45,174,131,322,213,202,322,170,131,252,156,132,180,"HANZAB, del Hoyo et al. (1992-2013)",NAV,NAV,0.16,0,0,0,0,0,0,0,0,0,1,0,0,0,0,0,0,0,0,0,0,0,0,0,0,0,0,0,0,0,0,0,0,0,0,0,0,0,0,0,0,1,0,0,0,0,0,0,0,0,0,0,0,0,1,0,0,0,0,0,1,0,0,NAV,1.5,1,3,NAV,NAV,0,1,0,0,0,0,1,0,0,0,1,0,0,0,0,none,0,nil,certain,1033,0,6,1.649,1.14,1.12,56,61,48,14,2,75,55,4,207,6,5,0,2,56,17,1,13,NA,NA,NA,NA,314,314
Podargus strigoides,Tawny Frogmouth,Podargidae,Caprimulgiformes,6,2,3,1,4,42.6,22.1,29.3,20.6,28.4,228.8,63,165.8,27.5,172,308,Dunning,NA,NO,NA,NA,Forest,1,1,Carnivore,Invertivore,Insessorial,196,164,Podargus,strigoides,NA,NA,Frogmouths,Podargidae,Caprimulgiformes,9,1,1,3,0,1,0,0,3,3,3,7,25.1,NA,Podargidae,Frogmouths,Frogmouths,Endemic (entirely Australian),1,0,0,0,0,0,1,0,0,7,7,LC,NA,LC,NA,LC,NA,LC,NA,LC,NA,not listed,NA,not listed,not listed,not listed,not listed,not listed,not listed,not listed,not listed,not listed,LC,not listed,not listed,not listed,not listed,Core,Core,Core,Core,Core,Core,Core,Core,not listed,not listed,not listed,not listed,not listed,not listed,not listed,not listed,0,not listed,NA,not listed,NA,not listed,NA,not listed,NA,not listed,NA,0,0,43,35,50,277,123,555,344,178,520,278,123,555,NAV,NAV,NAV,HANZAB,4.86,5.03,0.16,1,1,1,1,1,1,1,1,1,1,1,0,0,0,0,0,0,0,0,0,1,0,0,0,0,0,0,0,0,1,1,1,0,1,0,0,1,1,1,1,1,1,0,0,0,0,1,1,0,0,0,0,0,1,1,0,0,0,0,1,1,1,6.2,2.3,1,3,41.3,29.5,0,1,0,0,0,0,1,0,0,0,1,0,0,0,0,none,0,nil,certain,6537,76,129,0.412,0.92,0.96,7205,195,97,77,62,93,3,2,3,3,2,16,1,48,1,0,28,NA,NA,NA,NA,313,313
Podiceps cristatus,Great Crested Grebe,Podicipedidae,Podicipediformes,11,6,5,0,4,57.5,35.4,6.6,10.6,60.9,183.6,79,105.4,42.9,40.7,731,Dunning,NA,NO,NA,NA,Wetland,3,1,Carnivore,Aquatic predator,Aquatic,79,87,Podiceps,cristatus,NA,NA,Grebes,Podicepidae,Podicepiformes,4,2,5,1,0,1,0,0,3,9,6,2,21,NA,Podicipedidae,Grebes,"Flamingos, Grebes",Australian,1,0,0,0,0,0,0,0,0,2,2,LC,NA,LC,NA,LC,NA,LC,NA,LC,NA,not listed,NA,not listed,not listed,not listed,not listed,not listed,not listed,not listed,not listed,not listed,LC,Rare,v,not listed,not listed,Core,Core,not listed,Core,Core,Core,Core,Core,not listed,not listed,not listed,not listed,not listed,not listed,not listed,not listed,0,not listed,NA,vagrant,NA,not listed,NA,present,possible,not listed,NA,0,0,55,48,61,1030,466,1490,1030,596,1490,1020,466,1380,950,590,1310,"Cramp et al. (1977-1994), HANZAB",3.11,3.22,-0.38,0,0,0,0,0,0,0,0,0,0,0,0,1,0,0,0,0,0,0,0,0,0,0,0,0,0,1,0,1,1,0,0,0,0,0,0,0,0,0,0,0,0,1,0,0,0,1,0,0,0,0,0,0,0,0,0,0,1,1,0,1,1,NAV,5,5,7,53.7,34.4,0,0,0,0,0,1,1,0,0,0,0,0,0,1,0,irregular outward dispersal,0,nil,certain,NAV,NAV,NAV,0.585,1.19,1.12,2529,1418,64,100,77,109,75,15,144,2,14,10,6,8,7,3,50,NA,NA,NA,NA,60,60
Poliocephalus poliocephalus,Hoary-headed Grebe,Podicipedidae,Podicipediformes,4,0,1,3,3,24.4,10.8,3.9,6.4,34.5,110,45.2,64.8,41.1,28.3,239.9,Dunning,NA,NO,NA,NA,Wetland,3,1,Carnivore,Aquatic predator,Aquatic,78,86,Poliocephalus,poliocephalus,NA,NA,Grebes,Podicepidae,Podicepiformes,4,2,4,1,0,1,0,1,1,2,6,2,34.7,45.2,Podicipedidae,Grebes,"Flamingos, Grebes",Endemic (entirely Australian),1,0,0,0,0,0,1,0,0,7,7,LC,NA,LC,NA,LC,NA,LC,NA,LC,NA,not listed,NA,not listed,not listed,not listed,not listed,not listed,not listed,not listed,not listed,not listed,LC,not listed,not listed,not listed,not listed,Core,Core,Core,Core,Core,Core,Core,Core,not listed,not listed,not listed,not listed,not listed,not listed,not listed,not listed,0,not listed,NA,not listed,NA,not listed,NA,not listed,NA,not listed,NA,0,0,30,29,31,241,190,311,258,202,311,223,190,276,NAV,NAV,NAV,HANZAB,1.72,1.78,-0.25,0,0,0,0,0,0,0,0,0,0,0,0,1,1,0,0,0,0,0,0,0,0,0,0,0,0,1,0,0,1,0,0,0,0,0,0,0,0,0,0,0,0,1,0,0,0,0,0,0,0,0,0,0,0,0,0,0,1,1,0,0,1,23.8,3.4,3,5,40,27.8,0,0,0,0,0,1,0,1,0,0,0,0,0,1,0,irregular outward dispersal,0,nil,certain,176,595,2,0.46,1.23,1.16,7284,190,97,100,97,101,3,2,4,60,6,9,9,6,6,3,1,NA,NA,NA,NA,62,u62
Polytelis anthopeplus,Regent Parrot,Psittaculidae,Psittaciformes,4,2,2,0,4,22.9,17.8,11.7,18.3,20,191,99.9,91.1,52.3,209,170,Dunning,NA,NO,NA,NA,Shrubland,2,2,Herbivore,Omnivore,Insessorial,852,769,Polytelis,anthopeplus,NA,NA,"Parrots, Lorikeets and Rosellas",Psittaculidae,Psittaciformes,21,3,1,2,0,1,0,0,2,3,45,4,12.3,NA,Psittacidae1,Parrots,Parrots,Endemic (entirely Australian),1,0,0,0,0,0,1,0,0,7,7,LC,NA,LC,NA,LC,NA,LC,NA,LC,NA,not listed,NA,not listed,not listed,not listed,not listed,not listed,not listed,not listed,not listed,not listed,LC,not listed,not listed,not listed,not listed,not listed,Core,not listed,not listed,Core,not listed,Core,Core,not listed,not listed,not listed,not listed,not listed,not listed,not listed,not listed,0,not listed,NA,not listed,NA,not listed,NA,not listed,NA,not listed,NA,0,0,41,40,42,175,127,200,173,127,200,176,140,200,NAV,NAV,NAV,HANZAB,3.85,3.99,0.18,0,0,0,0,0,1,0,1,0,0,0,0,0,0,0,0,0,0,0,0,0,0,0,0,0,0,0,0,0,1,0,0,0,0,0,0,1,0,1,0,0,0,0,0,0,0,1,0,1,0,1,0,0,0,0,0,0,0,0,0,1,1,NAV,4.7,1,7,30.7,24.4,0,0,0,0,1,0,0,1,0,1,1,1,0,0,0,none,0,nil,certain,NAV,NAV,NAV,1.095,0.71,0.81,422,329,56,59,10,98,59,25,195,40,14,5,2,7,3,7,23,NA,NA,NA,NA,278,278
Polytelis swainsonii,Superb Parrot,Psittaculidae,Psittaciformes,4,2,2,0,4,20.6,15.4,11.1,16.4,18.3,184.2,95,89.2,51.6,211.8,153,Dunning,NA,NO,NA,NA,Forest,2,2,Herbivore,Omnivore,Insessorial,851,768,Polytelis,swainsonii,NA,NA,"Parrots, Lorikeets and Rosellas",Psittaculidae,Psittaciformes,21,3,1,1,0,1,0,1,1,3,45,4,12.3,20.7,Psittacidae1,Parrots,Parrots,Endemic (entirely Australian),1,0,0,0,0,0,1,0,0,7,7,LC,NA,LC,NA,LC,NA,LC,NA,LC,NA,VU,2000,not listed,not listed,not listed,not listed,not listed,not listed,VU,VU,not listed,LC,not listed,not listed,Th,not listed,Core,Core,not listed,not listed,not listed,not listed,Core,not listed,not listed,not listed,not listed,not listed,not listed,not listed,not listed,not listed,0,not listed,NA,not listed,NA,not listed,NA,not listed,NA,not listed,NA,0,0,40,40,40,154,134,164,153,134,164,154,144,156,NAV,NAV,NAV,HANZAB,3.35,3.47,0.17,0,0,0,0,1,0,0,1,0,0,0,0,0,0,0,0,0,0,0,0,0,0,0,0,0,0,0,0,0,1,1,0,0,0,0,0,0,0,1,0,0,0,0,0,0,0,1,1,0,0,1,0,0,0,0,0,0,0,0,0,0,1,NAV,5,4,6,28.7,23.6,0,0,0,0,1,0,1,1,0,0,1,1,0,0,0,none,0,nil,certain,834,169,1,2.006,0.92,0.96,233,22,91,31,8,69,6,0,51,2,30,1,1,7,36,2,22,NA,NA,NA,NA,277,u277
Pomatostomus halli,Hall's Babbler,Pomatostomidae,Passeriformes,14,6,7,1,7,25.1,16.8,3.6,5.4,26.5,80.9,8.8,71.7,10.9,86,41.8,Dunning,NA,NO,NA,NA,Shrubland,2,1,Carnivore,Invertivore,Generalist,1430,1426,Pomatostomus,halli,NA,NA,Australian Babblers,Pomatostomidae,Passeriformes,22,12,1,2,0,1,0,1,1,4,2,136,9.7,17.4,BC8,"Australasian Babblers, Logrunners","Australasian Babblers, Logrunners",Endemic (entirely Australian),1,0,0,0,0,0,1,0,0,7,7,LC,NA,LC,NA,LC,NA,LC,NA,LC,NA,not listed,NA,not listed,not listed,not listed,not listed,not listed,not listed,not listed,VU,not listed,LC,not listed,not listed,not listed,not listed,not listed,Core,not listed,Core,not listed,not listed,not listed,not listed,not listed,not listed,not listed,not listed,not listed,not listed,not listed,not listed,0,not listed,NA,not listed,NA,not listed,NA,not listed,NA,not listed,NA,0,0,20,19,21,40.8,28,47,40,28,47,39.9,33.2,46.5,41.7,37,44,HANZAB,1.6,1.66,0.18,1,0,0,0,0,0,0,0,0,0,0,0,0,0,0,0,0,0,0,0,0,0,0,0,0,0,0,0,0,0,0,1,0,0,0,0,0,0,0,0,0,0,0,0,0,0,0,0,0,0,0,0,0,1,0,0,0,0,0,0,0,1,NAV,1.8,1,2,23.9,17.5,0,1,0,0,0,0,1,0,0,1,1,0,0,0,0,none,0,nil,certain,1411,0,416,1.808,1.27,1.21,394,279,59,74,5,110,147,32,457,10,35,15,2,13,9,0,16,NA,NA,NA,NA,938,u938
Pomatostomus ruficeps,Chestnut-crowned Babbler,Pomatostomidae,Passeriformes,9,5,3,1,4,27.7,17.9,4.1,6.6,28.2,85.9,10.1,75.4,11.7,89.2,57.8,Dunning,NA,NO,NA,NA,Shrubland,2,2,Carnivore,Invertivore,Generalist,1436,1432,Pomatostomus,ruficeps,NA,NA,Australian Babblers,Pomatostomidae,Passeriformes,22,12,1,4,0,1,0,1,1,4,2,136,9.7,17.4,BC8,"Australasian Babblers, Logrunners","Australasian Babblers, Logrunners",Endemic (entirely Australian),1,0,0,0,0,0,1,0,0,7,7,LC,NA,LC,NA,LC,NA,LC,NA,LC,NA,not listed,NA,not listed,not listed,not listed,not listed,not listed,not listed,not listed,not listed,not listed,LC,not listed,not listed,not listed,not listed,not listed,Core,not listed,Core,Core,not listed,Core,not listed,not listed,not listed,not listed,not listed,not listed,not listed,not listed,not listed,0,not listed,NA,not listed,NA,not listed,NA,not listed,NA,not listed,NA,0,0,21,19,23,55.4,43,71,54.8,50,62,52.8,48,60,57.1,43,71,HANZAB,2.35,2.43,0.26,1,0,0,0,0,1,0,0,0,0,0,0,0,0,0,0,0,0,0,0,0,0,0,0,0,0,0,0,0,0,0,1,0,0,0,0,1,0,0,0,0,0,0,0,0,0,0,0,0,0,1,0,0,1,0,0,0,0,0,0,0,1,11.8,4,3,5,24.7,18.1,0,1,0,0,0,0,1,0,0,1,1,0,0,0,0,none,0,nil,certain,3028,0,520,1.291,1.02,1.03,839,574,59,68,0,117,19,0,195,1,9,2,1,2,3,64,19,NA,NA,NA,NA,446,u446
Pomatostomus superciliosus,White-browed Babbler,Pomatostomidae,Passeriformes,9,3,6,0,4,28,18.9,4,5.8,26.7,78.1,7.4,71.7,9.4,79.7,41.5,Dunning,NA,NO,NA,NA,Forest,2,1,Carnivore,Invertivore,Generalist,1431,1427,Pomatostomus,superciliosus,NA,NA,Australian Babblers,Pomatostomidae,Passeriformes,22,12,1,3,0,1,0,0,4,4,2,136,9.7,NA,BC8,"Australasian Babblers, Logrunners","Australasian Babblers, Logrunners",Endemic (entirely Australian),1,0,0,0,0,0,1,0,0,7,7,LC,NA,LC,NA,LC,NA,LC,NA,LC,NA,not listed,NA,not listed,not listed,not listed,not listed,not listed,not listed,not listed,not listed,not listed,LC,not listed,not listed,not listed,not listed,Extinct,Core,Core,Core,Core,not listed,Core,Core,not listed,not listed,not listed,not listed,not listed,not listed,not listed,not listed,0,not listed,NA,not listed,NA,not listed,NA,not listed,NA,not listed,NA,0,0,20,18,22,41.5,31,71,41.5,31,62,40.4,31.5,60,NAV,NAV,NAV,HANZAB,1.52,1.57,0.15,1,0,1,0,0,1,0,1,0,0,0,0,0,0,0,0,0,0,0,0,0,0,0,0,0,0,0,0,0,1,1,1,0,1,0,0,1,0,1,0,0,0,0,0,0,0,1,1,0,0,1,0,0,1,1,0,0,0,0,0,0,1,16.9,2.6,1,4,23.8,16.8,0,1,0,0,0,0,1,0,0,1,1,0,0,0,0,none,0,nil,certain,5264,92,2604,0.568,0.79,0.87,3768,171,96,41,21,58,5,3,8,21,3,5,0,7,21,37,5,NA,NA,NA,NA,445,445
Pomatostomus temporalis,Gray-crowned Babbler,Pomatostomidae,Passeriformes,11,6,5,0,4,32.1,20.1,4.4,6.6,32.2,107.6,11.2,91,11,110.2,75,Dunning,NA,NO,NA,NA,Woodland,2,1,Carnivore,Invertivore,Generalist,1427,1423,Pomatostomus,temporalis,NA,NA,Australian Babblers,Pomatostomidae,Passeriformes,22,12,1,1,0,1,0,0,2,4,2,136,9.7,NA,BC8,"Australasian Babblers, Logrunners","Australasian Babblers, Logrunners",Australian,1,0,0,0,0,0,0,0,0,6,6,LC,NA,LC,NA,LC,NA,LC,NA,LC,NA,not listed,NA,not listed,not listed,not listed,not listed,not listed,not listed,not listed,VU,not listed,LC,not listed,not listed,Th,not listed,Extinct,Core,Core,Core,Core,not listed,Core,Core,not listed,not listed,not listed,not listed,not listed,not listed,not listed,not listed,0,present,none,present,none,not listed,NA,not listed,NA,not listed,NA,0,0,25,23,27,69.8,51.9,88,70.4,54.2,88,67.9,51.9,85,NAV,NAV,NAV,HANZAB,1.9,1.97,0.11,1,0,0,1,0,0,1,1,0,0,0,0,0,0,0,0,0,0,0,0,0,0,0,0,0,0,0,0,0,1,1,1,0,0,1,0,0,1,1,0,0,0,0,0,0,0,1,1,0,0,0,0,0,1,0,0,0,0,0,0,0,1,NAV,3.2,2,6,27.4,18.7,0,1,0,0,0,0,1,0,0,1,1,0,0,0,0,none,0,nil,certain,4855,26,301,0.479,1.07,1.05,4489,1976,69,97,81,100,57,29,72,2,6,38,2,28,7,10,7,NA,NA,NA,NA,443,443
Porzana fluminea,Australian Crake,Rallidae,Gruiformes,4,0,1,3,4,20.9,9.3,2.7,5.2,27.2,96.8,33.8,63,34.9,48.5,60.8,Dunning,NA,NO,NA,NA,Wetland,2,2,Carnivore,Aquatic predator,Terrestrial,242,487,Porzana,fluminea,NA,NA,"Crakes, Rails and Swamphens",Rallidae,Gruiformes,10,1,6,1,0,1,0,1,1,6,38,6,9,16.4,Rallidae,"Rails, Finfoots","Rails, Finfoots",Endemic (entirely Australian),1,0,0,0,0,0,1,0,0,7,7,LC,NA,LC,NA,LC,NA,LC,NA,LC,NA,not listed,NA,not listed,not listed,not listed,not listed,not listed,not listed,not listed,not listed,not listed,LC,not listed,not listed,not listed,not listed,not listed,Core,Core,Core,Core,Core,Core,Core,not listed,not listed,not listed,not listed,not listed,not listed,not listed,not listed,0,not listed,NA,not listed,NA,not listed,NA,vagrant,NA,not listed,NA,0,0,21,19,23,64.8,50,81,65.6,50,75,57.3,50,61,68.1,57,81,HANZAB,1.03,1.07,-0.12,0,0,0,0,0,0,0,0,0,0,0,0,0,0,0,1,0,0,0,1,1,0,0,0,0,0,0,0,0,0,0,0,0,0,0,0,0,0,0,0,0,0,1,0,0,0,0,0,0,0,1,0,0,1,0,0,1,0,1,1,1,0,NAV,4.6,3,7,31,22.9,1,1,0,0,0,0,1,1,0,0,1,0,0,1,1,none,0,nil,high,NAV,NAV,NAV,0.514,0.98,0.99,4695,158,97,65,31,126,5,2,11,43,5,19,16,4,10,2,0,NA,NA,NA,NA,49,u49
Psephotus haematonotus,Red-rumped Parrot,Psittaculidae,Psittaciformes,5,0,5,0,4,15.5,12.1,8.2,14,15.8,128.6,56.9,71.1,44.5,151,61.4,Dunning,NA,NO,NA,NA,Woodland,2,1,Herbivore,Granivore,Terrestrial,866,808,Psephotus,haematonotus,NA,NA,"Parrots, Lorikeets and Rosellas",Psittaculidae,Psittaciformes,21,3,6,1,0,1,0,0,2,1,45,4,17.7,NA,Psittacidae1,Parrots,Parrots,Endemic (entirely Australian),1,0,0,0,0,0,1,0,0,7,7,LC,NA,LC,NA,LC,NA,LC,NA,LC,NA,not listed,NA,not listed,not listed,not listed,not listed,not listed,not listed,not listed,not listed,not listed,LC,not listed,not listed,not listed,not listed,Core,Core,not listed,Core,Core,not listed,Core,not listed,not listed,not listed,not listed,not listed,not listed,not listed,not listed,not listed,0,not listed,NA,not listed,NA,not listed,NA,not listed,NA,not listed,NA,0,0,27,24,30,63,28,86,63,42,86,63.1,28,71,NAV,NAV,NAV,HANZAB,1.97,2.04,0.15,1,1,0,0,1,1,0,1,0,0,1,0,0,0,0,0,0,0,0,0,0,0,0,0,0,0,0,0,0,1,1,1,0,0,0,0,0,0,1,0,0,0,0,0,0,0,1,1,0,0,1,0,0,0,0,0,0,0,0,0,1,1,11.2,4.8,3,7,23.1,19.3,0,0,0,0,1,0,0,1,0,0,1,0,0,0,0,none,0,nil,certain,2842,34,59,0.848,0.92,0.95,1309,407,76,37,19,56,8,6,14,16,6,9,1,7,11,1,48,NA,NA,NA,NA,295,295
Psophodes cristatus,Chirruping Wedgebill,Psophodidae,Passeriformes,11,5,5,1,4,14.9,8.5,3.9,6.6,23.7,80,8.2,72.6,10.1,95.4,40.7,Dunning,NA,NO,NA,NA,Shrubland,2,1,Omnivore,Omnivore,Terrestrial,1544,1460,Psophodes,cristatus,NA,NA,Whipbirds and Wedgebills,Psophodidae,Passeriformes,22,19,1,3,0,1,0,1,1,4,2,136,9.7,17.4,CC5CC6d,"Whipbirds, Quail-Thrushes, Allies","Cuckoo-Shrikes, Helmetshrikes, Shrike-Flycatchers, Vangas, Whipbirds, Shrike-Thrushes, Whistlers, Shrikes, Monarchs, Vireos, Orioles, Drongos, Fantails, Birds Of Paradise, Crows, Jays, Allies",Endemic (entirely Australian),1,0,0,0,0,0,1,0,0,7,7,LC,NA,LC,NA,LC,NA,LC,NA,LC,NA,not listed,NA,not listed,not listed,not listed,not listed,not listed,not listed,not listed,not listed,not listed,LC,not listed,not listed,Ex,not listed,not listed,Core,Core,Core,Core,not listed,Core,not listed,not listed,not listed,not listed,not listed,not listed,not listed,not listed,not listed,0,not listed,NA,not listed,NA,not listed,NA,not listed,NA,not listed,NA,0,0,20,20,20,40.8,27.4,47.5,42.4,27.4,47.5,39.1,36,44.5,NAV,NAV,NAV,HANZAB,1.4,1.45,0.12,1,1,0,0,0,0,0,0,0,0,0,0,0,0,0,0,0,0,0,0,0,0,0,0,0,0,0,0,0,0,0,1,1,0,0,0,0,0,0,0,0,0,0,0,0,0,0,0,0,0,1,0,0,1,0,0,0,0,0,1,1,1,NAV,2.5,2,3,25,17.6,0,1,0,0,0,0,1,0,0,0,1,0,0,0,0,none,0,nil,certain,394,0,10,1.208,1.11,1.08,618,332,65,14,0,52,6,0,62,0,18,1,0,1,2,70,8,NA,NA,NA,NA,866,u866
Psophodes olivaceus,Eastern Whipbird,Psophodidae,Passeriformes,13,5,5,3,4,23,14.9,5,7.8,31.5,94.9,6,85.4,6.7,133.6,62.4,Dunning,NA,NO,NA,NA,Forest,1,1,Carnivore,Invertivore,Generalist,1536,1452,Psophodes,olivaceus,NA,NA,Whipbirds and Wedgebills,Psophodidae,Passeriformes,22,19,1,1,0,1,0,0,2,4,2,136,9.7,NA,CC5CC6d,"Whipbirds, Quail-Thrushes, Allies","Cuckoo-Shrikes, Helmetshrikes, Shrike-Flycatchers, Vangas, Whipbirds, Shrike-Thrushes, Whistlers, Shrikes, Monarchs, Vireos, Orioles, Drongos, Fantails, Birds Of Paradise, Crows, Jays, Allies",Endemic (entirely Australian),1,0,0,0,0,0,1,0,0,7,7,LC,NA,LC,NA,LC,NA,LC,NA,LC,NA,not listed,NA,not listed,not listed,not listed,not listed,not listed,not listed,not listed,not listed,not listed,LC,not listed,not listed,not listed,not listed,Core,Core,not listed,Core,not listed,not listed,Core,not listed,not listed,not listed,not listed,not listed,not listed,not listed,not listed,not listed,0,not listed,NA,not listed,NA,not listed,NA,not listed,NA,not listed,NA,0,0,27,25,29,58.7,39,77,66.1,60,77,54.2,47.5,64,NAV,NAV,NAV,HANZAB,2.18,2.26,0.21,0,0,1,0,0,0,0,1,1,1,0,0,0,0,0,0,0,0,0,0,0,0,0,0,0,0,0,0,0,0,1,0,0,1,0,0,0,0,1,1,1,0,0,0,0,0,0,1,0,0,1,0,0,1,0,0,0,0,0,1,1,0,5.9,2,1,3,27,19.4,0,1,0,0,0,0,1,0,0,0,1,0,0,0,0,none,0,nil,certain,4495,28,405,1.763,0.94,0.97,324,87,79,67,27,101,33,20,75,3,10,5,0,26,1,0,56,NA,NA,NA,NA,421,421
Pterodroma cervicalis,White-necked Petrel,Procellariidae,Procellariiformes,4,0,0,4,4,35.2,27.3,10.2,11.7,35.4,297.5,196.8,100.8,66.2,125,445,Dunning,NA,NO,NA,NA,Marine,3,2,Carnivore,Aquatic predator,Generalist,566,310,Pterodroma,cervicalis,NA,Species follows del Hoyo et al. (2014).,Petrels and Shearwaters,Procellariidae,Procellariformes,14,4,9,12,0,1,0,0,2,30,16,4,8,NA,Procellariidae,"Albatrosses, Shearwaters, Petrels","Albatrosses, Shearwaters, Petrels",Australian,1,0,0,0,0,0,0,0,0,2,2,VU,D2,VU,D2,VU,D2,VU,D2,VU,D2,not listed,NA,not listed,not listed,not listed,not listed,not listed,1,not listed,not listed,not listed,LC,not listed,not listed,not listed,not listed,not listed,Core,not listed,Core,not listed,not listed,not listed,not listed,Core,not listed,not listed,not listed,not listed,not listed,not listed,not listed,1,not listed,NA,not listed,NA,not listed,NA,present,probable,vagrant,NA,0,1,43,43,43,444,380,545,449,410,490,436,405,480,445,380,545,HANZAB,NAV,NAV,-0.01,0,0,0,0,0,0,0,0,0,0,0,0,0,0,0,0,0,0,0,0,0,0,0,0,1,0,0,0,0,0,0,0,0,0,0,0,0,0,0,0,0,0,0,0,1,0,0,0,0,0,0,0,0,0,0,0,0,1,0,1,0,0,NAV,1,1,1,65.7,46.7,1,0,0,1,0,0,0,1,0,NAV,0,0,1,0,0,marine outward,1,high,high,NAV,NAV,NAV,NA,1.29,1.32,NA,NA,NA,NA,NA,NA,NA,NA,NA,NA,NA,NA,NA,NA,NA,NA,NA,182,275,0.3,-2.2,774,774
Pterodroma leucoptera,Gould's Petrel,Procellariidae,Procellariiformes,1,0,0,1,1,25.2,17.8,5.9,7.7,28.9,212,141,71,66.5,90,147.1,Dunning,NA,NO,NA,NA,Marine,3,2,Carnivore,Aquatic predator,Generalist,552,304,Pterodroma,leucoptera,NA,NA,Petrels and Shearwaters,Procellariidae,Procellariformes,14,4,9,1,0,1,0,0,2,30,16,4,8,NA,Procellariidae,"Albatrosses, Shearwaters, Petrels","Albatrosses, Shearwaters, Petrels",Australian,1,0,0,0,0,0,0,0,0,4,6,VU,B2ab(v); D2,VU,B2ab(v); D2,VU,B2ab(v); D2,VU,B2ab(v); D2,VU,B2ab(v); D2,not listed,NA,not listed,not listed,not listed,not listed,not listed,1,not listed,not listed,not listed,LC,not listed,not listed,not listed,not listed,not listed,Core,not listed,Core,Core,Core,Core,not listed,not listed,not listed,not listed,not listed,not listed,not listed,not listed,not listed,1,present,probable,vagrant,NA,not listed,NA,vagrant,NA,present,certain,0,0,30,30,30,186,170,220,183,179,186,170,NAV,NAV,186,170,220,HANZAB,2.48,2.57,-0.02,0,0,0,0,0,0,0,0,0,0,0,0,0,0,0,0,0,0,0,0,0,0,0,1,1,0,0,0,0,0,0,0,0,0,0,1,0,0,0,0,1,0,0,0,1,0,0,0,0,0,0,0,0,0,0,0,0,1,0,1,0,0,NAV,1,1,1,49.9,37.4,1,0,0,1,0,0,0,1,0,0,0,0,1,0,0,marine outward,1,high,high,11947,292,11270,NA,1.29,1.32,NA,NA,NA,NA,NA,NA,NA,NA,NA,NA,NA,NA,NA,NA,NA,NA,NA,356,575,-13.8,-3.3,78,78
Pterodroma nigripennis,Black-winged Petrel,Procellariidae,Procellariiformes,5,2,1,2,4,23.4,18,6.5,7.5,28.4,221.6,140.5,80.2,63.6,93.8,173.7,Dunning,NA,NO,NA,NA,Marine,3,2,Carnivore,Aquatic predator,Generalist,559,313,Pterodroma,nigripennis,NA,NA,Petrels and Shearwaters,Procellariidae,Procellariformes,14,4,9,6,0,1,0,1,1,30,16,4,8,15.1,Procellariidae,"Albatrosses, Shearwaters, Petrels","Albatrosses, Shearwaters, Petrels",Australian,1,0,0,0,0,0,0,0,0,3,3,LC,NA,LC,NA,LC,NA,LC,NA,LC,NA,not listed,NA,not listed,not listed,not listed,not listed,not listed,1,not listed,VU,not listed,LC,not listed,not listed,not listed,not listed,not listed,Core,not listed,Core,not listed,not listed,not listed,not listed,Core,Core,not listed,not listed,not listed,not listed,not listed,not listed,1,not listed,NA,not listed,NA,not listed,NA,present,probable,present,certain,0,1,29,28,30,160,131,228,170,131,195,166,145,183,152,133,228,HANZAB,NAV,NAV,-0.01,0,0,0,0,0,0,0,0,0,0,0,0,0,0,0,0,0,0,0,0,0,0,0,0,1,0,0,0,0,0,0,0,0,0,0,1,0,0,0,0,1,0,0,0,1,0,0,0,0,0,0,0,0,0,0,0,0,1,0,1,0,0,NAV,1,1,1,51,37,1,0,0,1,0,0,0,1,0,0,0,0,1,0,0,marine outward,1,medium,low,NAV,NAV,NAV,NA,1.29,1.32,NA,NA,NA,NA,NA,NA,NA,NA,NA,NA,NA,NA,NA,NA,NA,NA,NA,NA,NA,NA,NA,955,u955
Pterodroma nigripennis,Black-winged Petrel,Procellariidae,Procellariiformes,5,2,1,2,4,23.4,18,6.5,7.5,28.4,221.6,140.5,80.2,63.6,93.8,173.7,Dunning,NA,NO,NA,NA,Marine,3,2,Carnivore,Aquatic predator,Generalist,p40,p27,Pterodroma,nigripennis,NA,see parent taxon,Petrels,Procellariidae,Procellariformes,p14,4,9,6,0,1,0,1,NA,NA,NA,NA,NA,NA,Procellariidae,"Albatrosses, Shearwaters, Petrels","Albatrosses, Shearwaters, Petrels",Non-breeding migrant population of Australian breeding taxon,0,1,0,0,0,0,0,0,1,0,3,LC,NA,LC,NA,LC,NA,LC,NA,LC,NA,not listed,NA,not listed,not listed,not listed,not listed,not listed,not listed,not listed,not listed,not listed,LC,not listed,not listed,not listed,not listed,not listed,Core,not listed,not listed,not listed,not listed,not listed,not listed,not listed,not listed,not listed,not listed,not listed,not listed,not listed,not listed,1,not listed,NA,not listed,NA,not listed,NA,present,probable,not listed,NA,NA,NA,NAV,NAV,NAV,NA,NA,NA,NA,NA,NA,NA,NA,NA,NA,NA,NA,NA,NA,NA,NA,NA,NA,NA,NA,NA,NA,NA,NA,NA,NA,NA,NA,NA,NA,NA,NA,NA,NA,NA,NA,NA,NA,NA,NA,NA,NA,NA,NA,NA,NA,NA,NA,NA,NA,NA,NA,NA,NA,NA,NA,NA,NA,NA,NA,NA,NA,NA,NA,NA,NA,NA,NA,NA,NA,NA,NA,NA,NA,NA,1,0,0,NA,NA,NA,NA,NA,NA,NA,NA,NA,NA,NA,NA,NA,NA,NA,NA,NA,NA,NA,NA,NA,marine inward,1,total,certain,NAV,NAV,NAV,NA,NA,NA,NA,NA,NA,NA,NA,NA,NA,NA,NA,NA,NA,NA,NA,NA,NA,NA,NA,NA,NA,NA,NA,955,u955
Pterodroma solandri,Providence Petrel,Procellariidae,Procellariiformes,5,3,2,0,4,33.9,25.9,9.8,12.1,39.1,299,193.2,103.8,65.1,124.8,468.6,Dunning,NA,NO,NA,NA,Marine,3,2,Carnivore,Aquatic predator,Aerial,560,301,Pterodroma,solandri,NA,NA,Petrels and Shearwaters,Procellariidae,Procellariformes,14,4,9,7,0,1,0,1,1,30,16,4,8,15.1,Procellariidae,"Albatrosses, Shearwaters, Petrels","Albatrosses, Shearwaters, Petrels",Endemic (breeding only),1,0,0,0,0,0,0,1,0,7,3,VU,D2,VU,D2,VU,D2,VU,D2,VU,D2,not listed,NA,not listed,not listed,1,not listed,1,1,not listed,VU,not listed,LC,not listed,not listed,not listed,not listed,not listed,Core,not listed,Core,not listed,Core,Core,not listed,Core,Core,not listed,not listed,not listed,not listed,not listed,not listed,1,not listed,NA,not listed,NA,not listed,NA,vagrant,NA,vagrant,NA,0,1,40,40,40,471,414,600,518,443,600,424,414,433,NAV,NAV,NAV,HANZAB,NAV,NAV,-0.01,0,0,0,0,0,0,0,0,0,0,0,0,0,0,0,0,0,0,0,0,0,0,0,0,1,0,0,0,0,0,0,0,0,0,0,0,0,0,0,0,1,0,0,0,1,0,0,0,0,0,0,0,0,0,0,0,0,1,0,1,0,1,NAV,1,1,1,65.7,48.7,1,0,0,1,0,0,0,1,0,0,0,0,1,0,0,marine outward,0,nil,certain,6074,0,7,NA,1.29,1.32,NA,NA,NA,NA,NA,NA,NA,NA,NA,NA,NA,NA,NA,NA,NA,NA,NA,306,425,-18.4,-1.4,971,u971
Ptilinopus regina,Rose-crowned Fruit-Dove,Columbidae,Columbiformes,4,2,2,0,4,17.2,7.8,3.7,3.8,20.2,126.8,37.5,89.3,29.6,67.2,101.6,Dunning,NA,NO,NA,NA,Forest,2,1,Herbivore,Frugivore,Insessorial,147,151,Ptilinopus,regina,NA,NA,Pigeons and Doves,Columbidae,Columbiformes,6,1,12,4,0,1,0,0,5,51,46,1,7.5,NA,Columbidae,"Pigeons, Doves","Pigeons, Doves",Australian,1,0,0,0,0,0,0,0,0,6,6,LC,NA,LC,NA,LC,NA,LC,NA,LC,NA,not listed,NA,not listed,not listed,not listed,not listed,not listed,not listed,not listed,VU,not listed,LC,not listed,not listed,not listed,not listed,not listed,Core,Core,Core,not listed,not listed,not listed,Core,not listed,not listed,not listed,not listed,not listed,not listed,not listed,not listed,0,present,probable,present,probable,present,none,vagrant,NA,not listed,NA,0,0,23,22,24,93,81,126,97.7,84,126,88.4,81,108,NAV,NAV,NAV,HANZAB,1.21,1.25,-0.17,0,0,0,0,0,0,1,0,0,1,1,0,0,0,0,0,0,0,0,0,0,0,0,0,0,0,0,0,0,1,1,0,0,0,0,0,0,1,0,0,1,1,0,0,0,0,1,1,1,0,0,0,0,0,0,0,0,0,0,0,1,1,NAV,1,1,1,30.3,21,0,1,0,0,0,0,1,0,0,0,1,1,0,0,0,probable local dispersal,1,nil,medium,NAV,NAV,NAV,1.018,1.21,1.22,362,145,71,93,64,112,60,27,161,9,1,1,1,69,7,8,4,NA,NA,NA,NA,21,21
Ptilinopus superbus,Superb Fruit-Dove,Columbidae,Columbiformes,10,4,5,1,9,17.8,9.3,4.3,4.1,21.7,132.6,41.3,91.6,31.1,72.2,118,Dunning,NA,NO,NA,NA,Forest,2,1,Herbivore,Frugivore,Insessorial,145,149,Ptilinopus,superbus,NA,NA,Pigeons and Doves,Columbidae,Columbiformes,6,1,12,3,0,1,0,0,2,51,46,1,7.5,NA,Columbidae,"Pigeons, Doves","Pigeons, Doves",Australian,1,0,0,0,0,0,0,0,0,3,3,LC,NA,LC,NA,LC,NA,LC,NA,LC,NA,not listed,NA,not listed,not listed,not listed,not listed,not listed,1,not listed,VU,not listed,LC,not listed,not listed,not listed,not listed,not listed,Core,not listed,Core,not listed,not listed,not listed,not listed,not listed,not listed,not listed,not listed,not listed,not listed,not listed,not listed,0,present,certain,present,probable,not listed,NA,not listed,NA,not listed,NA,0,0,23,22,24,113,76,144,112,76,144,113,104,140,NAV,NAV,NAV,HANZAB,NAV,NAV,NAV,0,0,0,0,0,0,1,0,1,1,1,0,0,0,0,0,0,0,0,0,0,0,0,0,0,0,0,0,0,0,0,0,0,0,0,0,0,1,0,1,1,0,0,0,0,0,0,0,1,0,0,0,0,0,0,0,0,0,0,1,0,0,NAV,1,1,1,30.3,21.4,0,1,0,0,0,0,1,1,0,0,1,1,0,0,0,annual outward migration Non-marine,1,high,low,6,0,10,1.135,1.33,1.29,136,34,80,65,17,109,18,5,61,13,1,0,0,57,2,12,15,NA,NA,NA,NA,23,23
Ptilonorhynchus violaceus,Satin Bowerbird,Ptilonorhynchidae,Passeriformes,12,6,6,0,4,33.6,17.4,10,11.7,50.4,164.9,30.5,133.5,18.6,111.3,218.9,Dunning,NA,NO,NA,NA,Forest,1,1,Omnivore,Omnivore,Insessorial,977,995,Ptilonorhynchus,violaceus,NA,NA,Bowerbirds and Catbirds,Ptilonorhynchidae,Passeriformes,22,4,5,1,0,1,0,0,2,6,8,136,5.4,NA,BC2,"Australian Treecreepers, Bowerbirds","Australian Treecreepers, Bowerbirds",Endemic (entirely Australian),1,0,0,0,0,0,1,0,0,7,7,LC,NA,LC,NA,LC,NA,LC,NA,LC,NA,not listed,NA,not listed,not listed,not listed,not listed,not listed,not listed,not listed,not listed,not listed,LC,not listed,not listed,not listed,not listed,Core,Core,not listed,Core,not listed,not listed,Core,not listed,not listed,not listed,not listed,not listed,not listed,not listed,not listed,not listed,0,not listed,NA,not listed,NA,not listed,NA,not listed,NA,not listed,NA,0,0,32,28,35,202,160,278,213,173,278,191,160,250,NAV,NAV,NAV,HANZAB,4.72,4.89,0.24,0,0,1,0,0,0,0,1,1,1,0,0,0,0,0,0,0,0,0,0,0,0,0,0,0,0,0,0,0,1,1,0,0,0,0,0,0,0,0,1,1,0,0,0,0,0,0,0,1,1,0,1,0,0,0,0,0,0,0,1,1,1,9.5,1.8,1,2,43.3,29.6,0,1,0,0,0,0,1,0,0,0,1,1,0,1,0,none,0,nil,certain,9147,126,3829,1.781,0.75,0.97,302,65,82,60,19,97,31,19,62,4,6,7,0,24,1,0,58,NA,NA,NA,NA,679,679
Ptilotula plumula,Gray-fronted Honeyeater,Meliphagidae,Passeriformes,13,4,9,0,4,16.2,6.9,2.8,3.3,19.3,77.5,16.2,60.1,21.2,65.9,16.5,Dunning,NA,NO,NA,NA,Woodland,2,1,Herbivore,Omnivore,Insessorial,1227,1294,Ptilotula,plumulus,NA,Genus from Joseph et al. (2013) and Dickinson and Christidis (2014),Honeyeaters and Chats,Meliphagidae,Passeriformes,22,8,27,3,0,1,0,0,3,6,50,136,2.9,NA,BC7,Honeyeaters,"Honeyeaters, Thornbills, Bristlebirds, Australasian Wrens, Allies",Endemic (entirely Australian),1,0,0,0,0,0,1,0,0,7,7,LC,NA,LC,NA,LC,NA,LC,NA,LC,NA,not listed,NA,not listed,not listed,not listed,not listed,not listed,not listed,not listed,not listed,not listed,LC,not listed,not listed,not listed,not listed,not listed,Core,Core,Core,Core,not listed,not listed,Core,not listed,not listed,not listed,not listed,not listed,not listed,not listed,not listed,0,not listed,NA,not listed,NA,not listed,NA,not listed,NA,not listed,NA,0,0,16,14,17,16.6,11,27.5,16.8,12,22.5,16.6,11,27.5,16.5,13,24,HANZAB,0.86,0.89,0.13,1,0,0,0,0,1,1,0,0,0,0,0,0,0,0,0,0,0,0,0,0,0,0,0,0,0,0,0,0,0,0,1,0,0,0,0,1,1,0,0,0,0,0,0,0,0,0,0,1,1,0,0,0,1,0,0,0,0,0,1,1,1,NAV,2,1,3,20.1,14.8,0,1,1,0,0,0,1,1,0,0,1,0,0,1,0,none,0,nil,certain,1088,6,53,0.587,0.96,0.99,4448,1393,76,59,32,90,27,14,48,2,20,22,3,2,11,9,31,NA,NA,NA,NA,623,623
Puffinus assimilis,Little Shearwater,Procellariidae,Procellariiformes,5,3,2,0,4,28.3,17.8,4.3,5.6,36,179.8,97.8,79,55.3,67.4,226,Dunning,NA,NO,NA,NA,Marine,3,2,Carnivore,Aquatic predator,Generalist,592,284,Puffinus,assimilis,NA,NA,Petrels and Shearwaters,Procellariidae,Procellariformes,14,4,13,5,0,1,0,0,4,13,16,4,10.6,NA,Procellariidae,"Albatrosses, Shearwaters, Petrels","Albatrosses, Shearwaters, Petrels",Australian,1,0,0,0,0,0,0,0,0,3,3,LC,NA,LC,NA,LC,NA,LC,NA,LC,NA,not listed,NA,not listed,not listed,not listed,not listed,not listed,1,not listed,VU,not listed,LC,not listed,not listed,not listed,not listed,not listed,not listed,not listed,not listed,not listed,Core,Core,Core,Core,Core,not listed,not listed,not listed,not listed,not listed,not listed,1,not listed,NA,not listed,NA,not listed,NA,present,certain,not listed,NA,0,0,28,25,30,204,142,256,NAV,NAV,NAV,NAV,NAV,NAV,204,142,256,"HANZAB, R.Johnstone (pers.comm.)",NAV,NAV,-0.05,0,0,0,0,0,0,0,0,0,0,0,0,0,0,0,0,0,0,0,0,0,0,0,0,1,0,0,0,0,0,0,0,0,0,0,1,0,0,0,0,0,0,0,0,0,0,0,0,0,0,0,0,0,0,0,0,0,1,0,1,0,0,NAV,1,1,1,53,36.1,1,0,0,1,0,0,NA,1,0,0,1,0,0,0,0,marine outward,1,low,low,521,0,18,NA,1.26,1.3,NA,NA,NA,NA,NA,NA,NA,NA,NA,NA,NA,NA,NA,NA,NA,NA,NA,356,575,-13.8,-3.3,67,67
Puffinus gavia,Fluttering Shearwater,Procellariidae,Procellariiformes,5,2,3,0,4,37.9,26,5.7,7.5,40.6,198.2,127.5,74,63.3,58.4,228.9,Dunning,NA,NO,NA,NA,Marine,3,2,Carnivore,Aquatic predator,Generalist,587,280,Puffinus,gavia,NA,NA,Petrels and Shearwaters,Procellariidae,Procellariformes,14,4,13,1,0,1,0,1,1,13,16,4,10.6,18.6,Procellariidae,"Albatrosses, Shearwaters, Petrels","Albatrosses, Shearwaters, Petrels",Non-breeding migrant,1,0,0,0,0,0,0,0,1,0,6,LC,NA,LC,NA,LC,NA,LC,NA,LC,NA,not listed,NA,not listed,not listed,not listed,not listed,not listed,1,not listed,not listed,not listed,LC,not listed,not listed,not listed,not listed,not listed,Core,not listed,Core,Core,Core,Core,not listed,not listed,not listed,not listed,not listed,not listed,not listed,not listed,not listed,1,not listed,NA,not listed,NA,not listed,NA,present,certain,vagrant,NA,0,0,35,32,37,272,200,360,221,200,243,237,206,302,315,286,360,HANZAB,2.92,3.03,-0.05,0,0,0,0,0,0,0,0,0,0,0,0,0,0,0,0,0,0,0,0,0,0,0,1,1,0,0,0,0,0,0,NA,NA,NA,NA,NA,NA,NA,NA,NA,NA,NA,NA,NA,NA,NA,NA,NA,0,0,0,0,0,0,0,0,0,1,0,0,0,1,NAV,1,1,1,57,40,1,0,0,1,0,0,NA,NA,NA,NA,0,0,1,0,0,marine inward,1,total,certain,431,3270,6,NA,1.18,1.27,NA,NA,NA,NA,NA,NA,NA,NA,NA,NA,NA,NA,NA,NA,NA,NA,NA,NA,NA,NA,NA,68,u68
Puffinus huttoni,Hutton's Shearwater,Procellariidae,Procellariiformes,2,0,1,1,2,41.7,29.2,5.9,6.3,39.9,209,124,85,59.3,61.5,364,Dunning,NA,NO,NA,NA,Marine,3,2,Carnivore,Aquatic predator,Generalist,588,281,Puffinus,huttoni,NA,NA,Petrels and Shearwaters,Procellariidae,Procellariformes,14,4,13,2,0,1,0,1,1,13,16,4,10.6,18.6,Procellariidae,"Albatrosses, Shearwaters, Petrels","Albatrosses, Shearwaters, Petrels",Non-breeding migrant,1,0,0,0,0,0,0,0,1,0,6,EN,"B2ab(ii,iii)",EN,"B2ab(ii,iii)",EN,"B2ab(ii,iii)",EN,"B2ab(ii,iii)",EN,"B2ab(ii,iii)",not listed,NA,not listed,not listed,not listed,not listed,not listed,1,not listed,not listed,not listed,LC,not listed,not listed,not listed,EN,not listed,Core,not listed,Core,Core,Core,Core,Core,not listed,not listed,not listed,not listed,not listed,not listed,not listed,not listed,1,not listed,NA,not listed,NA,not listed,NA,present,certain,not listed,NA,0,0,37,36,38,360,305,370,NAV,NAV,NAV,NAV,NAV,NAV,360,305,370,HANZAB,NAV,NAV,-0.05,0,0,0,0,0,0,0,0,0,0,0,0,0,0,0,0,0,0,0,0,0,0,0,1,1,0,0,0,0,0,0,NA,NA,NA,NA,NA,NA,NA,NA,NA,NA,NA,NA,NA,NA,NA,NA,NA,0,0,0,0,0,0,0,0,0,1,0,1,0,0,NAV,1,1,1,60.6,39.3,1,0,0,1,0,0,NA,NA,NA,NA,0,0,1,0,0,marine inward,1,total,certain,575,4864,2,NA,1.18,1.27,NA,NA,NA,NA,NA,NA,NA,NA,NA,NA,NA,NA,NA,NA,NA,NA,NA,NA,NA,NA,NA,913,u913
Purnella albifrons,White-fronted Honeyeater,Meliphagidae,Passeriformes,14,4,10,0,4,20.6,9.9,2.8,3.7,20.2,80.7,16,62.6,20.4,72.4,17.4,Dunning,NA,NO,NA,NA,Shrubland,2,1,Herbivore,Nectarivore,Insessorial,1242,1309,Purnella,albifrons,NA,Genus from Joseph et al. (2013) and Dickinson and Christidis (2014),Honeyeaters and Chats,Meliphagidae,Passeriformes,22,8,28,1,0,1,0,1,1,1,50,136,5.3,11,BC7,Honeyeaters,"Honeyeaters, Thornbills, Bristlebirds, Australasian Wrens, Allies",Endemic (entirely Australian),1,0,0,0,0,0,1,0,0,7,7,LC,NA,LC,NA,LC,NA,LC,NA,LC,NA,not listed,NA,not listed,not listed,not listed,not listed,not listed,not listed,not listed,not listed,not listed,LC,not listed,not listed,not listed,not listed,not listed,Core,Core,Core,Core,not listed,Core,Core,not listed,not listed,not listed,not listed,not listed,not listed,not listed,not listed,0,not listed,NA,not listed,NA,not listed,NA,not listed,NA,not listed,NA,0,0,17,13,19,17.2,11,24,19.2,15,23,15.7,12,19,17,11,24,HANZAB,0.72,0.75,0.04,1,1,0,0,0,1,0,0,0,0,0,0,0,0,0,0,0,0,0,0,0,0,0,0,0,0,0,0,0,0,0,1,1,0,0,0,1,0,0,0,0,0,0,0,0,0,0,0,0,1,0,0,0,1,0,0,0,0,0,0,1,1,NAV,2.1,1,3,19.9,14.3,0,1,0,0,0,0,1,0,0,0,0,0,0,1,0,none,0,nil,certain,1500,165,343,0.651,1.04,1.04,3683,456,89,39,19,68,3,1,6,2,6,2,2,46,3,35,4,NA,NA,NA,NA,594,u594
Pycnonotus jocosus,Red-whiskered Bulbul,Pycnonotidae,Passeriformes,9,4,5,0,8,17.5,9.1,4.5,4.8,20.5,86.8,12.4,74.8,14.2,88.1,29.5,Dunning,NA,NO,NA,NA,Shrubland,2,1,Herbivore,Omnivore,Insessorial,1895,1834,Pycnonotus,jocosus,NA,NA,Bulbuls,Pycnonotidae,Passeriformes,22,42,1,1,0,1,0,0,9,34,30,136,1.9,NA,S9,"Bulbuls, Allies","Bulbuls, Allies",Introduced,0,0,0,1,0,0,0,0,0,2,2,LC,NA,Introduced,NA,Introduced,NA,Introduced,NA,Introduced,NA,not listed,NA,not listed,not listed,not listed,not listed,not listed,not listed,not listed,not listed,not listed,Prohibited,not listed,not listed,not listed,not listed,Introduced,Introduced,not listed,Introduced,not listed,not listed,Introduced,not listed,not listed,not listed,not listed,not listed,not listed,not listed,not listed,not listed,0,not listed,NA,not listed,NA,not listed,NA,not listed,NA,not listed,NA,NA,NA,21,20,22,27.5,24,31,NAV,NAV,NAV,NAV,NAV,NAV,27.5,24,31,del Hoyo et al. (1992-2013),NA,NA,NA,0,0,0,0,0,0,0,0,0,0,0,0,0,0,0,0,0,0,0,0,0,0,0,0,0,0,0,0,1,1,1,0,0,0,0,0,0,0,0,0,0,0,0,0,0,1,1,1,1,0,0,0,0,1,0,0,0,0,0,1,1,1,18.4,3,2,4,22,17,0,1,0,0,0,0,1,0,0,0,1,0,0,0,0,none,0,nil,certain,4068,2,92,NA,NA,NA,NA,NA,NA,NA,NA,NA,NA,NA,NA,NA,NA,NA,NA,NA,NA,NA,NA,NA,NA,NA,NA,990,990
Pycnoptilus floccosus,Pilotbird,Acanthizidae,Passeriformes,11,3,5,3,4,15.6,7.2,3.3,3.7,27.9,69,8.3,59.2,12.4,71.5,28.9,Dunning,NA,NO,NA,NA,Forest,1,1,Carnivore,Invertivore,Terrestrial,1319,1086,Pycnoptilus,floccosus,NA,NA,Thornbills and Gerygones,Acanthizidae,Passeriformes,22,10,4,1,0,1,0,0,2,1,13,136,8.3,NA,BC6,"Thornbills, Gerygones","Honeyeaters, Thornbills, Bristlebirds, Australasian Wrens, Allies",Endemic (entirely Australian),1,0,0,0,0,0,1,0,0,7,7,LC,NA,LC,NA,LC,NA,LC,NA,LC,NA,not listed,NA,not listed,not listed,not listed,not listed,not listed,not listed,not listed,not listed,not listed,LC,not listed,not listed,not listed,not listed,Core,Core,not listed,not listed,not listed,not listed,Core,not listed,not listed,not listed,not listed,not listed,not listed,not listed,not listed,not listed,0,not listed,NA,not listed,NA,not listed,NA,not listed,NA,not listed,NA,0,0,18,17,19,30.4,19,39,30.3,25,39,33,30,34.5,26.6,19,32,HANZAB,1.18,1.22,0.12,0,0,0,0,0,0,0,0,1,1,0,0,0,0,0,0,0,0,0,0,0,0,0,0,0,0,0,0,0,0,0,0,0,0,0,0,0,0,0,1,1,0,0,0,0,0,0,0,0,0,1,0,0,1,0,0,0,0,0,0,1,0,16.9,1.9,1,3,26.6,19.5,0,1,0,0,0,0,1,0,0,0,1,0,0,0,0,none,0,nil,certain,2383,0,81,2.5,0.85,0.91,87,71,55,51,10,79,55,11,164,5,6,7,1,0,0,1,80,NA,NA,NA,NA,506,506
Pyrrholaemus brunneus,Redthroat,Acanthizidae,Passeriformes,13,5,8,0,4,13.4,7.4,2.5,3.1,20.7,56,5.9,49.2,10.7,48.5,12.5,Dunning,NA,NO,NA,NA,Woodland,2,1,Omnivore,Invertivore,Insessorial,1322,1143,Pyrrholaemus,brunneus,NA,NA,Thornbills and Gerygones,Acanthizidae,Passeriformes,22,10,5,1,0,1,0,1,1,2,13,136,6.6,13,BC6,"Thornbills, Gerygones","Honeyeaters, Thornbills, Bristlebirds, Australasian Wrens, Allies",Endemic (entirely Australian),1,0,0,0,0,0,1,0,0,7,7,LC,NA,LC,NA,LC,NA,LC,NA,LC,NA,not listed,NA,not listed,not listed,not listed,not listed,not listed,not listed,not listed,VU,not listed,NT,not listed,not listed,Th,not listed,not listed,Core,Core,Core,Core,not listed,Core,Core,not listed,not listed,not listed,not listed,not listed,not listed,not listed,not listed,0,not listed,NA,not listed,NA,not listed,NA,not listed,NA,not listed,NA,0,0,12,11,13,12,7,18,12.3,7,18,11.8,10.2,17,NAV,NAV,NAV,HANZAB,0.57,0.59,0.03,1,1,1,1,1,1,0,0,0,0,0,0,0,0,0,0,0,0,0,0,0,0,0,0,0,0,0,0,0,0,0,1,1,1,1,1,1,0,0,0,0,0,0,0,0,0,0,0,0,0,1,0,0,1,0,0,0,0,0,1,1,1,NAV,3,2,4,19.1,14.3,0,1,0,0,0,0,NAV,NAV,NAV,NAV,1,0,0,0,0,none,0,nil,certain,3289,0,62,0.586,1.06,1.05,2674,504,84,56,32,84,14,8,26,4,5,4,1,37,4,42,2,NA,NA,NA,NA,497,u497
Recurvirostra novaehollandiae,Red-necked Avocet,Recurvirostridae,Charadriiformes,4,2,2,0,4,93.5,78.5,6.3,4.5,89.4,225,114.2,110.8,50.8,80.2,325,Dunning,NA,NO,NA,NA,Wetland,3,2,Carnivore,Aquatic predator,Terrestrial,281,518,Recurvirostra,novaehollandiae,NA,NA,Stilts and Avocets,Recurvirostridae,Charadriiformes,11,4,2,1,0,1,0,1,1,4,3,17,17,26.5,Charadrii,"Waders, Allies","Waders, Allies",Endemic (entirely Australian),1,0,0,0,0,0,1,0,0,7,7,LC,NA,LC,NA,LC,NA,LC,NA,LC,NA,not listed,NA,not listed,not listed,not listed,not listed,not listed,1,not listed,not listed,not listed,LC,not listed,not listed,not listed,not listed,not listed,Core,Core,Core,Core,not listed,Core,Core,not listed,not listed,not listed,not listed,not listed,not listed,not listed,not listed,0,not listed,NA,not listed,NA,not listed,NA,vagrant,NA,not listed,NA,0,0,44,40,48,245,172,390,238,172,311,250,205,301,246,190,390,HANZAB,1.99,2.06,-0.27,0,0,0,0,0,0,0,0,0,0,0,0,0,1,0,1,0,0,0,1,0,0,0,0,0,0,0,0,0,0,0,0,0,0,0,0,0,0,0,0,0,0,1,0,0,0,0,0,0,0,0,0,0,0,0,0,1,0,1,0,0,1,73,3.5,2,5,50.1,36.3,1,0,0,0,0,0,0,1,0,0,0,0,0,1,1,irregular outward dispersal,0,nil,certain,7692,1252,87,0.46,1.09,1.07,2616,2203,54,74,52,97,35,21,68,24,10,8,20,2,8,22,6,NA,NA,NA,NA,148,u148
Rhipidura albiscapa,Gray Fantail,Rhipiduridae,Passeriformes,21,8,12,1,3,11.8,5.4,3.2,2.6,16.9,73,16.1,58,21.8,82.6,8.6,Updated_literature,Dunning (2021),NO,NA,NA,Woodland,2,1,Carnivore,Invertivore,Insessorial,1637,1626,Rhipidura,fuliginosa,NA,Species follows BirdLife international (2014).,Fantails,Rhipiduridae,Passeriformes,22,24,1,5,0,1,0,0,8,46,3,136,3.8,NA,CC8,"Shrikes, Monarchs, Drongos, Fantails, Birds Of Paradise, Crows, Jays, Allies","Cuckoo-Shrikes, Helmetshrikes, Shrike-Flycatchers, Vangas, Whipbirds, Shrike-Thrushes, Whistlers, Shrikes, Monarchs, Vireos, Orioles, Drongos, Fantails, Birds Of Paradise, Crows, Jays, Allies",Australian,1,0,0,0,0,0,0,0,0,6,6,LC,NA,LC,NA,LC,NA,LC,NA,LC,NA,not listed,NA,not listed,not listed,not listed,not listed,not listed,not listed,not listed,not listed,not listed,LC,not listed,not listed,not listed,not listed,Core,Core,Core,Core,Core,Core,Core,Core,Core,not listed,not listed,not listed,not listed,not listed,not listed,not listed,0,not listed,NA,not listed,NA,not listed,NA,present,none,present,none,0,0,16,14,17,7.8,5,12,7.8,6,12,7.8,5,11.8,NAV,NAV,NAV,HANZAB,0.34,0.35,-0.08,1,1,1,0,0,1,1,1,1,1,1,0,0,0,0,0,0,0,0,0,0,0,0,0,0,0,0,0,0,1,1,1,0,1,0,0,1,1,1,1,1,1,0,0,0,0,1,1,0,0,0,0,0,1,0,0,0,0,0,1,1,0,6.8,2.7,1,5,15.9,12.1,0,1,0,0,0,0,1,0,0,0,1,1,0,0,0,none,0,nil,certain,3536,1276,1136,0.511,1.09,1.07,6389,185,97,44,34,59,2,2,2,7,1,25,0,15,2,2,48,NA,NA,NA,NA,361,361
Rhipidura leucophrys,Willie-wagtail,Rhipiduridae,Passeriformes,21,6,15,0,4,18.1,8.4,5.1,4.1,26.1,99,19.5,81,19.4,101.5,27.4,Dunning,NA,NO,NA,NA,Woodland,3,1,Carnivore,Invertivore,Insessorial,1628,1638,Rhipidura,leucophrys,NA,NA,Fantails,Rhipiduridae,Passeriformes,22,24,1,2,0,1,0,0,3,46,3,136,3.8,NA,CC8,"Shrikes, Monarchs, Drongos, Fantails, Birds Of Paradise, Crows, Jays, Allies","Cuckoo-Shrikes, Helmetshrikes, Shrike-Flycatchers, Vangas, Whipbirds, Shrike-Thrushes, Whistlers, Shrikes, Monarchs, Vireos, Orioles, Drongos, Fantails, Birds Of Paradise, Crows, Jays, Allies",Australian,1,0,0,0,0,0,0,0,0,6,6,LC,NA,LC,NA,LC,NA,LC,NA,LC,NA,not listed,NA,not listed,not listed,not listed,not listed,not listed,not listed,not listed,not listed,not listed,LC,not listed,not listed,not listed,not listed,Core,Core,Core,Core,Core,not listed,Core,Core,not listed,not listed,not listed,not listed,not listed,not listed,not listed,not listed,0,present,certain,present,certain,not listed,NA,vagrant,NA,not listed,NA,0,0,20,18,22,20.7,13.5,29.5,20.9,14.3,27,20.6,13.5,29.5,NAV,NAV,NAV,HANZAB,0.58,0.6,-0.1,1,1,1,1,1,1,1,1,0,0,0,0,0,0,0,0,0,0,0,0,0,0,0,0,0,0,0,0,0,1,1,1,1,1,1,1,1,1,1,0,0,0,0,0,0,0,1,1,0,0,0,0,0,1,0,0,0,0,0,1,1,0,11.8,3.1,1,5,19.4,14.8,0,1,0,0,0,0,1,0,0,0,1,0,0,1,0,local dispersal,1,high,certain,3496,25,565,0.395,1.12,1.08,7679,219,97,100,100,100,3,3,3,8,21,48,8,9,1,1,4,NA,NA,NA,NA,364,364
Rhipidura rufifrons,Australian Rufous Fantail,Rhipiduridae,Passeriformes,19,8,11,0,4,12.9,6,3.8,3.1,19,72.1,15.3,58.6,20.7,83.1,10.1,Dunning,NA,NO,NA,NA,Shrubland,2,1,Carnivore,Invertivore,Insessorial,1632,1622,Rhipidura,rufifrons,NA,Species follows del Hoyo et al. (2014).,Fantails,Rhipiduridae,Passeriformes,22,24,1,3,0,1,0,0,30,46,3,136,3.8,NA,CC8,"Shrikes, Monarchs, Drongos, Fantails, Birds Of Paradise, Crows, Jays, Allies","Cuckoo-Shrikes, Helmetshrikes, Shrike-Flycatchers, Vangas, Whipbirds, Shrike-Thrushes, Whistlers, Shrikes, Monarchs, Vireos, Orioles, Drongos, Fantails, Birds Of Paradise, Crows, Jays, Allies",Australian,1,0,0,0,0,0,0,0,0,5,4,LC,NA,LC,NA,LC,NA,LC,NA,LC,NA,not listed,NA,A2H,not listed,not listed,not listed,1,1,not listed,not listed,not listed,LC,not listed,not listed,not listed,not listed,Core,Core,Core,Core,not listed,not listed,Core,Core,not listed,not listed,not listed,not listed,not listed,not listed,not listed,not listed,0,present,certain,present,certain,present,none,not listed,NA,not listed,NA,0,0,16,15,19,9.7,7.2,14,10,7.2,13.5,9.4,7.3,14,NAV,NAV,NAV,HANZAB,0.36,0.37,-0.11,0,0,0,0,0,0,1,1,1,1,1,0,0,0,0,0,0,0,0,0,0,0,0,0,0,0,0,0,0,0,0,0,0,0,0,0,0,0,0,1,1,1,0,0,0,0,0,0,0,0,0,0,0,1,0,0,1,0,0,1,1,0,6.4,2.1,2,4,17.1,12.8,0,1,0,0,0,0,1,0,0,0,1,1,0,0,0,annual outward migration Non-marine,0,nil,high,3332,27,352,0.615,1.12,1.09,756,145,84,122,67,175,38,19,87,0,7,7,1,61,1,0,23,NA,NA,NA,NA,362,362
Rostratula australis,Australian Painted-Snipe,Rostratulidae,Charadriiformes,7,3,4,0,4,48.1,38.2,3.9,6.3,40,139,42.4,92.1,31.6,49.1,121,Dunning,NA,NO,NA,NA,Wetland,1,2,Omnivore,Aquatic predator,Terrestrial,316,556,Rostratula,australis,NA,NA,Painted Snipe,Rostratulidae,Charadriiformes,11,7,1,1,0,1,0,1,1,2,2,17,24.5,34.8,Scolopaci,"Sandpipers, Jacanas, Seedsnipes, Allies","Sandpipers, Jacanas, Seedsnipes, Allies",Endemic (entirely Australian),1,0,0,0,0,0,1,0,0,7,7,EN,C2a(ii),NT,A2b,VU,A2b,EN,C2a(ii),EN,C2a(ii),EN,2013,not listed,1,not listed,not listed,1,1,not listed,EN,VU,VU,VU,not listed,Th,EN,not listed,Core,Core,Core,Core,not listed,Core,Core,not listed,not listed,not listed,not listed,not listed,not listed,not listed,not listed,0,not listed,NA,not listed,NA,not listed,NA,vagrant,NA,not listed,NA,0,0,27,24,30,127,106,145,123,106,142,132,119,145,NAV,NAV,NAV,HANZAB,1.42,1.47,-0.17,0,0,0,0,0,0,0,0,0,0,0,0,0,0,0,1,0,0,0,0,0,0,0,0,0,0,0,0,0,1,0,0,0,0,0,0,0,0,0,0,0,0,1,0,0,0,1,0,0,0,1,1,0,0,0,0,0,0,1,0,1,1,NAV,4.5,3,6,34.9,25.3,1,1,0,0,0,0,1,1,0,0,0,0,0,1,0,irregular outward dispersal,0,nil,certain,219,14,1,0.457,1.03,1.07,5651,379,94,117,77,130,8,6,9,14,6,1,11,18,14,2,34,NA,NA,NA,NA,170,u170
Scythrops novaehollandiae,Channel-billed Cuckoo,Cuculidae,Cuculiformes,5,2,3,0,4,82.8,63.1,26.7,31.4,45.4,339.2,151.5,184.2,45.1,270,684,Dunning,NA,NO,NA,NA,Forest,2,3,Omnivore,Frugivore,Insessorial,167,848,Scythrops,novaehollandiae,NA,NA,Cuckoos,Cuculidae,Cuculiformes,7,1,4,1,0,1,0,0,3,1,36,1,30.3,NA,Cuculidae,Cuckoos,Cuckoos,Australian,1,0,0,0,0,0,0,0,0,4,4,LC,NA,LC,NA,LC,NA,LC,NA,LC,NA,not listed,NA,not listed,not listed,not listed,not listed,not listed,1,not listed,not listed,not listed,LC,not listed,not listed,not listed,not listed,not listed,Core,Core,Core,not listed,not listed,Core,Core,not listed,not listed,not listed,not listed,not listed,not listed,not listed,not listed,0,present,certain,present,certain,present,certain,vagrant,NA,vagrant,NA,0,0,63,56,70,614,560,935,604,560,935,623,560,800,NAV,NAV,NAV,"HANZAB, del Hoyo et al. (1992-2013)",5.35,5.54,-0.05,0,0,0,0,0,0,1,1,1,1,0,0,0,0,0,0,0,0,0,0,0,0,0,0,0,0,0,0,1,1,1,0,0,0,0,0,0,1,1,1,1,0,0,0,0,0,1,1,1,0,0,0,0,0,0,0,0,0,0,1,1,1,NAV,3,1,5,43.7,30.5,0,1,0,0,0,0,0,0,1,0,1,1,0,0,0,annual outward migration Non-marine,1,high,high,2652,235,6,0.668,1.24,1.16,1576,111,93,57,28,93,13,7,25,20,1,1,0,49,1,14,13,NA,NA,NA,NA,348,348
Sericornis frontalis,White-browed Scrubwren,Acanthizidae,Passeriformes,19,6,10,3,4,14.6,7.5,2.5,2.9,20.7,55.6,7,48.6,12.7,45.7,13.2,Dunning,NA,NO,NA,NA,Shrubland,1,1,Omnivore,Invertivore,Insessorial,1353,1095,Sericornis,frontalis,NA,NA,Thornbills and Gerygones,Acanthizidae,Passeriformes,22,10,8,3,0,1,0,0,12,10,13,136,3.8,NA,BC6,"Thornbills, Gerygones","Honeyeaters, Thornbills, Bristlebirds, Australasian Wrens, Allies",Endemic (entirely Australian),1,0,0,0,0,0,1,0,0,7,7,LC,NA,LC,NA,LC,NA,LC,NA,LC,NA,not listed,NA,not listed,not listed,not listed,not listed,not listed,not listed,not listed,not listed,not listed,LC,not listed,not listed,not listed,not listed,Core,Core,not listed,Core,Core,Core,Core,Core,not listed,not listed,not listed,not listed,not listed,not listed,not listed,not listed,0,not listed,NA,not listed,NA,not listed,NA,not listed,NA,not listed,NA,0,0,13,11,15,13.1,8.8,20,13.4,8.8,20,12.6,9,18,NAV,NAV,NAV,HANZAB,0.76,0.79,0.14,0,0,1,0,0,1,0,1,1,1,0,0,0,0,0,0,0,0,0,1,0,0,0,0,0,0,0,0,0,1,1,0,0,1,0,0,1,0,1,1,1,0,0,0,0,0,1,1,0,0,1,0,0,1,0,0,0,0,0,1,1,0,4.2,2.8,2,4,21.1,15.7,0,1,0,0,0,0,1,0,0,1,1,0,0,0,0,none,0,nil,certain,6424,35,12623,1.024,0.92,0.96,926,180,84,55,34,76,16,14,18,6,1,75,1,4,1,11,2,NA,NA,NA,NA,488,488
Sericulus chrysocephalus,Regent Bowerbird,Ptilonorhynchidae,Passeriformes,10,6,4,0,4,29.4,16.6,6.5,7.4,36.1,130.7,23,108,17.6,98.3,99.5,Dunning,NA,NO,NA,NA,Forest,1,1,Herbivore,Frugivore,Insessorial,976,994,Sericulus,chrysocephalus,NA,NA,Bowerbirds and Catbirds,Ptilonorhynchidae,Passeriformes,22,4,4,1,0,1,0,1,1,4,8,136,6.1,12.3,BC2,"Australian Treecreepers, Bowerbirds","Australian Treecreepers, Bowerbirds",Endemic (entirely Australian),1,0,0,0,0,0,1,0,0,7,7,LC,NA,LC,NA,LC,NA,LC,NA,LC,NA,not listed,NA,not listed,not listed,not listed,not listed,not listed,not listed,not listed,not listed,not listed,LC,not listed,not listed,not listed,not listed,not listed,Core,not listed,Core,not listed,not listed,not listed,not listed,not listed,not listed,not listed,not listed,not listed,not listed,not listed,not listed,0,not listed,NA,not listed,NA,not listed,NA,not listed,NA,not listed,NA,0,0,28,25,30,106,74,134,97,74,110,115,95,134,NAV,NAV,NAV,HANZAB,3.34,3.46,0.25,0,0,1,0,0,0,1,1,1,1,0,0,0,0,0,0,0,0,0,0,0,0,0,0,0,0,0,0,0,1,1,0,0,0,0,0,0,0,0,0,1,0,0,0,0,0,0,0,1,1,1,1,0,1,0,0,0,0,0,1,1,1,NAV,1.9,1,3,38.3,26.9,0,1,0,0,0,0,1,0,0,0,1,1,0,0,0,none,0,nil,certain,6294,4,127,2.866,1.11,1.12,108,28,79,51,13,97,57,8,158,16,9,0,3,16,6,19,30,NA,NA,NA,NA,684,u684
Smicrornis brevirostris,Weebill,Acanthizidae,Passeriformes,19,6,13,0,4,8,4,2.4,2.8,15.7,49.6,8.4,42.1,16.6,34,5.3,Dunning,NA,NO,NA,NA,Woodland,2,1,Carnivore,Invertivore,Insessorial,1314,1145,Smicrornis,brevirostris,NA,NA,Thornbills and Gerygones,Acanthizidae,Passeriformes,22,10,3,1,0,1,0,0,4,1,13,136,8.3,NA,BC6,"Thornbills, Gerygones","Honeyeaters, Thornbills, Bristlebirds, Australasian Wrens, Allies",Endemic (entirely Australian),1,0,0,0,0,0,1,0,0,7,7,LC,NA,LC,NA,LC,NA,LC,NA,LC,NA,not listed,NA,not listed,not listed,not listed,not listed,not listed,not listed,not listed,not listed,not listed,LC,not listed,not listed,not listed,not listed,Core,Core,Core,Core,Core,not listed,Core,Core,not listed,not listed,not listed,not listed,not listed,not listed,not listed,not listed,0,not listed,NA,not listed,NA,not listed,NA,not listed,NA,not listed,NA,0,0,9,8,10,5.7,4.2,7.9,5.7,4.2,7.1,5.8,4.2,7.9,NAV,NAV,NAV,HANZAB,0.29,0.3,-0.07,1,0,1,0,0,1,1,1,0,0,0,0,0,0,0,0,0,0,0,0,0,0,0,0,0,0,0,0,0,1,1,1,0,1,0,0,1,1,1,0,0,0,0,0,0,0,1,1,0,0,0,0,0,1,0,0,0,0,0,0,1,1,NAV,2.6,1,6,15.4,11,0,0,1,0,0,0,1,0,0,1,1,0,0,0,0,none,0,nil,certain,2701,58,400,0.4,1.07,1.05,6945,638,92,80,61,97,7,5,10,14,11,45,0,17,6,2,6,NA,NA,NA,NA,465,465
Sphecotheres vieilloti,Australasian Figbird,Oriolidae,Passeriformes,15,5,10,0,4,27.3,15.6,8.8,9.1,25.5,146.8,39.6,109,26.6,104.5,121.5,Updated_literature,BoW,NO,NA,NA,Forest,2,1,Herbivore,Frugivore,Insessorial,1546,1546,Sphecotheres,vieilloti,NA,NA,Orioles and Figbirds,Oriolidae,Passeriformes,22,20,1,1,0,1,0,0,5,3,4,136,8.5,NA,CC5CC6c,"Orioles, Allies","Cuckoo-Shrikes, Helmetshrikes, Shrike-Flycatchers, Vangas, Whipbirds, Shrike-Thrushes, Whistlers, Shrikes, Monarchs, Vireos, Orioles, Drongos, Fantails, Birds Of Paradise, Crows, Jays, Allies",Australian,1,0,0,0,0,0,0,0,0,6,6,LC,NA,LC,NA,LC,NA,LC,NA,LC,NA,not listed,NA,not listed,not listed,not listed,not listed,not listed,not listed,not listed,not listed,not listed,LC,not listed,not listed,not listed,not listed,not listed,Core,Core,Core,not listed,not listed,not listed,Core,not listed,not listed,not listed,not listed,not listed,not listed,not listed,not listed,0,present,none,present,none,not listed,NA,not listed,NA,not listed,NA,0,0,28,26,29,123,97,149,119,97,149,127,104,146,NAV,NAV,NAV,HANZAB,2.24,2.32,0.04,0,0,0,0,0,0,1,0,1,1,1,0,0,0,0,0,0,0,0,0,0,0,0,0,0,0,0,0,0,0,1,0,0,0,0,0,0,1,0,1,1,1,0,0,0,0,0,1,1,0,0,0,0,0,0,0,0,0,0,0,0,1,7.8,2.7,1,4,32.7,22.5,0,1,0,0,0,0,1,1,0,1,1,0,0,0,0,possible local dispersal,0,nil,high,6089,107,27,0.845,0.96,0.98,797,127,86,48,26,106,15,7,43,21,2,1,0,46,4,16,11,NA,NA,NA,NA,432,432
Stagonopleura bella,Beautiful Firetail,Estrildidae,Passeriformes,8,4,4,0,4,12.3,8.7,6.2,7,17.2,57.2,11,46.9,19,48.5,14,Dunning,NA,NO,NA,NA,Shrubland,2,1,Herbivore,Granivore,Generalist,1774,1913,Stagonopleura,bella,NA,NA,Weaver Finches,Estrildidae,Passeriformes,22,33,3,1,0,1,0,0,3,3,34,136,4.2,NA,P7,"Waxbills, Allies","Weavers, Waxbills, Allies",Endemic (entirely Australian),1,0,0,0,0,0,1,0,0,7,7,LC,NA,LC,NA,LC,NA,LC,NA,LC,NA,not listed,NA,not listed,not listed,not listed,not listed,not listed,not listed,not listed,not listed,not listed,LC,Rare,not listed,not listed,not listed,not listed,Core,not listed,not listed,Core,Core,Core,not listed,not listed,not listed,not listed,not listed,not listed,not listed,not listed,not listed,0,not listed,NA,not listed,NA,not listed,NA,not listed,NA,not listed,NA,0,0,11,11,11,13.8,11,16,NAV,NAV,NAV,13.7,11,16,NAV,NAV,NAV,HANZAB,0.64,0.66,0.05,0,0,1,0,1,0,0,1,0,0,0,0,0,0,0,0,0,0,0,0,0,0,0,0,0,0,0,0,0,1,0,0,0,1,0,1,0,0,1,0,0,0,1,0,0,0,1,0,0,0,1,0,0,0,0,0,0,0,0,0,1,1,NAV,5,3,8,18.2,12.9,0,1,0,0,0,0,1,0,0,0,1,0,0,0,0,none,0,nil,certain,1636,32,264,2.61,1.06,1.04,149,133,53,60,41,78,17,8,47,3,13,74,2,4,1,1,2,NA,NA,NA,NA,650,650
Stagonopleura guttata,Diamond Firetail,Estrildidae,Passeriformes,11,5,6,0,4,10.6,8.1,6.1,6.4,16.2,66,17.9,48.8,26.9,39.5,17.6,Dunning,NA,NO,NA,NA,Woodland,3,1,Herbivore,Granivore,Terrestrial,1779,1912,Stagonopleura,guttata,NA,NA,Weaver Finches,Estrildidae,Passeriformes,22,33,3,3,0,1,0,1,1,3,34,136,4.2,9.2,P7,"Waxbills, Allies","Weavers, Waxbills, Allies",Endemic (entirely Australian),1,0,0,0,0,0,1,0,0,7,7,LC,NA,LC,NA,LC,NA,LC,NA,LC,NA,not listed,NA,not listed,not listed,not listed,not listed,not listed,not listed,not listed,VU,not listed,LC,VU,not listed,Th,not listed,Core,Core,not listed,Core,Core,not listed,Core,not listed,not listed,not listed,not listed,not listed,not listed,not listed,not listed,not listed,0,not listed,NA,not listed,NA,not listed,NA,not listed,NA,not listed,NA,0,0,12,10,13,17.8,11,23,18.2,17,20,NAV,NAV,NAV,17.5,11,23,HANZAB,NAV,NAV,0.05,0,0,0,0,1,1,0,1,0,0,0,0,0,0,0,0,0,0,0,0,0,0,0,0,0,0,0,0,0,1,1,0,0,0,0,0,1,0,1,0,0,0,0,0,0,0,1,0,0,0,1,0,0,0,0,0,0,0,0,0,0,1,NAV,4.6,3,7,19.2,12.7,0,1,0,0,0,0,1,1,0,0,1,1,0,0,0,none,0,nil,certain,1970,238,364,1.288,1.06,1.04,727,285,72,41,21,58,13,8,23,23,8,9,4,11,1,1,42,NA,NA,NA,NA,652,u652
Stercorarius longicaudus,Long-tailed Jaeger,Stercorariidae,Charadriiformes,10,5,5,0,4,32.9,11.2,5.4,9.2,40.7,301.7,181.4,120.2,60.2,245.5,287.9,Dunning,NA,NO,NA,NA,Marine,3,3,Carnivore,Aquatic predator,Aerial,391,633,Stercorarius,longicaudus,NA,NA,Skuas and Jaegers,Stercorariidae,Charadriiformes,11,12,1,1,0,1,0,1,1,7,1,17,20.3,30.3,Lari,"Gulls, Terns, Auks, Crab Plover","Gulls, Terns, Auks, Crab Plover",Non-breeding migrant,1,0,0,0,0,0,0,0,1,0,2,LC,NA,LC,NA,LC,NA,LC,NA,LC,NA,not listed,NA,not listed,not listed,not listed,not listed,not listed,1,not listed,not listed,not listed,LC,not listed,not listed,not listed,not listed,not listed,Core,Core,Core,not listed,not listed,Core,not listed,not listed,not listed,not listed,not listed,not listed,not listed,not listed,not listed,1,present,probable,not listed,NA,not listed,NA,present,probable,vagrant,NA,0,0,37,35,58,293,218,360,281,234,360,313,258,358,288,218,358,HANZAB,2.96,3.07,-0.07,0,0,0,0,0,0,0,0,0,0,0,0,0,0,0,0,0,0,0,0,0,0,0,1,1,0,0,0,1,0,0,NA,NA,NA,NA,NA,NA,NA,NA,NA,NA,NA,NA,NA,NA,NA,NA,NA,0,0,0,0,0,0,0,0,0,1,0,1,1,1,NAV,2,1,3,NAV,NAV,1,0,0,0,0,0,NA,NA,NA,NA,0,0,1,0,0,marine inward,1,total,certain,2674,6631,13,NA,0.99,1.05,NA,NA,NA,NA,NA,NA,NA,NA,NA,NA,NA,NA,NA,NA,NA,NA,NA,356,318.489022,-10.4,-3.3,933,u933
Stercorarius parasiticus,Parasitic Jaeger,Stercorariidae,Charadriiformes,14,6,8,0,8,36.1,12,5.7,9,41.5,310.5,188.3,124.5,60.2,172,444.3,Dunning,NA,NO,NA,NA,Marine,3,3,Carnivore,Aquatic predator,Aerial,392,632,Stercorarius,parasiticus,NA,NA,Skuas and Jaegers,Stercorariidae,Charadriiformes,11,12,1,2,0,1,0,1,1,7,1,17,20.3,30.3,Lari,"Gulls, Terns, Auks, Crab Plover","Gulls, Terns, Auks, Crab Plover",Non-breeding migrant,1,0,0,0,0,0,0,0,1,0,2,LC,NA,LC,NA,LC,NA,LC,NA,LC,NA,not listed,NA,not listed,not listed,1,1,1,1,not listed,not listed,not listed,LC,not listed,not listed,not listed,not listed,not listed,Core,Core,Core,Core,Core,Core,Core,not listed,not listed,not listed,not listed,not listed,not listed,not listed,not listed,1,present,probable,present,probable,vagrant,NA,present,probable,present,possible,0,0,57,46,67,465,301,644,420,301,540,500,346,644,470,330,610,"HANZAB, del Hoyo et al. (1992-2013)",3.89,4.03,-0.06,0,0,0,0,0,0,0,0,0,0,0,0,0,0,0,0,0,0,0,0,0,0,1,1,1,1,1,0,1,0,0,NA,NA,NA,NA,NA,NA,NA,NA,NA,NA,NA,NA,NA,NA,NA,NA,NA,0,0,0,0,0,1,1,0,0,1,0,1,1,1,NAV,2,1,3,NAV,NAV,1,0,0,0,0,0,NA,NA,NA,NA,0,0,1,0,0,marine inward,1,total,certain,NAV,NAV,NAV,NA,0.85,0.96,NA,NA,NA,NA,NA,NA,NA,NA,NA,NA,NA,NA,NA,NA,NA,NA,NA,272,375,-20.8,-20,128,u128
Stercorarius pomarinus,Pomarine Jaeger,Stercorariidae,Charadriiformes,9,4,5,0,4,45.8,16.1,7.2,12.5,52,350.8,196.1,154.5,55.8,175.6,692.5,Dunning,NA,NO,NA,NA,Marine,3,3,Carnivore,Aquatic predator,Aerial,393,631,Stercorarius,pomarinus,NA,NA,Skuas and Jaegers,Stercorariidae,Charadriiformes,11,12,1,3,0,1,0,1,1,7,1,17,20.3,30.3,Lari,"Gulls, Terns, Auks, Crab Plover","Gulls, Terns, Auks, Crab Plover",Non-breeding migrant,1,0,0,0,0,0,0,0,1,0,2,LC,NA,LC,NA,LC,NA,LC,NA,LC,NA,not listed,NA,not listed,1,1,not listed,1,1,not listed,not listed,not listed,LC,not listed,not listed,not listed,not listed,not listed,Core,Core,Core,Core,Core,Core,Core,not listed,not listed,not listed,not listed,not listed,not listed,not listed,not listed,1,present,probable,present,probable,not listed,NA,present,probable,present,possible,0,0,72,65,78,695,530,917,647,530,797,734,576,917,700,550,850,"HANZAB, del Hoyo et al. (1992-2013)",4.79,4.96,-0.08,0,0,0,0,0,0,0,0,0,0,0,0,0,0,0,0,0,0,0,0,0,0,0,1,1,0,0,0,1,0,0,NA,NA,NA,NA,NA,NA,NA,NA,NA,NA,NA,NA,NA,NA,NA,NA,NA,0,0,0,0,0,0,0,1,0,1,0,1,1,1,NAV,2,1,3,NAV,NAV,1,0,0,0,0,0,NA,NA,NA,NA,0,0,1,0,0,marine inward,1,total,certain,NAV,NAV,NAV,NA,1.07,1.09,NA,NA,NA,NA,NA,NA,NA,NA,NA,NA,NA,NA,NA,NA,NA,NA,NA,NA,NA,NA,NA,945,u945
Sterna dougallii,Roseate Tern,Laridae,Charadriiformes,5,2,3,0,4,45.3,28.9,3.6,7,19.7,223.8,156,69.8,69.1,165.8,112,Dunning,NA,NO,NA,NA,Marine,3,3,Carnivore,Aquatic predator,Aerial,446,665,Sterna,dougallii,NA,NA,"Gulls, Terns and Noddies",Laridae,Charadriiformes,11,13,14,1,0,1,0,0,5,13,24,17,5.7,NA,Lari,"Gulls, Terns, Auks, Crab Plover","Gulls, Terns, Auks, Crab Plover",Australian,1,0,0,0,0,0,0,0,0,4,4,LC,NA,LC,NA,LC,NA,LC,NA,LC,NA,not listed,NA,not listed,not listed,not listed,not listed,not listed,1,not listed,not listed,not listed,LC,not listed,not listed,not listed,not listed,not listed,not listed,Core,Core,not listed,not listed,not listed,Core,not listed,not listed,not listed,not listed,not listed,not listed,not listed,not listed,1,present,probable,present,probable,not listed,NA,not listed,NA,present,possible,0,0,35,31,38,106,75,125,108,75,120,97.5,NAV,NAV,110,90,125,Cramp et al. (1977-1994),1.53,1.59,-0.06,0,0,0,0,0,0,0,0,0,0,0,0,0,0,0,0,0,0,0,0,0,0,0,0,1,0,0,1,0,0,0,0,0,0,0,0,0,0,0,0,0,0,0,1,0,0,0,0,0,0,0,0,0,0,0,0,0,1,0,0,1,1,NAV,1.1,1,3,39.8,28,1,0,0,0,0,0,0,1,0,0,0,1,1,0,0,marine outward,1,high,high,7853,6551,808,NA,1.23,1.16,NA,NA,NA,NA,NA,NA,NA,NA,NA,NA,NA,NA,NA,NA,NA,NA,NA,NA,NA,NA,NA,113,113
Sterna hirundo,Common Tern,Laridae,Charadriiformes,14,7,6,1,8,44.5,24.2,3.8,7,19.5,253.3,170.6,82.6,67.3,129.8,129.2,Dunning,NA,NO,NA,NA,Marine,3,3,Carnivore,Aquatic predator,Aerial,453,672,Sterna,hirundo,NA,NA,"Gulls, Terns and Noddies",Laridae,Charadriiformes,11,13,14,4,0,1,0,0,4,13,24,17,5.7,NA,Lari,"Gulls, Terns, Auks, Crab Plover","Gulls, Terns, Auks, Crab Plover",Non-breeding migrant,1,0,0,0,0,0,0,0,1,0,2,LC,NA,LC,NA,LC,NA,LC,NA,LC,NA,not listed,NA,not listed,1,1,1,1,1,not listed,not listed,not listed,LC,Rare,not listed,not listed,not listed,not listed,Core,Core,Core,Core,not listed,Core,Core,not listed,not listed,not listed,not listed,not listed,not listed,not listed,not listed,1,present,probable,present,probable,present,probable,vagrant,NA,not listed,NA,0,0,35,32,37,122,80,150,120,110,140,127,92,150,120,80,149,"HANZAB, Cramp et al. (1977-1994)",1.88,1.95,-0.03,0,0,0,0,0,0,0,0,0,0,0,0,0,0,0,0,0,0,0,0,0,0,0,0,1,1,1,1,0,0,0,NA,NA,NA,NA,NA,NA,NA,NA,NA,NA,NA,NA,NA,NA,NA,NA,NA,0,0,0,0,0,1,0,0,0,1,0,1,0,1,NAV,2.7,1,5,NAV,NAV,1,0,0,0,0,0,NA,NA,NA,NA,0,0,1,0,0,marine inward,1,total,certain,4755,16907,333,NA,1.06,1.09,NA,NA,NA,NA,NA,NA,NA,NA,NA,NA,NA,NA,NA,NA,NA,NA,NA,NA,NA,NA,NA,953,953
Sterna paradisaea,Arctic Tern,Laridae,Charadriiformes,9,4,5,0,4,37.8,22.8,3.8,7,16.1,262.7,181.1,80.9,69.1,179.6,110,Dunning,NA,NO,NA,NA,Coastal,3,3,Carnivore,Aquatic predator,Aerial,456,675,Sterna,paradisaea,NA,NA,"Gulls, Terns and Noddies",Laridae,Charadriiformes,11,13,14,5,0,1,0,1,1,13,24,17,5.7,11.7,Lari,"Gulls, Terns, Auks, Crab Plover","Gulls, Terns, Auks, Crab Plover",Vagrant,0,0,0,0,1,0,0,0,1,0,1,LC,NA,Vagrant,NA,Vagrant,NA,Vagrant,NA,Vagrant,NA,not listed,NA,not listed,not listed,not listed,not listed,not listed,1,not listed,not listed,not listed,LC,not listed,not listed,not listed,not listed,NA,NA,NA,NA,NA,NA,NA,NA,NA,NA,NA,NA,NA,NA,NA,NA,0,not listed,NA,not listed,NA,not listed,NA,present,possible,not listed,NA,NA,NA,NA,NA,NA,NA,NA,NA,NA,NA,NA,NA,NA,NA,NA,NA,NA,NA,NA,NA,NA,NA,NA,NA,NA,NA,NA,NA,NA,NA,NA,NA,NA,NA,NA,NA,NA,NA,NA,NA,NA,NA,NA,NA,NA,NA,NA,NA,NA,NA,NA,NA,NA,NA,NA,NA,NA,NA,NA,NA,NA,NA,NA,NA,NA,NA,NA,NA,NA,NA,NA,NA,NA,NA,NA,NA,NA,NA,NA,NA,NA,NA,NA,NA,NA,NA,NA,NAV,NAV,NA,NA,NA,NA,NA,NA,NA,NA,NA,NA,NA,NA,NA,NA,NA,vagrancy,1,total,certain,7072,17314,9,NA,NA,NA,NA,NA,NA,NA,NA,NA,NA,NA,NA,NA,NA,NA,NA,NA,NA,NA,NA,NA,NA,NA,NA,952,u952
Sterna striata,White-fronted Tern,Laridae,Charadriiformes,5,2,2,1,4,51.3,33.1,4.1,7.7,20.9,273.8,188.5,84.5,69,170,129,Dunning,NA,NO,NA,NA,Coastal,3,2,Carnivore,Aquatic predator,Aerial,450,669,Sterna,striata,NA,"Treated as monotypic following Marchant and Higgins (1990) and Dickinson and Remsen (2013), contra del Hoyo et al. (2014) who list three subspecies - incerta (Australian), striata (New Zealand) and aucklandorna (Auckland and Chatham Islands) but acknowledge the warrant study.","Gulls, Terns and Noddies",Laridae,Charadriiformes,11,13,14,2,0,1,0,1,1,13,24,17,5.7,11.7,Lari,"Gulls, Terns, Auks, Crab Plover","Gulls, Terns, Auks, Crab Plover",Australian,1,0,0,0,0,0,0,0,0,2,2,LC,NA,LC,NA,LC,NA,LC,NA,LC,NA,not listed,NA,not listed,not listed,not listed,not listed,not listed,1,not listed,not listed,not listed,LC,not listed,v,not listed,not listed,not listed,Core,not listed,Core,not listed,Core,Core,not listed,not listed,not listed,not listed,not listed,not listed,not listed,not listed,not listed,1,not listed,NA,not listed,NA,not listed,NA,present,possible,not listed,NA,1,0,39,35,43,141,103,200,139,108,200,144,103,198,NAV,NAV,NAV,HANZAB,NAV,NAV,-0.07,0,0,0,0,0,0,0,0,0,0,0,0,0,0,0,0,0,0,0,0,0,0,0,0,0,0,1,0,0,0,0,0,0,0,0,0,0,0,0,0,0,0,0,0,1,0,0,0,0,0,0,0,0,0,0,0,0,1,0,0,1,1,NAV,1.1,1,2,46.4,32.8,1,0,0,0,0,0,0,1,0,0,0,0,1,0,0,marine outward,1,low,low,666,2194,1,NA,1.3,1.39,NA,NA,NA,NA,NA,NA,NA,NA,NA,NA,NA,NA,NA,NA,NA,NA,NA,183,275,0.2,-2.2,114,u114
Sterna striata,White-fronted Tern,Laridae,Charadriiformes,5,2,2,1,4,51.3,33.1,4.1,7.7,20.9,273.8,188.5,84.5,69,170,129,Dunning,NA,NO,NA,NA,Coastal,3,2,Carnivore,Aquatic predator,Aerial,p13,p52,Sterna,striata,NA,see parent taxon,"Gulls, Terns and Noddies",Laridae,Charadriiformes,p11,13,14,2,0,1,0,1,NA,NA,NA,NA,NA,NA,Lari,"Gulls, Terns, Auks, Crab Plover","Gulls, Terns, Auks, Crab Plover",Non-breeding migrant population of Australian breeding taxon,0,1,0,0,0,0,0,0,1,0,4,LC,NA,LC,NA,LC,NA,LC,NA,LC,NA,not listed,NA,not listed,not listed,not listed,not listed,not listed,not listed,not listed,not listed,not listed,LC,not listed,not listed,not listed,not listed,not listed,Core,not listed,Core,not listed,Core,Core,not listed,not listed,not listed,not listed,not listed,not listed,not listed,not listed,not listed,1,not listed,NA,not listed,NA,not listed,NA,present,certain,not listed,NA,NA,NA,39,35,43,NA,NA,NA,NA,NA,NA,NA,NA,NA,NA,NA,NA,NA,NA,NA,NA,NA,NA,NA,NA,NA,NA,NA,NA,NA,NA,NA,NA,NA,NA,NA,NA,NA,NA,NA,NA,NA,NA,NA,NA,NA,NA,NA,NA,NA,NA,NA,NA,NA,NA,NA,NA,NA,NA,NA,NA,NA,NA,NA,NA,NA,NA,NA,NA,NA,NA,NA,NA,NA,NA,NA,NA,NA,NA,NA,0,1,1,NA,NA,NA,NA,NA,NA,NA,NA,NA,NA,NA,NA,NA,NA,NA,NA,NA,NA,NA,NA,NA,marine inward,1,total,certain,NAV,NAV,NAV,NA,NA,NA,NA,NA,NA,NA,NA,NA,NA,NA,NA,NA,NA,NA,NA,NA,NA,NA,NA,NA,NA,NA,NA,114,u114
Sterna sumatrana,Black-naped Tern,Laridae,Charadriiformes,4,2,2,0,4,39.1,25,3.5,6,18.5,215.5,142,73.5,65.9,120.5,106,Dunning,NA,NO,NA,NA,Marine,3,2,Carnivore,Aquatic predator,Aerial,451,670,Sterna,sumatrana,NA,NA,"Gulls, Terns and Noddies",Laridae,Charadriiformes,11,13,14,3,0,1,0,0,2,13,24,17,5.7,NA,Lari,"Gulls, Terns, Auks, Crab Plover","Gulls, Terns, Auks, Crab Plover",Australian,1,0,0,0,0,0,0,0,0,4,4,LC,NA,LC,NA,LC,NA,LC,NA,LC,NA,not listed,NA,not listed,1,1,not listed,1,1,not listed,not listed,not listed,LC,not listed,not listed,not listed,not listed,not listed,not listed,Core,Core,not listed,not listed,not listed,not listed,not listed,not listed,not listed,not listed,not listed,not listed,not listed,not listed,1,present,probable,present,probable,present,probable,not listed,NA,present,possible,0,0,31,30,32,102,90,120,106,90,120,106,98,120,99,98,100,del Hoyo et al. (1992-2013),1.31,1.36,-0.12,0,0,0,0,0,0,0,0,0,0,0,0,0,0,0,0,0,0,0,0,0,0,0,0,0,0,0,1,0,0,0,0,0,0,0,0,0,0,0,0,0,0,0,1,1,0,0,0,0,0,0,0,0,0,0,0,0,1,0,0,0,1,NAV,1.5,1,3,39.9,28.2,1,0,0,0,0,0,0,1,0,0,1,1,0,0,0,marine outward,1,high,low,3115,1203,37,NA,1.31,1.21,NA,NA,NA,NA,NA,NA,NA,NA,NA,NA,NA,NA,NA,NA,NA,NA,NA,149,225,4.5,2.7,119,119
Sternula albifrons,Little Tern,Laridae,Charadriiformes,5,3,2,0,4,33.5,22.9,3.2,5.8,15.4,169.6,117,50.5,69.8,80,57,Dunning,NA,NO,NA,NA,Coastal,3,3,Carnivore,Aquatic predator,Aerial,431,650,Sternula,albifrons,NA,NA,"Gulls, Terns and Noddies",Laridae,Charadriiformes,11,13,9,1,0,1,0,0,4,7,24,17,7,NA,Lari,"Gulls, Terns, Auks, Crab Plover","Gulls, Terns, Auks, Crab Plover",Australian,1,0,0,0,0,0,0,0,0,2,6,LC,NA,LC,NA,LC,NA,LC,NA,LC,NA,not listed,NA,A2S,1,1,1,1,1,not listed,EN,not listed,EN,EN,not listed,Th,not listed,not listed,Core,Core,Core,Core,Core,Core,Core,not listed,not listed,not listed,not listed,not listed,not listed,not listed,not listed,1,present,probable,present,probable,present,probable,present,possible,present,possible,0,0,24,20,28,51.5,35,108,55.2,35,108,51.1,39,68,49.8,47,63,del Hoyo et al. (1992-2013),1.03,1.07,-0.06,0,0,0,0,0,0,0,0,0,0,0,0,1,0,0,0,0,0,0,0,0,0,0,0,0,0,1,1,0,0,0,0,0,0,0,0,0,0,0,0,0,0,0,1,0,0,0,0,0,0,0,0,0,0,0,0,0,1,1,0,0,1,NAV,2.2,1,3,32.2,24.1,1,0,0,0,0,0,1,1,0,0,1,1,0,0,0,marine outward,1,medium,low,6512,8639,1944,NA,1.23,1.16,NA,NA,NA,NA,NA,NA,NA,NA,NA,NA,NA,NA,NA,NA,NA,NA,NA,NA,NA,NA,NA,117,117
Sternula nereis,Australian Fairy Tern,Laridae,Charadriiformes,5,3,1,1,4,35.3,23.5,3.5,6.5,15.1,178.2,126,54,70,80.6,72.3,Dunning,NA,NO,NA,NA,Coastal,3,2,Carnivore,Aquatic predator,Aerial,434,652,Sternula,nereis,NA,NA,"Gulls, Terns and Noddies",Laridae,Charadriiformes,11,13,9,3,0,1,0,0,3,7,24,17,7,NA,Lari,"Gulls, Terns, Auks, Crab Plover","Gulls, Terns, Auks, Crab Plover",Australian,1,0,0,0,0,0,0,0,0,6,6,VU,C1,LC,NA,LC,NA,VU,C1,VU,C1,not listed,NA,not listed,not listed,not listed,not listed,not listed,1,not listed,not listed,not listed,LC,EN,not listed,not listed,VU,not listed,not listed,not listed,not listed,Core,Core,Core,Core,not listed,not listed,not listed,not listed,not listed,not listed,not listed,Core,1,not listed,NA,not listed,NA,not listed,NA,present,none,present,certain,0,0,25,22,27,67.8,57,81,68.4,57,80,68.2,64,80,NAV,NAV,NAV,NAV,NAV,NAV,-0.06,0,0,0,0,0,0,0,0,0,0,0,0,0,0,0,0,0,0,0,0,0,0,0,0,0,0,1,1,0,0,0,0,0,0,0,0,0,0,0,0,0,0,0,1,0,0,0,0,0,0,0,0,0,0,0,0,0,1,0,0,0,1,NAV,1.5,1,4,35.5,25,1,0,0,0,0,0,1,1,0,0,1,1,0,0,0,marine outward,1,high,low,6287,517,407,NA,1.15,1.15,NA,NA,NA,NA,NA,NA,NA,NA,NA,NA,NA,NA,NA,NA,NA,NA,NA,NA,NA,NA,NA,118,118
Stictonetta naevosa,Freckled Duck,Anatidae,Anseriformes,4,0,2,2,4,57.9,40.5,16.2,16.8,38.9,232.5,110,122.5,47.3,62,903.3,Dunning,NA,NO,NA,NA,Wetland,3,2,Herbivore,Herbivore aquatic,Generalist,41,42,Stictonetta,naevosa,NA,NA,"Ducks, Geese and Swans",Anatidae,Anseriformes,2,2,13,1,0,1,0,1,1,1,53,3,18.5,28.2,Anatinae,"Ducks, Geese, Other Waterfowl, Screamers","Ducks, Geese, Other Waterfowl, Screamers",Endemic (entirely Australian),1,0,0,0,0,0,1,0,0,7,7,LC,NA,LC,NA,LC,NA,LC,NA,LC,NA,not listed,NA,not listed,not listed,not listed,not listed,not listed,not listed,not listed,VU,not listed,NT,VU,not listed,Th,not listed,Core,Core,Core,Core,Core,not listed,Core,Core,not listed,not listed,not listed,not listed,not listed,not listed,not listed,not listed,0,not listed,NA,not listed,NA,not listed,NA,not listed,NA,not listed,NA,0,0,54,51,56,912,640,1200,984,747,1200,840,640,1000,NAV,NAV,NAV,HANZAB,4.41,4.57,-0.18,0,0,0,0,0,0,0,0,0,0,0,1,1,1,0,1,0,0,0,0,0,0,0,0,0,0,0,0,0,0,0,0,0,0,0,0,0,0,0,0,0,0,1,0,0,0,0,0,0,0,1,1,0,0,0,0,0,0,1,0,0,1,41,6,5,14,62.6,46.8,0,0,0,0,0,0,1,0,0,0,0,0,0,1,1,none,0,nil,certain,1120,424,10,0.54,1.21,1.14,1844,1248,60,106,67,117,131,71,182,14,9,7,9,4,33,3,20,NA,NA,NA,NA,214,u214
Stiltia isabella,Australian Pratincole,Glareolidae,Charadriiformes,5,2,3,0,4,19.5,9.7,4.8,5.3,47.8,206,128.6,78.2,62.2,55,65.5,Dunning,NA,NO,NA,NA,Grassland,3,2,Carnivore,Invertivore,Terrestrial,389,627,Stiltia,isabella,NA,NA,Pratincoles,Glareolidae,Charadriiformes,11,11,1,1,0,1,0,1,1,1,4,17,24.5,34.8,Lari,"Gulls, Terns, Auks, Crab Plover","Gulls, Terns, Auks, Crab Plover",Australian,1,0,0,0,0,0,0,0,0,7,6,LC,NA,LC,NA,LC,NA,LC,NA,LC,NA,not listed,NA,not listed,not listed,not listed,not listed,not listed,1,not listed,not listed,not listed,LC,not listed,not listed,not listed,not listed,not listed,Core,Core,Core,Core,not listed,Core,Core,not listed,not listed,not listed,not listed,not listed,not listed,not listed,not listed,0,present,certain,present,certain,present,certain,not listed,NA,vagrant,NA,0,0,27,19,34,63.7,41,75,64.9,55,75,62.5,41,75,NAV,NAV,NAV,HANZAB,1.05,1.09,-0.09,0,1,0,0,1,0,0,0,0,0,0,0,0,1,0,1,0,0,0,0,0,0,0,0,0,0,0,0,0,1,0,0,1,0,0,0,0,0,0,0,0,0,0,0,0,0,0,0,0,0,1,0,0,1,0,0,0,0,0,0,0,1,NAV,1.9,1,2,30,23.5,1,0,0,0,0,0,1,1,0,0,0,0,1,0,0,annual outward migration Non-marine,1,low,certain,NAV,NAV,NAV,0.538,1.19,1.16,4845,2153,69,40,17,80,39,25,48,19,6,17,2,15,8,2,31,281,575,-9,-11,173,u173
Stipiturus malachurus,Southern Emuwren,Maluridae,Passeriformes,15,6,9,0,4,11.2,5.4,2,2.5,18.6,42.2,7,36.3,16.1,95.3,7.3,Dunning,NA,NO,NA,NA,Shrubland,3,1,Carnivore,Invertivore,Generalist,1037,1037,Stipiturus,malachurus,NA,NA,"Fairy-wrens, Emu-wrens and Grasswrens",Maluridae,Passeriformes,22,6,2,1,0,1,0,0,8,3,6,136,7.4,NA,BC4,Australasian Wrens,"Honeyeaters, Thornbills, Bristlebirds, Australasian Wrens, Allies",Endemic (entirely Australian),1,0,0,0,0,0,1,0,0,7,7,LC,NA,LC,NA,LC,NA,LC,NA,LC,NA,not listed,NA,not listed,not listed,not listed,not listed,not listed,not listed,not listed,not listed,not listed,VU,not listed,not listed,not listed,not listed,not listed,Core,not listed,Core,Core,Core,Core,Core,not listed,not listed,not listed,not listed,not listed,not listed,not listed,not listed,0,not listed,NA,not listed,NA,not listed,NA,not listed,NA,not listed,NA,0,0,16,14,19,7.2,5,9,7.3,5.5,9,7.2,5,8.3,NAV,NAV,NAV,"HANZAB, R.Johnstone (pers.comm.), Mt Lofty Southern Emu-wren Recovery Team (1998), South Australian Museum",0.4,0.41,0,0,1,1,0,0,1,0,1,0,0,0,0,0,0,0,0,0,0,0,0,0,0,0,0,0,0,0,0,0,0,0,0,1,1,0,0,1,0,1,0,0,0,0,0,0,0,0,0,0,0,0,0,0,1,0,0,0,0,0,0,1,1,7,2.8,2,4,16.4,12.8,0,1,0,0,0,0,1,0,0,0,1,0,0,0,0,none,0,nil,certain,1356,5,41,1.449,1.15,1.11,238,168,59,65,38,86,45,27,80,7,25,51,7,0,0,7,3,NA,NA,NA,NA,526,526
Strepera graculina,Pied Currawong,Artamidae,Passeriformes,18,5,12,1,4,59.6,37.1,14.3,19.8,52.6,260.6,76.7,182.5,29.6,193.8,298.9,Dunning,NA,NO,NA,NA,Forest,2,1,Omnivore,Omnivore,Generalist,1566,1599,Strepera,graculina,NA,NA,"Woodswallows, Currawongs, Butcherbirds and Magpie",Artamidae,Passeriformes,22,22,1,2,0,1,0,0,6,3,6,136,7.4,NA,CC7,"Shrike-Flycatchers, Helmetshrikes, Vangas, Butcherbirds, Woodswallows, Allies","Cuckoo-Shrikes, Helmetshrikes, Shrike-Flycatchers, Vangas, Whipbirds, Shrike-Thrushes, Whistlers, Shrikes, Monarchs, Vireos, Orioles, Drongos, Fantails, Birds Of Paradise, Crows, Jays, Allies",Endemic (entirely Australian),1,0,0,0,0,0,1,0,0,7,7,LC,NA,LC,NA,LC,NA,LC,NA,LC,NA,not listed,NA,not listed,not listed,not listed,not listed,not listed,not listed,not listed,not listed,not listed,LC,not listed,not listed,not listed,not listed,Core,Core,not listed,Core,not listed,not listed,Core,not listed,not listed,Core,not listed,not listed,not listed,not listed,not listed,not listed,0,not listed,NA,not listed,NA,not listed,NA,not listed,NA,not listed,NA,0,0,48,44,50,308,220,410,328,240,410,287,220,340,NAV,NAV,NAV,HANZAB,5.34,5.53,0.18,1,0,0,0,0,0,1,1,1,1,0,0,0,0,0,0,0,0,0,0,0,0,0,0,0,0,0,0,0,1,1,1,0,0,0,0,0,1,1,1,1,0,0,0,0,0,1,1,1,0,1,0,0,1,1,0,0,0,0,1,1,1,15.1,3.1,1,4,41.5,28.9,0,1,0,0,0,0,1,0,0,0,1,1,0,0,0,none,0,nil,certain,8815,360,1657,0.867,0.61,0.81,991,167,86,53,30,75,12,10,20,0,3,6,0,25,1,0,64,NA,NA,NA,NA,694,694
Strepera versicolor,Gray Currawong,Artamidae,Passeriformes,15,4,8,3,4,65.4,43.9,13.4,20.1,63,267.3,71.8,196.1,26.8,213.7,395.5,Dunning,NA,NO,NA,NA,Forest,2,1,Carnivore,Omnivore,Terrestrial,1573,1610,Strepera,versicolor,NA,NA,"Woodswallows, Currawongs, Butcherbirds and Magpie",Artamidae,Passeriformes,22,22,1,3,0,1,0,0,6,3,6,136,7.4,NA,CC7,"Shrike-Flycatchers, Helmetshrikes, Vangas, Butcherbirds, Woodswallows, Allies","Cuckoo-Shrikes, Helmetshrikes, Shrike-Flycatchers, Vangas, Whipbirds, Shrike-Thrushes, Whistlers, Shrikes, Monarchs, Vireos, Orioles, Drongos, Fantails, Birds Of Paradise, Crows, Jays, Allies",Endemic (entirely Australian),1,0,0,0,0,0,1,0,0,7,7,LC,NA,LC,NA,LC,NA,LC,NA,LC,NA,not listed,NA,not listed,not listed,not listed,not listed,not listed,not listed,not listed,not listed,not listed,LC,not listed,not listed,not listed,not listed,Core,Core,Core,not listed,Core,Core,Core,Core,not listed,not listed,not listed,not listed,not listed,not listed,not listed,not listed,0,not listed,NA,not listed,NA,not listed,NA,not listed,NA,not listed,NA,0,0,52,44,57,388,300,515,409,320,515,368,300,500,NAV,NAV,NAV,HANZAB,5.97,6.18,0.17,1,0,0,0,0,1,0,1,1,0,0,0,0,0,0,0,0,0,0,0,0,0,0,0,0,0,0,0,0,1,0,1,0,0,0,0,1,0,1,1,0,0,0,0,0,0,1,0,1,0,0,0,0,1,1,0,0,0,0,1,1,1,NAV,2.6,1,5,43.2,30.5,0,1,0,0,0,0,1,0,0,NAV,1,1,0,0,0,none,0,nil,certain,7162,25,382,0.868,0.71,0.87,1133,309,79,60,39,86,12,8,22,69,22,3,1,1,0,0,3,NA,NA,NA,NA,697,697
Struthidea cinerea,Apostlebird,Corcoracidae,Passeriformes,8,3,5,0,4,25.1,13.3,7.7,11.4,39,146.6,24.3,124.7,16.3,153.5,132,Dunning,NA,NO,NA,NA,Shrubland,2,1,Omnivore,Omnivore,Terrestrial,1697,1697,Struthidea,cinerea,NA,NA,Chough and Apostlebird,Corcoracidae,Passeriformes,22,28,2,1,0,1,0,0,2,1,2,136,15.4,NA,CC8,"Shrikes, Monarchs, Drongos, Fantails, Birds Of Paradise, Crows, Jays, Allies","Cuckoo-Shrikes, Helmetshrikes, Shrike-Flycatchers, Vangas, Whipbirds, Shrike-Thrushes, Whistlers, Shrikes, Monarchs, Vireos, Orioles, Drongos, Fantails, Birds Of Paradise, Crows, Jays, Allies",Endemic (entirely Australian),1,0,0,0,0,0,1,0,0,7,7,LC,NA,LC,NA,LC,NA,LC,NA,LC,NA,not listed,NA,not listed,not listed,not listed,not listed,not listed,not listed,not listed,not listed,not listed,LC,not listed,not listed,Th,not listed,not listed,Core,Core,Core,Core,not listed,Core,not listed,not listed,not listed,not listed,not listed,not listed,not listed,not listed,not listed,0,not listed,NA,not listed,NA,not listed,NA,not listed,NA,not listed,NA,0,0,31,29,33,136,110,160,131,111,150,142,112,160,NAV,NAV,NAV,HANZAB,2.98,3.09,0.14,1,1,0,0,0,1,1,1,0,0,0,0,0,0,0,0,0,0,0,0,0,0,0,0,0,0,0,0,0,1,1,1,1,0,0,0,1,1,1,0,0,0,0,0,0,0,1,1,0,0,1,0,0,1,1,0,0,0,0,0,0,1,20.7,3.9,2,8,30,21.9,0,1,0,0,0,0,1,0,0,1,1,0,0,0,0,none,0,nil,certain,3416,2,259,0.591,0.89,0.92,2296,2295,50,62,38,75,39,16,65,3,4,43,0,14,9,2,26,NA,NA,NA,NA,675,675
Struthio camelus,Common Ostrich,Struthionidae,Struthioniformes,5,1,3,1,4,90.5,51.2,47.3,23.4,481.2,579,0.3,578.7,0.1,309.2,111000,Dunning,NA,NO,NA,NA,Shrubland,3,1,Herbivore,Omnivore,Terrestrial,1,1,Struthio,camelus,NA,NA,Ostriches,Struthionidae,Struthioniformes,1,1,1,1,0,1,0,0,4,2,1,5,46.4,NA,Paleognathae,Paleognaths,Paleognaths,Introduced,0,0,0,1,0,0,0,0,0,2,2,LC,NA,Introduced,NA,Introduced,NA,Introduced,NA,Introduced,NA,not listed,NA,not listed,not listed,not listed,not listed,not listed,not listed,not listed,not listed,not listed,not listed,not listed,not listed,not listed,not listed,not listed,not listed,not listed,not listed,Introduced,not listed,not listed,not listed,not listed,not listed,not listed,not listed,not listed,not listed,not listed,not listed,0,not listed,NA,not listed,NA,not listed,NA,not listed,NA,not listed,NA,NA,NA,225,175,275,114000,90000,156000,128000,100000,156000,100000,90000,110000,NAV,NAV,NAV,del Hoyo et al. (1992-2013),NA,NA,NA,0,1,0,0,0,0,0,0,0,0,0,0,0,0,0,0,0,0,0,0,0,0,0,0,0,0,0,0,1,0,0,0,1,0,0,0,0,0,0,0,0,0,0,0,0,1,0,0,0,0,1,1,0,0,0,0,0,0,0,0,0,1,NAV,16,5,38,159,130,1,0,0,0,0,0,1,0,0,0,1,0,0,0,0,none,0,nil,certain,NAV,NAV,NAV,NA,NA,NA,NA,NA,NA,NA,NA,NA,NA,NA,NA,NA,NA,NA,NA,NA,NA,NA,NA,NA,NA,NA,NA,928,928
Sturnus vulgaris,European Starling,Sturnidae,Passeriformes,28,11,17,0,10,30.2,18.5,6.6,6.5,29,128.3,49.2,79.1,38.4,65.8,77.1,Dunning,NA,NO,NA,NA,Human Modified,3,2,Omnivore,Omnivore,Insessorial,1919,1874,Sturnus,vulgaris,NA,NA,Starlings,Sturnidae,Passeriformes,22,45,1,1,0,1,0,0,13,2,34,136,4.8,NA,M4,"Mockingbirds, Thrashers, Philippine Creepers, Starlings","Mockingbirds, Thrashers, Philippine Creepers, Starlings",Introduced,0,0,0,1,0,0,0,0,0,3,3,LC,NA,Introduced,NA,Introduced,NA,Introduced,NA,Introduced,NA,not listed,NA,not listed,not listed,not listed,not listed,not listed,not listed,not listed,not listed,not listed,not listed,not listed,not listed,not listed,not listed,Introduced,Introduced,Introduced,Introduced,Introduced,Introduced,Introduced,Introduced,Introduced,Introduced,not listed,Introduced,not listed,not listed,not listed,not listed,0,vagrant,NA,not listed,NA,not listed,NA,present,none,not listed,NA,NA,NA,21,19,22,77.5,55,100,NAV,NAV,NAV,NAV,NAV,NAV,77.5,55,100,del Hoyo et al. (1992-2013),NA,NA,NA,0,1,0,0,1,1,0,1,1,0,0,0,0,0,0,0,0,0,0,0,0,0,0,0,0,0,0,0,1,1,1,1,0,0,0,0,1,0,1,1,0,0,0,0,1,1,1,1,1,0,1,0,0,1,0,0,1,0,1,0,0,1,13.6,4.6,2,9,30,21,0,0,0,0,1,0,1,1,0,0,1,0,0,1,0,probable irregular outward dispersal,1,low,low,5166,1087,3892,NA,NA,NA,NA,NA,NA,NA,NA,NA,NA,NA,NA,NA,NA,NA,NA,NA,NA,NA,NA,NA,NA,NA,NA,999,999
Sula dactylatra,Masked Booby,Sulidae,Suliformes,4,2,2,0,4,96,96,26.2,34.2,54,412.2,257.2,155,62.4,171.2,1732.1,Dunning,NA,NO,NA,NA,Marine,3,2,Carnivore,Aquatic predator,Aerial,670,343,Sula,dactylatra,NA,NA,Gannets and Boobies,Sulidae,Pelecaniformes,15,6,3,3,0,1,0,0,4,6,3,10,17.7,NA,Sulidae,"Cormorants, Anhingas, Gannets, Frigatebirds","Cormorants, Anhingas, Gannets, Frigatebirds",Australian,1,0,0,0,0,0,0,0,0,2,2,LC,NA,LC,NA,LC,NA,LC,NA,LC,NA,not listed,NA,not listed,not listed,1,1,1,1,not listed,VU,not listed,LC,not listed,not listed,not listed,not listed,not listed,not listed,not listed,Core,not listed,not listed,not listed,Core,Core,Core,not listed,not listed,not listed,Core,not listed,Core,1,present,certain,present,certain,present,probable,not listed,NA,present,probable,0,0,80,75,85,2040,1500,2700,1890,1500,2500,2190,1520,2700,NAV,NAV,NAV,HANZAB,NAV,NAV,0.07,0,0,0,0,0,0,0,0,0,0,0,0,0,0,0,0,0,0,0,0,0,0,0,0,1,0,0,1,0,0,0,0,0,0,0,0,0,0,0,0,0,0,0,1,1,0,0,0,0,0,0,0,0,0,0,0,0,1,0,1,0,0,NAV,1.6,1,2,63.9,45.5,1,0,0,0,0,0,0,1,0,0,0,0,1,0,0,marine outward,1,high,high,9066,3152,2812,NA,1.28,1.26,NA,NA,NA,NA,NA,NA,NA,NA,NA,NA,NA,NA,NA,NA,NA,NA,NA,261,375,-6.4,5.1,105,105
Sula leucogaster,Brown Booby,Sulidae,Suliformes,5,1,2,2,4,100.9,86.9,20.5,30.1,35.7,388.6,232,159,59.3,204.4,1288.8,Dunning,NA,NO,NA,NA,Marine,3,2,Carnivore,Aquatic predator,Aerial,668,348,Sula,leucogaster,NA,NA,Gannets and Boobies,Sulidae,Pelecaniformes,15,6,3,2,0,1,0,0,4,6,3,10,17.7,NA,Sulidae,"Cormorants, Anhingas, Gannets, Frigatebirds","Cormorants, Anhingas, Gannets, Frigatebirds",Australian,1,0,0,0,0,0,0,0,0,4,4,LC,NA,LC,NA,LC,NA,LC,NA,LC,NA,not listed,NA,not listed,1,1,1,1,1,not listed,not listed,not listed,LC,not listed,not listed,not listed,not listed,not listed,Core,Core,Core,not listed,not listed,not listed,Core,not listed,not listed,not listed,not listed,Core,Core,not listed,Core,1,present,certain,present,certain,present,probable,vagrant,NA,present,probable,0,0,70,65,75,1080,724,1550,959,724,1400,1200,898,1550,NAV,NAV,NAV,"HANZAB, Cramp et al. (1977-1994)",9.04,9.37,0.07,0,0,0,0,0,0,0,0,0,0,0,0,0,0,0,0,0,0,0,0,0,0,0,0,1,0,0,1,0,0,0,0,0,0,0,0,0,0,0,0,0,0,0,1,1,0,0,0,0,0,0,0,0,0,0,0,0,1,0,1,0,1,NAV,2,1,3,61.8,41.8,1,0,0,0,0,0,0,1,0,0,0,0,1,0,0,marine outward,1,low,low,9116,6284,628,NA,1.28,1.22,NA,NA,NA,NA,NA,NA,NA,NA,NA,NA,NA,NA,NA,NA,NA,NA,NA,413,725,-6.2,-0.8,102,102
Synoicus chinensis,Blue-breasted Quail,Phasianidae,Galliformes,13,6,7,0,4,13,7.4,3.3,4.2,19,69.7,16.3,57,22.2,27,40.4,Dunning,NA,NO,NA,NA,Grassland,2,1,Herbivore,Omnivore,Terrestrial,64,26,Synoicus,chinensis,NA,Genus name from Dickinson and Remsen (2013) and del Hoyo et al. (2014),Pheasants and Quail,Phasianidae,Galliformes,3,4,3,2,0,1,0,0,8,3,52,5,10.9,NA,Phasianidae,"Pheasants, Quail, Guineafowl","Pheasants, Quail, Guineafowl",Australian,1,0,0,0,0,0,0,0,0,4,4,LC,NA,LC,NA,LC,NA,LC,NA,LC,NA,not listed,NA,not listed,not listed,not listed,not listed,not listed,not listed,not listed,not listed,not listed,LC,EN,not listed,Th,not listed,not listed,Core,Core,Core,Core,not listed,Core,Core,not listed,not listed,not listed,not listed,not listed,not listed,not listed,not listed,0,present,none,present,none,present,none,not listed,NA,not listed,NA,0,0,14,12,15,38.3,30.5,48,41,34.5,48,35.6,30.5,41,NAV,NAV,NAV,HANZAB,0.56,0.58,-0.26,0,0,1,0,1,0,0,0,0,0,0,0,0,0,1,1,0,0,0,0,0,0,0,0,0,0,0,0,1,0,0,0,0,1,0,1,0,0,0,0,0,0,1,0,0,1,0,0,0,0,1,1,0,1,0,0,0,0,0,0,1,1,NAV,6,4,9,26.8,19.7,1,0,0,0,0,0,1,0,0,0,1,0,0,0,0,none,0,nil,certain,NAV,NAV,NAV,0.709,1.18,1.12,635,347,65,87,40,132,69,23,214,13,7,1,5,60,1,3,11,NA,NA,NA,NA,12,12
Tachybaptus novaehollandiae,Australasian Grebe,Podicipedidae,Podicipediformes,6,2,2,2,1,23,11.6,4.7,6.4,34.7,102,32.2,69.8,31.5,26.7,219,Dunning,NA,NO,NA,NA,Wetland,3,1,Carnivore,Aquatic predator,Aquatic,76,82,Tachybaptus,novaehollandiae,NA,NA,Grebes,Podicepidae,Podicepiformes,4,2,3,2,0,1,0,0,7,5,6,2,25.5,NA,Podicipedidae,Grebes,"Flamingos, Grebes",Australian,1,0,0,0,0,0,0,0,0,6,6,LC,NA,LC,NA,LC,NA,LC,NA,LC,NA,not listed,NA,not listed,not listed,not listed,not listed,not listed,not listed,not listed,not listed,not listed,LC,not listed,not listed,not listed,not listed,Core,Core,Core,Core,Core,Core,Core,Core,not listed,not listed,not listed,not listed,not listed,not listed,not listed,not listed,0,present,certain,present,probable,present,probable,present,certain,present,none,0,0,24,23,25,184,95.6,281,193,159,227,105,95.6,113,219,166,281,HANZAB,1.66,1.72,-0.17,0,0,0,0,0,0,0,0,0,0,0,1,1,1,0,0,0,0,0,0,0,0,0,0,0,0,1,0,0,1,1,0,0,0,0,0,0,0,0,0,0,0,1,0,0,0,1,1,0,0,0,0,0,0,0,0,0,0,1,1,1,0,NAV,4.1,2,6,36,25.2,0,0,0,0,0,1,1,1,0,0,1,1,0,1,0,probable irregular outward dispersal,1,low,low,NAV,NAV,NAV,0.438,1.14,1.09,6498,1421,82,100,99,100,22,22,22,13,10,0,19,6,2,27,22,NA,NA,NA,NA,61,61
Tadorna tadornoides,Australian Shelduck,Anatidae,Anseriformes,4,0,1,3,4,51,33.3,19,15.8,61.9,353.5,177,176.5,50.1,106,1418.7,Dunning,NA,NO,NA,NA,Wetland,3,2,Omnivore,Omnivore,Terrestrial,26,52,Tadorna,tadornoides,NA,NA,"Ducks, Geese and Swans",Anatidae,Anseriformes,2,2,8,1,0,1,0,1,1,6,53,3,10.2,18,Anatinae,"Ducks, Geese, Other Waterfowl, Screamers","Ducks, Geese, Other Waterfowl, Screamers",Endemic (entirely Australian),1,0,0,0,0,0,1,0,0,7,7,LC,NA,LC,NA,LC,NA,LC,NA,LC,NA,not listed,NA,not listed,not listed,not listed,not listed,not listed,not listed,not listed,not listed,not listed,LC,not listed,not listed,not listed,not listed,Core,Core,not listed,Core,Core,Core,Core,Core,not listed,not listed,not listed,not listed,not listed,not listed,not listed,not listed,0,not listed,NA,not listed,NA,not listed,NA,vagrant,NA,not listed,NA,0,0,64,56,72,1430,878,1980,1560,990,1980,1290,878,1850,NAV,NAV,NAV,HANZAB,5.83,6.04,-0.18,0,0,0,0,1,0,0,0,0,0,0,0,1,1,0,1,1,0,1,1,0,0,0,0,0,0,1,0,0,1,0,0,0,0,0,1,0,0,1,0,0,0,0,0,1,0,1,0,0,0,0,1,0,0,0,0,1,0,1,0,1,1,121.6,9.3,8,14,68.9,48.5,1,1,0,0,1,0,1,0,0,0,0,0,1,0,0,irregular outward dispersal,0,nil,certain,4788,1106,1934,0.688,0.91,0.94,2145,689,76,72,50,93,27,9,54,72,5,5,7,5,2,1,3,NA,NA,NA,NA,207,u207
Taeniopygia guttata,Zebra Finch,Estrildidae,Passeriformes,17,9,8,0,7,10.6,7.1,5.7,6.5,13.3,54.1,11.2,39.2,22.2,35.1,12,Dunning,NA,NO,NA,NA,Grassland,2,2,Herbivore,Granivore,Terrestrial,1801,1887,Taeniopygia,guttata,NA,NA,Weaver Finches,Estrildidae,Passeriformes,22,33,7,1,0,1,0,0,2,2,34,136,4.8,NA,P7,"Waxbills, Allies","Weavers, Waxbills, Allies",Australian,1,0,0,0,0,0,0,0,0,6,6,LC,NA,LC,NA,LC,NA,LC,NA,LC,NA,not listed,NA,not listed,not listed,not listed,not listed,not listed,not listed,not listed,not listed,not listed,LC,Unprotected,not listed,not listed,not listed,Core,Core,Core,Core,Core,not listed,Core,Core,not listed,not listed,not listed,not listed,not listed,not listed,not listed,not listed,0,not listed,NA,present,none,present,none,not listed,NA,not listed,NA,0,0,11,9,12,11.1,9.4,20,11,10,20,11.2,9.4,16.2,NAV,NAV,NAV,HANZAB,0.44,0.46,-0.08,1,0,0,1,1,1,1,1,0,0,0,0,0,0,0,0,0,0,0,0,0,0,0,0,0,0,0,0,0,1,1,1,0,0,1,1,1,1,1,0,0,0,0,0,0,0,1,0,0,0,1,0,0,0,0,0,0,0,0,0,1,1,NAV,4.4,2,8,15.1,10.9,0,1,0,0,0,0,0,1,0,0,1,0,0,1,1,none,0,nil,certain,1579,168,7624,0.461,1.07,1.05,6342,517,92,100,98,102,15,10,19,9,24,42,1,18,2,0,5,NA,NA,NA,NA,653,653
Thalassarche bulleri,Buller's Albatross,Diomedeidae,Procellariiformes,5,0,4,1,2,121.9,87.7,21.1,32.8,77.5,501.2,327.5,165,66.4,207.6,2781.5,Dunning,NA,NO,NA,NA,Marine,3,2,Carnivore,Aquatic predator,Aquatic,518,237,Thalassarche,bulleri,NA,Genus from Brooke (2004). Robertson and Nunn (1998) split into T. bulleri and T. platei but retained here as single species following Brooke (2004) and ACAP (2006),Albatrosses,Diomedeidae,Procellariformes,14,2,4,6,0,1,0,0,2,5,4,4,23.2,NA,Procellariidae,"Albatrosses, Shearwaters, Petrels","Albatrosses, Shearwaters, Petrels",Non-breeding migrant,1,0,0,0,0,0,0,0,1,0,4,NT,D2,NT,D2,NT,D2,NT,D2,NT,D2,VU,2000,A2S,not listed,not listed,not listed,1,1,not listed,not listed,not listed,VU,VU,not listed,Th,not listed,not listed,Core,not listed,not listed,not listed,Core,Core,not listed,not listed,not listed,not listed,not listed,not listed,not listed,not listed,not listed,1,not listed,NA,not listed,NA,not listed,NA,present,certain,vagrant,NA,0,0,79,76,81,2810,2150,3350,NAV,NAV,NAV,NAV,NAV,NAV,NAV,NAV,NAV,HANZAB,NAV,NAV,0.1,0,0,0,0,0,0,0,0,0,0,0,0,0,0,0,0,0,0,0,0,0,0,0,1,0,0,0,0,0,0,0,NA,NA,NA,NA,NA,NA,NA,NA,NA,NA,NA,NA,NA,NA,NA,NA,NA,0,0,0,0,0,0,0,0,0,1,0,1,0,0,NAV,1,1,1,102.7,65.9,1,0,0,0,0,0,NA,NA,NA,NA,0,0,1,0,0,marine inward,1,total,certain,NAV,NAV,NAV,NA,1.23,1.29,NA,NA,NA,NA,NA,NA,NA,NA,NA,NA,NA,NA,NA,NA,NA,NA,NA,183,275,0.2,-2.2,931,931
Thalassarche carteri,Indian Yellow-nosed Albatross,Diomedeidae,Procellariiformes,6,1,3,2,6,115.6,85.6,19.5,31.1,72.2,467.8,263.5,204.3,56.5,185,2128.8,Dunning,NA,NO,NA,NA,NA,3,3,Carnivore,Aquatic predator,Aquatic,514,236,Thalassarche,carteri,NA,"Genus from Brooke (2004). Diomedea chlororhynchos (Sibley and Monroe 1990, 1993) was split into chlororhynchos and carteri following Brooke (2004). Christidis and Boles (2008), Dickinson and Remsen (2013) and Johnstone and Darnell (2015) recognise both as subspecies. ACAP (2006) follows Brooke (2004).",Albatrosses,Diomedeidae,Procellariformes,14,2,4,2,0,1,0,1,2,5,4,4,23.2,28.1,Procellariidae,"Albatrosses, Shearwaters, Petrels","Albatrosses, Shearwaters, Petrels",Non-breeding migrant,1,0,0,0,0,0,0,0,1,0,6,EN,A4bde,NT,A4bde; B2ab(v),VU,A4bde; B2ab(v),EN,A4bde,EN,A4bde,VU,2000,A2S*,not listed,not listed,not listed,not listed,1,not listed,not listed,not listed,VU,EN,not listed,Th,EN,not listed,Core,not listed,Core,Core,Core,Core,Core,not listed,not listed,not listed,not listed,not listed,not listed,not listed,not listed,1,not listed,NA,not listed,NA,not listed,NA,present,certain,not listed,NA,0,0,75,75,75,2550,2130,2930,NAV,NAV,NAV,NAV,NAV,NAV,2550,2130,2930,HANZAB,NAV,NAV,0.1,0,0,0,0,0,0,0,0,0,0,0,0,0,0,0,0,0,0,0,0,0,0,1,1,0,0,0,0,0,0,0,NA,NA,NA,NA,NA,NA,NA,NA,NA,NA,NA,NA,NA,NA,NA,NA,NA,0,0,0,0,0,0,0,0,0,1,0,1,0,1,NAV,1,1,1,NAV,NAV,1,0,0,0,0,0,NA,NA,NA,NA,0,0,1,0,0,marine inward,1,total,certain,10103,6560,64,NA,1.23,1.29,NA,NA,NA,NA,NA,NA,NA,NA,NA,NA,NA,NA,NA,NA,NA,NA,NA,NA,NA,NA,NA,864,u864
Thalassarche cauta,White-capped Albatross,Diomedeidae,Procellariiformes,6,2,3,1,5,129,93.8,24.6,40.8,85,568.5,312.9,256.1,55.2,214,3897.7,Dunning,NA,NO,NA,NA,NA,3,3,Carnivore,Aquatic predator,Aquatic,521,230,Thalassarche,cauta,NA,"Genus from Brooke (2004). Brooke (2004) split T. cauta into T. cauta, T. eremita and T. salvini. ACAP (2006) then recognised T. steadi as separate from T.cauta. Christidis and Boles (2008), Dickinson and Remsen (2013) consider all four as subspecies. Johnstone and Darnell (2015) recognise T. cauta, T. eremita and T. steadi as subspecies but T. salvini as a separate species.",Albatrosses,Diomedeidae,Procellariformes,14,2,4,7,0,1,0,1,4,5,4,4,23.2,23.6,Procellariidae,"Albatrosses, Shearwaters, Petrels","Albatrosses, Shearwaters, Petrels",Endemic (breeding only),1,0,0,0,0,0,0,1,0,7,3,NT,D2,VU,D2,VU,D2,VU,D2,VU,D2,VU,2000,A2S,not listed,not listed,not listed,1,1,not listed,VU,not listed,VU,VU,v,Th,VU,not listed,Core,not listed,Core,Core,Core,Core,Core,not listed,not listed,not listed,not listed,not listed,not listed,not listed,not listed,1,not listed,NA,not listed,NA,not listed,NA,present,certain,not listed,NA,1,0,95,90,100,4030,3200,5100,4350,3900,5100,3700,3200,4400,NAV,NAV,NAV,HANZAB,19.34,20.04,0.08,0,0,0,0,0,0,0,0,0,0,0,0,0,0,0,0,0,0,0,0,0,0,0,1,0,0,0,0,0,0,0,0,0,0,0,1,0,0,0,0,0,0,0,0,1,0,0,0,0,0,0,0,0,0,0,1,0,1,0,1,1,0,NAV,1,1,1,103.5,67.1,1,0,0,0,0,0,0,1,0,0,0,0,1,0,0,marine outward,0,nil,certain,12050,10338,943,NA,1.24,1.29,NA,NA,NA,NA,NA,NA,NA,NA,NA,NA,NA,NA,NA,NA,NA,NA,NA,NA,NA,NA,NA,91,u91
Thalasseus bergii,Great Crested Tern,Laridae,Charadriiformes,5,3,2,0,4,68.6,44.5,7.1,12.7,30,357.8,249,107.5,69.9,172.4,328,Dunning,NA,NO,NA,NA,Coastal,3,3,Carnivore,Aquatic predator,Aerial,462,681,Thalasseus,bergii,NA,NA,"Gulls, Terns and Noddies",Laridae,Charadriiformes,11,13,15,2,0,1,0,0,4,5,24,17,7.9,NA,Lari,"Gulls, Terns, Auks, Crab Plover","Gulls, Terns, Auks, Crab Plover",Australian,1,0,0,0,0,0,0,0,0,4,4,LC,NA,LC,NA,LC,NA,LC,NA,LC,NA,not listed,NA,not listed,not listed,1,not listed,1,1,not listed,not listed,not listed,LC,not listed,not listed,not listed,not listed,not listed,Core,Core,Core,Core,Core,Core,Core,not listed,not listed,not listed,not listed,not listed,not listed,Core,not listed,1,present,probable,present,probable,present,probable,vagrant,NA,present,possible,0,0,45,40,50,331,190,430,341,215,380,311,190,350,337,230,430,"HANZAB, del Hoyo et al. (1992-2013)",NAV,NAV,NAV,0,0,0,0,0,0,0,0,0,0,0,0,0,0,0,0,0,0,0,0,0,0,0,0,0,0,1,1,0,0,0,0,0,0,0,0,0,0,0,0,0,0,0,1,0,0,0,0,0,0,0,0,0,0,0,0,0,1,0,1,0,1,NAV,1,1,2,59.8,41,1,0,0,0,0,0,1,1,0,0,1,1,0,0,0,marine outward,1,high,low,11754,3159,13408,NA,1.16,1.15,NA,NA,NA,NA,NA,NA,NA,NA,NA,NA,NA,NA,NA,NA,NA,NA,NA,NA,NA,NA,NA,115,115
Threskiornis spinicollis,Straw-necked Ibis,Threskiornithidae,Pelecaniformes,5,2,3,0,4,156.8,124.9,12.8,16.9,88.9,364.4,141.2,220,39,150.6,1346.7,Dunning,NA,NO,NA,NA,Grassland,3,1,Carnivore,Omnivore,Terrestrial,655,412,Threskiornis,spinicollis,NA,NA,Ibis and Spoonbills,Threskiornithidae,Pelecaniformes,15,4,1,2,0,1,0,1,1,5,13,10,11.5,19.8,Threskiornithidae,Ibises,"Ibises, Herons",Endemic (breeding only),1,0,0,0,0,0,0,1,0,7,6,LC,NA,LC,NA,LC,NA,LC,NA,LC,NA,not listed,NA,not listed,not listed,not listed,not listed,not listed,1,not listed,not listed,not listed,LC,not listed,not listed,not listed,not listed,Core,Core,Core,Core,Core,not listed,Core,Core,not listed,not listed,not listed,not listed,not listed,not listed,not listed,not listed,0,present,certain,present,probable,not listed,NA,vagrant,NA,not listed,NA,0,0,65,60,70,1350,1150,1570,1470,1400,1570,1240,1150,1320,NAV,NAV,NAV,HANZAB,8.41,8.71,0,0,0,0,0,1,0,1,1,0,0,0,0,0,0,0,1,0,0,0,0,0,0,0,0,0,0,0,0,0,1,1,0,0,0,0,0,0,0,0,0,0,0,1,0,0,0,0,0,0,0,0,0,0,1,1,0,0,0,0,0,0,1,42.4,3,2,5,65.1,44.2,1,1,0,0,0,0,0,1,0,0,1,1,0,0,0,annual outward migration Non-marine,0,nil,certain,10664,3567,355,0.427,0.81,0.89,5250,2224,70,103,101,103,47,41,48,5,5,13,6,43,3,1,24,NA,NA,NA,NA,180,u180
Todiramphus macleayii,Forest Kingfisher,Alcedinidae,Coraciiformes,9,6,2,1,8,40.4,32.3,10.3,10.2,13,87.8,27.1,60.8,30.9,56.2,37.3,Dunning,NA,NO,NA,NA,Riverine,2,3,Carnivore,Invertivore,Insessorial,777,927,Todiramphus,macleayii,NA,NA,Kingfishers,Alcedinidae,Coraciiformes,19,3,5,1,0,1,0,0,3,21,18,6,7.6,NA,Alcedinidae,"Kingfishers, Motmots, Todies","Bee-eaters, Kingfishers, Motmots, Todies, Rollers, Ground-Rollers",Australian,1,0,0,0,0,0,0,0,0,6,6,LC,NA,LC,NA,LC,NA,LC,NA,LC,NA,not listed,NA,not listed,not listed,not listed,not listed,not listed,1,not listed,not listed,not listed,LC,not listed,not listed,not listed,not listed,not listed,Core,Core,Core,not listed,not listed,not listed,not listed,not listed,not listed,not listed,not listed,not listed,not listed,not listed,not listed,0,present,certain,present,probable,not listed,NA,vagrant,NA,not listed,NA,0,0,20,18,21,38.4,29,44,37.6,32,43.1,39.2,29,44,NAV,NAV,NAV,HANZAB,1.07,1.11,0.01,0,0,0,0,1,0,1,1,0,1,1,1,0,0,1,0,0,0,0,0,0,0,0,0,0,0,0,0,0,1,1,0,0,0,0,0,0,1,1,0,0,0,0,0,0,0,1,1,0,0,0,0,0,1,1,0,0,0,0,0,1,0,11,4,3,6,24.1,20.6,0,0,0,1,0,0,1,0,0,1,1,1,0,0,0,annual outward migration Non-marine,0,nil,low,1021,0,51,0.872,1.23,1.15,935,237,80,55,34,98,13,9,28,14,3,3,0,28,9,39,4,NA,NA,NA,NA,324,324
Todiramphus pyrrhopygius,Red-backed Kingfisher,Alcedinidae,Coraciiformes,5,2,3,0,4,41.7,33.5,11.2,10.4,15.3,100.2,36.8,63.8,36.5,67.8,51.7,Dunning,NA,NO,NA,NA,Woodland,2,1,Carnivore,Invertivore,Insessorial,788,930,Todiramphus,pyrrhopygius,NA,NA,Kingfishers,Alcedinidae,Coraciiformes,19,3,5,4,0,1,0,1,1,21,18,6,7.6,14.5,Alcedinidae,"Kingfishers, Motmots, Todies","Bee-eaters, Kingfishers, Motmots, Todies, Rollers, Ground-Rollers",Endemic (entirely Australian),1,0,0,0,0,0,1,0,0,7,7,LC,NA,LC,NA,LC,NA,LC,NA,LC,NA,not listed,NA,not listed,not listed,not listed,not listed,not listed,not listed,not listed,not listed,not listed,LC,not listed,not listed,not listed,not listed,not listed,Core,Core,Core,Core,not listed,Core,Core,not listed,not listed,not listed,not listed,not listed,not listed,not listed,not listed,0,not listed,NA,not listed,NA,not listed,NA,not listed,NA,not listed,NA,0,0,23,23,23,51.7,41,70,50.8,45,70,52.7,41,62,NAV,NAV,NAV,HANZAB,1.13,1.17,-0.06,1,1,0,1,1,1,1,1,0,0,0,0,0,0,0,0,0,0,0,0,0,0,0,0,0,0,0,0,0,1,0,1,0,0,0,1,1,1,1,0,0,0,0,0,0,0,0,0,0,0,0,0,0,1,1,0,0,0,0,1,1,0,NAV,4,4,5,24.7,21.4,1,0,0,1,0,0,1,0,0,0,1,1,0,1,0,none,0,nil,certain,273,0,8,0.421,1.17,1.12,7189,247,97,101,100,102,6,5,7,6,5,55,1,2,3,1,27,NA,NA,NA,NA,325,u325
Todiramphus sanctus,Sacred Kingfisher,Alcedinidae,Coraciiformes,38,4,5,29,8,43.4,34.3,10.5,10.1,12.9,91.3,27.7,64.1,30.1,60.5,53,Dunning,NA,NO,NA,NA,Woodland,2,3,Carnivore,Invertivore,Insessorial,784,931,Todiramphus,sanctus,NA,NA,Kingfishers,Alcedinidae,Coraciiformes,19,3,5,3,0,1,0,0,6,21,18,6,7.6,NA,Alcedinidae,"Kingfishers, Motmots, Todies","Bee-eaters, Kingfishers, Motmots, Todies, Rollers, Ground-Rollers",Australian,1,0,0,0,0,0,0,0,0,6,6,LC,NA,LC,NA,LC,NA,LC,NA,LC,NA,not listed,NA,not listed,not listed,not listed,not listed,not listed,1,not listed,not listed,not listed,LC,not listed,not listed,not listed,not listed,Core,Core,Core,Core,Core,Core,Core,Core,Core,Core,not listed,not listed,not listed,not listed,not listed,not listed,0,present,certain,present,probable,present,certain,present,probable,present,none,0,0,21,21,21,53.1,28,75,50.5,28,75,53.8,28,65,54,34.5,75,HANZAB,1.03,1.07,-0.08,0,0,1,0,0,0,1,1,1,1,1,1,0,1,0,1,0,0,1,1,1,0,0,0,0,0,0,0,1,1,1,0,0,1,0,0,0,1,1,1,1,1,0,0,0,1,1,1,0,0,0,0,0,1,1,0,1,0,1,1,1,1,20.9,4.4,3,6,25.4,21.3,0,0,0,1,0,0,1,0,0,0,1,1,0,0,0,annual outward migration Non-marine,0,low,low,2948,2825,453,0.408,1.09,1.06,5758,1122,84,109,101,112,21,19,25,3,3,17,1,52,2,1,21,NA,NA,NA,NA,326,326
Tribonyx ventralis,Black-tailed Nativehen,Rallidae,Gruiformes,5,2,3,0,4,28.8,11.5,5.5,9.4,54.5,205.4,79,125,38.8,83,386.3,Dunning,NA,NO,NA,NA,Wetland,2,2,Herbivore,Omnivore,Terrestrial,263,498,Tribonyx,ventralis,NA,NA,"Crakes, Rails and Swamphens",Rallidae,Gruiformes,10,1,12,1,0,1,0,1,1,2,38,6,13,21.6,Rallidae,"Rails, Finfoots","Rails, Finfoots",Endemic (entirely Australian),1,0,0,0,0,0,1,0,0,7,7,LC,NA,LC,NA,LC,NA,LC,NA,LC,NA,not listed,NA,not listed,not listed,not listed,not listed,not listed,not listed,not listed,not listed,not listed,LC,not listed,not listed,not listed,not listed,not listed,Core,Core,Core,Core,not listed,Core,Core,not listed,not listed,not listed,not listed,not listed,not listed,not listed,not listed,0,not listed,NA,not listed,NA,not listed,NA,vagrant,NA,not listed,NA,0,0,34,30,38,387,250,530,410,250,530,364,322,405,NAV,NAV,NAV,HANZAB,2.77,2.87,-0.17,0,1,0,0,1,0,0,0,0,0,0,0,0,1,1,1,0,0,0,0,0,0,0,0,0,0,0,0,0,1,0,0,1,0,0,1,0,0,0,0,0,0,1,0,0,0,0,0,0,0,1,1,0,1,0,0,0,0,1,0,1,1,45.5,6,5,7,45,31.1,1,1,0,0,0,0,1,1,0,NAV,0,0,0,1,1,irregular outward dispersal,0,nil,certain,3787,0,10,0.513,1,1,5832,978,86,78,67,97,15,14,17,19,5,2,12,10,13,29,11,NA,NA,NA,NA,55,u55
Trichoglossus chlorolepidotus,Scaly-breasted Lorikeet,Psittaculidae,Psittaciformes,9,3,5,1,8,19.2,16.3,10.1,16.4,14.6,128.3,66.1,62.6,51.4,95.2,87.1,Dunning,NA,NO,NA,NA,Woodland,2,1,Herbivore,Nectarivore,Insessorial,941,747,Trichoglossus,chlorolepidotus,NA,NA,"Parrots, Lorikeets and Rosellas",Psittaculidae,Psittaciformes,21,3,19,4,0,1,0,1,11,11,45,4,8,8.2,Psittacidae1,Parrots,Parrots,Endemic (entirely Australian),1,0,0,0,0,0,1,0,0,7,7,LC,NA,LC,NA,LC,NA,LC,NA,LC,NA,not listed,NA,not listed,not listed,not listed,not listed,not listed,not listed,not listed,not listed,not listed,LC,not listed,not listed,not listed,not listed,not listed,Core,not listed,Core,not listed,not listed,Introduced,not listed,not listed,not listed,not listed,not listed,not listed,not listed,not listed,not listed,0,not listed,NA,not listed,NA,not listed,NA,not listed,NA,not listed,NA,0,0,24,24,24,86.9,77,97,88.4,81,92,85.3,77,97,NAV,NAV,NAV,HANZAB,3.05,3.16,0.26,0,0,1,0,0,0,0,1,1,0,0,0,0,0,0,0,0,0,0,0,0,0,0,0,0,0,0,0,0,0,1,0,0,0,0,0,0,0,1,1,0,0,0,0,0,0,0,1,0,1,0,0,0,0,0,0,0,0,0,0,0,1,1,2.5,2,3,25.5,20.6,0,0,0,0,1,0,NAV,NAV,0,0,1,0,0,1,0,none,0,nil,certain,746,60,22,0.967,1.02,1.03,582,83,88,55,27,95,25,15,48,23,7,1,0,32,7,4,26,NA,NA,NA,NA,256,u256
Trichoglossus moluccanus,Rainbow Lorikeet,Psittaculidae,Psittaciformes,4,2,2,0,4,24,20.4,12,20.8,19,142.8,65.6,77.2,45.9,114.8,113.3,DataFromSplit,NA,NO,NA,NA,Forest,1,1,Herbivore,Omnivore,Insessorial,936,742,Trichoglossus,moluccanus,NA,Species from del Hoyo et al. (2014),"Parrots, Lorikeets and Rosellas",Psittaculidae,Psittaciformes,21,3,19,2,0,1,0,0,11,11,45,4,8,NA,Psittacidae1,Parrots,Parrots,Endemic (entirely Australian),1,0,0,0,0,0,1,0,0,7,7,LC,NA,LC,NA,LC,NA,LC,NA,LC,NA,not listed,NA,not listed,not listed,not listed,not listed,not listed,not listed,not listed,not listed,not listed,LC,not listed,not listed,not listed,not listed,Core,Core,Core,Core,Core,not listed,Core,Introduced,not listed,not listed,not listed,not listed,not listed,not listed,not listed,not listed,0,not listed,NA,not listed,NA,not listed,NA,not listed,NA,not listed,NA,0,0,30,30,30,126,84,169,NAV,NAV,NAV,NAV,NAV,NAV,119.5,70,169,HANZAB,3.66,3.79,0.24,0,0,1,0,0,1,1,1,0,1,1,0,0,0,0,0,0,0,0,0,0,0,0,0,0,0,0,0,0,1,1,0,0,0,0,0,1,1,1,1,0,0,0,0,0,0,1,1,0,1,1,0,0,0,0,0,0,0,0,0,0,1,10,2.5,2,3,27.5,22.5,0,0,0,0,1,0,1,1,0,0,1,0,0,1,0,local dispersal,1,high,high,7511,86,556,0.615,1.05,1.04,1974,383,84,90,67,111,15,10,28,NA,NA,NA,NA,NA,NA,NA,NA,NA,NA,NA,NA,254,254
Tringa brevipes,Gray-tailed Tattler,Scolopacidae,Charadriiformes,5,2,3,0,4,41.8,29.8,3.5,5,32.9,157.8,85.5,70.5,54.8,68.2,127,Dunning,NA,NO,NA,NA,Wetland,3,3,Carnivore,Aquatic predator,Terrestrial,366,577,Tringa,brevipes,NA,NA,"Snipe, Sandpipers, Godwits, Curlew, Stints and Phalaropes",Scolopacidae,Charadriiformes,11,9,10,2,0,1,0,1,1,13,16,17,6.6,13,Scolopaci,"Sandpipers, Jacanas, Seedsnipes, Allies","Sandpipers, Jacanas, Seedsnipes, Allies",Non-breeding migrant,1,0,0,0,0,0,0,0,1,0,4,NT,A2ac; A3c; A4ac,LC,NA,LC,NA,LC,NA,LC,NA,not listed,NA,A2H,1,1,1,1,1,not listed,not listed,not listed,LC,Rare,not listed,Th,priority,not listed,Core,Core,Core,Core,Core,Core,Core,Core,Core,not listed,not listed,not listed,not listed,Core,not listed,0,present,certain,present,certain,present,probable,present,certain,present,probable,0,0,25,25,25,121,86,150,117,86,145,130,108,150,118,NAV,NAV,"HANZAB, Cramp et al. (1977-1994)",1.34,1.39,-0.19,0,0,0,0,0,0,0,0,0,0,0,0,0,0,0,0,1,1,1,1,1,0,0,0,0,0,0,0,1,0,0,NA,NA,NA,NA,NA,NA,NA,NA,NA,NA,NA,NA,NA,NA,NA,NA,NA,0,0,0,0,0,0,0,0,1,0,0,0,0,1,17.3,4,4,4,NAV,NAV,1,0,0,0,0,0,NA,NA,NA,NA,0,0,1,0,0,annual inward migration Non-marine,1,total,certain,6958,10815,1018,NA,1.04,1.07,NA,NA,NA,NA,NA,NA,NA,NA,NA,NA,NA,NA,NA,NA,NA,NA,NA,NA,NA,NA,NA,155,u155
Tringa glareola,Wood Sandpiper,Scolopacidae,Charadriiformes,9,4,5,0,4,32.5,24.3,2.9,3.9,35.1,124,60.2,64.3,48.4,49.2,62.1,Dunning,NA,NO,NA,NA,Wetland,3,3,Carnivore,Aquatic predator,Terrestrial,373,586,Tringa,glareola,NA,NA,"Snipe, Sandpipers, Godwits, Curlew, Stints and Phalaropes",Scolopacidae,Charadriiformes,11,9,10,8,0,1,0,1,1,13,16,17,6.6,13,Scolopaci,"Sandpipers, Jacanas, Seedsnipes, Allies","Sandpipers, Jacanas, Seedsnipes, Allies",Non-breeding migrant,1,0,0,0,0,0,0,0,1,0,2,LC,NA,LC,NA,LC,NA,LC,NA,LC,NA,not listed,NA,A2H,1,1,1,1,1,not listed,not listed,not listed,LC,Rare,not listed,not listed,not listed,not listed,Core,Core,Core,Core,not listed,Core,Core,not listed,not listed,not listed,not listed,not listed,not listed,not listed,not listed,0,present,certain,present,probable,present,probable,not listed,NA,not listed,NA,0,0,21,19,23,57.4,46,79,52,46,55,63.8,49,79,56.8,52,62,HANZAB,1.04,1.08,-0.09,0,0,0,0,0,0,0,0,0,0,0,0,0,1,1,1,0,0,0,1,0,0,0,0,0,0,0,0,1,1,0,NA,NA,NA,NA,NA,NA,NA,NA,NA,NA,NA,NA,NA,NA,NA,NA,NA,0,0,0,0,0,1,0,0,0,0,1,1,1,1,NAV,4,3,4,NAV,NAV,1,0,0,0,0,0,NA,NA,NA,NA,0,0,1,0,0,annual inward migration Non-marine,1,total,certain,1115,61,7,0.406,0.91,0.99,7198,189,97,106,101,106,3,3,3,25,31,8,18,2,12,1,4,NA,NA,NA,NA,154,u154
Tringa incana,Wandering Tattler,Scolopacidae,Charadriiformes,5,2,3,0,4,45.1,29.1,3.5,5.1,32.9,164.6,90.5,73.3,55.3,72.2,108.2,Dunning,NA,NO,NA,NA,Wetland,3,3,Carnivore,Aquatic predator,Terrestrial,367,578,Tringa,incana,NA,NA,"Snipe, Sandpipers, Godwits, Curlew, Stints and Phalaropes",Scolopacidae,Charadriiformes,11,9,10,3,0,1,0,1,1,13,16,17,6.6,13,Scolopaci,"Sandpipers, Jacanas, Seedsnipes, Allies","Sandpipers, Jacanas, Seedsnipes, Allies",Non-breeding migrant,1,0,0,0,0,0,0,0,1,0,2,LC,NA,LC,NA,LC,NA,LC,NA,LC,NA,not listed,NA,A2H,1,1,not listed,1,1,not listed,not listed,not listed,LC,not listed,not listed,not listed,not listed,not listed,Core,not listed,Core,not listed,not listed,not listed,not listed,not listed,Core,not listed,not listed,not listed,not listed,not listed,not listed,0,present,probable,present,probable,not listed,NA,present,certain,present,probable,0,0,27,27,27,114,87,165,106,87,122,122,105,165,NAV,NAV,NAV,"HANZAB, Cramp et al. (1977-1994), del Hoyo et al. (1992-2013)",1.29,1.34,-0.18,0,0,0,0,0,0,0,0,0,0,0,0,0,0,0,0,0,1,0,0,0,0,0,0,0,0,0,0,1,0,0,NA,NA,NA,NA,NA,NA,NA,NA,NA,NA,NA,NA,NA,NA,NA,NA,NA,0,0,0,0,0,0,0,0,1,0,0,1,0,1,NAV,4,3,4,NAV,NAV,1,0,0,0,0,0,NA,NA,NA,NA,0,0,1,0,0,annual inward migration Non-marine,1,total,certain,NAV,NAV,NAV,NA,1.21,1.18,NA,NA,NA,NA,NA,NA,NA,NA,NA,NA,NA,NA,NA,NA,NA,NA,NA,NA,NA,NA,NA,156,u156
Tringa nebularia,Common Greenshank,Scolopacidae,Charadriiformes,9,4,5,0,4,63.6,42.9,4.1,6,58,185.4,96.9,88.8,52.1,74.8,187,Dunning,NA,NO,NA,NA,Wetland,3,3,Carnivore,Aquatic predator,Terrestrial,370,581,Tringa,nebularia,NA,NA,"Snipe, Sandpipers, Godwits, Curlew, Stints and Phalaropes",Scolopacidae,Charadriiformes,11,9,10,6,0,1,0,1,1,13,16,17,6.6,13,Scolopaci,"Sandpipers, Jacanas, Seedsnipes, Allies","Sandpipers, Jacanas, Seedsnipes, Allies",Non-breeding migrant,1,0,0,0,0,0,0,0,1,0,3,LC,NA,LC,NA,LC,NA,LC,NA,LC,NA,not listed,NA,A2H,1,1,1,1,1,not listed,not listed,not listed,LC,not listed,not listed,not listed,not listed,Core,Core,Core,Core,Core,Core,Core,Core,not listed,Core,not listed,not listed,not listed,Core,Core,not listed,0,present,certain,present,certain,present,probable,present,certain,vagrant,NA,0,0,33,30,35,176,108,245,174,129,245,174,135,225,179,108,230,HANZAB,1.95,2.02,-0.11,0,0,0,0,0,0,0,0,0,0,0,0,0,1,0,1,0,0,1,1,1,0,0,0,0,0,0,0,1,0,0,NA,NA,NA,NA,NA,NA,NA,NA,NA,NA,NA,NA,NA,NA,NA,NA,NA,0,0,0,0,0,1,0,0,1,1,1,1,0,1,55.4,3.9,1,5,NAV,NAV,1,0,0,0,0,0,NA,NA,NA,NA,0,0,1,0,0,annual inward migration Non-marine,1,total,certain,4072,7026,127,0.426,0.91,1,5029,1159,81,109,76,120,26,18,34,5,56,9,20,2,2,6,1,NA,NA,NA,NA,158,u158
Tringa stagnatilis,Marsh Sandpiper,Scolopacidae,Charadriiformes,5,2,3,0,4,42.5,32.1,3,3.6,49.9,133.4,68.9,64.1,51.7,56.2,77.5,Dunning,NA,NO,NA,NA,Wetland,3,3,Carnivore,Aquatic predator,Terrestrial,374,583,Tringa,stagnatilis,NA,NA,"Snipe, Sandpipers, Godwits, Curlew, Stints and Phalaropes",Scolopacidae,Charadriiformes,11,9,10,9,0,1,0,1,1,13,16,17,6.6,13,Scolopaci,"Sandpipers, Jacanas, Seedsnipes, Allies","Sandpipers, Jacanas, Seedsnipes, Allies",Non-breeding migrant,1,0,0,0,0,0,0,0,1,0,3,LC,NA,LC,NA,LC,NA,LC,NA,LC,NA,not listed,NA,A2H,1,1,1,1,1,not listed,not listed,not listed,LC,not listed,not listed,not listed,not listed,not listed,Core,Core,Core,Core,Core,Core,Core,not listed,not listed,not listed,not listed,not listed,not listed,Core,not listed,0,present,certain,present,certain,present,probable,present,certain,vagrant,NA,0,0,24,22,26,70.2,52,100,70,65,78,70.6,52,95,70.1,55,100,HANZAB,1.02,1.06,-0.16,0,0,0,0,0,0,0,0,0,0,0,0,0,1,0,1,0,0,1,1,1,0,0,0,0,0,0,0,1,0,0,NA,NA,NA,NA,NA,NA,NA,NA,NA,NA,NA,NA,NA,NA,NA,NA,NA,0,0,0,0,0,0,0,0,1,0,1,1,0,1,44.1,4,4,5,NAV,NAV,1,0,0,0,0,0,NA,NA,NA,NA,0,0,1,0,0,annual inward migration Non-marine,1,total,certain,3113,10714,28,0.418,0.94,1.02,6284,189,97,81,50,114,4,3,4,17,41,13,14,1,7,2,4,NA,NA,NA,NA,159,u159
Tringa totanus,Common Redshank,Scolopacidae,Charadriiformes,9,4,5,0,4,45.1,31.1,3.4,4.9,47.3,156.9,74.1,82.8,47.2,64.1,129,Dunning,NA,NO,NA,NA,Wetland,3,3,Carnivore,Aquatic predator,Terrestrial,371,584,Tringa,totanus,NA,NA,"Snipe, Sandpipers, Godwits, Curlew, Stints and Phalaropes",Scolopacidae,Charadriiformes,11,9,10,7,0,1,0,0,6,13,16,17,6.6,NA,Scolopaci,"Sandpipers, Jacanas, Seedsnipes, Allies","Sandpipers, Jacanas, Seedsnipes, Allies",Non-breeding migrant,1,0,0,0,0,0,0,0,1,0,2,LC,NA,LC,NA,LC,NA,LC,NA,LC,NA,not listed,NA,A2H,1,not listed,1,1,1,not listed,not listed,not listed,LC,not listed,not listed,not listed,not listed,not listed,not listed,Core,not listed,not listed,not listed,not listed,Core,not listed,not listed,not listed,not listed,not listed,Core,Core,not listed,0,present,probable,present,certain,present,possible,not listed,NA,not listed,NA,0,0,28,27,29,109,85,167,NAV,NAV,NAV,NAV,NAV,NAV,109,85,167,HANZAB,NAV,NAV,NAV,0,0,0,0,0,0,0,0,0,0,0,0,0,1,0,1,0,0,1,1,0,0,0,0,0,0,0,0,1,0,0,NA,NA,NA,NA,NA,NA,NA,NA,NA,NA,NA,NA,NA,NA,NA,NA,NA,0,0,0,0,0,1,0,0,1,0,1,1,0,1,NAV,3.9,2,5,NAV,NAV,1,0,0,0,0,0,NA,NA,NA,NA,0,0,1,0,0,annual inward migration Non-marine,1,total,certain,872,0,2,NA,NA,NA,NA,NA,NA,NA,NA,NA,NA,NA,NA,NA,NA,NA,NA,NA,NA,NA,NA,NA,NA,NA,NA,891,891
Turdus merula,Eurasian Blackbird,Turdidae,Passeriformes,56,27,26,3,6,28.5,15.5,5.3,7.5,33.6,128.4,29.8,98.6,23.1,106.3,102.7,Dunning,NA,NO,NA,NA,Forest,2,1,Omnivore,Omnivore,Generalist,1957,1859,Turdus,merula,NA,NA,Thrushes,Turdidae,Passeriformes,22,47,3,2,0,1,0,0,7,80,20,136,1.7,NA,M5,Thrushes,"Thrushes, Dippers, Chats, Old World Flycatchers",Introduced,0,0,0,1,0,0,0,0,0,2,2,LC,NA,Introduced,NA,Introduced,NA,Introduced,NA,Introduced,NA,not listed,NA,not listed,not listed,not listed,not listed,not listed,not listed,not listed,not listed,not listed,Prohibited,not listed,not listed,not listed,not listed,Introduced,Introduced,not listed,Core,Introduced,Introduced,Introduced,not listed,Introduced,Introduced,not listed,not listed,not listed,not listed,not listed,not listed,0,not listed,NA,not listed,NA,not listed,NA,present,none,not listed,NA,NA,NA,25,25,25,105,60,149,NAV,NAV,NAV,NAV,NAV,NAV,104.5,60,149,del Hoyo et al. (1992-2013),NA,NA,NA,0,0,1,0,1,0,0,1,1,1,0,0,0,0,0,0,0,0,0,0,0,0,0,0,0,0,0,0,1,1,1,0,0,1,0,0,0,0,1,1,1,0,0,0,0,1,1,1,1,0,0,0,0,1,0,0,0,0,0,1,1,0,NAV,3.5,2,7,28.4,21,0,1,0,0,0,0,1,0,0,0,1,0,0,0,0,none,0,nil,certain,3425,25,1317,NA,NA,NA,NA,NA,NA,NA,NA,NA,NA,NA,NA,NA,NA,NA,NA,NA,NA,NA,NA,NA,NA,NA,NA,991,991
Turdus philomelos,Song Thrush,Turdidae,Passeriformes,26,12,13,1,4,23.1,11.9,5,5.7,31.8,116,35.7,80.5,30.7,81.7,67.7,Dunning,NA,NO,NA,NA,Forest,1,3,Omnivore,Invertivore,Generalist,1955,1866,Turdus,philomelos,NA,NA,Thrushes,Turdidae,Passeriformes,22,47,3,1,0,1,0,0,4,80,20,136,1.7,NA,M5,Thrushes,"Thrushes, Dippers, Chats, Old World Flycatchers",Introduced,0,0,0,1,0,0,0,0,0,2,2,LC,NA,Introduced,NA,Introduced,NA,Introduced,NA,Introduced,NA,not listed,NA,not listed,not listed,not listed,not listed,not listed,not listed,not listed,not listed,not listed,Prohibited,not listed,not listed,not listed,not listed,Introduced Extinct,Introduced Extinct,not listed,not listed,not listed,not listed,Introduced,not listed,Introduced,Introduced,not listed,not listed,not listed,not listed,not listed,not listed,0,not listed,NA,not listed,NA,not listed,NA,present,none,not listed,NA,NA,NA,22,21,23,78.5,50,107,NAV,NAV,NAV,NAV,NAV,NAV,78.5,50,107,HANZAB,NA,NA,NA,0,0,0,0,1,0,0,0,0,1,0,0,0,0,0,0,0,0,0,0,0,0,0,0,0,0,0,0,1,0,1,0,0,0,0,0,0,0,0,0,1,0,0,0,0,1,0,1,1,0,0,0,0,1,0,0,0,0,0,1,1,0,NAV,4.1,2,7,27.2,20.4,0,1,0,0,0,0,1,0,0,0,1,0,0,0,0,none,0,nil,certain,2079,0,2,NA,NA,NA,NA,NA,NA,NA,NA,NA,NA,NA,NA,NA,NA,NA,NA,NA,NA,NA,NA,NA,NA,NA,NA,992,992
Turnix maculosus,Red-backed Buttonquail,Turnicidae,Charadriiformes,5,3,2,0,4,12,6.7,2.1,3.4,18.3,73.8,19.9,53.4,27.2,26.4,39.1,Dunning,NA,NO,NA,NA,Grassland,3,1,Omnivore,Omnivore,Terrestrial,379,616,Turnix,maculosa,NA,NA,Button-quail,Turnicidae,Charadriiformes,11,10,1,1,0,1,0,0,14,15,2,17,12.5,NA,Turnicidae,Buttonquails,Buttonquails,Australian,1,0,0,0,0,0,0,0,0,6,6,LC,NA,LC,NA,LC,NA,LC,NA,LC,NA,not listed,NA,not listed,not listed,not listed,not listed,not listed,not listed,not listed,VU,not listed,LC,not listed,not listed,not listed,not listed,not listed,Core,Core,Core,not listed,not listed,not listed,Core,not listed,not listed,not listed,not listed,not listed,not listed,not listed,not listed,0,present,none,present,none,present,none,not listed,NA,not listed,NA,0,0,14,12,16,39.6,27.5,49,33.9,27.5,39,45.2,38,49,NAV,NAV,NAV,HANZAB,NAV,NAV,-0.24,0,0,0,0,1,0,1,0,0,0,0,0,0,0,0,0,0,0,0,0,0,0,0,0,0,0,0,0,0,0,0,0,0,0,0,1,0,1,0,0,0,0,0,0,0,0,0,0,0,0,1,0,0,1,0,0,0,0,0,0,1,1,NAV,3.6,2,4,23.9,18.7,1,0,0,0,0,0,NAV,NAV,0,0,1,0,0,1,0,irregular outward dispersal,1,high,high,48,0,3,0.956,1.22,1.15,864,321,73,106,82,116,66,24,131,10,2,0,2,9,4,71,2,NA,NA,NA,NA,13,13
Turnix varius,Painted Buttonquail,Turnicidae,Charadriiformes,5,2,3,0,4,15.1,8.2,3.7,4.8,22.5,99.4,36.7,63.1,36.8,47,90.2,Dunning,NA,NO,NA,NA,Shrubland,2,1,Herbivore,Omnivore,Terrestrial,382,621,Turnix,varius,NA,NA,Button-quail,Turnicidae,Charadriiformes,11,10,1,3,0,1,0,0,3,15,2,17,12.5,NA,Turnicidae,Buttonquails,Buttonquails,Australian,1,0,0,0,0,0,0,0,0,6,6,LC,NA,LC,NA,LC,NA,LC,NA,LC,NA,not listed,NA,not listed,not listed,not listed,not listed,not listed,not listed,not listed,not listed,not listed,LC,Rare,not listed,not listed,not listed,not listed,Core,not listed,Core,Core,Core,Core,Core,not listed,not listed,not listed,not listed,not listed,not listed,not listed,not listed,0,not listed,NA,not listed,NA,not listed,NA,not listed,NA,not listed,NA,0,0,20,17,23,80.9,52,134,81.2,53,94,108,72,134,67,52,82,HANZAB,1.04,1.08,-0.19,1,0,1,0,1,1,1,1,1,0,0,0,0,0,0,0,0,0,0,0,0,0,0,0,0,0,0,0,0,0,0,1,0,1,0,1,1,1,1,0,0,0,0,0,0,0,0,0,0,0,1,0,0,1,0,0,0,0,0,1,1,0,NAV,4,3,5,27.7,22,1,0,0,0,0,0,NAV,NAV,0,0,1,1,0,0,0,none,0,nil,certain,242,2,7,0.966,1.2,1.13,1187,266,82,52,34,70,12,9,15,11,1,38,1,18,1,1,29,NA,NA,NA,NA,14,14
Turnix pyrrhothorax,Red-chested Buttonquail,Turnicidae,Charadriiformes,5,2,3,0,4,11.7,7.4,4.2,6,19.2,72.6,26.8,46.2,36.7,28.8,45.7,Dunning,NA,NO,NA,NA,Grassland,2,1,Omnivore,Omnivore,Terrestrial,387,624,Turnix,pyrrhothorax,NA,NA,Button-quail,Turnicidae,Charadriiformes,11,10,1,6,0,1,0,1,1,15,2,17,12.5,21,Turnicidae,Buttonquails,Buttonquails,Endemic (entirely Australian),1,0,0,0,0,0,1,0,0,7,7,LC,NA,LC,NA,LC,NA,LC,NA,LC,NA,not listed,NA,not listed,not listed,not listed,not listed,not listed,not listed,not listed,not listed,not listed,LC,Rare,not listed,Th,not listed,not listed,Core,Core,Core,Core,not listed,Core,Core,not listed,not listed,not listed,not listed,not listed,not listed,not listed,not listed,0,not listed,NA,not listed,NA,not listed,NA,not listed,NA,not listed,NA,0,0,14,12,16,45.4,27,76,36,27,46,54.8,43,76,NAV,NAV,NAV,HANZAB,0.57,0.59,-0.34,1,0,0,1,1,1,1,1,0,0,0,0,0,0,0,0,0,0,0,0,0,0,0,0,0,0,0,0,0,1,0,0,0,0,1,1,0,0,0,0,0,0,0,0,0,0,1,0,0,0,1,0,0,1,0,0,0,0,0,1,1,1,3.6,3.5,2,4,22.7,18.1,1,0,0,0,0,0,1,0,0,0,0,0,0,1,0,possible irregular outward dispersal,0,nil,high,1,0,1,0.442,1.24,1.16,4031,2902,58,94,80,100,47,32,79,10,2,20,1,45,19,0,2,NA,NA,NA,NA,19,u19
Turnix velox,Little Buttonquail,Turnicidae,Charadriiformes,5,2,3,0,4,12.4,7.3,4.2,6.5,17.8,74.8,26.8,49,35.1,30.8,44.3,Dunning,NA,NO,NA,NA,Grassland,3,1,Herbivore,Granivore,Terrestrial,388,625,Turnix,velox,NA,NA,Button-quail,Turnicidae,Charadriiformes,11,10,1,7,0,1,0,1,1,15,2,17,12.5,21,Turnicidae,Buttonquails,Buttonquails,Endemic (entirely Australian),1,0,0,0,0,0,1,0,0,7,7,LC,NA,LC,NA,LC,NA,LC,NA,LC,NA,not listed,NA,not listed,not listed,not listed,not listed,not listed,not listed,not listed,not listed,not listed,LC,not listed,not listed,not listed,not listed,not listed,Core,Core,Core,Core,not listed,Core,Core,not listed,not listed,not listed,not listed,not listed,not listed,not listed,not listed,0,not listed,NA,not listed,NA,not listed,NA,not listed,NA,not listed,NA,0,0,14,12,16,45,28,64,37,28,44,53,39,64,NAV,NAV,NAV,HANZAB,0.67,0.69,-0.24,1,1,0,1,1,0,0,0,0,0,0,0,0,0,0,0,0,0,0,0,0,0,0,0,0,0,0,0,0,1,0,1,1,0,1,1,0,0,0,0,0,0,0,0,0,0,0,0,0,0,1,0,0,1,0,0,0,0,0,1,1,1,NAV,3.5,3,4,23.6,18.5,1,0,0,0,0,0,1,0,0,0,1,0,0,1,1,none,0,nil,certain,75,0,2,0.448,1.16,1.1,6894,187,97,91,63,99,2,2,3,4,26,26,2,26,5,0,10,NA,NA,NA,NA,18,u18
Tyto alba,Barn Owl,Tytonidae,Strigiformes,10,5,5,0,8,32.1,17.6,8.8,13.5,59.7,285.6,115.9,169.7,40.6,119.5,403.3,Dunning,NA,NO,NA,NA,Human Modified,3,1,Carnivore,Vertivore,Insessorial,730,902,Tyto,alba,NA,Species from Dickinson and Remsen (2013) and del Hoyo et al. (2014) contra Christidis and Boles (2008) who split T. alba into two cross regional species T. alba and T. javanica.,Masked Owls,Tytonidae,Strigiformes,17,1,1,5,0,1,0,0,4,18,2,2,24,NA,Tytonidae,Barn Owls,"Owls, Barn Owls",Australian,1,0,0,0,0,0,0,0,0,2,2,LC,NA,LC,NA,LC,NA,LC,NA,LC,NA,not listed,NA,not listed,not listed,not listed,not listed,not listed,not listed,not listed,not listed,not listed,LC,not listed,not listed,not listed,not listed,not listed,Core,Core,Core,Core,not listed,Core,Core,not listed,not listed,not listed,not listed,not listed,not listed,not listed,not listed,0,present,possible,present,possible,present,possible,vagrant,NA,present,possible,0,0,34,29,38,392,187,700,420,227,612,416,220,612,366,187,700,"HANZAB, del Hoyo et al. (1992-2013)",6.51,6.74,0.22,1,1,1,1,1,1,1,1,0,0,1,0,0,0,0,0,0,0,0,0,0,0,0,0,0,0,0,0,0,1,1,1,0,0,0,0,1,1,1,0,0,0,0,0,0,0,1,1,0,0,0,0,0,0,1,0,0,0,0,1,0,0,NAV,4,1,7,41.9,32.2,0,0,0,0,1,0,1,1,0,0,1,0,0,1,1,possible irregular transboundary dispersal,0,nil,high,2802,1149,35,0.433,1.12,1.08,7674,221,97,99,91,100,3,3,3,23,1,23,6,11,6,5,25,NA,NA,NA,NA,249,249
Tyto longimembris,Australasian Grass-Owl,Tytonidae,Strigiformes,4,2,2,0,4,36.1,17.4,9.6,13.3,84.1,312.5,147,165.5,47.1,116.2,423.5,Updated_literature,BoW,NO,NA,NA,Grassland,3,1,Carnivore,Vertivore,Aerial,721,904,Tyto,longimembris,NA,Species from del Hoyo et al. (2014). Listed as monotypic by Johnstone and Darnell (2015).,Masked Owls,Tytonidae,Strigiformes,17,1,1,1,0,1,0,0,2,18,2,2,24,NA,Tytonidae,Barn Owls,"Owls, Barn Owls",Australian,1,0,0,0,0,0,0,0,0,4,4,LC,NA,LC,NA,LC,NA,LC,NA,LC,NA,not listed,NA,not listed,not listed,not listed,not listed,not listed,not listed,not listed,VU,not listed,LC,Rare,not listed,not listed,not listed,not listed,Core,Core,Core,Core,not listed,not listed,Core,not listed,not listed,not listed,not listed,not listed,not listed,not listed,not listed,0,not listed,NA,not listed,NA,not listed,NA,not listed,NA,vagrant,NA,0,0,34,30,38,406,265,582,337,265,390,476,312,582,NAV,NAV,NAV,"HANZAB, del Hoyo et al. (1992-2013)",5.23,5.42,0.12,0,1,1,0,1,0,0,0,0,0,0,0,0,0,1,1,0,0,0,1,0,0,0,0,0,0,0,0,0,1,0,0,0,1,0,1,0,0,0,0,0,0,0,0,0,0,1,0,0,0,0,0,0,1,1,0,0,0,0,1,0,0,NAV,5.5,3,8,NAV,NAV,1,0,0,0,0,0,1,1,0,0,1,0,0,1,1,possible irregular outward dispersal,0,nil,high,NAV,NAV,NAV,0.626,1.13,1.09,1089,140,89,321,158,367,114,16,240,25,2,1,0,51,2,9,10,NA,NA,NA,NA,252,252
Tyto tenebricosa,Sooty Owl,Tytonidae,Strigiformes,9,2,2,5,8,39.8,22.9,12.1,18.6,66.7,257.4,49.8,206.2,18.8,126.3,660.6,Dunning,NA,NO,NA,NA,Forest,1,1,Carnivore,Vertivore,Generalist,723,896,Tyto,tenebricosa,NA,Species from Dickinson and Remsen (2013) and del Hoyo et al. (2014) who also include T.t.arfaki from New Guinea,Masked Owls,Tytonidae,Strigiformes,17,1,1,2,0,1,0,1,2,18,2,2,24,28.9,Tytonidae,Barn Owls,"Owls, Barn Owls",Endemic (entirely Australian),1,0,0,0,0,0,1,0,0,7,7,LC,NA,LC,NA,LC,NA,LC,NA,LC,NA,not listed,NA,not listed,not listed,not listed,not listed,not listed,not listed,not listed,VU,not listed,NT,not listed,not listed,Th,not listed,not listed,Core,not listed,Core,not listed,not listed,Core,not listed,not listed,not listed,not listed,not listed,not listed,not listed,not listed,not listed,0,not listed,NA,not listed,NA,not listed,NA,not listed,NA,not listed,NA,0,0,35,33,36,761,452,1040,518,452,565,1000,753,1040,NAV,NAV,NAV,HANZAB,NAV,NAV,0.39,0,0,0,0,0,0,0,0,1,1,0,0,0,0,0,0,0,0,0,0,0,0,0,0,0,0,0,0,0,0,0,0,0,0,0,0,0,0,0,1,1,0,0,0,0,0,0,0,0,0,0,0,0,0,1,0,0,0,0,1,1,0,NAV,1.5,1,2,48.4,34.8,0,0,0,0,1,0,1,0,0,0,1,0,0,0,0,none,0,nil,certain,1474,49,4,2.145,1.12,1.17,143,56,72,41,8,83,43,21,116,6,12,5,0,27,1,0,48,NA,NA,NA,NA,253,u253
Tyto novaehollandiae,Australian Masked-Owl,Tytonidae,Strigiformes,5,0,1,4,4,35.7,18.3,9.8,15.7,64.7,301,129.1,170.4,43.1,129.8,631.9,Dunning,NA,NO,NA,NA,Forest,2,1,Carnivore,Vertivore,Insessorial,725,897,Tyto,novaehollandiae,NA,NA,Masked Owls,Tytonidae,Strigiformes,17,1,1,4,0,1,0,0,5,18,2,2,24,NA,Tytonidae,Barn Owls,"Owls, Barn Owls",Australian,1,0,0,0,0,0,0,0,0,6,6,LC,NA,LC,NA,LC,NA,LC,NA,LC,NA,not listed,NA,not listed,not listed,not listed,not listed,not listed,not listed,not listed,VU,not listed,LC,EN,not listed,Th,not listed,not listed,Core,Core,Core,Core,Core,Core,Core,not listed,Introduced,not listed,not listed,not listed,not listed,not listed,not listed,0,not listed,NA,not listed,NA,not listed,NA,not listed,NA,not listed,NA,0,0,42,33,50,604,395,1260,510,395,805,698,545,1260,NAV,NAV,NAV,"HANZAB, del Hoyo et al. (1992-2013)",8.47,8.77,0.21,0,1,1,0,0,0,1,1,1,1,0,0,0,0,0,0,0,0,0,0,0,0,0,0,0,0,0,0,0,1,1,0,1,0,0,0,0,1,1,1,0,0,0,0,0,0,1,0,0,0,0,0,0,0,1,0,0,0,0,1,0,0,NAV,2.6,2,4,45.9,36.5,0,0,0,0,1,0,1,0,0,0,1,0,0,0,0,none,0,nil,certain,334,78,14,0.602,0.9,0.94,769,330,70,59,33,85,15,11,28,5,18,4,4,28,1,0,41,NA,NA,NA,NA,250,250
Vanellus cinereus,Gray-headed Lapwing,Charadriidae,Charadriiformes,5,2,3,0,4,38.9,21.3,5.9,7.3,77.8,239.8,108.1,130.9,45.2,102.6,270,Dunning,NA,NO,NA,NA,Wetland,3,3,Carnivore,Aquatic predator,Terrestrial,308,551,Vanellus,cinereus,NA,NA,"Plovers, Dotterel and Lapwings",Charadriidae,Charadriiformes,11,5,5,1,0,1,0,1,1,24,11,17,6.1,12.2,Charadrii,"Waders, Allies","Waders, Allies",Vagrant,0,0,0,0,1,0,0,0,1,0,1,LC,NA,Vagrant,NA,Vagrant,NA,Vagrant,NA,Vagrant,NA,not listed,NA,not listed,not listed,not listed,not listed,not listed,not listed,not listed,not listed,not listed,LC,not listed,not listed,not listed,not listed,NA,NA,NA,NA,NA,NA,NA,NA,NA,NA,NA,NA,NA,NA,NA,NA,0,not listed,NA,vagrant,NA,not listed,NA,not listed,NA,not listed,NA,NA,NA,NA,NA,NA,NA,NA,NA,NA,NA,NA,NA,NA,NA,NA,NA,NA,NA,NA,NA,NA,NA,NA,NA,NA,NA,NA,NA,NA,NA,NA,NA,NA,NA,NA,NA,NA,NA,NA,NA,NA,NA,NA,NA,NA,NA,NA,NA,NA,NA,NA,NA,NA,NA,NA,NA,NA,NA,NA,NA,NA,NA,NA,NA,NA,NA,NA,NA,NA,NA,NA,NA,NA,NA,NA,NA,NA,NA,NA,NA,NA,NA,NA,NA,NA,NA,NA,NAV,NAV,NA,NA,NA,NA,NA,NA,NA,NA,NA,NA,NA,NA,NA,NA,NA,vagrancy,1,total,certain,NAV,NAV,NAV,NA,NA,NA,NA,NA,NA,NA,NA,NA,NA,NA,NA,NA,NA,NA,NA,NA,NA,NA,NA,NA,NA,NA,NA,9918,u9918
Vanellus miles,Masked Lapwing,Charadriidae,Charadriiformes,10,4,4,2,8,39,19.5,5.8,6.6,75,245.3,86.6,156.7,35.6,102.9,387,Dunning,NA,NO,NA,NA,Grassland,3,1,Carnivore,Invertivore,Terrestrial,310,548,Vanellus,miles,NA,NA,"Plovers, Dotterel and Lapwings",Charadriidae,Charadriiformes,11,5,5,3,0,1,0,0,2,24,11,17,6.1,NA,Charadrii,"Waders, Allies","Waders, Allies",Australian,1,0,0,0,0,0,0,0,0,6,6,LC,NA,LC,NA,LC,NA,LC,NA,LC,NA,not listed,NA,not listed,not listed,not listed,not listed,not listed,not listed,not listed,not listed,not listed,LC,not listed,not listed,not listed,not listed,Core,Core,Core,Core,Core,Core,Core,Core,not listed,Core,not listed,not listed,not listed,not listed,not listed,not listed,0,present,certain,present,probable,present,probable,present,certain,present,probable,0,0,34,30,37,316,191,440,317,230,412,301,191,410,NAV,NAV,NAV,HANZAB,2.85,2.95,-0.1,0,1,1,0,1,1,0,1,0,0,0,0,0,0,0,1,1,0,0,1,0,0,0,0,0,0,0,0,0,1,1,1,1,1,0,1,0,1,1,0,0,0,1,0,0,0,1,1,0,0,0,0,0,1,0,0,1,0,1,0,1,1,NAV,3.5,3,4,50.5,36.9,1,0,0,0,0,0,1,0,0,0,1,0,0,0,0,local dispersal,1,high,low,5080,149,78,0.417,0.97,1,4502,1540,75,112,79,114,50,14,62,6,8,8,1,26,3,1,48,NA,NA,NA,NA,133,133
Vanellus tricolor,Banded Lapwing,Charadriidae,Charadriiformes,4,2,2,0,4,28.2,13.6,4.7,5.2,49.7,192.2,84.6,107.6,44.1,77.5,184,Dunning,NA,NO,NA,NA,Grassland,3,1,Omnivore,Omnivore,Terrestrial,309,547,Vanellus,tricolor,NA,NA,"Plovers, Dotterel and Lapwings",Charadriidae,Charadriiformes,11,5,5,2,0,1,0,1,1,24,11,17,6.1,12.2,Charadrii,"Waders, Allies","Waders, Allies",Endemic (entirely Australian),1,0,0,0,0,0,1,0,0,7,7,LC,NA,LC,NA,LC,NA,LC,NA,LC,NA,not listed,NA,not listed,not listed,not listed,not listed,not listed,not listed,not listed,not listed,not listed,LC,not listed,not listed,not listed,not listed,Extinct,Core,not listed,Core,Core,Core,Core,Core,not listed,not listed,not listed,not listed,not listed,not listed,not listed,not listed,0,not listed,NA,not listed,NA,not listed,NA,not listed,NA,not listed,NA,0,0,27,25,29,186,175,200,188,175,200,NAV,NAV,NAV,184,NAV,NAV,HANZAB,2.39,2.48,-0.04,0,1,0,0,1,0,0,0,0,0,0,0,0,0,0,0,0,0,0,0,0,0,0,0,0,0,0,0,0,1,0,0,1,0,0,1,0,0,0,0,0,0,0,0,0,0,1,0,0,0,1,0,0,1,0,0,0,0,0,0,0,1,74,3.8,2,6,43.5,31.7,1,0,0,0,0,0,1,0,0,0,0,0,0,1,0,none,0,nil,certain,NAV,NAV,NAV,0.459,1.08,1.05,5393,445,92,77,56,88,4,3,5,28,4,2,4,6,39,14,4,NA,NA,NA,NA,135,u135
Xenus cinereus,Terek Sandpiper,Scolopacidae,Charadriiformes,5,2,3,0,4,46.8,39,4,4.5,28.2,127.4,70,58,54.6,55,78.8,Dunning,NA,NO,NA,NA,Grassland,3,3,Carnivore,Aquatic predator,Terrestrial,363,574,Xenus,cinereus,NA,NA,"Snipe, Sandpipers, Godwits, Curlew, Stints and Phalaropes",Scolopacidae,Charadriiformes,11,9,8,1,0,1,0,1,1,1,16,17,15.4,24.6,Scolopaci,"Sandpipers, Jacanas, Seedsnipes, Allies","Sandpipers, Jacanas, Seedsnipes, Allies",Non-breeding migrant,1,0,0,0,0,0,0,0,1,0,3,LC,NA,LC,NA,LC,NA,VU,A2bc; A3c; A4bc,VU,A2bc; A3c; A4bc,not listed,NA,A2H,1,1,1,1,1,not listed,VU,not listed,LC,Rare,not listed,Th,not listed,not listed,Core,Core,Core,Core,Core,Core,Core,not listed,not listed,not listed,not listed,not listed,not listed,not listed,not listed,0,present,certain,present,certain,present,probable,present,certain,vagrant,NA,0,0,23,22,24,77.2,45,126,69,67,72,72,45,81,83.8,50,126,HANZAB,1.03,1.07,-0.18,0,0,0,0,0,0,0,0,0,0,0,0,0,0,0,0,0,0,1,0,1,0,0,0,0,0,0,0,1,0,0,NA,NA,NA,NA,NA,NA,NA,NA,NA,NA,NA,NA,NA,NA,NA,NA,NA,0,0,0,0,0,1,0,0,1,0,0,1,0,1,NAV,4,2,5,NAV,NAV,1,0,0,0,0,0,NA,NA,NA,NA,0,0,1,0,0,annual inward migration Non-marine,1,total,certain,6182,10007,782,NA,0.98,1.04,NA,NA,NA,NA,NA,NA,NA,NA,NA,NA,NA,NA,NA,NA,NA,NA,NA,NA,NA,NA,NA,160,u160
Zoothera heinei,Russet-tailed Thrush,Turdidae,Passeriformes,11,2,3,6,7,28.9,17.4,5.3,6.9,28.3,121.6,37.5,83.4,31,86.3,82.8,Dunning,NA,NO,NA,NA,Forest,2,1,Carnivore,Invertivore,Terrestrial,1951,1855,Zoothera,heinei,NA,NA,Thrushes,Turdidae,Passeriformes,22,47,1,2,0,1,0,0,4,15,20,136,2.9,NA,M5,Thrushes,"Thrushes, Dippers, Chats, Old World Flycatchers",Australian,1,0,0,0,0,0,0,0,0,3,3,LC,NA,LC,NA,LC,NA,LC,NA,LC,NA,not listed,NA,not listed,not listed,not listed,not listed,not listed,not listed,not listed,not listed,not listed,LC,not listed,not listed,not listed,not listed,not listed,Core,not listed,Core,not listed,not listed,not listed,not listed,not listed,not listed,not listed,not listed,not listed,not listed,not listed,not listed,0,present,none,present,none,not listed,NA,not listed,NA,not listed,NA,0,0,27,26,28,93,71,115,NAV,NAV,NAV,NAV,NAV,NAV,93,71,115,HANZAB,1.8,1.86,0.03,0,0,0,0,0,0,0,0,0,1,0,0,0,0,0,0,0,0,0,0,0,0,0,0,0,0,0,0,0,0,0,0,0,0,0,0,0,0,0,0,1,0,0,0,0,0,0,0,0,0,0,0,0,1,0,0,0,0,0,1,1,0,11,2.1,1,3,29.6,21.7,0,1,0,0,0,0,1,0,0,0,1,1,0,0,0,none,0,nil,certain,700,0,12,2.577,1.13,1.09,88,56,61,59,15,101,98,24,191,10,4,0,1,28,10,19,28,NA,NA,NA,NA,780,780
Zoothera lunulata,Bassian Thrush,Turdidae,Passeriformes,14,8,4,2,4,31.8,18.7,6.2,8,33.8,133.3,36.2,95.5,27.5,108.3,130,Dunning,NA,NO,NA,NA,Forest,1,1,Carnivore,Invertivore,Terrestrial,1947,1851,Zoothera,lunulata,NA,NA,Thrushes,Turdidae,Passeriformes,22,47,1,1,0,1,0,0,3,15,20,136,2.9,NA,M5,Thrushes,"Thrushes, Dippers, Chats, Old World Flycatchers",Endemic (entirely Australian),1,0,0,0,0,0,1,0,0,7,7,LC,NA,LC,NA,LC,NA,LC,NA,LC,NA,not listed,NA,not listed,not listed,not listed,not listed,not listed,not listed,not listed,not listed,not listed,LC,Rare,not listed,not listed,not listed,Core,Core,not listed,Core,Core,Core,Core,not listed,not listed,not listed,not listed,not listed,not listed,not listed,not listed,not listed,0,not listed,NA,not listed,NA,not listed,NA,not listed,NA,not listed,NA,0,0,28,25,30,111,75,142,108,95,130,105,75,142,NAV,NAV,NAV,HANZAB,2.16,2.24,0.05,0,0,0,0,0,0,0,1,1,1,0,0,0,0,0,0,0,0,0,0,0,0,0,0,0,0,0,0,0,0,1,0,0,0,0,0,0,0,1,1,1,0,0,0,0,0,0,1,0,0,0,0,0,1,0,0,0,0,0,1,1,0,8.9,2.1,1,4,34.2,23.2,0,1,0,0,0,0,1,0,0,0,1,1,0,0,0,none,0,nil,certain,1259,32,7,2.02,0.88,0.93,326,96,77,60,31,86,13,7,20,2,7,23,2,4,0,1,61,NA,NA,NA,NA,779,779
Zosterops lateralis,Silvereye,Zosteropidae,Passeriformes,22,8,14,0,10,12.7,6.8,2.8,3.1,16.4,59,15.2,44.8,25.3,42.2,12.7,Dunning,NA,NO,NA,NA,Shrubland,2,1,Omnivore,Omnivore,Insessorial,1906,1804,Zosterops,lateralis,NA,NA,True Babblers,Zosteropidae,Passeriformes,22,44,1,4,0,1,0,0,16,84,13,136,1.9,NA,S13,"Whiteyes, Babblers I, Parrotbills","Whiteyes, Babblers, Parrotbills, Old World Warblers II, Allies",Australian,1,0,0,0,0,0,0,0,0,6,6,LC,NA,LC,NA,LC,NA,LC,NA,LC,NA,not listed,NA,not listed,not listed,not listed,not listed,not listed,1,not listed,not listed,not listed,LC,Unprotected,not listed,not listed,not listed,Core,Core,not listed,Core,Core,Core,Core,Core,Core,Core,not listed,not listed,not listed,not listed,not listed,not listed,0,not listed,NA,not listed,NA,not listed,NA,present,certain,present,none,0,0,12,11,13,11.7,8,17.5,11.4,8.5,14.5,11.8,8,17.5,12.3,8,16.9,HANZAB,0.47,0.49,-0.05,0,1,1,0,1,1,1,1,1,1,1,0,0,0,0,0,0,0,0,0,0,0,0,0,0,0,0,0,0,1,1,0,0,1,0,0,1,1,1,1,1,1,1,0,0,0,1,1,1,0,0,0,0,1,0,0,0,0,0,0,1,1,6.1,2.6,1,5,17,12.5,0,1,0,0,0,0,1,0,0,0,1,1,0,0,0,irregular outward dispersal,1,high,high,6811,1569,18791,0.836,0.79,0.85,1549,154,91,51,35,69,5,4,7,4,1,71,2,4,1,9,10,NA,NA,NA,NA,574,574
